donation_id,restaurant_id,restaurant_district,food_name,food_category,quantity,unit,diet_type,prepared_at,expires_at,storage_condition,status,created_at,data_status
DON-00001,REST-TG01-039,Adilabad,Vegetable Biryani,biryani,67,meals,vegetarian,2026-09-26 13:00:00,2026-09-26 18:00:00,refrigerated,AT_RISK,2026-09-26 12:29:00,SYNTHETIC_DEMO
DON-00002,REST-TG02-026,Bhadradri Kothagudem,Veg Sandwich,sandwich,53,meals,non_vegetarian,2026-09-29 17:00:00,2026-09-30 01:00:00,refrigerated,AVAILABLE,2026-09-29 16:47:00,SYNTHETIC_DEMO
DON-00003,REST-TG03-014,Hanumakonda,Veg Sandwich,sandwich,52,meals,vegetarian,2026-09-30 21:00:00,2026-09-30 23:00:00,refrigerated,AT_RISK,2026-09-30 20:49:00,SYNTHETIC_DEMO
DON-00004,REST-TG04-027,Hyderabad,Vegetable Biryani,biryani,50,meals,vegetarian,2026-10-06 03:00:00,2026-10-06 08:00:00,ambient,AT_RISK,2026-10-06 02:20:00,SYNTHETIC_DEMO
DON-00005,REST-TG05-068,Jagtial,Mixed Vegetables,vegetables,71,meals,vegetarian,2026-09-29 04:00:00,2026-09-29 07:00:00,hot_holding,AT_RISK,2026-09-29 03:04:00,SYNTHETIC_DEMO
DON-00006,REST-TG06-133,Jangaon,Vegetable Pulao,pulao,83,meals,vegetarian,2026-09-29 09:00:00,2026-09-29 11:00:00,refrigerated,AVAILABLE,2026-09-29 08:08:00,SYNTHETIC_DEMO
DON-00007,REST-TG07-057,Jayashankar Bhupalpally,Dal,dal,78,meals,vegetarian,2026-10-01 12:00:00,2026-10-01 20:00:00,ambient,AVAILABLE,2026-10-01 11:22:00,SYNTHETIC_DEMO
DON-00008,REST-TG08-100,Jogulamba Gadwal,Mixed Vegetables,vegetables,60,meals,vegetarian,2026-09-30 00:00:00,2026-09-30 06:00:00,refrigerated,AVAILABLE,2026-09-29 23:22:00,SYNTHETIC_DEMO
DON-00009,REST-TG09-107,Kamareddy,Prepared Meal,cooked_meal,66,meals,vegan,2026-10-01 20:00:00,2026-10-02 01:00:00,ambient,AVAILABLE,2026-10-01 19:30:00,SYNTHETIC_DEMO
DON-00010,REST-TG10-093,Karimnagar,Roti,roti,26,meals,vegan,2026-09-29 05:00:00,2026-09-29 13:00:00,ambient,AVAILABLE,2026-09-29 04:06:00,SYNTHETIC_DEMO
DON-00011,REST-TG11-044,Khammam,Roti,roti,23,meals,egg,2026-09-29 08:00:00,2026-09-29 13:00:00,ambient,AVAILABLE,2026-09-29 07:35:00,SYNTHETIC_DEMO
DON-00012,REST-TG12-114,Kumuram Bheem,Veg Sandwich,sandwich,32,meals,vegan,2026-09-27 08:00:00,2026-09-27 11:00:00,hot_holding,AVAILABLE,2026-09-27 07:47:00,SYNTHETIC_DEMO
DON-00013,REST-TG13-132,Mahabubabad,Packaged Meals,packaged_food,83,meals,vegetarian,2026-09-28 06:00:00,2026-09-28 11:00:00,ambient,AT_RISK,2026-09-28 05:36:00,SYNTHETIC_DEMO
DON-00014,REST-TG14-017,Mahabubnagar,Roti,roti,99,meals,vegan,2026-10-04 19:00:00,2026-10-04 22:00:00,ambient,URGENT,2026-10-04 18:08:00,SYNTHETIC_DEMO
DON-00015,REST-TG15-090,Mancherial,Packaged Meals,packaged_food,39,meals,non_vegetarian,2026-10-03 20:00:00,2026-10-04 00:00:00,hot_holding,AT_RISK,2026-10-03 19:15:00,SYNTHETIC_DEMO
DON-00016,REST-TG16-086,Medak,Mixed Vegetables,vegetables,62,meals,vegan,2026-10-05 20:00:00,2026-10-05 23:00:00,refrigerated,AT_RISK,2026-10-05 19:32:00,SYNTHETIC_DEMO
DON-00017,REST-TG17-002,Medchal-Malkajgiri,Mixed Vegetables,vegetables,93,meals,vegan,2026-10-02 10:00:00,2026-10-02 16:00:00,refrigerated,AT_RISK,2026-10-02 09:18:00,SYNTHETIC_DEMO
DON-00018,REST-TG18-072,Mulugu,Roti,roti,99,meals,vegetarian,2026-09-26 16:00:00,2026-09-26 20:00:00,refrigerated,AT_RISK,2026-09-26 15:39:00,SYNTHETIC_DEMO
DON-00019,REST-TG19-084,Nagarkurnool,Roti,roti,16,meals,vegetarian,2026-09-30 20:00:00,2026-10-01 04:00:00,ambient,AVAILABLE,2026-09-30 19:25:00,SYNTHETIC_DEMO
DON-00020,REST-TG20-068,Nalgonda,Mixed Vegetables,vegetables,74,meals,vegetarian,2026-09-29 06:00:00,2026-09-29 12:00:00,hot_holding,URGENT,2026-09-29 05:19:00,SYNTHETIC_DEMO
DON-00021,REST-TG21-013,Narayanpet,Mixed Vegetables,vegetables,86,meals,vegan,2026-10-02 14:00:00,2026-10-02 22:00:00,hot_holding,AVAILABLE,2026-10-02 13:52:00,SYNTHETIC_DEMO
DON-00022,REST-TG22-025,Nirmal,Veg Sandwich,sandwich,65,meals,vegetarian,2026-09-30 18:00:00,2026-09-30 21:00:00,hot_holding,AVAILABLE,2026-09-30 17:21:00,SYNTHETIC_DEMO
DON-00023,REST-TG23-116,Nizamabad,Bakery Items,bakery,68,meals,vegetarian,2026-10-03 16:00:00,2026-10-03 21:00:00,ambient,URGENT,2026-10-03 15:15:00,SYNTHETIC_DEMO
DON-00024,REST-TG24-129,Peddapalli,Vegetable Biryani,biryani,20,meals,vegan,2026-10-06 01:00:00,2026-10-06 05:00:00,refrigerated,URGENT,2026-10-06 00:41:00,SYNTHETIC_DEMO
DON-00025,REST-TG25-026,Rajanna Sircilla,Steamed Rice,rice,45,meals,non_vegetarian,2026-10-03 10:00:00,2026-10-03 14:00:00,refrigerated,AVAILABLE,2026-10-03 09:12:00,SYNTHETIC_DEMO
DON-00026,REST-TG26-094,Rangareddy,Prepared Meal,cooked_meal,80,meals,vegetarian,2026-09-30 02:00:00,2026-09-30 05:00:00,refrigerated,AT_RISK,2026-09-30 01:00:00,SYNTHETIC_DEMO
DON-00027,REST-TG27-067,Sangareddy,Mixed Vegetables,vegetables,76,meals,vegetarian,2026-09-29 03:00:00,2026-09-29 06:00:00,refrigerated,AVAILABLE,2026-09-29 02:35:00,SYNTHETIC_DEMO
DON-00028,REST-TG28-120,Siddipet,Fresh Bread,bread,24,meals,non_vegetarian,2026-10-05 22:00:00,2026-10-06 01:00:00,ambient,RESCUED,2026-10-05 21:14:00,SYNTHETIC_DEMO
DON-00029,REST-TG29-019,Suryapet,Mixed Vegetables,vegetables,21,meals,vegetarian,2026-10-01 13:00:00,2026-10-01 15:00:00,hot_holding,AT_RISK,2026-10-01 12:17:00,SYNTHETIC_DEMO
DON-00030,REST-TG30-104,Vikarabad,Vegetable Pulao,pulao,85,meals,vegan,2026-09-28 21:00:00,2026-09-29 02:00:00,refrigerated,RESCUED,2026-09-28 20:07:00,SYNTHETIC_DEMO
DON-00031,REST-TG31-094,Wanaparthy,Packaged Meals,packaged_food,92,meals,vegetarian,2026-09-29 22:00:00,2026-09-30 03:00:00,hot_holding,AT_RISK,2026-09-29 21:23:00,SYNTHETIC_DEMO
DON-00032,REST-TG32-079,Warangal,Fresh Bread,bread,43,meals,vegetarian,2026-10-03 21:00:00,2026-10-04 01:00:00,hot_holding,AVAILABLE,2026-10-03 20:23:00,SYNTHETIC_DEMO
DON-00033,REST-TG33-003,Yadadri Bhuvanagiri,Roti,roti,68,meals,non_vegetarian,2026-09-30 12:00:00,2026-09-30 18:00:00,ambient,URGENT,2026-09-30 11:50:00,SYNTHETIC_DEMO
DON-00034,REST-TG01-037,Adilabad,Roti,roti,58,meals,non_vegetarian,2026-09-28 20:00:00,2026-09-29 01:00:00,ambient,URGENT,2026-09-28 19:14:00,SYNTHETIC_DEMO
DON-00035,REST-TG02-101,Bhadradri Kothagudem,Prepared Meal,cooked_meal,87,meals,vegetarian,2026-09-29 05:00:00,2026-09-29 08:00:00,refrigerated,AVAILABLE,2026-09-29 04:09:00,SYNTHETIC_DEMO
DON-00036,REST-TG03-100,Hanumakonda,Prepared Meal,cooked_meal,58,meals,vegetarian,2026-09-27 07:00:00,2026-09-27 15:00:00,hot_holding,AVAILABLE,2026-09-27 06:05:00,SYNTHETIC_DEMO
DON-00037,REST-TG04-082,Hyderabad,Mixed Vegetables,vegetables,80,meals,vegetarian,2026-10-04 17:00:00,2026-10-04 23:00:00,ambient,AVAILABLE,2026-10-04 16:00:00,SYNTHETIC_DEMO
DON-00038,REST-TG05-016,Jagtial,Vegetable Pulao,pulao,56,meals,egg,2026-10-03 04:00:00,2026-10-03 09:00:00,hot_holding,AT_RISK,2026-10-03 03:48:00,SYNTHETIC_DEMO
DON-00039,REST-TG06-010,Jangaon,Steamed Rice,rice,38,meals,non_vegetarian,2026-10-06 01:00:00,2026-10-06 03:00:00,ambient,AVAILABLE,2026-10-06 00:00:00,SYNTHETIC_DEMO
DON-00040,REST-TG07-049,Jayashankar Bhupalpally,Dal,dal,47,meals,vegetarian,2026-10-04 01:00:00,2026-10-04 09:00:00,hot_holding,RESCUED,2026-10-04 00:47:00,SYNTHETIC_DEMO
DON-00041,REST-TG08-135,Jogulamba Gadwal,Fresh Bread,bread,78,meals,egg,2026-10-02 06:00:00,2026-10-02 14:00:00,ambient,RESCUED,2026-10-02 05:05:00,SYNTHETIC_DEMO
DON-00042,REST-TG09-058,Kamareddy,Veg Sandwich,sandwich,31,meals,vegan,2026-10-05 23:00:00,2026-10-06 05:00:00,hot_holding,AVAILABLE,2026-10-05 22:07:00,SYNTHETIC_DEMO
DON-00043,REST-TG10-011,Karimnagar,Dal,dal,10,meals,egg,2026-09-29 09:00:00,2026-09-29 17:00:00,ambient,AT_RISK,2026-09-29 08:33:00,SYNTHETIC_DEMO
DON-00044,REST-TG11-114,Khammam,Vegetable Pulao,pulao,44,meals,non_vegetarian,2026-09-26 19:00:00,2026-09-27 03:00:00,ambient,URGENT,2026-09-26 18:13:00,SYNTHETIC_DEMO
DON-00045,REST-TG12-092,Kumuram Bheem,Vegetable Biryani,biryani,78,meals,vegetarian,2026-09-27 04:00:00,2026-09-27 07:00:00,refrigerated,URGENT,2026-09-27 03:55:00,SYNTHETIC_DEMO
DON-00046,REST-TG13-112,Mahabubabad,Prepared Meal,cooked_meal,41,meals,vegetarian,2026-10-03 03:00:00,2026-10-03 05:00:00,hot_holding,AVAILABLE,2026-10-03 02:17:00,SYNTHETIC_DEMO
DON-00047,REST-TG14-053,Mahabubnagar,Bakery Items,bakery,85,meals,non_vegetarian,2026-10-05 18:00:00,2026-10-05 22:00:00,hot_holding,AT_RISK,2026-10-05 17:47:00,SYNTHETIC_DEMO
DON-00048,REST-TG15-034,Mancherial,Roti,roti,43,meals,non_vegetarian,2026-10-04 18:00:00,2026-10-04 21:00:00,ambient,AVAILABLE,2026-10-04 17:18:00,SYNTHETIC_DEMO
DON-00049,REST-TG16-058,Medak,Fresh Fruit,fruits,100,meals,egg,2026-09-29 23:00:00,2026-09-30 05:00:00,ambient,URGENT,2026-09-29 22:29:00,SYNTHETIC_DEMO
DON-00050,REST-TG17-122,Medchal-Malkajgiri,Steamed Rice,rice,90,meals,non_vegetarian,2026-10-04 23:00:00,2026-10-05 04:00:00,hot_holding,AVAILABLE,2026-10-04 22:10:00,SYNTHETIC_DEMO
DON-00051,REST-TG18-051,Mulugu,Vegetable Pulao,pulao,22,meals,vegetarian,2026-09-30 23:00:00,2026-10-01 05:00:00,hot_holding,RESCUED,2026-09-30 22:12:00,SYNTHETIC_DEMO
DON-00052,REST-TG19-078,Nagarkurnool,Steamed Rice,rice,70,meals,vegetarian,2026-10-02 14:00:00,2026-10-02 19:00:00,hot_holding,AT_RISK,2026-10-02 13:32:00,SYNTHETIC_DEMO
DON-00053,REST-TG20-093,Nalgonda,Dal,dal,56,meals,non_vegetarian,2026-10-02 09:00:00,2026-10-02 15:00:00,hot_holding,RESCUED,2026-10-02 08:16:00,SYNTHETIC_DEMO
DON-00054,REST-TG21-123,Narayanpet,Dal,dal,56,meals,vegetarian,2026-10-04 15:00:00,2026-10-04 19:00:00,refrigerated,AVAILABLE,2026-10-04 14:17:00,SYNTHETIC_DEMO
DON-00055,REST-TG22-038,Nirmal,Fresh Fruit,fruits,37,meals,vegetarian,2026-10-03 11:00:00,2026-10-03 15:00:00,refrigerated,AT_RISK,2026-10-03 10:36:00,SYNTHETIC_DEMO
DON-00056,REST-TG23-072,Nizamabad,Fresh Bread,bread,75,meals,vegetarian,2026-09-30 10:00:00,2026-09-30 15:00:00,refrigerated,AT_RISK,2026-09-30 09:35:00,SYNTHETIC_DEMO
DON-00057,REST-TG24-104,Peddapalli,Mixed Vegetables,vegetables,41,meals,non_vegetarian,2026-09-27 22:00:00,2026-09-28 02:00:00,refrigerated,AT_RISK,2026-09-27 21:34:00,SYNTHETIC_DEMO
DON-00058,REST-TG25-051,Rajanna Sircilla,Packaged Meals,packaged_food,69,meals,vegetarian,2026-10-05 04:00:00,2026-10-05 07:00:00,ambient,AT_RISK,2026-10-05 03:50:00,SYNTHETIC_DEMO
DON-00059,REST-TG26-012,Rangareddy,Roti,roti,28,meals,vegetarian,2026-10-05 01:00:00,2026-10-05 09:00:00,hot_holding,AT_RISK,2026-10-05 00:37:00,SYNTHETIC_DEMO
DON-00060,REST-TG27-016,Sangareddy,Veg Sandwich,sandwich,90,meals,egg,2026-09-29 00:00:00,2026-09-29 05:00:00,hot_holding,AT_RISK,2026-09-28 23:43:00,SYNTHETIC_DEMO
DON-00061,REST-TG28-128,Siddipet,Packaged Meals,packaged_food,88,meals,vegetarian,2026-09-27 08:00:00,2026-09-27 16:00:00,hot_holding,RESCUED,2026-09-27 07:41:00,SYNTHETIC_DEMO
DON-00062,REST-TG29-100,Suryapet,Mixed Vegetables,vegetables,56,meals,vegetarian,2026-09-26 18:00:00,2026-09-26 23:00:00,hot_holding,RESCUED,2026-09-26 17:41:00,SYNTHETIC_DEMO
DON-00063,REST-TG30-105,Vikarabad,Mixed Vegetables,vegetables,76,meals,vegan,2026-10-02 08:00:00,2026-10-02 13:00:00,refrigerated,AVAILABLE,2026-10-02 07:37:00,SYNTHETIC_DEMO
DON-00064,REST-TG31-108,Wanaparthy,Bakery Items,bakery,29,meals,vegan,2026-10-04 14:00:00,2026-10-04 18:00:00,ambient,URGENT,2026-10-04 13:24:00,SYNTHETIC_DEMO
DON-00065,REST-TG32-012,Warangal,Fresh Bread,bread,25,meals,vegetarian,2026-10-02 02:00:00,2026-10-02 04:00:00,refrigerated,URGENT,2026-10-02 01:21:00,SYNTHETIC_DEMO
DON-00066,REST-TG33-107,Yadadri Bhuvanagiri,Mixed Vegetables,vegetables,28,meals,vegetarian,2026-09-28 02:00:00,2026-09-28 04:00:00,ambient,URGENT,2026-09-28 01:28:00,SYNTHETIC_DEMO
DON-00067,REST-TG01-007,Adilabad,Dal,dal,45,meals,vegetarian,2026-10-03 10:00:00,2026-10-03 18:00:00,ambient,AVAILABLE,2026-10-03 09:14:00,SYNTHETIC_DEMO
DON-00068,REST-TG02-089,Bhadradri Kothagudem,Roti,roti,39,meals,non_vegetarian,2026-10-05 22:00:00,2026-10-06 00:00:00,refrigerated,RESCUED,2026-10-05 21:26:00,SYNTHETIC_DEMO
DON-00069,REST-TG03-022,Hanumakonda,Prepared Meal,cooked_meal,86,meals,vegetarian,2026-10-03 07:00:00,2026-10-03 13:00:00,hot_holding,URGENT,2026-10-03 06:52:00,SYNTHETIC_DEMO
DON-00070,REST-TG04-005,Hyderabad,Vegetable Biryani,biryani,81,meals,vegetarian,2026-10-04 15:00:00,2026-10-04 20:00:00,hot_holding,AT_RISK,2026-10-04 14:41:00,SYNTHETIC_DEMO
DON-00071,REST-TG05-044,Jagtial,Roti,roti,79,meals,egg,2026-10-01 22:00:00,2026-10-02 03:00:00,ambient,AT_RISK,2026-10-01 21:24:00,SYNTHETIC_DEMO
DON-00072,REST-TG06-094,Jangaon,Steamed Rice,rice,34,meals,vegetarian,2026-10-01 20:00:00,2026-10-02 01:00:00,refrigerated,AT_RISK,2026-10-01 19:11:00,SYNTHETIC_DEMO
DON-00073,REST-TG07-080,Jayashankar Bhupalpally,Roti,roti,52,meals,vegetarian,2026-10-04 02:00:00,2026-10-04 08:00:00,ambient,RESCUED,2026-10-04 01:14:00,SYNTHETIC_DEMO
DON-00074,REST-TG08-085,Jogulamba Gadwal,Dal,dal,55,meals,non_vegetarian,2026-09-29 08:00:00,2026-09-29 11:00:00,hot_holding,URGENT,2026-09-29 07:19:00,SYNTHETIC_DEMO
DON-00075,REST-TG09-038,Kamareddy,Roti,roti,87,meals,vegetarian,2026-09-28 19:00:00,2026-09-28 21:00:00,ambient,AT_RISK,2026-09-28 18:50:00,SYNTHETIC_DEMO
DON-00076,REST-TG10-086,Karimnagar,Fresh Bread,bread,45,meals,vegan,2026-09-28 14:00:00,2026-09-28 19:00:00,hot_holding,AT_RISK,2026-09-28 13:09:00,SYNTHETIC_DEMO
DON-00077,REST-TG11-090,Khammam,Vegetable Biryani,biryani,44,meals,vegetarian,2026-10-03 06:00:00,2026-10-03 11:00:00,hot_holding,AT_RISK,2026-10-03 05:29:00,SYNTHETIC_DEMO
DON-00078,REST-TG12-056,Kumuram Bheem,Fresh Bread,bread,80,meals,vegetarian,2026-09-28 00:00:00,2026-09-28 02:00:00,refrigerated,AT_RISK,2026-09-27 23:42:00,SYNTHETIC_DEMO
DON-00079,REST-TG13-080,Mahabubabad,Mixed Vegetables,vegetables,49,meals,vegan,2026-10-01 09:00:00,2026-10-01 13:00:00,hot_holding,URGENT,2026-10-01 08:25:00,SYNTHETIC_DEMO
DON-00080,REST-TG14-101,Mahabubnagar,Steamed Rice,rice,88,meals,vegetarian,2026-09-27 02:00:00,2026-09-27 06:00:00,ambient,AT_RISK,2026-09-27 01:00:00,SYNTHETIC_DEMO
DON-00081,REST-TG15-037,Mancherial,Mixed Vegetables,vegetables,16,meals,vegetarian,2026-09-27 21:00:00,2026-09-28 00:00:00,hot_holding,AVAILABLE,2026-09-27 20:36:00,SYNTHETIC_DEMO
DON-00082,REST-TG16-008,Medak,Veg Sandwich,sandwich,77,meals,egg,2026-10-02 09:00:00,2026-10-02 15:00:00,refrigerated,AVAILABLE,2026-10-02 08:45:00,SYNTHETIC_DEMO
DON-00083,REST-TG17-052,Medchal-Malkajgiri,Vegetable Pulao,pulao,86,meals,vegan,2026-10-03 03:00:00,2026-10-03 06:00:00,ambient,AVAILABLE,2026-10-03 02:05:00,SYNTHETIC_DEMO
DON-00084,REST-TG18-051,Mulugu,Fresh Fruit,fruits,66,meals,vegetarian,2026-09-27 16:00:00,2026-09-27 21:00:00,hot_holding,AT_RISK,2026-09-27 15:24:00,SYNTHETIC_DEMO
DON-00085,REST-TG19-073,Nagarkurnool,Prepared Meal,cooked_meal,68,meals,vegan,2026-09-30 08:00:00,2026-09-30 12:00:00,ambient,RESCUED,2026-09-30 07:17:00,SYNTHETIC_DEMO
DON-00086,REST-TG20-057,Nalgonda,Vegetable Pulao,pulao,79,meals,non_vegetarian,2026-09-30 23:00:00,2026-10-01 07:00:00,refrigerated,AVAILABLE,2026-09-30 22:52:00,SYNTHETIC_DEMO
DON-00087,REST-TG21-018,Narayanpet,Roti,roti,64,meals,vegetarian,2026-09-29 21:00:00,2026-09-30 03:00:00,refrigerated,AVAILABLE,2026-09-29 20:27:00,SYNTHETIC_DEMO
DON-00088,REST-TG22-129,Nirmal,Prepared Meal,cooked_meal,44,meals,non_vegetarian,2026-09-27 18:00:00,2026-09-27 22:00:00,hot_holding,RESCUED,2026-09-27 17:34:00,SYNTHETIC_DEMO
DON-00089,REST-TG23-026,Nizamabad,Dal,dal,66,meals,vegetarian,2026-10-06 00:00:00,2026-10-06 06:00:00,hot_holding,URGENT,2026-10-05 23:52:00,SYNTHETIC_DEMO
DON-00090,REST-TG24-106,Peddapalli,Vegetable Pulao,pulao,96,meals,egg,2026-09-27 21:00:00,2026-09-28 01:00:00,refrigerated,RESCUED,2026-09-27 20:05:00,SYNTHETIC_DEMO
DON-00091,REST-TG25-016,Rajanna Sircilla,Packaged Meals,packaged_food,89,meals,vegetarian,2026-09-27 15:00:00,2026-09-27 20:00:00,hot_holding,RESCUED,2026-09-27 14:49:00,SYNTHETIC_DEMO
DON-00092,REST-TG26-027,Rangareddy,Fresh Fruit,fruits,14,meals,vegetarian,2026-10-05 13:00:00,2026-10-05 16:00:00,refrigerated,AT_RISK,2026-10-05 12:40:00,SYNTHETIC_DEMO
DON-00093,REST-TG27-137,Sangareddy,Prepared Meal,cooked_meal,25,meals,vegetarian,2026-10-05 11:00:00,2026-10-05 19:00:00,ambient,AVAILABLE,2026-10-05 10:09:00,SYNTHETIC_DEMO
DON-00094,REST-TG28-113,Siddipet,Mixed Vegetables,vegetables,80,meals,egg,2026-09-30 08:00:00,2026-09-30 12:00:00,hot_holding,URGENT,2026-09-30 07:26:00,SYNTHETIC_DEMO
DON-00095,REST-TG29-059,Suryapet,Mixed Vegetables,vegetables,38,meals,vegetarian,2026-09-30 05:00:00,2026-09-30 11:00:00,ambient,URGENT,2026-09-30 04:15:00,SYNTHETIC_DEMO
DON-00096,REST-TG30-034,Vikarabad,Mixed Vegetables,vegetables,33,meals,vegetarian,2026-09-27 20:00:00,2026-09-28 01:00:00,ambient,RESCUED,2026-09-27 19:03:00,SYNTHETIC_DEMO
DON-00097,REST-TG31-134,Wanaparthy,Steamed Rice,rice,77,meals,vegetarian,2026-10-02 22:00:00,2026-10-03 03:00:00,refrigerated,AVAILABLE,2026-10-02 21:40:00,SYNTHETIC_DEMO
DON-00098,REST-TG32-144,Warangal,Steamed Rice,rice,89,meals,vegetarian,2026-10-05 13:00:00,2026-10-05 17:00:00,hot_holding,AT_RISK,2026-10-05 12:43:00,SYNTHETIC_DEMO
DON-00099,REST-TG33-012,Yadadri Bhuvanagiri,Prepared Meal,cooked_meal,14,meals,vegetarian,2026-09-29 05:00:00,2026-09-29 10:00:00,ambient,AVAILABLE,2026-09-29 04:45:00,SYNTHETIC_DEMO
DON-00100,REST-TG01-079,Adilabad,Steamed Rice,rice,69,meals,vegetarian,2026-10-04 10:00:00,2026-10-04 12:00:00,refrigerated,AT_RISK,2026-10-04 09:49:00,SYNTHETIC_DEMO
DON-00101,REST-TG02-018,Bhadradri Kothagudem,Roti,roti,62,meals,vegetarian,2026-09-27 00:00:00,2026-09-27 03:00:00,hot_holding,URGENT,2026-09-26 23:50:00,SYNTHETIC_DEMO
DON-00102,REST-TG03-074,Hanumakonda,Packaged Meals,packaged_food,87,meals,non_vegetarian,2026-10-04 08:00:00,2026-10-04 13:00:00,refrigerated,AT_RISK,2026-10-04 07:17:00,SYNTHETIC_DEMO
DON-00103,REST-TG04-020,Hyderabad,Prepared Meal,cooked_meal,65,meals,egg,2026-09-26 20:00:00,2026-09-26 22:00:00,hot_holding,AT_RISK,2026-09-26 19:35:00,SYNTHETIC_DEMO
DON-00104,REST-TG05-081,Jagtial,Mixed Vegetables,vegetables,44,meals,vegetarian,2026-09-26 23:00:00,2026-09-27 01:00:00,ambient,AT_RISK,2026-09-26 22:14:00,SYNTHETIC_DEMO
DON-00105,REST-TG06-065,Jangaon,Vegetable Biryani,biryani,90,meals,egg,2026-10-01 19:00:00,2026-10-02 03:00:00,hot_holding,AT_RISK,2026-10-01 18:55:00,SYNTHETIC_DEMO
DON-00106,REST-TG07-013,Jayashankar Bhupalpally,Steamed Rice,rice,56,meals,vegetarian,2026-09-26 18:00:00,2026-09-26 22:00:00,refrigerated,AT_RISK,2026-09-26 17:44:00,SYNTHETIC_DEMO
DON-00107,REST-TG08-059,Jogulamba Gadwal,Vegetable Pulao,pulao,70,meals,non_vegetarian,2026-10-01 22:00:00,2026-10-02 02:00:00,ambient,AVAILABLE,2026-10-01 21:30:00,SYNTHETIC_DEMO
DON-00108,REST-TG09-020,Kamareddy,Prepared Meal,cooked_meal,72,meals,vegetarian,2026-09-28 15:00:00,2026-09-28 17:00:00,hot_holding,AT_RISK,2026-09-28 14:52:00,SYNTHETIC_DEMO
DON-00109,REST-TG10-037,Karimnagar,Vegetable Biryani,biryani,96,meals,vegetarian,2026-09-29 12:00:00,2026-09-29 17:00:00,refrigerated,URGENT,2026-09-29 11:50:00,SYNTHETIC_DEMO
DON-00110,REST-TG11-040,Khammam,Fresh Bread,bread,35,meals,vegetarian,2026-09-29 15:00:00,2026-09-29 20:00:00,ambient,AVAILABLE,2026-09-29 14:40:00,SYNTHETIC_DEMO
DON-00111,REST-TG12-025,Kumuram Bheem,Vegetable Pulao,pulao,50,meals,vegetarian,2026-10-02 20:00:00,2026-10-02 23:00:00,hot_holding,URGENT,2026-10-02 19:47:00,SYNTHETIC_DEMO
DON-00112,REST-TG13-104,Mahabubabad,Dal,dal,69,meals,non_vegetarian,2026-09-27 07:00:00,2026-09-27 11:00:00,hot_holding,AT_RISK,2026-09-27 06:37:00,SYNTHETIC_DEMO
DON-00113,REST-TG14-044,Mahabubnagar,Packaged Meals,packaged_food,75,meals,vegetarian,2026-10-05 12:00:00,2026-10-05 18:00:00,hot_holding,AT_RISK,2026-10-05 11:40:00,SYNTHETIC_DEMO
DON-00114,REST-TG15-015,Mancherial,Roti,roti,56,meals,vegetarian,2026-09-30 13:00:00,2026-09-30 16:00:00,ambient,AT_RISK,2026-09-30 12:39:00,SYNTHETIC_DEMO
DON-00115,REST-TG16-052,Medak,Vegetable Pulao,pulao,27,meals,non_vegetarian,2026-09-27 20:00:00,2026-09-28 02:00:00,refrigerated,RESCUED,2026-09-27 19:08:00,SYNTHETIC_DEMO
DON-00116,REST-TG17-052,Medchal-Malkajgiri,Veg Sandwich,sandwich,10,meals,egg,2026-10-02 17:00:00,2026-10-02 22:00:00,hot_holding,RESCUED,2026-10-02 16:33:00,SYNTHETIC_DEMO
DON-00117,REST-TG18-064,Mulugu,Mixed Vegetables,vegetables,30,meals,non_vegetarian,2026-10-01 22:00:00,2026-10-02 02:00:00,hot_holding,RESCUED,2026-10-01 21:22:00,SYNTHETIC_DEMO
DON-00118,REST-TG19-006,Nagarkurnool,Bakery Items,bakery,98,meals,non_vegetarian,2026-10-06 01:00:00,2026-10-06 05:00:00,refrigerated,AVAILABLE,2026-10-06 00:21:00,SYNTHETIC_DEMO
DON-00119,REST-TG20-108,Nalgonda,Veg Sandwich,sandwich,21,meals,vegan,2026-10-03 04:00:00,2026-10-03 07:00:00,ambient,AVAILABLE,2026-10-03 03:12:00,SYNTHETIC_DEMO
DON-00120,REST-TG21-132,Narayanpet,Veg Sandwich,sandwich,27,meals,vegetarian,2026-09-26 19:00:00,2026-09-27 03:00:00,hot_holding,AT_RISK,2026-09-26 18:53:00,SYNTHETIC_DEMO
DON-00121,REST-TG22-119,Nirmal,Steamed Rice,rice,99,meals,egg,2026-09-30 11:00:00,2026-09-30 15:00:00,refrigerated,URGENT,2026-09-30 10:53:00,SYNTHETIC_DEMO
DON-00122,REST-TG23-028,Nizamabad,Fresh Fruit,fruits,36,meals,vegan,2026-09-30 13:00:00,2026-09-30 17:00:00,ambient,AVAILABLE,2026-09-30 12:34:00,SYNTHETIC_DEMO
DON-00123,REST-TG24-022,Peddapalli,Bakery Items,bakery,86,meals,vegetarian,2026-09-27 02:00:00,2026-09-27 05:00:00,refrigerated,URGENT,2026-09-27 01:14:00,SYNTHETIC_DEMO
DON-00124,REST-TG25-090,Rajanna Sircilla,Bakery Items,bakery,35,meals,vegetarian,2026-09-30 03:00:00,2026-09-30 08:00:00,ambient,AT_RISK,2026-09-30 02:36:00,SYNTHETIC_DEMO
DON-00125,REST-TG26-061,Rangareddy,Packaged Meals,packaged_food,50,meals,vegetarian,2026-09-30 02:00:00,2026-09-30 05:00:00,ambient,AT_RISK,2026-09-30 01:24:00,SYNTHETIC_DEMO
DON-00126,REST-TG27-077,Sangareddy,Prepared Meal,cooked_meal,87,meals,vegetarian,2026-09-27 19:00:00,2026-09-28 00:00:00,refrigerated,URGENT,2026-09-27 18:43:00,SYNTHETIC_DEMO
DON-00127,REST-TG28-074,Siddipet,Mixed Vegetables,vegetables,97,meals,vegetarian,2026-10-01 00:00:00,2026-10-01 04:00:00,hot_holding,RESCUED,2026-09-30 23:31:00,SYNTHETIC_DEMO
DON-00128,REST-TG29-124,Suryapet,Bakery Items,bakery,70,meals,non_vegetarian,2026-09-27 07:00:00,2026-09-27 09:00:00,refrigerated,AT_RISK,2026-09-27 06:24:00,SYNTHETIC_DEMO
DON-00129,REST-TG30-027,Vikarabad,Vegetable Pulao,pulao,25,meals,vegetarian,2026-10-02 17:00:00,2026-10-02 19:00:00,hot_holding,URGENT,2026-10-02 16:27:00,SYNTHETIC_DEMO
DON-00130,REST-TG31-093,Wanaparthy,Steamed Rice,rice,31,meals,non_vegetarian,2026-09-28 21:00:00,2026-09-29 05:00:00,refrigerated,AVAILABLE,2026-09-28 20:45:00,SYNTHETIC_DEMO
DON-00131,REST-TG32-045,Warangal,Vegetable Biryani,biryani,93,meals,egg,2026-09-30 23:00:00,2026-10-01 03:00:00,hot_holding,AT_RISK,2026-09-30 22:19:00,SYNTHETIC_DEMO
DON-00132,REST-TG33-015,Yadadri Bhuvanagiri,Dal,dal,90,meals,vegetarian,2026-09-27 10:00:00,2026-09-27 18:00:00,refrigerated,AVAILABLE,2026-09-27 09:52:00,SYNTHETIC_DEMO
DON-00133,REST-TG01-028,Adilabad,Mixed Vegetables,vegetables,16,meals,non_vegetarian,2026-10-03 09:00:00,2026-10-03 15:00:00,refrigerated,AVAILABLE,2026-10-03 08:53:00,SYNTHETIC_DEMO
DON-00134,REST-TG02-070,Bhadradri Kothagudem,Vegetable Biryani,biryani,66,meals,vegetarian,2026-09-26 14:00:00,2026-09-26 20:00:00,refrigerated,AT_RISK,2026-09-26 13:52:00,SYNTHETIC_DEMO
DON-00135,REST-TG03-099,Hanumakonda,Prepared Meal,cooked_meal,69,meals,non_vegetarian,2026-09-30 06:00:00,2026-09-30 12:00:00,refrigerated,AT_RISK,2026-09-30 05:52:00,SYNTHETIC_DEMO
DON-00136,REST-TG04-070,Hyderabad,Bakery Items,bakery,17,meals,non_vegetarian,2026-10-04 00:00:00,2026-10-04 06:00:00,ambient,AVAILABLE,2026-10-03 23:24:00,SYNTHETIC_DEMO
DON-00137,REST-TG05-146,Jagtial,Dal,dal,43,meals,non_vegetarian,2026-10-01 09:00:00,2026-10-01 12:00:00,hot_holding,AT_RISK,2026-10-01 08:05:00,SYNTHETIC_DEMO
DON-00138,REST-TG06-020,Jangaon,Vegetable Pulao,pulao,20,meals,non_vegetarian,2026-10-04 21:00:00,2026-10-05 05:00:00,hot_holding,AT_RISK,2026-10-04 20:03:00,SYNTHETIC_DEMO
DON-00139,REST-TG07-031,Jayashankar Bhupalpally,Veg Sandwich,sandwich,95,meals,vegetarian,2026-10-03 23:00:00,2026-10-04 02:00:00,refrigerated,RESCUED,2026-10-03 22:22:00,SYNTHETIC_DEMO
DON-00140,REST-TG08-012,Jogulamba Gadwal,Steamed Rice,rice,73,meals,non_vegetarian,2026-09-29 17:00:00,2026-09-29 23:00:00,ambient,URGENT,2026-09-29 16:36:00,SYNTHETIC_DEMO
DON-00141,REST-TG09-007,Kamareddy,Prepared Meal,cooked_meal,96,meals,vegetarian,2026-10-03 10:00:00,2026-10-03 18:00:00,ambient,AVAILABLE,2026-10-03 09:17:00,SYNTHETIC_DEMO
DON-00142,REST-TG10-133,Karimnagar,Prepared Meal,cooked_meal,54,meals,vegan,2026-10-01 09:00:00,2026-10-01 11:00:00,hot_holding,AT_RISK,2026-10-01 08:43:00,SYNTHETIC_DEMO
DON-00143,REST-TG11-130,Khammam,Vegetable Biryani,biryani,65,meals,vegetarian,2026-09-30 02:00:00,2026-09-30 08:00:00,refrigerated,URGENT,2026-09-30 01:08:00,SYNTHETIC_DEMO
DON-00144,REST-TG12-038,Kumuram Bheem,Roti,roti,50,meals,egg,2026-10-03 19:00:00,2026-10-04 00:00:00,refrigerated,AVAILABLE,2026-10-03 18:40:00,SYNTHETIC_DEMO
DON-00145,REST-TG13-057,Mahabubabad,Fresh Fruit,fruits,34,meals,vegetarian,2026-09-30 23:00:00,2026-10-01 03:00:00,refrigerated,RESCUED,2026-09-30 22:30:00,SYNTHETIC_DEMO
DON-00146,REST-TG14-136,Mahabubnagar,Steamed Rice,rice,18,meals,vegetarian,2026-10-02 04:00:00,2026-10-02 10:00:00,hot_holding,RESCUED,2026-10-02 03:32:00,SYNTHETIC_DEMO
DON-00147,REST-TG15-110,Mancherial,Fresh Bread,bread,55,meals,vegan,2026-10-05 02:00:00,2026-10-05 07:00:00,refrigerated,AVAILABLE,2026-10-05 01:04:00,SYNTHETIC_DEMO
DON-00148,REST-TG16-065,Medak,Dal,dal,81,meals,vegetarian,2026-10-02 13:00:00,2026-10-02 21:00:00,ambient,AVAILABLE,2026-10-02 12:36:00,SYNTHETIC_DEMO
DON-00149,REST-TG17-071,Medchal-Malkajgiri,Fresh Bread,bread,61,meals,vegan,2026-09-30 13:00:00,2026-09-30 21:00:00,refrigerated,RESCUED,2026-09-30 12:04:00,SYNTHETIC_DEMO
DON-00150,REST-TG18-054,Mulugu,Fresh Fruit,fruits,66,meals,vegetarian,2026-09-30 15:00:00,2026-09-30 17:00:00,refrigerated,RESCUED,2026-09-30 14:34:00,SYNTHETIC_DEMO
DON-00151,REST-TG19-008,Nagarkurnool,Fresh Fruit,fruits,38,meals,non_vegetarian,2026-09-27 13:00:00,2026-09-27 19:00:00,hot_holding,AVAILABLE,2026-09-27 12:08:00,SYNTHETIC_DEMO
DON-00152,REST-TG20-101,Nalgonda,Fresh Bread,bread,89,meals,vegetarian,2026-10-02 18:00:00,2026-10-02 21:00:00,hot_holding,AT_RISK,2026-10-02 17:30:00,SYNTHETIC_DEMO
DON-00153,REST-TG21-065,Narayanpet,Fresh Fruit,fruits,78,meals,vegetarian,2026-10-03 09:00:00,2026-10-03 11:00:00,ambient,RESCUED,2026-10-03 08:06:00,SYNTHETIC_DEMO
DON-00154,REST-TG22-060,Nirmal,Fresh Fruit,fruits,28,meals,vegetarian,2026-09-29 02:00:00,2026-09-29 04:00:00,refrigerated,AVAILABLE,2026-09-29 01:20:00,SYNTHETIC_DEMO
DON-00155,REST-TG23-010,Nizamabad,Vegetable Pulao,pulao,79,meals,non_vegetarian,2026-09-29 12:00:00,2026-09-29 15:00:00,refrigerated,AVAILABLE,2026-09-29 11:47:00,SYNTHETIC_DEMO
DON-00156,REST-TG24-123,Peddapalli,Prepared Meal,cooked_meal,38,meals,vegetarian,2026-10-01 21:00:00,2026-10-02 02:00:00,ambient,AT_RISK,2026-10-01 20:51:00,SYNTHETIC_DEMO
DON-00157,REST-TG25-145,Rajanna Sircilla,Fresh Fruit,fruits,20,meals,vegan,2026-09-27 20:00:00,2026-09-27 23:00:00,ambient,AT_RISK,2026-09-27 19:48:00,SYNTHETIC_DEMO
DON-00158,REST-TG26-066,Rangareddy,Vegetable Biryani,biryani,54,meals,vegetarian,2026-09-30 13:00:00,2026-09-30 15:00:00,hot_holding,AT_RISK,2026-09-30 12:03:00,SYNTHETIC_DEMO
DON-00159,REST-TG27-018,Sangareddy,Steamed Rice,rice,89,meals,vegan,2026-09-27 07:00:00,2026-09-27 11:00:00,ambient,AT_RISK,2026-09-27 06:36:00,SYNTHETIC_DEMO
DON-00160,REST-TG28-039,Siddipet,Veg Sandwich,sandwich,17,meals,vegetarian,2026-10-01 14:00:00,2026-10-01 20:00:00,ambient,AT_RISK,2026-10-01 13:49:00,SYNTHETIC_DEMO
DON-00161,REST-TG29-071,Suryapet,Vegetable Biryani,biryani,94,meals,vegetarian,2026-09-30 06:00:00,2026-09-30 08:00:00,refrigerated,URGENT,2026-09-30 05:38:00,SYNTHETIC_DEMO
DON-00162,REST-TG30-059,Vikarabad,Steamed Rice,rice,20,meals,vegetarian,2026-10-02 06:00:00,2026-10-02 14:00:00,refrigerated,AT_RISK,2026-10-02 05:07:00,SYNTHETIC_DEMO
DON-00163,REST-TG31-137,Wanaparthy,Roti,roti,67,meals,non_vegetarian,2026-09-28 18:00:00,2026-09-28 23:00:00,hot_holding,AT_RISK,2026-09-28 17:08:00,SYNTHETIC_DEMO
DON-00164,REST-TG32-071,Warangal,Vegetable Biryani,biryani,10,meals,non_vegetarian,2026-09-26 12:00:00,2026-09-26 14:00:00,hot_holding,AT_RISK,2026-09-26 11:49:00,SYNTHETIC_DEMO
DON-00165,REST-TG33-042,Yadadri Bhuvanagiri,Fresh Bread,bread,34,meals,non_vegetarian,2026-09-26 21:00:00,2026-09-27 00:00:00,hot_holding,AVAILABLE,2026-09-26 20:14:00,SYNTHETIC_DEMO
DON-00166,REST-TG01-107,Adilabad,Mixed Vegetables,vegetables,93,meals,non_vegetarian,2026-09-27 07:00:00,2026-09-27 13:00:00,ambient,AVAILABLE,2026-09-27 06:37:00,SYNTHETIC_DEMO
DON-00167,REST-TG02-129,Bhadradri Kothagudem,Packaged Meals,packaged_food,42,meals,non_vegetarian,2026-10-03 08:00:00,2026-10-03 11:00:00,ambient,AVAILABLE,2026-10-03 07:21:00,SYNTHETIC_DEMO
DON-00168,REST-TG03-092,Hanumakonda,Vegetable Pulao,pulao,79,meals,vegetarian,2026-10-04 03:00:00,2026-10-04 11:00:00,hot_holding,AVAILABLE,2026-10-04 02:23:00,SYNTHETIC_DEMO
DON-00169,REST-TG04-064,Hyderabad,Steamed Rice,rice,54,meals,vegetarian,2026-09-26 09:00:00,2026-09-26 11:00:00,ambient,AVAILABLE,2026-09-26 08:17:00,SYNTHETIC_DEMO
DON-00170,REST-TG05-111,Jagtial,Dal,dal,10,meals,non_vegetarian,2026-09-27 07:00:00,2026-09-27 11:00:00,hot_holding,RESCUED,2026-09-27 06:05:00,SYNTHETIC_DEMO
DON-00171,REST-TG06-041,Jangaon,Fresh Bread,bread,100,meals,vegetarian,2026-09-26 11:00:00,2026-09-26 16:00:00,refrigerated,URGENT,2026-09-26 10:18:00,SYNTHETIC_DEMO
DON-00172,REST-TG07-014,Jayashankar Bhupalpally,Fresh Bread,bread,11,meals,vegetarian,2026-10-04 19:00:00,2026-10-05 00:00:00,ambient,AVAILABLE,2026-10-04 18:29:00,SYNTHETIC_DEMO
DON-00173,REST-TG08-011,Jogulamba Gadwal,Vegetable Biryani,biryani,39,meals,vegetarian,2026-09-30 01:00:00,2026-09-30 04:00:00,refrigerated,AT_RISK,2026-09-30 00:06:00,SYNTHETIC_DEMO
DON-00174,REST-TG09-038,Kamareddy,Vegetable Pulao,pulao,14,meals,vegetarian,2026-10-04 01:00:00,2026-10-04 04:00:00,hot_holding,AVAILABLE,2026-10-04 00:23:00,SYNTHETIC_DEMO
DON-00175,REST-TG10-023,Karimnagar,Dal,dal,28,meals,vegetarian,2026-10-04 04:00:00,2026-10-04 06:00:00,hot_holding,URGENT,2026-10-04 03:55:00,SYNTHETIC_DEMO
DON-00176,REST-TG11-032,Khammam,Mixed Vegetables,vegetables,40,meals,egg,2026-10-02 16:00:00,2026-10-02 22:00:00,ambient,RESCUED,2026-10-02 15:42:00,SYNTHETIC_DEMO
DON-00177,REST-TG12-016,Kumuram Bheem,Mixed Vegetables,vegetables,41,meals,egg,2026-09-29 21:00:00,2026-09-29 23:00:00,ambient,URGENT,2026-09-29 20:39:00,SYNTHETIC_DEMO
DON-00178,REST-TG13-077,Mahabubabad,Fresh Bread,bread,36,meals,egg,2026-09-26 14:00:00,2026-09-26 16:00:00,ambient,URGENT,2026-09-26 13:38:00,SYNTHETIC_DEMO
DON-00179,REST-TG14-077,Mahabubnagar,Packaged Meals,packaged_food,25,meals,vegetarian,2026-10-04 00:00:00,2026-10-04 02:00:00,hot_holding,AT_RISK,2026-10-03 23:23:00,SYNTHETIC_DEMO
DON-00180,REST-TG15-028,Mancherial,Prepared Meal,cooked_meal,32,meals,egg,2026-10-01 09:00:00,2026-10-01 17:00:00,hot_holding,AT_RISK,2026-10-01 08:26:00,SYNTHETIC_DEMO
DON-00181,REST-TG16-127,Medak,Packaged Meals,packaged_food,14,meals,non_vegetarian,2026-09-28 22:00:00,2026-09-29 00:00:00,refrigerated,URGENT,2026-09-28 21:03:00,SYNTHETIC_DEMO
DON-00182,REST-TG17-126,Medchal-Malkajgiri,Fresh Bread,bread,94,meals,vegetarian,2026-09-29 06:00:00,2026-09-29 14:00:00,ambient,AVAILABLE,2026-09-29 05:48:00,SYNTHETIC_DEMO
DON-00183,REST-TG18-088,Mulugu,Bakery Items,bakery,89,meals,vegetarian,2026-09-30 16:00:00,2026-10-01 00:00:00,ambient,AT_RISK,2026-09-30 15:30:00,SYNTHETIC_DEMO
DON-00184,REST-TG19-090,Nagarkurnool,Mixed Vegetables,vegetables,49,meals,vegan,2026-09-29 20:00:00,2026-09-29 22:00:00,hot_holding,AVAILABLE,2026-09-29 19:23:00,SYNTHETIC_DEMO
DON-00185,REST-TG20-045,Nalgonda,Dal,dal,73,meals,vegetarian,2026-10-01 08:00:00,2026-10-01 13:00:00,hot_holding,AT_RISK,2026-10-01 07:19:00,SYNTHETIC_DEMO
DON-00186,REST-TG21-030,Narayanpet,Fresh Bread,bread,50,meals,non_vegetarian,2026-10-02 09:00:00,2026-10-02 13:00:00,refrigerated,AVAILABLE,2026-10-02 08:01:00,SYNTHETIC_DEMO
DON-00187,REST-TG22-092,Nirmal,Prepared Meal,cooked_meal,78,meals,vegetarian,2026-10-05 22:00:00,2026-10-06 02:00:00,refrigerated,RESCUED,2026-10-05 21:29:00,SYNTHETIC_DEMO
DON-00188,REST-TG23-128,Nizamabad,Packaged Meals,packaged_food,88,meals,vegetarian,2026-09-28 21:00:00,2026-09-29 02:00:00,hot_holding,AVAILABLE,2026-09-28 20:41:00,SYNTHETIC_DEMO
DON-00189,REST-TG24-149,Peddapalli,Packaged Meals,packaged_food,100,meals,vegetarian,2026-10-03 06:00:00,2026-10-03 10:00:00,hot_holding,AVAILABLE,2026-10-03 05:42:00,SYNTHETIC_DEMO
DON-00190,REST-TG25-083,Rajanna Sircilla,Roti,roti,11,meals,vegetarian,2026-09-29 00:00:00,2026-09-29 04:00:00,hot_holding,AVAILABLE,2026-09-28 23:40:00,SYNTHETIC_DEMO
DON-00191,REST-TG26-110,Rangareddy,Bakery Items,bakery,65,meals,vegetarian,2026-09-27 22:00:00,2026-09-28 04:00:00,hot_holding,URGENT,2026-09-27 21:25:00,SYNTHETIC_DEMO
DON-00192,REST-TG27-039,Sangareddy,Steamed Rice,rice,48,meals,vegetarian,2026-09-29 09:00:00,2026-09-29 11:00:00,refrigerated,AVAILABLE,2026-09-29 08:45:00,SYNTHETIC_DEMO
DON-00193,REST-TG28-028,Siddipet,Vegetable Pulao,pulao,87,meals,vegetarian,2026-10-03 13:00:00,2026-10-03 15:00:00,ambient,AT_RISK,2026-10-03 12:41:00,SYNTHETIC_DEMO
DON-00194,REST-TG29-042,Suryapet,Fresh Fruit,fruits,11,meals,vegetarian,2026-10-04 10:00:00,2026-10-04 14:00:00,refrigerated,URGENT,2026-10-04 09:44:00,SYNTHETIC_DEMO
DON-00195,REST-TG30-031,Vikarabad,Roti,roti,44,meals,vegan,2026-10-06 05:00:00,2026-10-06 10:00:00,hot_holding,AVAILABLE,2026-10-06 04:21:00,SYNTHETIC_DEMO
DON-00196,REST-TG31-119,Wanaparthy,Prepared Meal,cooked_meal,51,meals,vegetarian,2026-10-02 14:00:00,2026-10-02 22:00:00,ambient,AVAILABLE,2026-10-02 13:04:00,SYNTHETIC_DEMO
DON-00197,REST-TG32-004,Warangal,Packaged Meals,packaged_food,74,meals,vegetarian,2026-09-29 14:00:00,2026-09-29 20:00:00,hot_holding,AT_RISK,2026-09-29 13:14:00,SYNTHETIC_DEMO
DON-00198,REST-TG33-003,Yadadri Bhuvanagiri,Bakery Items,bakery,16,meals,vegetarian,2026-10-03 16:00:00,2026-10-03 21:00:00,hot_holding,URGENT,2026-10-03 15:04:00,SYNTHETIC_DEMO
DON-00199,REST-TG01-095,Adilabad,Vegetable Biryani,biryani,70,meals,vegetarian,2026-09-29 10:00:00,2026-09-29 16:00:00,ambient,AT_RISK,2026-09-29 09:26:00,SYNTHETIC_DEMO
DON-00200,REST-TG02-082,Bhadradri Kothagudem,Vegetable Pulao,pulao,81,meals,vegetarian,2026-09-30 02:00:00,2026-09-30 04:00:00,refrigerated,AT_RISK,2026-09-30 01:37:00,SYNTHETIC_DEMO
DON-00201,REST-TG03-141,Hanumakonda,Packaged Meals,packaged_food,33,meals,non_vegetarian,2026-10-05 04:00:00,2026-10-05 07:00:00,hot_holding,AVAILABLE,2026-10-05 03:10:00,SYNTHETIC_DEMO
DON-00202,REST-TG04-002,Hyderabad,Vegetable Pulao,pulao,43,meals,vegetarian,2026-10-01 02:00:00,2026-10-01 04:00:00,refrigerated,AVAILABLE,2026-10-01 01:27:00,SYNTHETIC_DEMO
DON-00203,REST-TG05-103,Jagtial,Mixed Vegetables,vegetables,41,meals,non_vegetarian,2026-09-30 16:00:00,2026-09-30 21:00:00,refrigerated,URGENT,2026-09-30 15:19:00,SYNTHETIC_DEMO
DON-00204,REST-TG06-134,Jangaon,Prepared Meal,cooked_meal,54,meals,non_vegetarian,2026-09-27 08:00:00,2026-09-27 12:00:00,refrigerated,AVAILABLE,2026-09-27 07:25:00,SYNTHETIC_DEMO
DON-00205,REST-TG07-133,Jayashankar Bhupalpally,Vegetable Biryani,biryani,42,meals,vegetarian,2026-09-29 12:00:00,2026-09-29 16:00:00,refrigerated,RESCUED,2026-09-29 11:23:00,SYNTHETIC_DEMO
DON-00206,REST-TG08-123,Jogulamba Gadwal,Mixed Vegetables,vegetables,43,meals,vegetarian,2026-10-04 01:00:00,2026-10-04 03:00:00,refrigerated,RESCUED,2026-10-04 00:15:00,SYNTHETIC_DEMO
DON-00207,REST-TG09-084,Kamareddy,Bakery Items,bakery,93,meals,vegan,2026-10-01 03:00:00,2026-10-01 05:00:00,ambient,AT_RISK,2026-10-01 02:29:00,SYNTHETIC_DEMO
DON-00208,REST-TG10-134,Karimnagar,Vegetable Pulao,pulao,54,meals,vegetarian,2026-09-26 22:00:00,2026-09-27 00:00:00,refrigerated,AT_RISK,2026-09-26 21:26:00,SYNTHETIC_DEMO
DON-00209,REST-TG11-024,Khammam,Veg Sandwich,sandwich,66,meals,vegetarian,2026-10-02 09:00:00,2026-10-02 13:00:00,hot_holding,URGENT,2026-10-02 08:51:00,SYNTHETIC_DEMO
DON-00210,REST-TG12-111,Kumuram Bheem,Veg Sandwich,sandwich,46,meals,vegan,2026-09-26 17:00:00,2026-09-26 22:00:00,hot_holding,AT_RISK,2026-09-26 16:35:00,SYNTHETIC_DEMO
DON-00211,REST-TG13-063,Mahabubabad,Mixed Vegetables,vegetables,16,meals,vegetarian,2026-10-04 17:00:00,2026-10-04 21:00:00,ambient,AVAILABLE,2026-10-04 16:54:00,SYNTHETIC_DEMO
DON-00212,REST-TG14-022,Mahabubnagar,Bakery Items,bakery,78,meals,vegetarian,2026-09-29 12:00:00,2026-09-29 14:00:00,refrigerated,URGENT,2026-09-29 11:10:00,SYNTHETIC_DEMO
DON-00213,REST-TG15-070,Mancherial,Fresh Fruit,fruits,18,meals,egg,2026-10-01 18:00:00,2026-10-02 00:00:00,ambient,RESCUED,2026-10-01 17:55:00,SYNTHETIC_DEMO
DON-00214,REST-TG16-119,Medak,Roti,roti,36,meals,vegetarian,2026-10-02 07:00:00,2026-10-02 10:00:00,refrigerated,AT_RISK,2026-10-02 06:38:00,SYNTHETIC_DEMO
DON-00215,REST-TG17-054,Medchal-Malkajgiri,Prepared Meal,cooked_meal,18,meals,vegan,2026-10-03 23:00:00,2026-10-04 01:00:00,ambient,URGENT,2026-10-03 22:26:00,SYNTHETIC_DEMO
DON-00216,REST-TG18-104,Mulugu,Dal,dal,49,meals,non_vegetarian,2026-09-30 21:00:00,2026-09-30 23:00:00,ambient,URGENT,2026-09-30 20:22:00,SYNTHETIC_DEMO
DON-00217,REST-TG19-055,Nagarkurnool,Roti,roti,82,meals,non_vegetarian,2026-10-01 03:00:00,2026-10-01 07:00:00,ambient,URGENT,2026-10-01 02:32:00,SYNTHETIC_DEMO
DON-00218,REST-TG20-090,Nalgonda,Roti,roti,92,meals,vegan,2026-09-28 18:00:00,2026-09-29 02:00:00,refrigerated,AVAILABLE,2026-09-28 17:38:00,SYNTHETIC_DEMO
DON-00219,REST-TG21-125,Narayanpet,Dal,dal,54,meals,vegetarian,2026-10-02 18:00:00,2026-10-02 20:00:00,hot_holding,AT_RISK,2026-10-02 17:53:00,SYNTHETIC_DEMO
DON-00220,REST-TG22-147,Nirmal,Bakery Items,bakery,14,meals,vegetarian,2026-09-27 05:00:00,2026-09-27 10:00:00,refrigerated,RESCUED,2026-09-27 04:09:00,SYNTHETIC_DEMO
DON-00221,REST-TG23-109,Nizamabad,Bakery Items,bakery,35,meals,vegetarian,2026-09-26 21:00:00,2026-09-27 02:00:00,refrigerated,AT_RISK,2026-09-26 20:23:00,SYNTHETIC_DEMO
DON-00222,REST-TG24-076,Peddapalli,Veg Sandwich,sandwich,18,meals,non_vegetarian,2026-09-29 06:00:00,2026-09-29 08:00:00,refrigerated,AVAILABLE,2026-09-29 05:16:00,SYNTHETIC_DEMO
DON-00223,REST-TG25-050,Rajanna Sircilla,Dal,dal,16,meals,vegetarian,2026-09-28 17:00:00,2026-09-29 01:00:00,hot_holding,RESCUED,2026-09-28 16:47:00,SYNTHETIC_DEMO
DON-00224,REST-TG26-029,Rangareddy,Veg Sandwich,sandwich,20,meals,vegetarian,2026-09-28 07:00:00,2026-09-28 12:00:00,refrigerated,RESCUED,2026-09-28 06:28:00,SYNTHETIC_DEMO
DON-00225,REST-TG27-057,Sangareddy,Bakery Items,bakery,11,meals,non_vegetarian,2026-09-29 12:00:00,2026-09-29 17:00:00,hot_holding,RESCUED,2026-09-29 11:13:00,SYNTHETIC_DEMO
DON-00226,REST-TG28-119,Siddipet,Fresh Fruit,fruits,79,meals,vegetarian,2026-09-27 05:00:00,2026-09-27 13:00:00,ambient,RESCUED,2026-09-27 04:51:00,SYNTHETIC_DEMO
DON-00227,REST-TG29-060,Suryapet,Bakery Items,bakery,27,meals,vegan,2026-09-27 08:00:00,2026-09-27 10:00:00,refrigerated,AT_RISK,2026-09-27 07:45:00,SYNTHETIC_DEMO
DON-00228,REST-TG30-148,Vikarabad,Steamed Rice,rice,95,meals,vegetarian,2026-09-27 13:00:00,2026-09-27 15:00:00,refrigerated,RESCUED,2026-09-27 12:54:00,SYNTHETIC_DEMO
DON-00229,REST-TG31-084,Wanaparthy,Dal,dal,68,meals,vegan,2026-10-02 01:00:00,2026-10-02 05:00:00,hot_holding,URGENT,2026-10-02 00:50:00,SYNTHETIC_DEMO
DON-00230,REST-TG32-039,Warangal,Packaged Meals,packaged_food,82,meals,vegetarian,2026-10-03 20:00:00,2026-10-04 00:00:00,hot_holding,AVAILABLE,2026-10-03 19:04:00,SYNTHETIC_DEMO
DON-00231,REST-TG33-053,Yadadri Bhuvanagiri,Steamed Rice,rice,99,meals,non_vegetarian,2026-09-28 22:00:00,2026-09-29 00:00:00,hot_holding,AT_RISK,2026-09-28 21:16:00,SYNTHETIC_DEMO
DON-00232,REST-TG01-109,Adilabad,Fresh Fruit,fruits,33,meals,vegetarian,2026-10-06 05:00:00,2026-10-06 07:00:00,refrigerated,AT_RISK,2026-10-06 04:22:00,SYNTHETIC_DEMO
DON-00233,REST-TG02-059,Bhadradri Kothagudem,Vegetable Biryani,biryani,96,meals,egg,2026-09-27 02:00:00,2026-09-27 06:00:00,hot_holding,AT_RISK,2026-09-27 01:35:00,SYNTHETIC_DEMO
DON-00234,REST-TG03-062,Hanumakonda,Fresh Fruit,fruits,12,meals,vegetarian,2026-10-03 10:00:00,2026-10-03 14:00:00,refrigerated,URGENT,2026-10-03 09:45:00,SYNTHETIC_DEMO
DON-00235,REST-TG04-050,Hyderabad,Fresh Bread,bread,29,meals,egg,2026-10-02 07:00:00,2026-10-02 10:00:00,refrigerated,URGENT,2026-10-02 06:51:00,SYNTHETIC_DEMO
DON-00236,REST-TG05-080,Jagtial,Steamed Rice,rice,35,meals,vegetarian,2026-09-29 13:00:00,2026-09-29 17:00:00,refrigerated,AT_RISK,2026-09-29 12:29:00,SYNTHETIC_DEMO
DON-00237,REST-TG06-086,Jangaon,Veg Sandwich,sandwich,39,meals,vegetarian,2026-10-03 01:00:00,2026-10-03 06:00:00,refrigerated,AVAILABLE,2026-10-03 00:48:00,SYNTHETIC_DEMO
DON-00238,REST-TG07-135,Jayashankar Bhupalpally,Vegetable Biryani,biryani,39,meals,vegan,2026-09-30 12:00:00,2026-09-30 17:00:00,hot_holding,URGENT,2026-09-30 11:49:00,SYNTHETIC_DEMO
DON-00239,REST-TG08-015,Jogulamba Gadwal,Vegetable Pulao,pulao,82,meals,egg,2026-09-26 23:00:00,2026-09-27 07:00:00,hot_holding,AT_RISK,2026-09-26 22:02:00,SYNTHETIC_DEMO
DON-00240,REST-TG09-067,Kamareddy,Roti,roti,67,meals,vegan,2026-09-30 14:00:00,2026-09-30 20:00:00,refrigerated,AVAILABLE,2026-09-30 13:37:00,SYNTHETIC_DEMO
DON-00241,REST-TG10-032,Karimnagar,Vegetable Pulao,pulao,19,meals,egg,2026-09-26 23:00:00,2026-09-27 05:00:00,ambient,AT_RISK,2026-09-26 22:23:00,SYNTHETIC_DEMO
DON-00242,REST-TG11-055,Khammam,Prepared Meal,cooked_meal,80,meals,vegan,2026-10-04 23:00:00,2026-10-05 04:00:00,refrigerated,AVAILABLE,2026-10-04 22:08:00,SYNTHETIC_DEMO
DON-00243,REST-TG12-112,Kumuram Bheem,Fresh Bread,bread,85,meals,egg,2026-09-27 01:00:00,2026-09-27 05:00:00,hot_holding,AVAILABLE,2026-09-27 00:18:00,SYNTHETIC_DEMO
DON-00244,REST-TG13-100,Mahabubabad,Bakery Items,bakery,48,meals,non_vegetarian,2026-09-30 16:00:00,2026-09-30 22:00:00,hot_holding,AT_RISK,2026-09-30 15:10:00,SYNTHETIC_DEMO
DON-00245,REST-TG14-043,Mahabubnagar,Roti,roti,73,meals,non_vegetarian,2026-10-05 13:00:00,2026-10-05 17:00:00,refrigerated,AVAILABLE,2026-10-05 12:46:00,SYNTHETIC_DEMO
DON-00246,REST-TG15-051,Mancherial,Dal,dal,30,meals,vegetarian,2026-10-02 04:00:00,2026-10-02 08:00:00,ambient,AT_RISK,2026-10-02 03:27:00,SYNTHETIC_DEMO
DON-00247,REST-TG16-037,Medak,Roti,roti,47,meals,vegetarian,2026-09-27 09:00:00,2026-09-27 12:00:00,hot_holding,AT_RISK,2026-09-27 08:40:00,SYNTHETIC_DEMO
DON-00248,REST-TG17-136,Medchal-Malkajgiri,Packaged Meals,packaged_food,90,meals,vegetarian,2026-10-03 04:00:00,2026-10-03 09:00:00,refrigerated,AVAILABLE,2026-10-03 03:07:00,SYNTHETIC_DEMO
DON-00249,REST-TG18-083,Mulugu,Fresh Bread,bread,36,meals,vegetarian,2026-09-28 22:00:00,2026-09-29 04:00:00,refrigerated,AT_RISK,2026-09-28 21:12:00,SYNTHETIC_DEMO
DON-00250,REST-TG19-108,Nagarkurnool,Dal,dal,86,meals,vegetarian,2026-10-04 20:00:00,2026-10-05 02:00:00,hot_holding,RESCUED,2026-10-04 19:16:00,SYNTHETIC_DEMO
DON-00251,REST-TG20-065,Nalgonda,Vegetable Pulao,pulao,75,meals,vegetarian,2026-09-30 03:00:00,2026-09-30 05:00:00,ambient,AT_RISK,2026-09-30 02:39:00,SYNTHETIC_DEMO
DON-00252,REST-TG21-044,Narayanpet,Vegetable Pulao,pulao,42,meals,vegetarian,2026-10-01 20:00:00,2026-10-01 22:00:00,hot_holding,AVAILABLE,2026-10-01 19:23:00,SYNTHETIC_DEMO
DON-00253,REST-TG22-035,Nirmal,Mixed Vegetables,vegetables,58,meals,vegetarian,2026-09-30 07:00:00,2026-09-30 13:00:00,refrigerated,AVAILABLE,2026-09-30 06:22:00,SYNTHETIC_DEMO
DON-00254,REST-TG23-106,Nizamabad,Dal,dal,32,meals,egg,2026-10-02 00:00:00,2026-10-02 06:00:00,ambient,RESCUED,2026-10-01 23:24:00,SYNTHETIC_DEMO
DON-00255,REST-TG24-124,Peddapalli,Dal,dal,78,meals,non_vegetarian,2026-09-26 14:00:00,2026-09-26 20:00:00,hot_holding,AT_RISK,2026-09-26 13:20:00,SYNTHETIC_DEMO
DON-00256,REST-TG25-115,Rajanna Sircilla,Vegetable Pulao,pulao,100,meals,vegan,2026-09-26 18:00:00,2026-09-27 02:00:00,ambient,AVAILABLE,2026-09-26 17:45:00,SYNTHETIC_DEMO
DON-00257,REST-TG26-086,Rangareddy,Veg Sandwich,sandwich,15,meals,vegetarian,2026-10-04 08:00:00,2026-10-04 10:00:00,ambient,URGENT,2026-10-04 07:41:00,SYNTHETIC_DEMO
DON-00258,REST-TG27-023,Sangareddy,Dal,dal,86,meals,non_vegetarian,2026-10-05 09:00:00,2026-10-05 12:00:00,refrigerated,AT_RISK,2026-10-05 08:34:00,SYNTHETIC_DEMO
DON-00259,REST-TG28-014,Siddipet,Roti,roti,92,meals,vegetarian,2026-10-04 23:00:00,2026-10-05 04:00:00,ambient,AT_RISK,2026-10-04 22:26:00,SYNTHETIC_DEMO
DON-00260,REST-TG29-018,Suryapet,Prepared Meal,cooked_meal,14,meals,vegetarian,2026-10-05 05:00:00,2026-10-05 11:00:00,refrigerated,AVAILABLE,2026-10-05 04:26:00,SYNTHETIC_DEMO
DON-00261,REST-TG30-147,Vikarabad,Fresh Fruit,fruits,46,meals,vegetarian,2026-09-27 01:00:00,2026-09-27 09:00:00,hot_holding,URGENT,2026-09-27 00:09:00,SYNTHETIC_DEMO
DON-00262,REST-TG31-079,Wanaparthy,Vegetable Pulao,pulao,12,meals,vegetarian,2026-10-01 10:00:00,2026-10-01 14:00:00,refrigerated,URGENT,2026-10-01 09:00:00,SYNTHETIC_DEMO
DON-00263,REST-TG32-090,Warangal,Fresh Fruit,fruits,19,meals,vegetarian,2026-10-06 03:00:00,2026-10-06 09:00:00,ambient,AVAILABLE,2026-10-06 02:22:00,SYNTHETIC_DEMO
DON-00264,REST-TG33-122,Yadadri Bhuvanagiri,Prepared Meal,cooked_meal,10,meals,vegetarian,2026-09-28 20:00:00,2026-09-29 01:00:00,ambient,AT_RISK,2026-09-28 19:44:00,SYNTHETIC_DEMO
DON-00265,REST-TG01-027,Adilabad,Mixed Vegetables,vegetables,19,meals,non_vegetarian,2026-09-27 13:00:00,2026-09-27 18:00:00,ambient,AVAILABLE,2026-09-27 12:06:00,SYNTHETIC_DEMO
DON-00266,REST-TG02-100,Bhadradri Kothagudem,Vegetable Biryani,biryani,46,meals,vegetarian,2026-10-05 14:00:00,2026-10-05 16:00:00,ambient,URGENT,2026-10-05 13:50:00,SYNTHETIC_DEMO
DON-00267,REST-TG03-049,Hanumakonda,Vegetable Pulao,pulao,47,meals,vegetarian,2026-10-06 03:00:00,2026-10-06 11:00:00,refrigerated,AVAILABLE,2026-10-06 02:01:00,SYNTHETIC_DEMO
DON-00268,REST-TG04-149,Hyderabad,Vegetable Pulao,pulao,49,meals,vegetarian,2026-09-29 15:00:00,2026-09-29 18:00:00,ambient,AT_RISK,2026-09-29 14:34:00,SYNTHETIC_DEMO
DON-00269,REST-TG05-047,Jagtial,Fresh Bread,bread,47,meals,vegetarian,2026-10-04 21:00:00,2026-10-05 05:00:00,hot_holding,AVAILABLE,2026-10-04 20:55:00,SYNTHETIC_DEMO
DON-00270,REST-TG06-010,Jangaon,Prepared Meal,cooked_meal,21,meals,non_vegetarian,2026-09-29 01:00:00,2026-09-29 03:00:00,hot_holding,AT_RISK,2026-09-29 00:26:00,SYNTHETIC_DEMO
DON-00271,REST-TG07-100,Jayashankar Bhupalpally,Vegetable Pulao,pulao,81,meals,vegetarian,2026-09-29 20:00:00,2026-09-30 00:00:00,ambient,AVAILABLE,2026-09-29 19:33:00,SYNTHETIC_DEMO
DON-00272,REST-TG08-035,Jogulamba Gadwal,Fresh Fruit,fruits,51,meals,vegetarian,2026-09-28 19:00:00,2026-09-29 01:00:00,hot_holding,RESCUED,2026-09-28 18:40:00,SYNTHETIC_DEMO
DON-00273,REST-TG09-120,Kamareddy,Vegetable Pulao,pulao,90,meals,vegan,2026-10-03 22:00:00,2026-10-04 04:00:00,ambient,AVAILABLE,2026-10-03 21:15:00,SYNTHETIC_DEMO
DON-00274,REST-TG10-028,Karimnagar,Dal,dal,99,meals,vegetarian,2026-09-28 00:00:00,2026-09-28 06:00:00,ambient,AVAILABLE,2026-09-27 23:16:00,SYNTHETIC_DEMO
DON-00275,REST-TG11-102,Khammam,Fresh Fruit,fruits,13,meals,vegetarian,2026-10-01 16:00:00,2026-10-02 00:00:00,ambient,RESCUED,2026-10-01 15:40:00,SYNTHETIC_DEMO
DON-00276,REST-TG12-126,Kumuram Bheem,Bakery Items,bakery,40,meals,vegetarian,2026-09-27 02:00:00,2026-09-27 05:00:00,hot_holding,URGENT,2026-09-27 01:23:00,SYNTHETIC_DEMO
DON-00277,REST-TG13-041,Mahabubabad,Roti,roti,96,meals,vegetarian,2026-09-26 22:00:00,2026-09-27 04:00:00,refrigerated,URGENT,2026-09-26 21:47:00,SYNTHETIC_DEMO
DON-00278,REST-TG14-088,Mahabubnagar,Bakery Items,bakery,74,meals,vegetarian,2026-09-30 17:00:00,2026-09-30 19:00:00,hot_holding,AT_RISK,2026-09-30 16:12:00,SYNTHETIC_DEMO
DON-00279,REST-TG15-104,Mancherial,Dal,dal,90,meals,vegan,2026-10-02 07:00:00,2026-10-02 15:00:00,ambient,AVAILABLE,2026-10-02 06:13:00,SYNTHETIC_DEMO
DON-00280,REST-TG16-131,Medak,Bakery Items,bakery,29,meals,egg,2026-10-02 18:00:00,2026-10-02 20:00:00,ambient,AT_RISK,2026-10-02 17:06:00,SYNTHETIC_DEMO
DON-00281,REST-TG17-046,Medchal-Malkajgiri,Fresh Bread,bread,98,meals,vegan,2026-10-04 08:00:00,2026-10-04 12:00:00,refrigerated,AVAILABLE,2026-10-04 07:03:00,SYNTHETIC_DEMO
DON-00282,REST-TG18-070,Mulugu,Steamed Rice,rice,71,meals,vegetarian,2026-10-06 04:00:00,2026-10-06 08:00:00,refrigerated,AT_RISK,2026-10-06 03:42:00,SYNTHETIC_DEMO
DON-00283,REST-TG19-051,Nagarkurnool,Fresh Bread,bread,74,meals,non_vegetarian,2026-10-03 10:00:00,2026-10-03 16:00:00,refrigerated,AVAILABLE,2026-10-03 09:50:00,SYNTHETIC_DEMO
DON-00284,REST-TG20-053,Nalgonda,Dal,dal,79,meals,non_vegetarian,2026-10-04 20:00:00,2026-10-05 01:00:00,ambient,AT_RISK,2026-10-04 19:22:00,SYNTHETIC_DEMO
DON-00285,REST-TG21-126,Narayanpet,Vegetable Biryani,biryani,62,meals,non_vegetarian,2026-10-01 22:00:00,2026-10-02 00:00:00,ambient,AT_RISK,2026-10-01 21:14:00,SYNTHETIC_DEMO
DON-00286,REST-TG22-144,Nirmal,Bakery Items,bakery,21,meals,vegetarian,2026-10-04 21:00:00,2026-10-05 05:00:00,ambient,AT_RISK,2026-10-04 20:36:00,SYNTHETIC_DEMO
DON-00287,REST-TG23-140,Nizamabad,Mixed Vegetables,vegetables,15,meals,non_vegetarian,2026-09-28 01:00:00,2026-09-28 06:00:00,refrigerated,AVAILABLE,2026-09-28 00:19:00,SYNTHETIC_DEMO
DON-00288,REST-TG24-027,Peddapalli,Vegetable Biryani,biryani,55,meals,vegetarian,2026-10-01 05:00:00,2026-10-01 10:00:00,ambient,URGENT,2026-10-01 04:14:00,SYNTHETIC_DEMO
DON-00289,REST-TG25-054,Rajanna Sircilla,Vegetable Biryani,biryani,42,meals,egg,2026-10-02 19:00:00,2026-10-03 03:00:00,ambient,URGENT,2026-10-02 18:01:00,SYNTHETIC_DEMO
DON-00290,REST-TG26-127,Rangareddy,Vegetable Pulao,pulao,49,meals,vegan,2026-10-02 04:00:00,2026-10-02 07:00:00,refrigerated,AT_RISK,2026-10-02 03:36:00,SYNTHETIC_DEMO
DON-00291,REST-TG27-061,Sangareddy,Vegetable Biryani,biryani,68,meals,vegetarian,2026-09-27 00:00:00,2026-09-27 02:00:00,ambient,URGENT,2026-09-26 23:24:00,SYNTHETIC_DEMO
DON-00292,REST-TG28-104,Siddipet,Veg Sandwich,sandwich,60,meals,vegetarian,2026-09-29 20:00:00,2026-09-30 01:00:00,refrigerated,AT_RISK,2026-09-29 19:11:00,SYNTHETIC_DEMO
DON-00293,REST-TG29-039,Suryapet,Fresh Bread,bread,74,meals,vegan,2026-10-05 21:00:00,2026-10-06 02:00:00,ambient,AVAILABLE,2026-10-05 20:35:00,SYNTHETIC_DEMO
DON-00294,REST-TG30-132,Vikarabad,Bakery Items,bakery,65,meals,vegetarian,2026-09-29 18:00:00,2026-09-30 02:00:00,refrigerated,AVAILABLE,2026-09-29 17:25:00,SYNTHETIC_DEMO
DON-00295,REST-TG31-087,Wanaparthy,Prepared Meal,cooked_meal,56,meals,non_vegetarian,2026-09-26 17:00:00,2026-09-27 01:00:00,hot_holding,AVAILABLE,2026-09-26 16:19:00,SYNTHETIC_DEMO
DON-00296,REST-TG32-123,Warangal,Vegetable Pulao,pulao,92,meals,non_vegetarian,2026-10-02 08:00:00,2026-10-02 13:00:00,hot_holding,URGENT,2026-10-02 07:04:00,SYNTHETIC_DEMO
DON-00297,REST-TG33-067,Yadadri Bhuvanagiri,Fresh Bread,bread,28,meals,vegetarian,2026-09-28 05:00:00,2026-09-28 08:00:00,hot_holding,AT_RISK,2026-09-28 04:48:00,SYNTHETIC_DEMO
DON-00298,REST-TG01-016,Adilabad,Fresh Fruit,fruits,31,meals,vegetarian,2026-10-02 22:00:00,2026-10-03 04:00:00,ambient,URGENT,2026-10-02 21:12:00,SYNTHETIC_DEMO
DON-00299,REST-TG02-116,Bhadradri Kothagudem,Vegetable Pulao,pulao,27,meals,vegetarian,2026-10-05 22:00:00,2026-10-06 01:00:00,hot_holding,AT_RISK,2026-10-05 21:22:00,SYNTHETIC_DEMO
DON-00300,REST-TG03-124,Hanumakonda,Veg Sandwich,sandwich,53,meals,non_vegetarian,2026-10-04 03:00:00,2026-10-04 11:00:00,hot_holding,AVAILABLE,2026-10-04 02:24:00,SYNTHETIC_DEMO
DON-00301,REST-TG04-005,Hyderabad,Steamed Rice,rice,52,meals,egg,2026-09-29 05:00:00,2026-09-29 09:00:00,ambient,AT_RISK,2026-09-29 04:06:00,SYNTHETIC_DEMO
DON-00302,REST-TG05-093,Jagtial,Prepared Meal,cooked_meal,58,meals,vegetarian,2026-09-28 07:00:00,2026-09-28 15:00:00,ambient,RESCUED,2026-09-28 06:08:00,SYNTHETIC_DEMO
DON-00303,REST-TG06-081,Jangaon,Bakery Items,bakery,38,meals,egg,2026-10-02 10:00:00,2026-10-02 16:00:00,refrigerated,URGENT,2026-10-02 09:05:00,SYNTHETIC_DEMO
DON-00304,REST-TG07-125,Jayashankar Bhupalpally,Packaged Meals,packaged_food,94,meals,vegetarian,2026-09-29 20:00:00,2026-09-29 22:00:00,refrigerated,AVAILABLE,2026-09-29 19:13:00,SYNTHETIC_DEMO
DON-00305,REST-TG08-050,Jogulamba Gadwal,Fresh Fruit,fruits,67,meals,egg,2026-09-27 20:00:00,2026-09-27 22:00:00,hot_holding,AT_RISK,2026-09-27 19:35:00,SYNTHETIC_DEMO
DON-00306,REST-TG09-138,Kamareddy,Fresh Bread,bread,91,meals,non_vegetarian,2026-10-04 22:00:00,2026-10-05 03:00:00,ambient,URGENT,2026-10-04 21:43:00,SYNTHETIC_DEMO
DON-00307,REST-TG10-092,Karimnagar,Dal,dal,53,meals,non_vegetarian,2026-09-27 03:00:00,2026-09-27 07:00:00,hot_holding,AT_RISK,2026-09-27 02:53:00,SYNTHETIC_DEMO
DON-00308,REST-TG11-023,Khammam,Steamed Rice,rice,94,meals,egg,2026-10-03 13:00:00,2026-10-03 15:00:00,refrigerated,URGENT,2026-10-03 12:11:00,SYNTHETIC_DEMO
DON-00309,REST-TG12-087,Kumuram Bheem,Vegetable Pulao,pulao,26,meals,vegetarian,2026-09-27 12:00:00,2026-09-27 15:00:00,refrigerated,URGENT,2026-09-27 11:48:00,SYNTHETIC_DEMO
DON-00310,REST-TG13-148,Mahabubabad,Dal,dal,68,meals,vegetarian,2026-10-04 07:00:00,2026-10-04 09:00:00,hot_holding,AT_RISK,2026-10-04 06:21:00,SYNTHETIC_DEMO
DON-00311,REST-TG14-099,Mahabubnagar,Roti,roti,20,meals,vegetarian,2026-09-30 07:00:00,2026-09-30 12:00:00,hot_holding,RESCUED,2026-09-30 06:36:00,SYNTHETIC_DEMO
DON-00312,REST-TG15-122,Mancherial,Fresh Fruit,fruits,81,meals,vegetarian,2026-10-04 08:00:00,2026-10-04 12:00:00,ambient,URGENT,2026-10-04 07:33:00,SYNTHETIC_DEMO
DON-00313,REST-TG16-109,Medak,Vegetable Biryani,biryani,66,meals,vegetarian,2026-09-30 04:00:00,2026-09-30 09:00:00,refrigerated,AVAILABLE,2026-09-30 03:46:00,SYNTHETIC_DEMO
DON-00314,REST-TG17-146,Medchal-Malkajgiri,Roti,roti,70,meals,vegetarian,2026-10-05 00:00:00,2026-10-05 02:00:00,ambient,AT_RISK,2026-10-04 23:15:00,SYNTHETIC_DEMO
DON-00315,REST-TG18-110,Mulugu,Prepared Meal,cooked_meal,59,meals,egg,2026-10-01 04:00:00,2026-10-01 08:00:00,refrigerated,RESCUED,2026-10-01 03:34:00,SYNTHETIC_DEMO
DON-00316,REST-TG19-088,Nagarkurnool,Mixed Vegetables,vegetables,29,meals,non_vegetarian,2026-09-27 17:00:00,2026-09-27 20:00:00,refrigerated,AT_RISK,2026-09-27 16:35:00,SYNTHETIC_DEMO
DON-00317,REST-TG20-030,Nalgonda,Fresh Bread,bread,68,meals,vegetarian,2026-10-02 21:00:00,2026-10-03 02:00:00,ambient,AVAILABLE,2026-10-02 20:48:00,SYNTHETIC_DEMO
DON-00318,REST-TG21-083,Narayanpet,Packaged Meals,packaged_food,67,meals,vegetarian,2026-10-05 08:00:00,2026-10-05 10:00:00,hot_holding,URGENT,2026-10-05 07:35:00,SYNTHETIC_DEMO
DON-00319,REST-TG22-072,Nirmal,Fresh Bread,bread,61,meals,vegetarian,2026-10-03 14:00:00,2026-10-03 19:00:00,ambient,AT_RISK,2026-10-03 13:51:00,SYNTHETIC_DEMO
DON-00320,REST-TG23-087,Nizamabad,Prepared Meal,cooked_meal,20,meals,vegetarian,2026-10-02 13:00:00,2026-10-02 15:00:00,refrigerated,AT_RISK,2026-10-02 12:09:00,SYNTHETIC_DEMO
DON-00321,REST-TG24-050,Peddapalli,Packaged Meals,packaged_food,69,meals,vegetarian,2026-09-29 00:00:00,2026-09-29 02:00:00,hot_holding,URGENT,2026-09-28 23:12:00,SYNTHETIC_DEMO
DON-00322,REST-TG25-124,Rajanna Sircilla,Packaged Meals,packaged_food,23,meals,vegetarian,2026-10-05 07:00:00,2026-10-05 11:00:00,ambient,AT_RISK,2026-10-05 06:09:00,SYNTHETIC_DEMO
DON-00323,REST-TG26-045,Rangareddy,Dal,dal,13,meals,vegetarian,2026-09-30 17:00:00,2026-10-01 01:00:00,hot_holding,AVAILABLE,2026-09-30 16:52:00,SYNTHETIC_DEMO
DON-00324,REST-TG27-010,Sangareddy,Dal,dal,17,meals,egg,2026-09-29 07:00:00,2026-09-29 12:00:00,refrigerated,AT_RISK,2026-09-29 06:32:00,SYNTHETIC_DEMO
DON-00325,REST-TG28-095,Siddipet,Bakery Items,bakery,95,meals,vegetarian,2026-09-29 20:00:00,2026-09-30 01:00:00,refrigerated,AVAILABLE,2026-09-29 19:49:00,SYNTHETIC_DEMO
DON-00326,REST-TG29-083,Suryapet,Vegetable Biryani,biryani,53,meals,vegetarian,2026-10-04 05:00:00,2026-10-04 09:00:00,ambient,URGENT,2026-10-04 04:04:00,SYNTHETIC_DEMO
DON-00327,REST-TG30-035,Vikarabad,Fresh Bread,bread,77,meals,non_vegetarian,2026-09-28 08:00:00,2026-09-28 10:00:00,hot_holding,URGENT,2026-09-28 07:05:00,SYNTHETIC_DEMO
DON-00328,REST-TG31-030,Wanaparthy,Mixed Vegetables,vegetables,80,meals,vegetarian,2026-09-30 05:00:00,2026-09-30 10:00:00,refrigerated,AVAILABLE,2026-09-30 04:41:00,SYNTHETIC_DEMO
DON-00329,REST-TG32-122,Warangal,Vegetable Biryani,biryani,11,meals,egg,2026-09-29 13:00:00,2026-09-29 19:00:00,hot_holding,AT_RISK,2026-09-29 12:23:00,SYNTHETIC_DEMO
DON-00330,REST-TG33-045,Yadadri Bhuvanagiri,Roti,roti,77,meals,vegetarian,2026-10-02 05:00:00,2026-10-02 10:00:00,ambient,AVAILABLE,2026-10-02 04:22:00,SYNTHETIC_DEMO
DON-00331,REST-TG01-126,Adilabad,Veg Sandwich,sandwich,20,meals,vegetarian,2026-10-02 21:00:00,2026-10-03 01:00:00,hot_holding,AT_RISK,2026-10-02 20:44:00,SYNTHETIC_DEMO
DON-00332,REST-TG02-020,Bhadradri Kothagudem,Steamed Rice,rice,35,meals,vegetarian,2026-09-27 20:00:00,2026-09-27 22:00:00,ambient,URGENT,2026-09-27 19:14:00,SYNTHETIC_DEMO
DON-00333,REST-TG03-149,Hanumakonda,Mixed Vegetables,vegetables,38,meals,egg,2026-09-28 04:00:00,2026-09-28 10:00:00,refrigerated,AT_RISK,2026-09-28 03:03:00,SYNTHETIC_DEMO
DON-00334,REST-TG04-021,Hyderabad,Dal,dal,90,meals,vegetarian,2026-10-02 01:00:00,2026-10-02 06:00:00,ambient,AT_RISK,2026-10-02 00:00:00,SYNTHETIC_DEMO
DON-00335,REST-TG05-064,Jagtial,Steamed Rice,rice,93,meals,non_vegetarian,2026-10-01 02:00:00,2026-10-01 06:00:00,hot_holding,AT_RISK,2026-10-01 01:10:00,SYNTHETIC_DEMO
DON-00336,REST-TG06-024,Jangaon,Roti,roti,77,meals,vegan,2026-10-03 11:00:00,2026-10-03 17:00:00,refrigerated,URGENT,2026-10-03 10:35:00,SYNTHETIC_DEMO
DON-00337,REST-TG07-036,Jayashankar Bhupalpally,Bakery Items,bakery,68,meals,vegetarian,2026-10-02 07:00:00,2026-10-02 11:00:00,ambient,AT_RISK,2026-10-02 06:50:00,SYNTHETIC_DEMO
DON-00338,REST-TG08-110,Jogulamba Gadwal,Veg Sandwich,sandwich,66,meals,vegetarian,2026-10-03 16:00:00,2026-10-04 00:00:00,hot_holding,AT_RISK,2026-10-03 15:36:00,SYNTHETIC_DEMO
DON-00339,REST-TG09-006,Kamareddy,Veg Sandwich,sandwich,63,meals,egg,2026-10-01 18:00:00,2026-10-01 22:00:00,hot_holding,AT_RISK,2026-10-01 17:36:00,SYNTHETIC_DEMO
DON-00340,REST-TG10-141,Karimnagar,Prepared Meal,cooked_meal,81,meals,vegetarian,2026-10-03 03:00:00,2026-10-03 06:00:00,refrigerated,URGENT,2026-10-03 02:46:00,SYNTHETIC_DEMO
DON-00341,REST-TG11-057,Khammam,Vegetable Pulao,pulao,45,meals,vegetarian,2026-10-04 11:00:00,2026-10-04 15:00:00,ambient,AVAILABLE,2026-10-04 10:29:00,SYNTHETIC_DEMO
DON-00342,REST-TG12-080,Kumuram Bheem,Mixed Vegetables,vegetables,55,meals,egg,2026-09-29 01:00:00,2026-09-29 05:00:00,ambient,AVAILABLE,2026-09-29 00:25:00,SYNTHETIC_DEMO
DON-00343,REST-TG13-060,Mahabubabad,Vegetable Biryani,biryani,34,meals,vegetarian,2026-10-04 00:00:00,2026-10-04 04:00:00,refrigerated,AVAILABLE,2026-10-03 23:46:00,SYNTHETIC_DEMO
DON-00344,REST-TG14-041,Mahabubnagar,Steamed Rice,rice,79,meals,vegetarian,2026-09-26 13:00:00,2026-09-26 16:00:00,ambient,RESCUED,2026-09-26 12:05:00,SYNTHETIC_DEMO
DON-00345,REST-TG15-082,Mancherial,Packaged Meals,packaged_food,70,meals,vegetarian,2026-10-03 18:00:00,2026-10-04 02:00:00,ambient,AVAILABLE,2026-10-03 17:27:00,SYNTHETIC_DEMO
DON-00346,REST-TG16-148,Medak,Fresh Fruit,fruits,58,meals,non_vegetarian,2026-10-03 15:00:00,2026-10-03 20:00:00,refrigerated,AVAILABLE,2026-10-03 14:01:00,SYNTHETIC_DEMO
DON-00347,REST-TG17-020,Medchal-Malkajgiri,Packaged Meals,packaged_food,64,meals,vegetarian,2026-10-04 19:00:00,2026-10-05 01:00:00,ambient,AT_RISK,2026-10-04 18:52:00,SYNTHETIC_DEMO
DON-00348,REST-TG18-008,Mulugu,Packaged Meals,packaged_food,89,meals,vegan,2026-10-03 07:00:00,2026-10-03 11:00:00,hot_holding,AT_RISK,2026-10-03 06:35:00,SYNTHETIC_DEMO
DON-00349,REST-TG19-006,Nagarkurnool,Veg Sandwich,sandwich,52,meals,vegetarian,2026-09-26 12:00:00,2026-09-26 20:00:00,ambient,AVAILABLE,2026-09-26 11:45:00,SYNTHETIC_DEMO
DON-00350,REST-TG20-108,Nalgonda,Steamed Rice,rice,44,meals,vegetarian,2026-09-28 15:00:00,2026-09-28 20:00:00,hot_holding,RESCUED,2026-09-28 14:49:00,SYNTHETIC_DEMO
DON-00351,REST-TG21-059,Narayanpet,Dal,dal,33,meals,egg,2026-09-27 04:00:00,2026-09-27 07:00:00,refrigerated,URGENT,2026-09-27 03:21:00,SYNTHETIC_DEMO
DON-00352,REST-TG22-031,Nirmal,Fresh Fruit,fruits,34,meals,egg,2026-09-29 16:00:00,2026-09-29 22:00:00,refrigerated,AT_RISK,2026-09-29 15:34:00,SYNTHETIC_DEMO
DON-00353,REST-TG23-136,Nizamabad,Vegetable Biryani,biryani,37,meals,vegetarian,2026-10-02 19:00:00,2026-10-02 22:00:00,ambient,RESCUED,2026-10-02 18:52:00,SYNTHETIC_DEMO
DON-00354,REST-TG24-086,Peddapalli,Fresh Bread,bread,71,meals,vegetarian,2026-09-27 10:00:00,2026-09-27 16:00:00,refrigerated,AVAILABLE,2026-09-27 09:43:00,SYNTHETIC_DEMO
DON-00355,REST-TG25-083,Rajanna Sircilla,Veg Sandwich,sandwich,39,meals,non_vegetarian,2026-10-03 03:00:00,2026-10-03 11:00:00,ambient,RESCUED,2026-10-03 02:05:00,SYNTHETIC_DEMO
DON-00356,REST-TG26-044,Rangareddy,Roti,roti,14,meals,vegetarian,2026-10-05 11:00:00,2026-10-05 13:00:00,refrigerated,URGENT,2026-10-05 10:01:00,SYNTHETIC_DEMO
DON-00357,REST-TG27-020,Sangareddy,Roti,roti,92,meals,egg,2026-10-05 16:00:00,2026-10-05 18:00:00,ambient,AT_RISK,2026-10-05 15:19:00,SYNTHETIC_DEMO
DON-00358,REST-TG28-002,Siddipet,Steamed Rice,rice,10,meals,egg,2026-10-05 19:00:00,2026-10-06 00:00:00,refrigerated,AVAILABLE,2026-10-05 18:05:00,SYNTHETIC_DEMO
DON-00359,REST-TG29-022,Suryapet,Veg Sandwich,sandwich,33,meals,non_vegetarian,2026-09-26 14:00:00,2026-09-26 20:00:00,refrigerated,AVAILABLE,2026-09-26 13:47:00,SYNTHETIC_DEMO
DON-00360,REST-TG30-004,Vikarabad,Roti,roti,23,meals,egg,2026-10-04 05:00:00,2026-10-04 09:00:00,hot_holding,AT_RISK,2026-10-04 04:21:00,SYNTHETIC_DEMO
DON-00361,REST-TG31-139,Wanaparthy,Fresh Bread,bread,84,meals,non_vegetarian,2026-09-30 17:00:00,2026-09-30 19:00:00,ambient,AVAILABLE,2026-09-30 16:21:00,SYNTHETIC_DEMO
DON-00362,REST-TG32-078,Warangal,Vegetable Pulao,pulao,46,meals,vegetarian,2026-10-05 05:00:00,2026-10-05 10:00:00,ambient,AVAILABLE,2026-10-05 04:00:00,SYNTHETIC_DEMO
DON-00363,REST-TG33-077,Yadadri Bhuvanagiri,Steamed Rice,rice,49,meals,egg,2026-10-06 04:00:00,2026-10-06 06:00:00,hot_holding,AT_RISK,2026-10-06 03:17:00,SYNTHETIC_DEMO
DON-00364,REST-TG01-118,Adilabad,Dal,dal,91,meals,non_vegetarian,2026-09-27 17:00:00,2026-09-27 19:00:00,ambient,AT_RISK,2026-09-27 16:14:00,SYNTHETIC_DEMO
DON-00365,REST-TG02-132,Bhadradri Kothagudem,Steamed Rice,rice,83,meals,vegetarian,2026-10-03 00:00:00,2026-10-03 04:00:00,refrigerated,AVAILABLE,2026-10-02 23:17:00,SYNTHETIC_DEMO
DON-00366,REST-TG03-049,Hanumakonda,Vegetable Biryani,biryani,77,meals,vegetarian,2026-10-03 14:00:00,2026-10-03 22:00:00,hot_holding,RESCUED,2026-10-03 13:48:00,SYNTHETIC_DEMO
DON-00367,REST-TG04-081,Hyderabad,Vegetable Pulao,pulao,92,meals,vegetarian,2026-09-30 12:00:00,2026-09-30 16:00:00,refrigerated,AVAILABLE,2026-09-30 11:09:00,SYNTHETIC_DEMO
DON-00368,REST-TG05-094,Jagtial,Mixed Vegetables,vegetables,62,meals,vegetarian,2026-10-01 10:00:00,2026-10-01 15:00:00,hot_holding,AT_RISK,2026-10-01 09:55:00,SYNTHETIC_DEMO
DON-00369,REST-TG06-074,Jangaon,Packaged Meals,packaged_food,43,meals,vegetarian,2026-10-01 07:00:00,2026-10-01 13:00:00,hot_holding,RESCUED,2026-10-01 06:04:00,SYNTHETIC_DEMO
DON-00370,REST-TG07-013,Jayashankar Bhupalpally,Prepared Meal,cooked_meal,33,meals,vegetarian,2026-09-29 14:00:00,2026-09-29 19:00:00,refrigerated,AT_RISK,2026-09-29 13:34:00,SYNTHETIC_DEMO
DON-00371,REST-TG08-127,Jogulamba Gadwal,Vegetable Pulao,pulao,30,meals,vegetarian,2026-09-29 12:00:00,2026-09-29 20:00:00,hot_holding,AT_RISK,2026-09-29 11:53:00,SYNTHETIC_DEMO
DON-00372,REST-TG09-150,Kamareddy,Mixed Vegetables,vegetables,80,meals,vegetarian,2026-09-28 11:00:00,2026-09-28 14:00:00,refrigerated,RESCUED,2026-09-28 10:25:00,SYNTHETIC_DEMO
DON-00373,REST-TG10-105,Karimnagar,Dal,dal,95,meals,vegetarian,2026-09-30 13:00:00,2026-09-30 16:00:00,refrigerated,RESCUED,2026-09-30 12:30:00,SYNTHETIC_DEMO
DON-00374,REST-TG11-096,Khammam,Dal,dal,56,meals,egg,2026-10-04 01:00:00,2026-10-04 05:00:00,ambient,AVAILABLE,2026-10-04 00:46:00,SYNTHETIC_DEMO
DON-00375,REST-TG12-008,Kumuram Bheem,Dal,dal,58,meals,vegetarian,2026-10-05 16:00:00,2026-10-05 21:00:00,refrigerated,AVAILABLE,2026-10-05 15:02:00,SYNTHETIC_DEMO
DON-00376,REST-TG13-099,Mahabubabad,Vegetable Biryani,biryani,70,meals,vegetarian,2026-10-05 10:00:00,2026-10-05 15:00:00,refrigerated,RESCUED,2026-10-05 09:08:00,SYNTHETIC_DEMO
DON-00377,REST-TG14-051,Mahabubnagar,Dal,dal,71,meals,vegetarian,2026-09-26 13:00:00,2026-09-26 19:00:00,refrigerated,RESCUED,2026-09-26 12:35:00,SYNTHETIC_DEMO
DON-00378,REST-TG15-064,Mancherial,Prepared Meal,cooked_meal,96,meals,vegetarian,2026-09-26 15:00:00,2026-09-26 17:00:00,ambient,AT_RISK,2026-09-26 14:39:00,SYNTHETIC_DEMO
DON-00379,REST-TG16-017,Medak,Veg Sandwich,sandwich,31,meals,vegetarian,2026-09-29 10:00:00,2026-09-29 13:00:00,refrigerated,AVAILABLE,2026-09-29 09:53:00,SYNTHETIC_DEMO
DON-00380,REST-TG17-065,Medchal-Malkajgiri,Fresh Fruit,fruits,80,meals,vegetarian,2026-10-06 05:00:00,2026-10-06 10:00:00,refrigerated,AVAILABLE,2026-10-06 04:18:00,SYNTHETIC_DEMO
DON-00381,REST-TG18-066,Mulugu,Mixed Vegetables,vegetables,43,meals,vegetarian,2026-10-02 01:00:00,2026-10-02 05:00:00,hot_holding,AVAILABLE,2026-10-02 00:41:00,SYNTHETIC_DEMO
DON-00382,REST-TG19-004,Nagarkurnool,Vegetable Biryani,biryani,59,meals,non_vegetarian,2026-09-28 10:00:00,2026-09-28 13:00:00,hot_holding,URGENT,2026-09-28 09:12:00,SYNTHETIC_DEMO
DON-00383,REST-TG20-039,Nalgonda,Mixed Vegetables,vegetables,15,meals,vegetarian,2026-09-30 17:00:00,2026-09-30 21:00:00,hot_holding,AVAILABLE,2026-09-30 16:08:00,SYNTHETIC_DEMO
DON-00384,REST-TG21-139,Narayanpet,Vegetable Pulao,pulao,64,meals,vegetarian,2026-09-30 06:00:00,2026-09-30 14:00:00,hot_holding,AVAILABLE,2026-09-30 05:19:00,SYNTHETIC_DEMO
DON-00385,REST-TG22-051,Nirmal,Roti,roti,16,meals,vegetarian,2026-09-30 17:00:00,2026-09-30 19:00:00,hot_holding,URGENT,2026-09-30 16:25:00,SYNTHETIC_DEMO
DON-00386,REST-TG23-006,Nizamabad,Packaged Meals,packaged_food,50,meals,vegetarian,2026-09-26 08:00:00,2026-09-26 12:00:00,hot_holding,URGENT,2026-09-26 07:30:00,SYNTHETIC_DEMO
DON-00387,REST-TG24-105,Peddapalli,Veg Sandwich,sandwich,63,meals,vegetarian,2026-10-04 11:00:00,2026-10-04 16:00:00,hot_holding,RESCUED,2026-10-04 10:19:00,SYNTHETIC_DEMO
DON-00388,REST-TG25-120,Rajanna Sircilla,Prepared Meal,cooked_meal,34,meals,egg,2026-09-29 05:00:00,2026-09-29 10:00:00,refrigerated,RESCUED,2026-09-29 04:08:00,SYNTHETIC_DEMO
DON-00389,REST-TG26-137,Rangareddy,Vegetable Pulao,pulao,58,meals,vegetarian,2026-09-30 13:00:00,2026-09-30 15:00:00,ambient,URGENT,2026-09-30 12:30:00,SYNTHETIC_DEMO
DON-00390,REST-TG27-039,Sangareddy,Fresh Fruit,fruits,71,meals,vegan,2026-10-04 17:00:00,2026-10-04 21:00:00,ambient,AT_RISK,2026-10-04 16:39:00,SYNTHETIC_DEMO
DON-00391,REST-TG28-147,Siddipet,Prepared Meal,cooked_meal,95,meals,vegetarian,2026-10-04 16:00:00,2026-10-04 22:00:00,hot_holding,AVAILABLE,2026-10-04 15:42:00,SYNTHETIC_DEMO
DON-00392,REST-TG29-103,Suryapet,Steamed Rice,rice,89,meals,vegetarian,2026-10-04 05:00:00,2026-10-04 07:00:00,refrigerated,AVAILABLE,2026-10-04 04:32:00,SYNTHETIC_DEMO
DON-00393,REST-TG30-115,Vikarabad,Roti,roti,28,meals,vegetarian,2026-10-02 23:00:00,2026-10-03 02:00:00,ambient,AVAILABLE,2026-10-02 22:04:00,SYNTHETIC_DEMO
DON-00394,REST-TG31-104,Wanaparthy,Vegetable Biryani,biryani,93,meals,vegetarian,2026-09-28 21:00:00,2026-09-29 01:00:00,hot_holding,AVAILABLE,2026-09-28 20:00:00,SYNTHETIC_DEMO
DON-00395,REST-TG32-027,Warangal,Vegetable Biryani,biryani,83,meals,vegan,2026-09-29 23:00:00,2026-09-30 05:00:00,refrigerated,RESCUED,2026-09-29 22:47:00,SYNTHETIC_DEMO
DON-00396,REST-TG33-057,Yadadri Bhuvanagiri,Packaged Meals,packaged_food,18,meals,vegetarian,2026-09-26 21:00:00,2026-09-27 00:00:00,ambient,AVAILABLE,2026-09-26 20:20:00,SYNTHETIC_DEMO
DON-00397,REST-TG01-034,Adilabad,Dal,dal,78,meals,non_vegetarian,2026-10-05 03:00:00,2026-10-05 07:00:00,hot_holding,AVAILABLE,2026-10-05 02:17:00,SYNTHETIC_DEMO
DON-00398,REST-TG02-119,Bhadradri Kothagudem,Bakery Items,bakery,22,meals,vegetarian,2026-09-29 06:00:00,2026-09-29 14:00:00,hot_holding,URGENT,2026-09-29 05:16:00,SYNTHETIC_DEMO
DON-00399,REST-TG03-002,Hanumakonda,Veg Sandwich,sandwich,60,meals,vegan,2026-09-28 20:00:00,2026-09-29 02:00:00,refrigerated,AT_RISK,2026-09-28 19:01:00,SYNTHETIC_DEMO
DON-00400,REST-TG04-140,Hyderabad,Packaged Meals,packaged_food,38,meals,vegetarian,2026-09-30 21:00:00,2026-10-01 03:00:00,refrigerated,AT_RISK,2026-09-30 20:00:00,SYNTHETIC_DEMO
DON-00401,REST-TG05-119,Jagtial,Veg Sandwich,sandwich,46,meals,vegetarian,2026-09-28 09:00:00,2026-09-28 17:00:00,hot_holding,AT_RISK,2026-09-28 08:47:00,SYNTHETIC_DEMO
DON-00402,REST-TG06-062,Jangaon,Vegetable Pulao,pulao,73,meals,vegan,2026-09-30 19:00:00,2026-10-01 01:00:00,refrigerated,URGENT,2026-09-30 18:37:00,SYNTHETIC_DEMO
DON-00403,REST-TG07-047,Jayashankar Bhupalpally,Fresh Bread,bread,39,meals,non_vegetarian,2026-09-28 22:00:00,2026-09-29 01:00:00,refrigerated,AT_RISK,2026-09-28 21:40:00,SYNTHETIC_DEMO
DON-00404,REST-TG08-090,Jogulamba Gadwal,Packaged Meals,packaged_food,10,meals,vegetarian,2026-09-27 00:00:00,2026-09-27 04:00:00,ambient,URGENT,2026-09-26 23:04:00,SYNTHETIC_DEMO
DON-00405,REST-TG09-083,Kamareddy,Fresh Bread,bread,72,meals,vegetarian,2026-09-30 20:00:00,2026-09-30 23:00:00,hot_holding,AVAILABLE,2026-09-30 19:04:00,SYNTHETIC_DEMO
DON-00406,REST-TG10-030,Karimnagar,Mixed Vegetables,vegetables,36,meals,non_vegetarian,2026-09-26 17:00:00,2026-09-26 20:00:00,ambient,AVAILABLE,2026-09-26 16:53:00,SYNTHETIC_DEMO
DON-00407,REST-TG11-105,Khammam,Packaged Meals,packaged_food,21,meals,vegetarian,2026-10-03 20:00:00,2026-10-04 01:00:00,ambient,URGENT,2026-10-03 19:14:00,SYNTHETIC_DEMO
DON-00408,REST-TG12-003,Kumuram Bheem,Packaged Meals,packaged_food,86,meals,vegan,2026-09-30 23:00:00,2026-10-01 02:00:00,refrigerated,URGENT,2026-09-30 22:07:00,SYNTHETIC_DEMO
DON-00409,REST-TG13-127,Mahabubabad,Prepared Meal,cooked_meal,17,meals,vegetarian,2026-10-06 05:00:00,2026-10-06 07:00:00,hot_holding,URGENT,2026-10-06 04:49:00,SYNTHETIC_DEMO
DON-00410,REST-TG14-080,Mahabubnagar,Prepared Meal,cooked_meal,96,meals,vegetarian,2026-10-02 19:00:00,2026-10-02 21:00:00,refrigerated,RESCUED,2026-10-02 18:54:00,SYNTHETIC_DEMO
DON-00411,REST-TG15-107,Mancherial,Steamed Rice,rice,69,meals,vegetarian,2026-09-29 15:00:00,2026-09-29 21:00:00,refrigerated,URGENT,2026-09-29 14:35:00,SYNTHETIC_DEMO
DON-00412,REST-TG16-081,Medak,Vegetable Biryani,biryani,51,meals,vegetarian,2026-09-28 23:00:00,2026-09-29 05:00:00,hot_holding,AVAILABLE,2026-09-28 22:16:00,SYNTHETIC_DEMO
DON-00413,REST-TG17-088,Medchal-Malkajgiri,Steamed Rice,rice,26,meals,egg,2026-10-05 10:00:00,2026-10-05 14:00:00,ambient,AVAILABLE,2026-10-05 09:07:00,SYNTHETIC_DEMO
DON-00414,REST-TG18-142,Mulugu,Fresh Bread,bread,45,meals,egg,2026-09-29 21:00:00,2026-09-30 01:00:00,refrigerated,RESCUED,2026-09-29 20:36:00,SYNTHETIC_DEMO
DON-00415,REST-TG19-077,Nagarkurnool,Vegetable Biryani,biryani,24,meals,egg,2026-09-30 02:00:00,2026-09-30 07:00:00,refrigerated,AVAILABLE,2026-09-30 01:47:00,SYNTHETIC_DEMO
DON-00416,REST-TG20-136,Nalgonda,Steamed Rice,rice,81,meals,non_vegetarian,2026-10-03 07:00:00,2026-10-03 11:00:00,hot_holding,RESCUED,2026-10-03 06:25:00,SYNTHETIC_DEMO
DON-00417,REST-TG21-098,Narayanpet,Prepared Meal,cooked_meal,71,meals,non_vegetarian,2026-10-04 11:00:00,2026-10-04 19:00:00,refrigerated,AT_RISK,2026-10-04 10:03:00,SYNTHETIC_DEMO
DON-00418,REST-TG22-043,Nirmal,Fresh Fruit,fruits,26,meals,vegetarian,2026-09-27 02:00:00,2026-09-27 10:00:00,ambient,AT_RISK,2026-09-27 01:55:00,SYNTHETIC_DEMO
DON-00419,REST-TG23-118,Nizamabad,Vegetable Biryani,biryani,16,meals,vegetarian,2026-10-03 06:00:00,2026-10-03 12:00:00,ambient,AVAILABLE,2026-10-03 05:21:00,SYNTHETIC_DEMO
DON-00420,REST-TG24-033,Peddapalli,Prepared Meal,cooked_meal,13,meals,vegan,2026-09-29 09:00:00,2026-09-29 11:00:00,ambient,URGENT,2026-09-29 08:01:00,SYNTHETIC_DEMO
DON-00421,REST-TG25-078,Rajanna Sircilla,Vegetable Biryani,biryani,56,meals,vegetarian,2026-10-03 14:00:00,2026-10-03 18:00:00,refrigerated,AVAILABLE,2026-10-03 13:14:00,SYNTHETIC_DEMO
DON-00422,REST-TG26-068,Rangareddy,Vegetable Pulao,pulao,92,meals,vegan,2026-09-26 10:00:00,2026-09-26 14:00:00,hot_holding,AT_RISK,2026-09-26 09:21:00,SYNTHETIC_DEMO
DON-00423,REST-TG27-123,Sangareddy,Fresh Bread,bread,71,meals,vegetarian,2026-10-05 04:00:00,2026-10-05 06:00:00,refrigerated,AVAILABLE,2026-10-05 03:41:00,SYNTHETIC_DEMO
DON-00424,REST-TG28-142,Siddipet,Mixed Vegetables,vegetables,36,meals,vegan,2026-09-27 09:00:00,2026-09-27 12:00:00,ambient,URGENT,2026-09-27 08:05:00,SYNTHETIC_DEMO
DON-00425,REST-TG29-077,Suryapet,Packaged Meals,packaged_food,62,meals,vegetarian,2026-10-01 05:00:00,2026-10-01 07:00:00,hot_holding,AT_RISK,2026-10-01 04:33:00,SYNTHETIC_DEMO
DON-00426,REST-TG30-074,Vikarabad,Prepared Meal,cooked_meal,57,meals,vegetarian,2026-09-30 04:00:00,2026-09-30 09:00:00,ambient,AT_RISK,2026-09-30 03:12:00,SYNTHETIC_DEMO
DON-00427,REST-TG31-063,Wanaparthy,Packaged Meals,packaged_food,92,meals,vegetarian,2026-10-05 07:00:00,2026-10-05 13:00:00,hot_holding,RESCUED,2026-10-05 06:33:00,SYNTHETIC_DEMO
DON-00428,REST-TG32-091,Warangal,Steamed Rice,rice,79,meals,vegetarian,2026-10-05 07:00:00,2026-10-05 11:00:00,hot_holding,RESCUED,2026-10-05 06:03:00,SYNTHETIC_DEMO
DON-00429,REST-TG33-028,Yadadri Bhuvanagiri,Veg Sandwich,sandwich,61,meals,egg,2026-10-05 19:00:00,2026-10-06 03:00:00,ambient,AT_RISK,2026-10-05 18:50:00,SYNTHETIC_DEMO
DON-00430,REST-TG01-052,Adilabad,Bakery Items,bakery,22,meals,vegetarian,2026-10-04 23:00:00,2026-10-05 04:00:00,ambient,AVAILABLE,2026-10-04 22:42:00,SYNTHETIC_DEMO
DON-00431,REST-TG02-143,Bhadradri Kothagudem,Veg Sandwich,sandwich,35,meals,vegetarian,2026-10-05 20:00:00,2026-10-06 04:00:00,hot_holding,AT_RISK,2026-10-05 19:12:00,SYNTHETIC_DEMO
DON-00432,REST-TG03-061,Hanumakonda,Prepared Meal,cooked_meal,86,meals,vegetarian,2026-10-03 08:00:00,2026-10-03 12:00:00,ambient,AT_RISK,2026-10-03 07:01:00,SYNTHETIC_DEMO
DON-00433,REST-TG04-102,Hyderabad,Fresh Fruit,fruits,30,meals,vegetarian,2026-10-03 12:00:00,2026-10-03 14:00:00,ambient,AT_RISK,2026-10-03 11:27:00,SYNTHETIC_DEMO
DON-00434,REST-TG05-094,Jagtial,Dal,dal,69,meals,vegetarian,2026-09-28 02:00:00,2026-09-28 08:00:00,ambient,AT_RISK,2026-09-28 01:40:00,SYNTHETIC_DEMO
DON-00435,REST-TG06-118,Jangaon,Vegetable Pulao,pulao,54,meals,vegetarian,2026-09-27 08:00:00,2026-09-27 12:00:00,hot_holding,AT_RISK,2026-09-27 07:15:00,SYNTHETIC_DEMO
DON-00436,REST-TG07-104,Jayashankar Bhupalpally,Fresh Bread,bread,43,meals,vegetarian,2026-10-05 22:00:00,2026-10-06 06:00:00,hot_holding,AT_RISK,2026-10-05 21:38:00,SYNTHETIC_DEMO
DON-00437,REST-TG08-007,Jogulamba Gadwal,Mixed Vegetables,vegetables,54,meals,vegetarian,2026-09-26 08:00:00,2026-09-26 14:00:00,ambient,RESCUED,2026-09-26 07:09:00,SYNTHETIC_DEMO
DON-00438,REST-TG09-133,Kamareddy,Fresh Fruit,fruits,51,meals,egg,2026-09-28 00:00:00,2026-09-28 02:00:00,hot_holding,AVAILABLE,2026-09-27 23:44:00,SYNTHETIC_DEMO
DON-00439,REST-TG10-075,Karimnagar,Packaged Meals,packaged_food,72,meals,vegetarian,2026-10-03 11:00:00,2026-10-03 14:00:00,refrigerated,RESCUED,2026-10-03 10:13:00,SYNTHETIC_DEMO
DON-00440,REST-TG11-002,Khammam,Vegetable Pulao,pulao,63,meals,vegetarian,2026-10-05 10:00:00,2026-10-05 16:00:00,refrigerated,AT_RISK,2026-10-05 09:38:00,SYNTHETIC_DEMO
DON-00441,REST-TG12-024,Kumuram Bheem,Roti,roti,31,meals,vegetarian,2026-10-03 10:00:00,2026-10-03 15:00:00,refrigerated,RESCUED,2026-10-03 09:13:00,SYNTHETIC_DEMO
DON-00442,REST-TG13-024,Mahabubabad,Mixed Vegetables,vegetables,50,meals,vegetarian,2026-10-05 17:00:00,2026-10-05 21:00:00,refrigerated,URGENT,2026-10-05 16:41:00,SYNTHETIC_DEMO
DON-00443,REST-TG14-035,Mahabubnagar,Vegetable Pulao,pulao,43,meals,egg,2026-09-26 14:00:00,2026-09-26 18:00:00,refrigerated,RESCUED,2026-09-26 13:50:00,SYNTHETIC_DEMO
DON-00444,REST-TG15-078,Mancherial,Mixed Vegetables,vegetables,99,meals,egg,2026-10-03 20:00:00,2026-10-03 22:00:00,refrigerated,URGENT,2026-10-03 19:44:00,SYNTHETIC_DEMO
DON-00445,REST-TG16-117,Medak,Packaged Meals,packaged_food,21,meals,non_vegetarian,2026-10-02 11:00:00,2026-10-02 14:00:00,hot_holding,AVAILABLE,2026-10-02 10:03:00,SYNTHETIC_DEMO
DON-00446,REST-TG17-070,Medchal-Malkajgiri,Vegetable Biryani,biryani,23,meals,vegetarian,2026-09-28 01:00:00,2026-09-28 06:00:00,refrigerated,URGENT,2026-09-28 00:50:00,SYNTHETIC_DEMO
DON-00447,REST-TG18-002,Mulugu,Fresh Bread,bread,88,meals,vegetarian,2026-10-05 01:00:00,2026-10-05 09:00:00,hot_holding,URGENT,2026-10-05 00:26:00,SYNTHETIC_DEMO
DON-00448,REST-TG19-140,Nagarkurnool,Bakery Items,bakery,76,meals,non_vegetarian,2026-09-30 20:00:00,2026-09-30 23:00:00,ambient,URGENT,2026-09-30 19:53:00,SYNTHETIC_DEMO
DON-00449,REST-TG20-115,Nalgonda,Packaged Meals,packaged_food,33,meals,non_vegetarian,2026-09-28 14:00:00,2026-09-28 20:00:00,ambient,URGENT,2026-09-28 13:22:00,SYNTHETIC_DEMO
DON-00450,REST-TG21-045,Narayanpet,Bakery Items,bakery,92,meals,non_vegetarian,2026-10-02 08:00:00,2026-10-02 13:00:00,hot_holding,AT_RISK,2026-10-02 07:03:00,SYNTHETIC_DEMO
DON-00451,REST-TG22-051,Nirmal,Steamed Rice,rice,31,meals,non_vegetarian,2026-10-03 17:00:00,2026-10-04 01:00:00,refrigerated,RESCUED,2026-10-03 16:35:00,SYNTHETIC_DEMO
DON-00452,REST-TG23-030,Nizamabad,Bakery Items,bakery,95,meals,vegetarian,2026-10-05 18:00:00,2026-10-05 23:00:00,hot_holding,RESCUED,2026-10-05 17:32:00,SYNTHETIC_DEMO
DON-00453,REST-TG24-067,Peddapalli,Mixed Vegetables,vegetables,94,meals,egg,2026-10-04 02:00:00,2026-10-04 08:00:00,refrigerated,RESCUED,2026-10-04 01:55:00,SYNTHETIC_DEMO
DON-00454,REST-TG25-010,Rajanna Sircilla,Dal,dal,48,meals,vegetarian,2026-09-28 05:00:00,2026-09-28 11:00:00,ambient,AT_RISK,2026-09-28 04:53:00,SYNTHETIC_DEMO
DON-00455,REST-TG26-049,Rangareddy,Mixed Vegetables,vegetables,37,meals,vegetarian,2026-10-04 00:00:00,2026-10-04 03:00:00,ambient,AT_RISK,2026-10-03 23:17:00,SYNTHETIC_DEMO
DON-00456,REST-TG27-039,Sangareddy,Bakery Items,bakery,99,meals,non_vegetarian,2026-10-03 21:00:00,2026-10-04 02:00:00,ambient,RESCUED,2026-10-03 20:05:00,SYNTHETIC_DEMO
DON-00457,REST-TG28-087,Siddipet,Steamed Rice,rice,57,meals,vegan,2026-10-02 07:00:00,2026-10-02 12:00:00,hot_holding,AT_RISK,2026-10-02 06:38:00,SYNTHETIC_DEMO
DON-00458,REST-TG29-037,Suryapet,Vegetable Pulao,pulao,33,meals,vegetarian,2026-09-28 20:00:00,2026-09-29 04:00:00,refrigerated,RESCUED,2026-09-28 19:24:00,SYNTHETIC_DEMO
DON-00459,REST-TG30-138,Vikarabad,Fresh Fruit,fruits,44,meals,vegan,2026-09-28 07:00:00,2026-09-28 10:00:00,hot_holding,AT_RISK,2026-09-28 06:17:00,SYNTHETIC_DEMO
DON-00460,REST-TG31-126,Wanaparthy,Fresh Fruit,fruits,97,meals,vegan,2026-10-06 02:00:00,2026-10-06 10:00:00,ambient,AVAILABLE,2026-10-06 01:22:00,SYNTHETIC_DEMO
DON-00461,REST-TG32-103,Warangal,Vegetable Biryani,biryani,66,meals,vegetarian,2026-10-01 17:00:00,2026-10-01 20:00:00,hot_holding,AVAILABLE,2026-10-01 16:25:00,SYNTHETIC_DEMO
DON-00462,REST-TG33-134,Yadadri Bhuvanagiri,Fresh Bread,bread,56,meals,vegetarian,2026-09-30 06:00:00,2026-09-30 14:00:00,refrigerated,AVAILABLE,2026-09-30 05:33:00,SYNTHETIC_DEMO
DON-00463,REST-TG01-075,Adilabad,Steamed Rice,rice,66,meals,non_vegetarian,2026-10-05 14:00:00,2026-10-05 22:00:00,ambient,AVAILABLE,2026-10-05 13:18:00,SYNTHETIC_DEMO
DON-00464,REST-TG02-127,Bhadradri Kothagudem,Vegetable Pulao,pulao,92,meals,vegetarian,2026-10-04 20:00:00,2026-10-04 22:00:00,hot_holding,AVAILABLE,2026-10-04 19:21:00,SYNTHETIC_DEMO
DON-00465,REST-TG03-068,Hanumakonda,Dal,dal,39,meals,egg,2026-09-28 11:00:00,2026-09-28 15:00:00,ambient,AT_RISK,2026-09-28 10:08:00,SYNTHETIC_DEMO
DON-00466,REST-TG04-150,Hyderabad,Fresh Bread,bread,43,meals,vegetarian,2026-10-03 08:00:00,2026-10-03 13:00:00,hot_holding,AT_RISK,2026-10-03 07:37:00,SYNTHETIC_DEMO
DON-00467,REST-TG05-145,Jagtial,Roti,roti,22,meals,vegan,2026-10-02 16:00:00,2026-10-02 19:00:00,hot_holding,AT_RISK,2026-10-02 15:09:00,SYNTHETIC_DEMO
DON-00468,REST-TG06-110,Jangaon,Veg Sandwich,sandwich,87,meals,vegetarian,2026-09-28 15:00:00,2026-09-28 18:00:00,ambient,URGENT,2026-09-28 14:32:00,SYNTHETIC_DEMO
DON-00469,REST-TG07-051,Jayashankar Bhupalpally,Dal,dal,39,meals,egg,2026-10-04 10:00:00,2026-10-04 18:00:00,ambient,AVAILABLE,2026-10-04 09:40:00,SYNTHETIC_DEMO
DON-00470,REST-TG08-105,Jogulamba Gadwal,Bakery Items,bakery,12,meals,vegan,2026-09-27 17:00:00,2026-09-27 23:00:00,hot_holding,AT_RISK,2026-09-27 16:47:00,SYNTHETIC_DEMO
DON-00471,REST-TG09-092,Kamareddy,Vegetable Biryani,biryani,93,meals,vegetarian,2026-10-01 17:00:00,2026-10-01 20:00:00,hot_holding,AVAILABLE,2026-10-01 16:00:00,SYNTHETIC_DEMO
DON-00472,REST-TG10-056,Karimnagar,Vegetable Pulao,pulao,90,meals,egg,2026-09-29 13:00:00,2026-09-29 18:00:00,ambient,RESCUED,2026-09-29 12:46:00,SYNTHETIC_DEMO
DON-00473,REST-TG11-026,Khammam,Vegetable Pulao,pulao,53,meals,vegetarian,2026-09-29 04:00:00,2026-09-29 08:00:00,ambient,AVAILABLE,2026-09-29 03:28:00,SYNTHETIC_DEMO
DON-00474,REST-TG12-020,Kumuram Bheem,Bakery Items,bakery,22,meals,non_vegetarian,2026-09-26 16:00:00,2026-09-26 18:00:00,refrigerated,AT_RISK,2026-09-26 15:09:00,SYNTHETIC_DEMO
DON-00475,REST-TG13-091,Mahabubabad,Prepared Meal,cooked_meal,32,meals,non_vegetarian,2026-10-03 05:00:00,2026-10-03 11:00:00,ambient,AVAILABLE,2026-10-03 04:24:00,SYNTHETIC_DEMO
DON-00476,REST-TG14-063,Mahabubnagar,Fresh Fruit,fruits,95,meals,vegan,2026-09-30 00:00:00,2026-09-30 02:00:00,refrigerated,AVAILABLE,2026-09-29 23:01:00,SYNTHETIC_DEMO
DON-00477,REST-TG15-124,Mancherial,Veg Sandwich,sandwich,41,meals,vegetarian,2026-10-05 16:00:00,2026-10-06 00:00:00,refrigerated,AVAILABLE,2026-10-05 15:47:00,SYNTHETIC_DEMO
DON-00478,REST-TG16-100,Medak,Fresh Bread,bread,43,meals,vegetarian,2026-10-06 01:00:00,2026-10-06 07:00:00,hot_holding,AT_RISK,2026-10-06 00:14:00,SYNTHETIC_DEMO
DON-00479,REST-TG17-010,Medchal-Malkajgiri,Dal,dal,63,meals,vegetarian,2026-10-05 14:00:00,2026-10-05 20:00:00,ambient,AVAILABLE,2026-10-05 13:27:00,SYNTHETIC_DEMO
DON-00480,REST-TG18-059,Mulugu,Fresh Fruit,fruits,93,meals,vegetarian,2026-09-27 09:00:00,2026-09-27 14:00:00,hot_holding,AVAILABLE,2026-09-27 08:42:00,SYNTHETIC_DEMO
DON-00481,REST-TG19-112,Nagarkurnool,Vegetable Pulao,pulao,10,meals,vegan,2026-10-03 18:00:00,2026-10-04 02:00:00,hot_holding,RESCUED,2026-10-03 17:32:00,SYNTHETIC_DEMO
DON-00482,REST-TG20-042,Nalgonda,Roti,roti,19,meals,non_vegetarian,2026-10-03 01:00:00,2026-10-03 03:00:00,refrigerated,URGENT,2026-10-03 00:47:00,SYNTHETIC_DEMO
DON-00483,REST-TG21-115,Narayanpet,Bakery Items,bakery,78,meals,vegetarian,2026-10-05 17:00:00,2026-10-05 20:00:00,refrigerated,AT_RISK,2026-10-05 16:17:00,SYNTHETIC_DEMO
DON-00484,REST-TG22-124,Nirmal,Mixed Vegetables,vegetables,91,meals,vegetarian,2026-10-03 00:00:00,2026-10-03 05:00:00,ambient,AVAILABLE,2026-10-02 23:54:00,SYNTHETIC_DEMO
DON-00485,REST-TG23-054,Nizamabad,Vegetable Biryani,biryani,93,meals,non_vegetarian,2026-09-29 09:00:00,2026-09-29 17:00:00,hot_holding,AVAILABLE,2026-09-29 08:38:00,SYNTHETIC_DEMO
DON-00486,REST-TG24-140,Peddapalli,Dal,dal,15,meals,egg,2026-09-30 14:00:00,2026-09-30 22:00:00,refrigerated,AVAILABLE,2026-09-30 13:07:00,SYNTHETIC_DEMO
DON-00487,REST-TG25-099,Rajanna Sircilla,Dal,dal,82,meals,vegetarian,2026-09-28 11:00:00,2026-09-28 19:00:00,ambient,AT_RISK,2026-09-28 10:45:00,SYNTHETIC_DEMO
DON-00488,REST-TG26-026,Rangareddy,Steamed Rice,rice,29,meals,vegan,2026-10-02 17:00:00,2026-10-03 01:00:00,ambient,AVAILABLE,2026-10-02 16:09:00,SYNTHETIC_DEMO
DON-00489,REST-TG27-072,Sangareddy,Bakery Items,bakery,24,meals,vegetarian,2026-09-27 10:00:00,2026-09-27 12:00:00,refrigerated,AVAILABLE,2026-09-27 09:18:00,SYNTHETIC_DEMO
DON-00490,REST-TG28-046,Siddipet,Vegetable Pulao,pulao,67,meals,vegetarian,2026-09-29 21:00:00,2026-09-30 02:00:00,ambient,RESCUED,2026-09-29 20:54:00,SYNTHETIC_DEMO
DON-00491,REST-TG29-110,Suryapet,Prepared Meal,cooked_meal,83,meals,vegetarian,2026-09-26 20:00:00,2026-09-27 02:00:00,refrigerated,RESCUED,2026-09-26 19:26:00,SYNTHETIC_DEMO
DON-00492,REST-TG30-102,Vikarabad,Veg Sandwich,sandwich,47,meals,vegetarian,2026-10-04 07:00:00,2026-10-04 09:00:00,hot_holding,URGENT,2026-10-04 06:10:00,SYNTHETIC_DEMO
DON-00493,REST-TG31-056,Wanaparthy,Vegetable Biryani,biryani,44,meals,egg,2026-10-03 08:00:00,2026-10-03 16:00:00,refrigerated,AVAILABLE,2026-10-03 07:07:00,SYNTHETIC_DEMO
DON-00494,REST-TG32-018,Warangal,Steamed Rice,rice,40,meals,vegetarian,2026-09-29 09:00:00,2026-09-29 15:00:00,refrigerated,AVAILABLE,2026-09-29 08:40:00,SYNTHETIC_DEMO
DON-00495,REST-TG33-087,Yadadri Bhuvanagiri,Vegetable Biryani,biryani,30,meals,non_vegetarian,2026-10-05 05:00:00,2026-10-05 09:00:00,hot_holding,AT_RISK,2026-10-05 04:32:00,SYNTHETIC_DEMO
DON-00496,REST-TG01-085,Adilabad,Bakery Items,bakery,34,meals,vegetarian,2026-09-30 05:00:00,2026-09-30 09:00:00,ambient,AVAILABLE,2026-09-30 04:22:00,SYNTHETIC_DEMO
DON-00497,REST-TG02-088,Bhadradri Kothagudem,Vegetable Biryani,biryani,61,meals,vegetarian,2026-09-29 17:00:00,2026-09-29 21:00:00,refrigerated,AVAILABLE,2026-09-29 16:51:00,SYNTHETIC_DEMO
DON-00498,REST-TG03-106,Hanumakonda,Packaged Meals,packaged_food,48,meals,vegetarian,2026-09-27 11:00:00,2026-09-27 15:00:00,ambient,AVAILABLE,2026-09-27 10:18:00,SYNTHETIC_DEMO
DON-00499,REST-TG04-120,Hyderabad,Fresh Fruit,fruits,49,meals,vegetarian,2026-10-03 12:00:00,2026-10-03 18:00:00,refrigerated,RESCUED,2026-10-03 11:18:00,SYNTHETIC_DEMO
DON-00500,REST-TG05-124,Jagtial,Veg Sandwich,sandwich,37,meals,non_vegetarian,2026-10-01 12:00:00,2026-10-01 20:00:00,ambient,RESCUED,2026-10-01 11:07:00,SYNTHETIC_DEMO
DON-00501,REST-TG06-076,Jangaon,Roti,roti,42,meals,vegetarian,2026-10-03 04:00:00,2026-10-03 10:00:00,refrigerated,AVAILABLE,2026-10-03 03:39:00,SYNTHETIC_DEMO
DON-00502,REST-TG07-129,Jayashankar Bhupalpally,Steamed Rice,rice,26,meals,vegetarian,2026-09-29 06:00:00,2026-09-29 12:00:00,refrigerated,RESCUED,2026-09-29 05:43:00,SYNTHETIC_DEMO
DON-00503,REST-TG08-146,Jogulamba Gadwal,Fresh Bread,bread,23,meals,vegetarian,2026-09-26 11:00:00,2026-09-26 19:00:00,refrigerated,AT_RISK,2026-09-26 10:26:00,SYNTHETIC_DEMO
DON-00504,REST-TG09-089,Kamareddy,Dal,dal,26,meals,vegetarian,2026-10-01 22:00:00,2026-10-02 01:00:00,ambient,AT_RISK,2026-10-01 21:30:00,SYNTHETIC_DEMO
DON-00505,REST-TG10-118,Karimnagar,Roti,roti,35,meals,non_vegetarian,2026-09-30 19:00:00,2026-10-01 00:00:00,refrigerated,AT_RISK,2026-09-30 18:33:00,SYNTHETIC_DEMO
DON-00506,REST-TG11-047,Khammam,Vegetable Pulao,pulao,10,meals,vegetarian,2026-09-28 04:00:00,2026-09-28 07:00:00,ambient,AT_RISK,2026-09-28 03:04:00,SYNTHETIC_DEMO
DON-00507,REST-TG12-094,Kumuram Bheem,Roti,roti,71,meals,vegetarian,2026-10-04 02:00:00,2026-10-04 04:00:00,ambient,AT_RISK,2026-10-04 01:11:00,SYNTHETIC_DEMO
DON-00508,REST-TG13-014,Mahabubabad,Vegetable Pulao,pulao,34,meals,vegetarian,2026-10-05 18:00:00,2026-10-05 23:00:00,hot_holding,AT_RISK,2026-10-05 17:27:00,SYNTHETIC_DEMO
DON-00509,REST-TG14-099,Mahabubnagar,Prepared Meal,cooked_meal,73,meals,egg,2026-09-29 11:00:00,2026-09-29 19:00:00,refrigerated,AT_RISK,2026-09-29 10:29:00,SYNTHETIC_DEMO
DON-00510,REST-TG15-098,Mancherial,Veg Sandwich,sandwich,62,meals,vegetarian,2026-10-01 20:00:00,2026-10-02 01:00:00,refrigerated,AVAILABLE,2026-10-01 19:53:00,SYNTHETIC_DEMO
DON-00511,REST-TG16-068,Medak,Fresh Fruit,fruits,30,meals,vegetarian,2026-10-03 05:00:00,2026-10-03 10:00:00,hot_holding,AVAILABLE,2026-10-03 04:11:00,SYNTHETIC_DEMO
DON-00512,REST-TG17-077,Medchal-Malkajgiri,Prepared Meal,cooked_meal,82,meals,vegetarian,2026-09-27 21:00:00,2026-09-28 00:00:00,ambient,AT_RISK,2026-09-27 20:40:00,SYNTHETIC_DEMO
DON-00513,REST-TG18-003,Mulugu,Dal,dal,62,meals,vegetarian,2026-10-04 10:00:00,2026-10-04 12:00:00,hot_holding,URGENT,2026-10-04 09:34:00,SYNTHETIC_DEMO
DON-00514,REST-TG19-010,Nagarkurnool,Dal,dal,36,meals,non_vegetarian,2026-10-03 06:00:00,2026-10-03 14:00:00,hot_holding,RESCUED,2026-10-03 05:36:00,SYNTHETIC_DEMO
DON-00515,REST-TG20-134,Nalgonda,Vegetable Biryani,biryani,91,meals,vegetarian,2026-10-01 17:00:00,2026-10-02 01:00:00,refrigerated,AVAILABLE,2026-10-01 16:55:00,SYNTHETIC_DEMO
DON-00516,REST-TG21-001,Narayanpet,Steamed Rice,rice,93,meals,non_vegetarian,2026-09-27 18:00:00,2026-09-28 02:00:00,ambient,AVAILABLE,2026-09-27 17:11:00,SYNTHETIC_DEMO
DON-00517,REST-TG22-042,Nirmal,Steamed Rice,rice,36,meals,vegetarian,2026-10-05 03:00:00,2026-10-05 08:00:00,refrigerated,AVAILABLE,2026-10-05 02:42:00,SYNTHETIC_DEMO
DON-00518,REST-TG23-080,Nizamabad,Vegetable Pulao,pulao,80,meals,egg,2026-10-01 11:00:00,2026-10-01 19:00:00,refrigerated,AVAILABLE,2026-10-01 10:23:00,SYNTHETIC_DEMO
DON-00519,REST-TG24-025,Peddapalli,Bakery Items,bakery,100,meals,vegetarian,2026-09-26 10:00:00,2026-09-26 15:00:00,refrigerated,AVAILABLE,2026-09-26 09:29:00,SYNTHETIC_DEMO
DON-00520,REST-TG25-063,Rajanna Sircilla,Veg Sandwich,sandwich,42,meals,non_vegetarian,2026-09-28 18:00:00,2026-09-28 22:00:00,ambient,AVAILABLE,2026-09-28 17:53:00,SYNTHETIC_DEMO
DON-00521,REST-TG26-040,Rangareddy,Dal,dal,64,meals,vegetarian,2026-09-28 19:00:00,2026-09-29 01:00:00,refrigerated,AT_RISK,2026-09-28 18:04:00,SYNTHETIC_DEMO
DON-00522,REST-TG27-035,Sangareddy,Vegetable Biryani,biryani,83,meals,egg,2026-10-06 01:00:00,2026-10-06 09:00:00,ambient,AT_RISK,2026-10-06 00:14:00,SYNTHETIC_DEMO
DON-00523,REST-TG28-086,Siddipet,Steamed Rice,rice,10,meals,vegetarian,2026-09-27 18:00:00,2026-09-27 21:00:00,hot_holding,URGENT,2026-09-27 17:01:00,SYNTHETIC_DEMO
DON-00524,REST-TG29-136,Suryapet,Roti,roti,60,meals,non_vegetarian,2026-09-29 18:00:00,2026-09-29 23:00:00,hot_holding,AT_RISK,2026-09-29 17:18:00,SYNTHETIC_DEMO
DON-00525,REST-TG30-086,Vikarabad,Bakery Items,bakery,74,meals,non_vegetarian,2026-10-02 10:00:00,2026-10-02 14:00:00,hot_holding,AT_RISK,2026-10-02 09:47:00,SYNTHETIC_DEMO
DON-00526,REST-TG31-137,Wanaparthy,Bakery Items,bakery,89,meals,vegetarian,2026-10-03 02:00:00,2026-10-03 10:00:00,refrigerated,AT_RISK,2026-10-03 01:42:00,SYNTHETIC_DEMO
DON-00527,REST-TG32-038,Warangal,Vegetable Pulao,pulao,51,meals,non_vegetarian,2026-10-05 00:00:00,2026-10-05 03:00:00,refrigerated,AT_RISK,2026-10-04 23:04:00,SYNTHETIC_DEMO
DON-00528,REST-TG33-095,Yadadri Bhuvanagiri,Mixed Vegetables,vegetables,75,meals,non_vegetarian,2026-10-04 14:00:00,2026-10-04 20:00:00,hot_holding,AVAILABLE,2026-10-04 13:27:00,SYNTHETIC_DEMO
DON-00529,REST-TG01-004,Adilabad,Bakery Items,bakery,67,meals,vegan,2026-09-30 17:00:00,2026-10-01 01:00:00,ambient,AT_RISK,2026-09-30 16:55:00,SYNTHETIC_DEMO
DON-00530,REST-TG02-081,Bhadradri Kothagudem,Steamed Rice,rice,37,meals,non_vegetarian,2026-09-30 21:00:00,2026-10-01 02:00:00,ambient,AVAILABLE,2026-09-30 20:23:00,SYNTHETIC_DEMO
DON-00531,REST-TG03-089,Hanumakonda,Bakery Items,bakery,54,meals,vegan,2026-10-01 03:00:00,2026-10-01 05:00:00,ambient,AT_RISK,2026-10-01 02:26:00,SYNTHETIC_DEMO
DON-00532,REST-TG04-034,Hyderabad,Fresh Fruit,fruits,17,meals,non_vegetarian,2026-09-26 18:00:00,2026-09-26 22:00:00,hot_holding,RESCUED,2026-09-26 17:19:00,SYNTHETIC_DEMO
DON-00533,REST-TG05-130,Jagtial,Dal,dal,58,meals,vegetarian,2026-10-02 19:00:00,2026-10-03 00:00:00,ambient,AVAILABLE,2026-10-02 18:39:00,SYNTHETIC_DEMO
DON-00534,REST-TG06-145,Jangaon,Bakery Items,bakery,30,meals,non_vegetarian,2026-10-06 05:00:00,2026-10-06 09:00:00,refrigerated,AT_RISK,2026-10-06 04:41:00,SYNTHETIC_DEMO
DON-00535,REST-TG07-106,Jayashankar Bhupalpally,Roti,roti,68,meals,vegetarian,2026-09-27 22:00:00,2026-09-28 01:00:00,refrigerated,AVAILABLE,2026-09-27 21:49:00,SYNTHETIC_DEMO
DON-00536,REST-TG08-126,Jogulamba Gadwal,Vegetable Pulao,pulao,26,meals,non_vegetarian,2026-10-02 16:00:00,2026-10-02 22:00:00,ambient,AT_RISK,2026-10-02 15:03:00,SYNTHETIC_DEMO
DON-00537,REST-TG09-104,Kamareddy,Vegetable Biryani,biryani,41,meals,vegetarian,2026-10-02 08:00:00,2026-10-02 10:00:00,hot_holding,AVAILABLE,2026-10-02 07:39:00,SYNTHETIC_DEMO
DON-00538,REST-TG10-036,Karimnagar,Veg Sandwich,sandwich,56,meals,vegetarian,2026-10-05 09:00:00,2026-10-05 12:00:00,refrigerated,AVAILABLE,2026-10-05 08:55:00,SYNTHETIC_DEMO
DON-00539,REST-TG11-098,Khammam,Vegetable Pulao,pulao,33,meals,vegetarian,2026-10-02 16:00:00,2026-10-02 20:00:00,ambient,AVAILABLE,2026-10-02 15:25:00,SYNTHETIC_DEMO
DON-00540,REST-TG12-033,Kumuram Bheem,Vegetable Biryani,biryani,15,meals,vegetarian,2026-09-26 11:00:00,2026-09-26 13:00:00,ambient,AVAILABLE,2026-09-26 10:38:00,SYNTHETIC_DEMO
DON-00541,REST-TG13-103,Mahabubabad,Vegetable Pulao,pulao,47,meals,vegan,2026-09-30 03:00:00,2026-09-30 08:00:00,refrigerated,AT_RISK,2026-09-30 02:39:00,SYNTHETIC_DEMO
DON-00542,REST-TG14-018,Mahabubnagar,Fresh Bread,bread,29,meals,vegetarian,2026-10-02 08:00:00,2026-10-02 16:00:00,refrigerated,AVAILABLE,2026-10-02 07:47:00,SYNTHETIC_DEMO
DON-00543,REST-TG15-064,Mancherial,Vegetable Biryani,biryani,38,meals,vegetarian,2026-10-02 21:00:00,2026-10-03 01:00:00,ambient,RESCUED,2026-10-02 20:04:00,SYNTHETIC_DEMO
DON-00544,REST-TG16-074,Medak,Vegetable Pulao,pulao,69,meals,vegetarian,2026-09-29 18:00:00,2026-09-30 02:00:00,refrigerated,URGENT,2026-09-29 17:17:00,SYNTHETIC_DEMO
DON-00545,REST-TG17-134,Medchal-Malkajgiri,Fresh Bread,bread,13,meals,egg,2026-10-02 07:00:00,2026-10-02 10:00:00,refrigerated,URGENT,2026-10-02 06:30:00,SYNTHETIC_DEMO
DON-00546,REST-TG18-117,Mulugu,Vegetable Biryani,biryani,30,meals,non_vegetarian,2026-09-30 00:00:00,2026-09-30 02:00:00,hot_holding,AVAILABLE,2026-09-29 23:18:00,SYNTHETIC_DEMO
DON-00547,REST-TG19-093,Nagarkurnool,Packaged Meals,packaged_food,80,meals,non_vegetarian,2026-09-28 05:00:00,2026-09-28 07:00:00,refrigerated,AT_RISK,2026-09-28 04:42:00,SYNTHETIC_DEMO
DON-00548,REST-TG20-118,Nalgonda,Packaged Meals,packaged_food,25,meals,non_vegetarian,2026-09-27 14:00:00,2026-09-27 18:00:00,ambient,AT_RISK,2026-09-27 13:12:00,SYNTHETIC_DEMO
DON-00549,REST-TG21-101,Narayanpet,Fresh Fruit,fruits,13,meals,non_vegetarian,2026-10-02 00:00:00,2026-10-02 03:00:00,refrigerated,URGENT,2026-10-01 23:28:00,SYNTHETIC_DEMO
DON-00550,REST-TG22-054,Nirmal,Vegetable Biryani,biryani,31,meals,vegetarian,2026-09-27 19:00:00,2026-09-27 23:00:00,ambient,URGENT,2026-09-27 18:43:00,SYNTHETIC_DEMO
DON-00551,REST-TG23-052,Nizamabad,Fresh Fruit,fruits,53,meals,vegetarian,2026-10-01 07:00:00,2026-10-01 10:00:00,refrigerated,AT_RISK,2026-10-01 06:48:00,SYNTHETIC_DEMO
DON-00552,REST-TG24-093,Peddapalli,Fresh Fruit,fruits,75,meals,vegetarian,2026-09-26 17:00:00,2026-09-26 22:00:00,refrigerated,AVAILABLE,2026-09-26 16:11:00,SYNTHETIC_DEMO
DON-00553,REST-TG25-001,Rajanna Sircilla,Steamed Rice,rice,43,meals,vegetarian,2026-10-03 11:00:00,2026-10-03 15:00:00,ambient,URGENT,2026-10-03 10:50:00,SYNTHETIC_DEMO
DON-00554,REST-TG26-074,Rangareddy,Fresh Fruit,fruits,86,meals,non_vegetarian,2026-10-06 06:00:00,2026-10-06 08:00:00,hot_holding,AVAILABLE,2026-10-06 05:18:00,SYNTHETIC_DEMO
DON-00555,REST-TG27-054,Sangareddy,Fresh Fruit,fruits,19,meals,vegetarian,2026-09-30 17:00:00,2026-10-01 01:00:00,ambient,AT_RISK,2026-09-30 16:49:00,SYNTHETIC_DEMO
DON-00556,REST-TG28-073,Siddipet,Vegetable Biryani,biryani,97,meals,vegetarian,2026-09-26 13:00:00,2026-09-26 18:00:00,hot_holding,AT_RISK,2026-09-26 12:13:00,SYNTHETIC_DEMO
DON-00557,REST-TG29-096,Suryapet,Fresh Fruit,fruits,46,meals,vegan,2026-10-03 20:00:00,2026-10-04 00:00:00,ambient,RESCUED,2026-10-03 19:18:00,SYNTHETIC_DEMO
DON-00558,REST-TG30-061,Vikarabad,Vegetable Biryani,biryani,73,meals,non_vegetarian,2026-10-03 15:00:00,2026-10-03 21:00:00,hot_holding,AT_RISK,2026-10-03 14:55:00,SYNTHETIC_DEMO
DON-00559,REST-TG31-063,Wanaparthy,Dal,dal,83,meals,non_vegetarian,2026-10-04 06:00:00,2026-10-04 11:00:00,hot_holding,AVAILABLE,2026-10-04 05:37:00,SYNTHETIC_DEMO
DON-00560,REST-TG32-074,Warangal,Steamed Rice,rice,25,meals,vegetarian,2026-10-05 02:00:00,2026-10-05 05:00:00,ambient,AT_RISK,2026-10-05 01:45:00,SYNTHETIC_DEMO
DON-00561,REST-TG33-016,Yadadri Bhuvanagiri,Roti,roti,23,meals,vegetarian,2026-10-02 06:00:00,2026-10-02 08:00:00,refrigerated,URGENT,2026-10-02 05:14:00,SYNTHETIC_DEMO
DON-00562,REST-TG01-085,Adilabad,Mixed Vegetables,vegetables,66,meals,vegetarian,2026-09-27 10:00:00,2026-09-27 16:00:00,ambient,AVAILABLE,2026-09-27 09:40:00,SYNTHETIC_DEMO
DON-00563,REST-TG02-102,Bhadradri Kothagudem,Vegetable Pulao,pulao,16,meals,vegetarian,2026-10-01 21:00:00,2026-10-02 03:00:00,ambient,AVAILABLE,2026-10-01 20:47:00,SYNTHETIC_DEMO
DON-00564,REST-TG03-090,Hanumakonda,Dal,dal,46,meals,egg,2026-09-29 08:00:00,2026-09-29 16:00:00,ambient,AVAILABLE,2026-09-29 07:48:00,SYNTHETIC_DEMO
DON-00565,REST-TG04-036,Hyderabad,Fresh Bread,bread,66,meals,vegan,2026-10-01 02:00:00,2026-10-01 08:00:00,refrigerated,AT_RISK,2026-10-01 01:37:00,SYNTHETIC_DEMO
DON-00566,REST-TG05-027,Jagtial,Roti,roti,40,meals,non_vegetarian,2026-10-04 12:00:00,2026-10-04 18:00:00,refrigerated,RESCUED,2026-10-04 11:24:00,SYNTHETIC_DEMO
DON-00567,REST-TG06-050,Jangaon,Bakery Items,bakery,22,meals,vegetarian,2026-10-02 06:00:00,2026-10-02 10:00:00,ambient,AVAILABLE,2026-10-02 05:46:00,SYNTHETIC_DEMO
DON-00568,REST-TG07-020,Jayashankar Bhupalpally,Vegetable Pulao,pulao,45,meals,vegetarian,2026-09-29 03:00:00,2026-09-29 09:00:00,hot_holding,AT_RISK,2026-09-29 02:12:00,SYNTHETIC_DEMO
DON-00569,REST-TG08-133,Jogulamba Gadwal,Prepared Meal,cooked_meal,100,meals,egg,2026-09-26 14:00:00,2026-09-26 20:00:00,hot_holding,RESCUED,2026-09-26 13:36:00,SYNTHETIC_DEMO
DON-00570,REST-TG09-047,Kamareddy,Veg Sandwich,sandwich,57,meals,non_vegetarian,2026-09-26 09:00:00,2026-09-26 17:00:00,hot_holding,AVAILABLE,2026-09-26 08:43:00,SYNTHETIC_DEMO
DON-00571,REST-TG10-061,Karimnagar,Dal,dal,79,meals,non_vegetarian,2026-10-03 15:00:00,2026-10-03 23:00:00,refrigerated,AVAILABLE,2026-10-03 14:00:00,SYNTHETIC_DEMO
DON-00572,REST-TG11-144,Khammam,Roti,roti,55,meals,egg,2026-10-02 04:00:00,2026-10-02 12:00:00,ambient,AT_RISK,2026-10-02 03:55:00,SYNTHETIC_DEMO
DON-00573,REST-TG12-086,Kumuram Bheem,Prepared Meal,cooked_meal,61,meals,vegetarian,2026-10-02 22:00:00,2026-10-03 03:00:00,refrigerated,URGENT,2026-10-02 21:51:00,SYNTHETIC_DEMO
DON-00574,REST-TG13-110,Mahabubabad,Fresh Fruit,fruits,62,meals,vegetarian,2026-10-02 19:00:00,2026-10-02 22:00:00,hot_holding,URGENT,2026-10-02 18:33:00,SYNTHETIC_DEMO
DON-00575,REST-TG14-050,Mahabubnagar,Steamed Rice,rice,80,meals,vegetarian,2026-09-29 21:00:00,2026-09-29 23:00:00,hot_holding,AT_RISK,2026-09-29 20:10:00,SYNTHETIC_DEMO
DON-00576,REST-TG15-042,Mancherial,Vegetable Biryani,biryani,45,meals,vegetarian,2026-10-02 05:00:00,2026-10-02 11:00:00,ambient,RESCUED,2026-10-02 04:48:00,SYNTHETIC_DEMO
DON-00577,REST-TG16-083,Medak,Packaged Meals,packaged_food,37,meals,egg,2026-10-02 07:00:00,2026-10-02 11:00:00,hot_holding,AT_RISK,2026-10-02 06:01:00,SYNTHETIC_DEMO
DON-00578,REST-TG17-119,Medchal-Malkajgiri,Fresh Bread,bread,45,meals,non_vegetarian,2026-09-29 12:00:00,2026-09-29 15:00:00,refrigerated,AT_RISK,2026-09-29 11:22:00,SYNTHETIC_DEMO
DON-00579,REST-TG18-071,Mulugu,Prepared Meal,cooked_meal,86,meals,vegetarian,2026-09-27 00:00:00,2026-09-27 05:00:00,refrigerated,URGENT,2026-09-26 23:28:00,SYNTHETIC_DEMO
DON-00580,REST-TG19-003,Nagarkurnool,Veg Sandwich,sandwich,13,meals,vegetarian,2026-10-03 23:00:00,2026-10-04 04:00:00,hot_holding,AVAILABLE,2026-10-03 22:10:00,SYNTHETIC_DEMO
DON-00581,REST-TG20-026,Nalgonda,Fresh Bread,bread,41,meals,non_vegetarian,2026-10-06 02:00:00,2026-10-06 10:00:00,refrigerated,AT_RISK,2026-10-06 01:40:00,SYNTHETIC_DEMO
DON-00582,REST-TG21-022,Narayanpet,Vegetable Pulao,pulao,55,meals,vegetarian,2026-10-04 08:00:00,2026-10-04 13:00:00,hot_holding,URGENT,2026-10-04 07:53:00,SYNTHETIC_DEMO
DON-00583,REST-TG22-117,Nirmal,Fresh Bread,bread,36,meals,non_vegetarian,2026-10-02 07:00:00,2026-10-02 13:00:00,hot_holding,URGENT,2026-10-02 06:16:00,SYNTHETIC_DEMO
DON-00584,REST-TG23-079,Nizamabad,Dal,dal,20,meals,vegetarian,2026-09-28 12:00:00,2026-09-28 15:00:00,refrigerated,AT_RISK,2026-09-28 11:39:00,SYNTHETIC_DEMO
DON-00585,REST-TG24-027,Peddapalli,Vegetable Pulao,pulao,48,meals,non_vegetarian,2026-09-29 12:00:00,2026-09-29 20:00:00,hot_holding,AT_RISK,2026-09-29 11:16:00,SYNTHETIC_DEMO
DON-00586,REST-TG25-062,Rajanna Sircilla,Bakery Items,bakery,17,meals,vegetarian,2026-09-29 16:00:00,2026-09-30 00:00:00,hot_holding,RESCUED,2026-09-29 15:16:00,SYNTHETIC_DEMO
DON-00587,REST-TG26-094,Rangareddy,Vegetable Biryani,biryani,78,meals,vegetarian,2026-10-04 20:00:00,2026-10-05 00:00:00,refrigerated,AVAILABLE,2026-10-04 19:01:00,SYNTHETIC_DEMO
DON-00588,REST-TG27-030,Sangareddy,Fresh Bread,bread,88,meals,non_vegetarian,2026-10-03 09:00:00,2026-10-03 14:00:00,refrigerated,AT_RISK,2026-10-03 08:33:00,SYNTHETIC_DEMO
DON-00589,REST-TG28-002,Siddipet,Veg Sandwich,sandwich,72,meals,vegetarian,2026-10-03 19:00:00,2026-10-03 22:00:00,refrigerated,AT_RISK,2026-10-03 18:41:00,SYNTHETIC_DEMO
DON-00590,REST-TG29-053,Suryapet,Packaged Meals,packaged_food,89,meals,vegetarian,2026-10-03 13:00:00,2026-10-03 21:00:00,refrigerated,AT_RISK,2026-10-03 12:55:00,SYNTHETIC_DEMO
DON-00591,REST-TG30-144,Vikarabad,Steamed Rice,rice,95,meals,vegetarian,2026-10-01 15:00:00,2026-10-01 23:00:00,ambient,AVAILABLE,2026-10-01 14:22:00,SYNTHETIC_DEMO
DON-00592,REST-TG31-021,Wanaparthy,Mixed Vegetables,vegetables,20,meals,vegetarian,2026-09-29 08:00:00,2026-09-29 16:00:00,ambient,AT_RISK,2026-09-29 07:13:00,SYNTHETIC_DEMO
DON-00593,REST-TG32-105,Warangal,Roti,roti,92,meals,vegetarian,2026-10-04 04:00:00,2026-10-04 08:00:00,hot_holding,URGENT,2026-10-04 03:31:00,SYNTHETIC_DEMO
DON-00594,REST-TG33-050,Yadadri Bhuvanagiri,Steamed Rice,rice,26,meals,vegetarian,2026-09-28 15:00:00,2026-09-28 18:00:00,hot_holding,AVAILABLE,2026-09-28 14:15:00,SYNTHETIC_DEMO
DON-00595,REST-TG01-001,Adilabad,Bakery Items,bakery,68,meals,vegetarian,2026-09-28 11:00:00,2026-09-28 17:00:00,refrigerated,AT_RISK,2026-09-28 10:01:00,SYNTHETIC_DEMO
DON-00596,REST-TG02-056,Bhadradri Kothagudem,Bakery Items,bakery,23,meals,vegetarian,2026-09-29 01:00:00,2026-09-29 07:00:00,ambient,AT_RISK,2026-09-29 00:32:00,SYNTHETIC_DEMO
DON-00597,REST-TG03-130,Hanumakonda,Fresh Bread,bread,87,meals,non_vegetarian,2026-10-03 13:00:00,2026-10-03 21:00:00,refrigerated,AVAILABLE,2026-10-03 12:08:00,SYNTHETIC_DEMO
DON-00598,REST-TG04-013,Hyderabad,Prepared Meal,cooked_meal,12,meals,egg,2026-09-27 15:00:00,2026-09-27 18:00:00,hot_holding,URGENT,2026-09-27 14:15:00,SYNTHETIC_DEMO
DON-00599,REST-TG05-049,Jagtial,Fresh Bread,bread,68,meals,non_vegetarian,2026-10-02 14:00:00,2026-10-02 20:00:00,refrigerated,AT_RISK,2026-10-02 13:22:00,SYNTHETIC_DEMO
DON-00600,REST-TG06-011,Jangaon,Vegetable Pulao,pulao,12,meals,vegetarian,2026-10-03 19:00:00,2026-10-04 00:00:00,ambient,AVAILABLE,2026-10-03 18:06:00,SYNTHETIC_DEMO
DON-00601,REST-TG07-007,Jayashankar Bhupalpally,Roti,roti,48,meals,egg,2026-09-28 03:00:00,2026-09-28 09:00:00,ambient,AVAILABLE,2026-09-28 02:09:00,SYNTHETIC_DEMO
DON-00602,REST-TG08-146,Jogulamba Gadwal,Fresh Bread,bread,76,meals,vegetarian,2026-09-30 23:00:00,2026-10-01 01:00:00,hot_holding,AT_RISK,2026-09-30 22:53:00,SYNTHETIC_DEMO
DON-00603,REST-TG09-119,Kamareddy,Mixed Vegetables,vegetables,74,meals,vegetarian,2026-10-01 06:00:00,2026-10-01 08:00:00,hot_holding,URGENT,2026-10-01 05:25:00,SYNTHETIC_DEMO
DON-00604,REST-TG10-128,Karimnagar,Roti,roti,72,meals,non_vegetarian,2026-10-03 07:00:00,2026-10-03 12:00:00,ambient,AVAILABLE,2026-10-03 06:39:00,SYNTHETIC_DEMO
DON-00605,REST-TG11-014,Khammam,Vegetable Biryani,biryani,45,meals,non_vegetarian,2026-10-06 01:00:00,2026-10-06 03:00:00,hot_holding,RESCUED,2026-10-06 00:10:00,SYNTHETIC_DEMO
DON-00606,REST-TG12-066,Kumuram Bheem,Fresh Fruit,fruits,54,meals,non_vegetarian,2026-09-29 08:00:00,2026-09-29 11:00:00,ambient,RESCUED,2026-09-29 07:26:00,SYNTHETIC_DEMO
DON-00607,REST-TG13-125,Mahabubabad,Vegetable Biryani,biryani,67,meals,vegetarian,2026-10-03 22:00:00,2026-10-04 00:00:00,ambient,URGENT,2026-10-03 21:26:00,SYNTHETIC_DEMO
DON-00608,REST-TG14-070,Mahabubnagar,Vegetable Pulao,pulao,18,meals,egg,2026-09-30 22:00:00,2026-10-01 02:00:00,ambient,AVAILABLE,2026-09-30 21:37:00,SYNTHETIC_DEMO
DON-00609,REST-TG15-137,Mancherial,Fresh Fruit,fruits,20,meals,vegetarian,2026-10-05 02:00:00,2026-10-05 06:00:00,hot_holding,URGENT,2026-10-05 01:35:00,SYNTHETIC_DEMO
DON-00610,REST-TG16-047,Medak,Packaged Meals,packaged_food,53,meals,vegetarian,2026-10-02 09:00:00,2026-10-02 11:00:00,ambient,URGENT,2026-10-02 08:30:00,SYNTHETIC_DEMO
DON-00611,REST-TG17-058,Medchal-Malkajgiri,Vegetable Pulao,pulao,62,meals,egg,2026-10-02 22:00:00,2026-10-03 02:00:00,refrigerated,URGENT,2026-10-02 21:11:00,SYNTHETIC_DEMO
DON-00612,REST-TG18-031,Mulugu,Fresh Bread,bread,100,meals,vegetarian,2026-10-04 16:00:00,2026-10-04 20:00:00,refrigerated,RESCUED,2026-10-04 15:09:00,SYNTHETIC_DEMO
DON-00613,REST-TG19-028,Nagarkurnool,Vegetable Pulao,pulao,81,meals,vegetarian,2026-10-04 21:00:00,2026-10-05 02:00:00,refrigerated,RESCUED,2026-10-04 20:22:00,SYNTHETIC_DEMO
DON-00614,REST-TG20-022,Nalgonda,Fresh Bread,bread,41,meals,vegetarian,2026-09-29 22:00:00,2026-09-30 01:00:00,ambient,AT_RISK,2026-09-29 21:37:00,SYNTHETIC_DEMO
DON-00615,REST-TG21-085,Narayanpet,Packaged Meals,packaged_food,21,meals,non_vegetarian,2026-10-02 23:00:00,2026-10-03 01:00:00,refrigerated,AT_RISK,2026-10-02 22:17:00,SYNTHETIC_DEMO
DON-00616,REST-TG22-087,Nirmal,Packaged Meals,packaged_food,42,meals,vegetarian,2026-09-26 15:00:00,2026-09-26 23:00:00,hot_holding,AVAILABLE,2026-09-26 14:44:00,SYNTHETIC_DEMO
DON-00617,REST-TG23-014,Nizamabad,Roti,roti,64,meals,vegetarian,2026-09-26 13:00:00,2026-09-26 15:00:00,hot_holding,URGENT,2026-09-26 12:14:00,SYNTHETIC_DEMO
DON-00618,REST-TG24-020,Peddapalli,Mixed Vegetables,vegetables,96,meals,vegetarian,2026-10-05 14:00:00,2026-10-05 19:00:00,ambient,AVAILABLE,2026-10-05 13:09:00,SYNTHETIC_DEMO
DON-00619,REST-TG25-084,Rajanna Sircilla,Veg Sandwich,sandwich,34,meals,vegetarian,2026-10-04 12:00:00,2026-10-04 16:00:00,hot_holding,AVAILABLE,2026-10-04 11:00:00,SYNTHETIC_DEMO
DON-00620,REST-TG26-110,Rangareddy,Fresh Fruit,fruits,95,meals,vegetarian,2026-09-28 00:00:00,2026-09-28 04:00:00,hot_holding,AT_RISK,2026-09-27 23:26:00,SYNTHETIC_DEMO
DON-00621,REST-TG27-148,Sangareddy,Mixed Vegetables,vegetables,11,meals,vegetarian,2026-09-29 11:00:00,2026-09-29 17:00:00,refrigerated,AT_RISK,2026-09-29 10:11:00,SYNTHETIC_DEMO
DON-00622,REST-TG28-024,Siddipet,Mixed Vegetables,vegetables,22,meals,vegan,2026-09-26 23:00:00,2026-09-27 03:00:00,refrigerated,AVAILABLE,2026-09-26 22:10:00,SYNTHETIC_DEMO
DON-00623,REST-TG29-131,Suryapet,Roti,roti,99,meals,non_vegetarian,2026-10-02 08:00:00,2026-10-02 13:00:00,refrigerated,RESCUED,2026-10-02 07:29:00,SYNTHETIC_DEMO
DON-00624,REST-TG30-043,Vikarabad,Vegetable Pulao,pulao,29,meals,vegetarian,2026-10-03 06:00:00,2026-10-03 09:00:00,refrigerated,AVAILABLE,2026-10-03 05:53:00,SYNTHETIC_DEMO
DON-00625,REST-TG31-004,Wanaparthy,Packaged Meals,packaged_food,47,meals,vegetarian,2026-09-26 15:00:00,2026-09-26 19:00:00,hot_holding,AVAILABLE,2026-09-26 14:10:00,SYNTHETIC_DEMO
DON-00626,REST-TG32-091,Warangal,Veg Sandwich,sandwich,49,meals,egg,2026-10-03 20:00:00,2026-10-03 23:00:00,hot_holding,URGENT,2026-10-03 19:43:00,SYNTHETIC_DEMO
DON-00627,REST-TG33-070,Yadadri Bhuvanagiri,Prepared Meal,cooked_meal,31,meals,vegetarian,2026-10-03 02:00:00,2026-10-03 07:00:00,ambient,AVAILABLE,2026-10-03 01:35:00,SYNTHETIC_DEMO
DON-00628,REST-TG01-052,Adilabad,Vegetable Biryani,biryani,72,meals,egg,2026-09-27 11:00:00,2026-09-27 13:00:00,refrigerated,AT_RISK,2026-09-27 10:15:00,SYNTHETIC_DEMO
DON-00629,REST-TG02-017,Bhadradri Kothagudem,Mixed Vegetables,vegetables,36,meals,vegetarian,2026-09-26 19:00:00,2026-09-27 03:00:00,ambient,AVAILABLE,2026-09-26 18:53:00,SYNTHETIC_DEMO
DON-00630,REST-TG03-087,Hanumakonda,Fresh Bread,bread,45,meals,vegetarian,2026-10-05 01:00:00,2026-10-05 09:00:00,refrigerated,RESCUED,2026-10-05 00:03:00,SYNTHETIC_DEMO
DON-00631,REST-TG04-109,Hyderabad,Veg Sandwich,sandwich,37,meals,vegetarian,2026-09-30 15:00:00,2026-09-30 17:00:00,refrigerated,URGENT,2026-09-30 14:18:00,SYNTHETIC_DEMO
DON-00632,REST-TG05-145,Jagtial,Bakery Items,bakery,100,meals,vegetarian,2026-09-26 13:00:00,2026-09-26 16:00:00,ambient,AVAILABLE,2026-09-26 12:28:00,SYNTHETIC_DEMO
DON-00633,REST-TG06-094,Jangaon,Fresh Fruit,fruits,19,meals,vegetarian,2026-10-04 01:00:00,2026-10-04 05:00:00,hot_holding,AVAILABLE,2026-10-04 00:00:00,SYNTHETIC_DEMO
DON-00634,REST-TG07-117,Jayashankar Bhupalpally,Vegetable Biryani,biryani,65,meals,non_vegetarian,2026-10-03 20:00:00,2026-10-03 22:00:00,refrigerated,RESCUED,2026-10-03 19:19:00,SYNTHETIC_DEMO
DON-00635,REST-TG08-044,Jogulamba Gadwal,Veg Sandwich,sandwich,67,meals,vegetarian,2026-09-30 23:00:00,2026-10-01 01:00:00,ambient,AT_RISK,2026-09-30 22:43:00,SYNTHETIC_DEMO
DON-00636,REST-TG09-041,Kamareddy,Steamed Rice,rice,36,meals,vegetarian,2026-09-30 06:00:00,2026-09-30 11:00:00,refrigerated,AT_RISK,2026-09-30 05:46:00,SYNTHETIC_DEMO
DON-00637,REST-TG10-005,Karimnagar,Fresh Fruit,fruits,12,meals,non_vegetarian,2026-10-05 22:00:00,2026-10-06 04:00:00,hot_holding,AVAILABLE,2026-10-05 21:20:00,SYNTHETIC_DEMO
DON-00638,REST-TG11-002,Khammam,Vegetable Pulao,pulao,96,meals,vegetarian,2026-09-30 11:00:00,2026-09-30 14:00:00,hot_holding,AVAILABLE,2026-09-30 10:48:00,SYNTHETIC_DEMO
DON-00639,REST-TG12-134,Kumuram Bheem,Mixed Vegetables,vegetables,99,meals,egg,2026-09-27 10:00:00,2026-09-27 12:00:00,ambient,AVAILABLE,2026-09-27 09:12:00,SYNTHETIC_DEMO
DON-00640,REST-TG13-147,Mahabubabad,Packaged Meals,packaged_food,16,meals,vegan,2026-09-27 22:00:00,2026-09-28 00:00:00,refrigerated,AT_RISK,2026-09-27 21:34:00,SYNTHETIC_DEMO
DON-00641,REST-TG14-117,Mahabubnagar,Prepared Meal,cooked_meal,81,meals,vegetarian,2026-10-06 03:00:00,2026-10-06 09:00:00,hot_holding,AVAILABLE,2026-10-06 02:03:00,SYNTHETIC_DEMO
DON-00642,REST-TG15-137,Mancherial,Prepared Meal,cooked_meal,79,meals,vegetarian,2026-10-02 17:00:00,2026-10-02 23:00:00,ambient,RESCUED,2026-10-02 16:36:00,SYNTHETIC_DEMO
DON-00643,REST-TG16-145,Medak,Bakery Items,bakery,10,meals,vegetarian,2026-09-28 12:00:00,2026-09-28 18:00:00,ambient,AT_RISK,2026-09-28 11:24:00,SYNTHETIC_DEMO
DON-00644,REST-TG17-029,Medchal-Malkajgiri,Prepared Meal,cooked_meal,64,meals,vegetarian,2026-10-03 22:00:00,2026-10-04 01:00:00,hot_holding,AT_RISK,2026-10-03 21:35:00,SYNTHETIC_DEMO
DON-00645,REST-TG18-125,Mulugu,Bakery Items,bakery,10,meals,non_vegetarian,2026-10-02 13:00:00,2026-10-02 16:00:00,refrigerated,AT_RISK,2026-10-02 12:05:00,SYNTHETIC_DEMO
DON-00646,REST-TG19-054,Nagarkurnool,Dal,dal,59,meals,egg,2026-09-29 13:00:00,2026-09-29 19:00:00,ambient,AT_RISK,2026-09-29 12:34:00,SYNTHETIC_DEMO
DON-00647,REST-TG20-148,Nalgonda,Veg Sandwich,sandwich,76,meals,non_vegetarian,2026-09-30 15:00:00,2026-09-30 19:00:00,hot_holding,URGENT,2026-09-30 14:34:00,SYNTHETIC_DEMO
DON-00648,REST-TG21-128,Narayanpet,Steamed Rice,rice,54,meals,non_vegetarian,2026-09-28 01:00:00,2026-09-28 07:00:00,hot_holding,AT_RISK,2026-09-28 00:41:00,SYNTHETIC_DEMO
DON-00649,REST-TG22-094,Nirmal,Prepared Meal,cooked_meal,74,meals,vegetarian,2026-10-03 14:00:00,2026-10-03 20:00:00,refrigerated,AVAILABLE,2026-10-03 13:18:00,SYNTHETIC_DEMO
DON-00650,REST-TG23-148,Nizamabad,Roti,roti,94,meals,egg,2026-09-28 03:00:00,2026-09-28 05:00:00,ambient,AT_RISK,2026-09-28 02:00:00,SYNTHETIC_DEMO
DON-00651,REST-TG24-027,Peddapalli,Mixed Vegetables,vegetables,27,meals,non_vegetarian,2026-10-01 02:00:00,2026-10-01 04:00:00,ambient,AT_RISK,2026-10-01 01:52:00,SYNTHETIC_DEMO
DON-00652,REST-TG25-141,Rajanna Sircilla,Fresh Fruit,fruits,46,meals,non_vegetarian,2026-10-05 22:00:00,2026-10-06 02:00:00,hot_holding,URGENT,2026-10-05 21:16:00,SYNTHETIC_DEMO
DON-00653,REST-TG26-024,Rangareddy,Steamed Rice,rice,79,meals,egg,2026-09-27 03:00:00,2026-09-27 06:00:00,ambient,AT_RISK,2026-09-27 02:48:00,SYNTHETIC_DEMO
DON-00654,REST-TG27-056,Sangareddy,Veg Sandwich,sandwich,19,meals,vegetarian,2026-10-01 10:00:00,2026-10-01 12:00:00,ambient,RESCUED,2026-10-01 09:31:00,SYNTHETIC_DEMO
DON-00655,REST-TG28-140,Siddipet,Prepared Meal,cooked_meal,60,meals,vegan,2026-10-04 03:00:00,2026-10-04 07:00:00,refrigerated,AT_RISK,2026-10-04 02:13:00,SYNTHETIC_DEMO
DON-00656,REST-TG29-137,Suryapet,Vegetable Biryani,biryani,61,meals,vegetarian,2026-10-03 01:00:00,2026-10-03 06:00:00,ambient,AT_RISK,2026-10-03 00:03:00,SYNTHETIC_DEMO
DON-00657,REST-TG30-020,Vikarabad,Mixed Vegetables,vegetables,18,meals,non_vegetarian,2026-10-05 04:00:00,2026-10-05 10:00:00,ambient,AVAILABLE,2026-10-05 03:40:00,SYNTHETIC_DEMO
DON-00658,REST-TG31-102,Wanaparthy,Mixed Vegetables,vegetables,77,meals,vegetarian,2026-09-27 16:00:00,2026-09-27 19:00:00,refrigerated,AT_RISK,2026-09-27 15:02:00,SYNTHETIC_DEMO
DON-00659,REST-TG32-008,Warangal,Prepared Meal,cooked_meal,66,meals,vegetarian,2026-10-01 11:00:00,2026-10-01 13:00:00,hot_holding,AT_RISK,2026-10-01 10:34:00,SYNTHETIC_DEMO
DON-00660,REST-TG33-064,Yadadri Bhuvanagiri,Prepared Meal,cooked_meal,48,meals,vegetarian,2026-10-02 11:00:00,2026-10-02 15:00:00,ambient,AT_RISK,2026-10-02 10:23:00,SYNTHETIC_DEMO
DON-00661,REST-TG01-009,Adilabad,Veg Sandwich,sandwich,63,meals,vegetarian,2026-09-29 10:00:00,2026-09-29 13:00:00,hot_holding,URGENT,2026-09-29 09:15:00,SYNTHETIC_DEMO
DON-00662,REST-TG02-126,Bhadradri Kothagudem,Veg Sandwich,sandwich,98,meals,vegetarian,2026-09-26 11:00:00,2026-09-26 16:00:00,hot_holding,AVAILABLE,2026-09-26 10:52:00,SYNTHETIC_DEMO
DON-00663,REST-TG03-110,Hanumakonda,Dal,dal,31,meals,vegetarian,2026-09-30 14:00:00,2026-09-30 19:00:00,hot_holding,AT_RISK,2026-09-30 13:12:00,SYNTHETIC_DEMO
DON-00664,REST-TG04-011,Hyderabad,Vegetable Pulao,pulao,77,meals,vegetarian,2026-09-26 23:00:00,2026-09-27 04:00:00,ambient,RESCUED,2026-09-26 22:54:00,SYNTHETIC_DEMO
DON-00665,REST-TG05-040,Jagtial,Veg Sandwich,sandwich,46,meals,non_vegetarian,2026-10-01 23:00:00,2026-10-02 04:00:00,hot_holding,AVAILABLE,2026-10-01 22:03:00,SYNTHETIC_DEMO
DON-00666,REST-TG06-013,Jangaon,Dal,dal,18,meals,egg,2026-09-26 17:00:00,2026-09-26 23:00:00,hot_holding,RESCUED,2026-09-26 16:25:00,SYNTHETIC_DEMO
DON-00667,REST-TG07-027,Jayashankar Bhupalpally,Fresh Fruit,fruits,23,meals,vegetarian,2026-10-04 22:00:00,2026-10-05 01:00:00,refrigerated,AVAILABLE,2026-10-04 21:08:00,SYNTHETIC_DEMO
DON-00668,REST-TG08-140,Jogulamba Gadwal,Mixed Vegetables,vegetables,13,meals,vegetarian,2026-09-29 21:00:00,2026-09-30 01:00:00,refrigerated,AVAILABLE,2026-09-29 20:07:00,SYNTHETIC_DEMO
DON-00669,REST-TG09-147,Kamareddy,Roti,roti,11,meals,vegan,2026-09-29 16:00:00,2026-09-29 22:00:00,refrigerated,AT_RISK,2026-09-29 15:08:00,SYNTHETIC_DEMO
DON-00670,REST-TG10-031,Karimnagar,Fresh Bread,bread,70,meals,vegetarian,2026-10-01 20:00:00,2026-10-01 22:00:00,hot_holding,AVAILABLE,2026-10-01 19:07:00,SYNTHETIC_DEMO
DON-00671,REST-TG11-096,Khammam,Prepared Meal,cooked_meal,70,meals,vegetarian,2026-10-04 04:00:00,2026-10-04 12:00:00,refrigerated,AT_RISK,2026-10-04 03:30:00,SYNTHETIC_DEMO
DON-00672,REST-TG12-108,Kumuram Bheem,Dal,dal,21,meals,non_vegetarian,2026-10-03 10:00:00,2026-10-03 13:00:00,hot_holding,AT_RISK,2026-10-03 09:19:00,SYNTHETIC_DEMO
DON-00673,REST-TG13-054,Mahabubabad,Veg Sandwich,sandwich,65,meals,non_vegetarian,2026-09-29 18:00:00,2026-09-30 00:00:00,hot_holding,AT_RISK,2026-09-29 17:12:00,SYNTHETIC_DEMO
DON-00674,REST-TG14-080,Mahabubnagar,Fresh Fruit,fruits,49,meals,vegetarian,2026-10-04 09:00:00,2026-10-04 13:00:00,hot_holding,AT_RISK,2026-10-04 08:29:00,SYNTHETIC_DEMO
DON-00675,REST-TG15-043,Mancherial,Prepared Meal,cooked_meal,64,meals,non_vegetarian,2026-09-29 17:00:00,2026-09-29 22:00:00,refrigerated,AT_RISK,2026-09-29 16:48:00,SYNTHETIC_DEMO
DON-00676,REST-TG16-041,Medak,Vegetable Biryani,biryani,55,meals,vegetarian,2026-09-30 17:00:00,2026-09-30 20:00:00,hot_holding,AT_RISK,2026-09-30 16:23:00,SYNTHETIC_DEMO
DON-00677,REST-TG17-136,Medchal-Malkajgiri,Veg Sandwich,sandwich,35,meals,non_vegetarian,2026-09-30 21:00:00,2026-10-01 05:00:00,ambient,RESCUED,2026-09-30 20:27:00,SYNTHETIC_DEMO
DON-00678,REST-TG18-079,Mulugu,Fresh Fruit,fruits,74,meals,vegetarian,2026-09-28 02:00:00,2026-09-28 05:00:00,refrigerated,AT_RISK,2026-09-28 01:16:00,SYNTHETIC_DEMO
DON-00679,REST-TG19-082,Nagarkurnool,Bakery Items,bakery,33,meals,vegetarian,2026-09-29 03:00:00,2026-09-29 05:00:00,ambient,AT_RISK,2026-09-29 02:44:00,SYNTHETIC_DEMO
DON-00680,REST-TG20-101,Nalgonda,Vegetable Pulao,pulao,18,meals,vegetarian,2026-09-29 15:00:00,2026-09-29 18:00:00,refrigerated,AVAILABLE,2026-09-29 14:22:00,SYNTHETIC_DEMO
DON-00681,REST-TG21-147,Narayanpet,Vegetable Biryani,biryani,45,meals,vegetarian,2026-09-26 16:00:00,2026-09-26 19:00:00,hot_holding,AVAILABLE,2026-09-26 15:49:00,SYNTHETIC_DEMO
DON-00682,REST-TG22-036,Nirmal,Fresh Bread,bread,100,meals,vegan,2026-09-28 04:00:00,2026-09-28 06:00:00,ambient,AVAILABLE,2026-09-28 03:04:00,SYNTHETIC_DEMO
DON-00683,REST-TG23-015,Nizamabad,Fresh Fruit,fruits,24,meals,vegetarian,2026-10-02 06:00:00,2026-10-02 09:00:00,ambient,RESCUED,2026-10-02 05:04:00,SYNTHETIC_DEMO
DON-00684,REST-TG24-114,Peddapalli,Bakery Items,bakery,68,meals,non_vegetarian,2026-09-29 05:00:00,2026-09-29 13:00:00,ambient,RESCUED,2026-09-29 04:03:00,SYNTHETIC_DEMO
DON-00685,REST-TG25-096,Rajanna Sircilla,Vegetable Pulao,pulao,64,meals,vegetarian,2026-10-01 19:00:00,2026-10-01 23:00:00,hot_holding,AVAILABLE,2026-10-01 18:01:00,SYNTHETIC_DEMO
DON-00686,REST-TG26-136,Rangareddy,Veg Sandwich,sandwich,64,meals,egg,2026-09-27 03:00:00,2026-09-27 08:00:00,refrigerated,RESCUED,2026-09-27 02:47:00,SYNTHETIC_DEMO
DON-00687,REST-TG27-023,Sangareddy,Roti,roti,24,meals,vegetarian,2026-09-30 13:00:00,2026-09-30 18:00:00,refrigerated,URGENT,2026-09-30 12:49:00,SYNTHETIC_DEMO
DON-00688,REST-TG28-110,Siddipet,Dal,dal,67,meals,vegan,2026-10-06 02:00:00,2026-10-06 06:00:00,ambient,AVAILABLE,2026-10-06 01:44:00,SYNTHETIC_DEMO
DON-00689,REST-TG29-104,Suryapet,Vegetable Pulao,pulao,26,meals,non_vegetarian,2026-10-02 03:00:00,2026-10-02 11:00:00,ambient,AT_RISK,2026-10-02 02:51:00,SYNTHETIC_DEMO
DON-00690,REST-TG30-066,Vikarabad,Steamed Rice,rice,11,meals,vegetarian,2026-10-02 05:00:00,2026-10-02 08:00:00,hot_holding,AT_RISK,2026-10-02 04:26:00,SYNTHETIC_DEMO
DON-00691,REST-TG31-046,Wanaparthy,Vegetable Pulao,pulao,93,meals,egg,2026-10-04 13:00:00,2026-10-04 21:00:00,ambient,AVAILABLE,2026-10-04 12:08:00,SYNTHETIC_DEMO
DON-00692,REST-TG32-144,Warangal,Veg Sandwich,sandwich,17,meals,vegetarian,2026-10-04 21:00:00,2026-10-04 23:00:00,ambient,AT_RISK,2026-10-04 20:27:00,SYNTHETIC_DEMO
DON-00693,REST-TG33-123,Yadadri Bhuvanagiri,Prepared Meal,cooked_meal,45,meals,vegan,2026-09-27 03:00:00,2026-09-27 08:00:00,refrigerated,AT_RISK,2026-09-27 02:28:00,SYNTHETIC_DEMO
DON-00694,REST-TG01-054,Adilabad,Vegetable Pulao,pulao,51,meals,vegetarian,2026-09-29 08:00:00,2026-09-29 12:00:00,hot_holding,RESCUED,2026-09-29 07:42:00,SYNTHETIC_DEMO
DON-00695,REST-TG02-144,Bhadradri Kothagudem,Packaged Meals,packaged_food,35,meals,vegetarian,2026-09-28 10:00:00,2026-09-28 12:00:00,refrigerated,RESCUED,2026-09-28 09:54:00,SYNTHETIC_DEMO
DON-00696,REST-TG03-105,Hanumakonda,Veg Sandwich,sandwich,49,meals,vegetarian,2026-09-26 17:00:00,2026-09-26 20:00:00,refrigerated,RESCUED,2026-09-26 16:02:00,SYNTHETIC_DEMO
DON-00697,REST-TG04-005,Hyderabad,Vegetable Pulao,pulao,19,meals,vegetarian,2026-09-28 17:00:00,2026-09-28 19:00:00,ambient,AT_RISK,2026-09-28 16:54:00,SYNTHETIC_DEMO
DON-00698,REST-TG05-073,Jagtial,Packaged Meals,packaged_food,71,meals,vegan,2026-09-29 23:00:00,2026-09-30 02:00:00,ambient,AT_RISK,2026-09-29 22:48:00,SYNTHETIC_DEMO
DON-00699,REST-TG06-150,Jangaon,Fresh Fruit,fruits,60,meals,vegetarian,2026-09-26 21:00:00,2026-09-27 01:00:00,hot_holding,AT_RISK,2026-09-26 20:10:00,SYNTHETIC_DEMO
DON-00700,REST-TG07-095,Jayashankar Bhupalpally,Fresh Bread,bread,12,meals,vegetarian,2026-09-27 02:00:00,2026-09-27 04:00:00,refrigerated,URGENT,2026-09-27 01:41:00,SYNTHETIC_DEMO
DON-00701,REST-TG08-091,Jogulamba Gadwal,Packaged Meals,packaged_food,23,meals,vegan,2026-10-03 18:00:00,2026-10-03 20:00:00,refrigerated,AT_RISK,2026-10-03 17:49:00,SYNTHETIC_DEMO
DON-00702,REST-TG09-107,Kamareddy,Veg Sandwich,sandwich,97,meals,non_vegetarian,2026-09-27 01:00:00,2026-09-27 04:00:00,ambient,URGENT,2026-09-27 00:00:00,SYNTHETIC_DEMO
DON-00703,REST-TG10-080,Karimnagar,Dal,dal,91,meals,vegetarian,2026-09-29 17:00:00,2026-09-30 01:00:00,hot_holding,AVAILABLE,2026-09-29 16:13:00,SYNTHETIC_DEMO
DON-00704,REST-TG11-096,Khammam,Packaged Meals,packaged_food,96,meals,vegetarian,2026-09-30 21:00:00,2026-09-30 23:00:00,refrigerated,AVAILABLE,2026-09-30 20:43:00,SYNTHETIC_DEMO
DON-00705,REST-TG12-082,Kumuram Bheem,Vegetable Biryani,biryani,26,meals,vegetarian,2026-10-04 10:00:00,2026-10-04 14:00:00,refrigerated,AT_RISK,2026-10-04 09:43:00,SYNTHETIC_DEMO
DON-00706,REST-TG13-086,Mahabubabad,Packaged Meals,packaged_food,95,meals,vegetarian,2026-10-06 03:00:00,2026-10-06 07:00:00,ambient,AT_RISK,2026-10-06 02:26:00,SYNTHETIC_DEMO
DON-00707,REST-TG14-036,Mahabubnagar,Veg Sandwich,sandwich,73,meals,vegan,2026-10-06 03:00:00,2026-10-06 06:00:00,refrigerated,AVAILABLE,2026-10-06 02:42:00,SYNTHETIC_DEMO
DON-00708,REST-TG15-066,Mancherial,Fresh Bread,bread,73,meals,vegetarian,2026-09-26 20:00:00,2026-09-26 22:00:00,ambient,URGENT,2026-09-26 19:04:00,SYNTHETIC_DEMO
DON-00709,REST-TG16-143,Medak,Packaged Meals,packaged_food,90,meals,non_vegetarian,2026-09-26 15:00:00,2026-09-26 18:00:00,hot_holding,AVAILABLE,2026-09-26 14:47:00,SYNTHETIC_DEMO
DON-00710,REST-TG17-041,Medchal-Malkajgiri,Packaged Meals,packaged_food,96,meals,vegan,2026-10-05 17:00:00,2026-10-05 20:00:00,hot_holding,AT_RISK,2026-10-05 16:11:00,SYNTHETIC_DEMO
DON-00711,REST-TG18-050,Mulugu,Packaged Meals,packaged_food,68,meals,vegetarian,2026-10-06 00:00:00,2026-10-06 06:00:00,hot_holding,AVAILABLE,2026-10-05 23:24:00,SYNTHETIC_DEMO
DON-00712,REST-TG19-092,Nagarkurnool,Packaged Meals,packaged_food,85,meals,vegetarian,2026-10-04 10:00:00,2026-10-04 15:00:00,hot_holding,AT_RISK,2026-10-04 09:06:00,SYNTHETIC_DEMO
DON-00713,REST-TG20-075,Nalgonda,Roti,roti,56,meals,vegetarian,2026-10-06 06:00:00,2026-10-06 08:00:00,refrigerated,RESCUED,2026-10-06 05:42:00,SYNTHETIC_DEMO
DON-00714,REST-TG21-121,Narayanpet,Vegetable Biryani,biryani,37,meals,vegan,2026-09-26 21:00:00,2026-09-27 01:00:00,ambient,RESCUED,2026-09-26 20:54:00,SYNTHETIC_DEMO
DON-00715,REST-TG22-008,Nirmal,Roti,roti,74,meals,vegetarian,2026-09-30 17:00:00,2026-09-30 23:00:00,hot_holding,AVAILABLE,2026-09-30 16:20:00,SYNTHETIC_DEMO
DON-00716,REST-TG23-062,Nizamabad,Bakery Items,bakery,85,meals,vegetarian,2026-09-29 22:00:00,2026-09-30 04:00:00,hot_holding,AT_RISK,2026-09-29 21:14:00,SYNTHETIC_DEMO
DON-00717,REST-TG24-121,Peddapalli,Fresh Bread,bread,89,meals,vegetarian,2026-10-05 23:00:00,2026-10-06 07:00:00,ambient,RESCUED,2026-10-05 22:01:00,SYNTHETIC_DEMO
DON-00718,REST-TG25-084,Rajanna Sircilla,Fresh Fruit,fruits,19,meals,vegetarian,2026-10-05 14:00:00,2026-10-05 19:00:00,ambient,AT_RISK,2026-10-05 13:16:00,SYNTHETIC_DEMO
DON-00719,REST-TG26-061,Rangareddy,Mixed Vegetables,vegetables,34,meals,egg,2026-09-30 08:00:00,2026-09-30 10:00:00,ambient,AT_RISK,2026-09-30 07:05:00,SYNTHETIC_DEMO
DON-00720,REST-TG27-071,Sangareddy,Fresh Bread,bread,87,meals,non_vegetarian,2026-10-02 08:00:00,2026-10-02 10:00:00,refrigerated,URGENT,2026-10-02 07:50:00,SYNTHETIC_DEMO
DON-00721,REST-TG28-068,Siddipet,Prepared Meal,cooked_meal,48,meals,vegetarian,2026-09-27 20:00:00,2026-09-27 22:00:00,hot_holding,URGENT,2026-09-27 19:05:00,SYNTHETIC_DEMO
DON-00722,REST-TG29-064,Suryapet,Fresh Fruit,fruits,16,meals,vegetarian,2026-09-29 19:00:00,2026-09-29 23:00:00,ambient,AVAILABLE,2026-09-29 18:36:00,SYNTHETIC_DEMO
DON-00723,REST-TG30-042,Vikarabad,Prepared Meal,cooked_meal,55,meals,vegetarian,2026-10-02 10:00:00,2026-10-02 12:00:00,ambient,AVAILABLE,2026-10-02 09:32:00,SYNTHETIC_DEMO
DON-00724,REST-TG31-092,Wanaparthy,Dal,dal,62,meals,vegetarian,2026-10-02 05:00:00,2026-10-02 13:00:00,hot_holding,AVAILABLE,2026-10-02 04:52:00,SYNTHETIC_DEMO
DON-00725,REST-TG32-098,Warangal,Roti,roti,54,meals,vegetarian,2026-09-30 16:00:00,2026-09-30 22:00:00,refrigerated,URGENT,2026-09-30 15:51:00,SYNTHETIC_DEMO
DON-00726,REST-TG33-128,Yadadri Bhuvanagiri,Veg Sandwich,sandwich,99,meals,vegetarian,2026-10-04 19:00:00,2026-10-04 21:00:00,ambient,AVAILABLE,2026-10-04 18:35:00,SYNTHETIC_DEMO
DON-00727,REST-TG01-042,Adilabad,Fresh Bread,bread,32,meals,vegan,2026-10-02 09:00:00,2026-10-02 17:00:00,hot_holding,RESCUED,2026-10-02 08:03:00,SYNTHETIC_DEMO
DON-00728,REST-TG02-059,Bhadradri Kothagudem,Packaged Meals,packaged_food,26,meals,vegetarian,2026-09-29 07:00:00,2026-09-29 10:00:00,refrigerated,AVAILABLE,2026-09-29 06:22:00,SYNTHETIC_DEMO
DON-00729,REST-TG03-042,Hanumakonda,Veg Sandwich,sandwich,70,meals,vegetarian,2026-09-26 13:00:00,2026-09-26 17:00:00,refrigerated,AVAILABLE,2026-09-26 12:34:00,SYNTHETIC_DEMO
DON-00730,REST-TG04-006,Hyderabad,Steamed Rice,rice,82,meals,vegan,2026-10-02 02:00:00,2026-10-02 10:00:00,hot_holding,AT_RISK,2026-10-02 01:05:00,SYNTHETIC_DEMO
DON-00731,REST-TG05-138,Jagtial,Bakery Items,bakery,91,meals,vegetarian,2026-10-04 17:00:00,2026-10-04 22:00:00,hot_holding,AVAILABLE,2026-10-04 16:54:00,SYNTHETIC_DEMO
DON-00732,REST-TG06-009,Jangaon,Roti,roti,57,meals,vegetarian,2026-10-02 08:00:00,2026-10-02 13:00:00,hot_holding,AVAILABLE,2026-10-02 07:42:00,SYNTHETIC_DEMO
DON-00733,REST-TG07-140,Jayashankar Bhupalpally,Fresh Fruit,fruits,36,meals,vegetarian,2026-10-05 03:00:00,2026-10-05 07:00:00,ambient,AVAILABLE,2026-10-05 02:26:00,SYNTHETIC_DEMO
DON-00734,REST-TG08-061,Jogulamba Gadwal,Vegetable Pulao,pulao,17,meals,vegetarian,2026-09-28 20:00:00,2026-09-29 04:00:00,refrigerated,AT_RISK,2026-09-28 19:14:00,SYNTHETIC_DEMO
DON-00735,REST-TG09-029,Kamareddy,Prepared Meal,cooked_meal,19,meals,vegetarian,2026-10-03 13:00:00,2026-10-03 17:00:00,ambient,AT_RISK,2026-10-03 12:19:00,SYNTHETIC_DEMO
DON-00736,REST-TG10-123,Karimnagar,Dal,dal,78,meals,vegan,2026-10-03 06:00:00,2026-10-03 09:00:00,refrigerated,URGENT,2026-10-03 05:15:00,SYNTHETIC_DEMO
DON-00737,REST-TG11-033,Khammam,Vegetable Biryani,biryani,64,meals,vegetarian,2026-09-27 12:00:00,2026-09-27 17:00:00,refrigerated,AVAILABLE,2026-09-27 11:18:00,SYNTHETIC_DEMO
DON-00738,REST-TG12-044,Kumuram Bheem,Roti,roti,13,meals,vegetarian,2026-10-02 12:00:00,2026-10-02 15:00:00,refrigerated,URGENT,2026-10-02 11:45:00,SYNTHETIC_DEMO
DON-00739,REST-TG13-142,Mahabubabad,Vegetable Biryani,biryani,15,meals,vegetarian,2026-10-02 09:00:00,2026-10-02 15:00:00,ambient,AVAILABLE,2026-10-02 08:53:00,SYNTHETIC_DEMO
DON-00740,REST-TG14-039,Mahabubnagar,Fresh Fruit,fruits,30,meals,non_vegetarian,2026-10-02 09:00:00,2026-10-02 12:00:00,refrigerated,AT_RISK,2026-10-02 08:17:00,SYNTHETIC_DEMO
DON-00741,REST-TG15-119,Mancherial,Vegetable Biryani,biryani,38,meals,vegetarian,2026-09-26 21:00:00,2026-09-26 23:00:00,hot_holding,AVAILABLE,2026-09-26 20:20:00,SYNTHETIC_DEMO
DON-00742,REST-TG16-146,Medak,Veg Sandwich,sandwich,28,meals,vegetarian,2026-09-26 21:00:00,2026-09-27 01:00:00,ambient,AT_RISK,2026-09-26 20:22:00,SYNTHETIC_DEMO
DON-00743,REST-TG17-137,Medchal-Malkajgiri,Bakery Items,bakery,73,meals,vegetarian,2026-09-27 06:00:00,2026-09-27 14:00:00,refrigerated,RESCUED,2026-09-27 05:45:00,SYNTHETIC_DEMO
DON-00744,REST-TG18-075,Mulugu,Bakery Items,bakery,86,meals,vegetarian,2026-10-01 00:00:00,2026-10-01 02:00:00,refrigerated,AVAILABLE,2026-09-30 23:40:00,SYNTHETIC_DEMO
DON-00745,REST-TG19-107,Nagarkurnool,Dal,dal,12,meals,vegetarian,2026-09-28 06:00:00,2026-09-28 09:00:00,hot_holding,RESCUED,2026-09-28 05:23:00,SYNTHETIC_DEMO
DON-00746,REST-TG20-145,Nalgonda,Vegetable Biryani,biryani,52,meals,vegetarian,2026-09-30 11:00:00,2026-09-30 15:00:00,refrigerated,AT_RISK,2026-09-30 10:05:00,SYNTHETIC_DEMO
DON-00747,REST-TG21-086,Narayanpet,Vegetable Biryani,biryani,60,meals,non_vegetarian,2026-10-06 07:00:00,2026-10-06 12:00:00,refrigerated,AT_RISK,2026-10-06 06:34:00,SYNTHETIC_DEMO
DON-00748,REST-TG22-006,Nirmal,Bakery Items,bakery,47,meals,vegetarian,2026-09-30 02:00:00,2026-09-30 04:00:00,hot_holding,URGENT,2026-09-30 01:13:00,SYNTHETIC_DEMO
DON-00749,REST-TG23-142,Nizamabad,Steamed Rice,rice,69,meals,vegan,2026-10-01 01:00:00,2026-10-01 03:00:00,refrigerated,URGENT,2026-10-01 00:26:00,SYNTHETIC_DEMO
DON-00750,REST-TG24-023,Peddapalli,Vegetable Biryani,biryani,36,meals,egg,2026-10-01 08:00:00,2026-10-01 10:00:00,ambient,AT_RISK,2026-10-01 07:16:00,SYNTHETIC_DEMO
DON-00751,REST-TG25-047,Rajanna Sircilla,Prepared Meal,cooked_meal,81,meals,vegetarian,2026-10-05 17:00:00,2026-10-05 21:00:00,ambient,URGENT,2026-10-05 16:04:00,SYNTHETIC_DEMO
DON-00752,REST-TG26-039,Rangareddy,Dal,dal,32,meals,vegetarian,2026-09-26 18:00:00,2026-09-27 02:00:00,refrigerated,RESCUED,2026-09-26 17:35:00,SYNTHETIC_DEMO
DON-00753,REST-TG27-130,Sangareddy,Steamed Rice,rice,35,meals,vegetarian,2026-10-04 14:00:00,2026-10-04 20:00:00,refrigerated,AT_RISK,2026-10-04 13:17:00,SYNTHETIC_DEMO
DON-00754,REST-TG28-034,Siddipet,Steamed Rice,rice,64,meals,non_vegetarian,2026-10-05 21:00:00,2026-10-06 02:00:00,hot_holding,AVAILABLE,2026-10-05 20:24:00,SYNTHETIC_DEMO
DON-00755,REST-TG29-087,Suryapet,Dal,dal,78,meals,vegetarian,2026-10-04 00:00:00,2026-10-04 02:00:00,refrigerated,AVAILABLE,2026-10-03 23:18:00,SYNTHETIC_DEMO
DON-00756,REST-TG30-099,Vikarabad,Roti,roti,97,meals,vegan,2026-09-29 18:00:00,2026-09-29 23:00:00,hot_holding,AT_RISK,2026-09-29 17:37:00,SYNTHETIC_DEMO
DON-00757,REST-TG31-090,Wanaparthy,Vegetable Pulao,pulao,74,meals,vegetarian,2026-09-27 06:00:00,2026-09-27 09:00:00,refrigerated,URGENT,2026-09-27 05:22:00,SYNTHETIC_DEMO
DON-00758,REST-TG32-076,Warangal,Prepared Meal,cooked_meal,39,meals,non_vegetarian,2026-10-03 10:00:00,2026-10-03 12:00:00,refrigerated,AT_RISK,2026-10-03 09:49:00,SYNTHETIC_DEMO
DON-00759,REST-TG33-150,Yadadri Bhuvanagiri,Fresh Fruit,fruits,39,meals,vegetarian,2026-10-02 16:00:00,2026-10-03 00:00:00,refrigerated,RESCUED,2026-10-02 15:24:00,SYNTHETIC_DEMO
DON-00760,REST-TG01-074,Adilabad,Fresh Bread,bread,28,meals,vegetarian,2026-09-30 11:00:00,2026-09-30 15:00:00,refrigerated,AVAILABLE,2026-09-30 10:22:00,SYNTHETIC_DEMO
DON-00761,REST-TG02-110,Bhadradri Kothagudem,Packaged Meals,packaged_food,70,meals,vegetarian,2026-09-26 17:00:00,2026-09-26 19:00:00,ambient,AVAILABLE,2026-09-26 16:11:00,SYNTHETIC_DEMO
DON-00762,REST-TG03-061,Hanumakonda,Mixed Vegetables,vegetables,55,meals,vegetarian,2026-10-01 10:00:00,2026-10-01 16:00:00,ambient,AVAILABLE,2026-10-01 09:06:00,SYNTHETIC_DEMO
DON-00763,REST-TG04-043,Hyderabad,Steamed Rice,rice,75,meals,non_vegetarian,2026-09-29 05:00:00,2026-09-29 07:00:00,hot_holding,URGENT,2026-09-29 04:21:00,SYNTHETIC_DEMO
DON-00764,REST-TG05-086,Jagtial,Roti,roti,46,meals,vegetarian,2026-10-04 09:00:00,2026-10-04 12:00:00,ambient,AVAILABLE,2026-10-04 08:14:00,SYNTHETIC_DEMO
DON-00765,REST-TG06-083,Jangaon,Dal,dal,98,meals,egg,2026-10-02 20:00:00,2026-10-02 23:00:00,ambient,AVAILABLE,2026-10-02 19:37:00,SYNTHETIC_DEMO
DON-00766,REST-TG07-072,Jayashankar Bhupalpally,Dal,dal,27,meals,vegetarian,2026-10-04 14:00:00,2026-10-04 18:00:00,hot_holding,AT_RISK,2026-10-04 13:52:00,SYNTHETIC_DEMO
DON-00767,REST-TG08-068,Jogulamba Gadwal,Mixed Vegetables,vegetables,60,meals,egg,2026-09-27 12:00:00,2026-09-27 16:00:00,ambient,RESCUED,2026-09-27 11:21:00,SYNTHETIC_DEMO
DON-00768,REST-TG09-099,Kamareddy,Prepared Meal,cooked_meal,66,meals,vegetarian,2026-10-01 23:00:00,2026-10-02 01:00:00,ambient,AT_RISK,2026-10-01 22:26:00,SYNTHETIC_DEMO
DON-00769,REST-TG10-088,Karimnagar,Roti,roti,40,meals,vegan,2026-10-03 13:00:00,2026-10-03 19:00:00,hot_holding,AVAILABLE,2026-10-03 12:49:00,SYNTHETIC_DEMO
DON-00770,REST-TG11-127,Khammam,Fresh Fruit,fruits,81,meals,vegetarian,2026-10-03 10:00:00,2026-10-03 14:00:00,ambient,URGENT,2026-10-03 09:17:00,SYNTHETIC_DEMO
DON-00771,REST-TG12-092,Kumuram Bheem,Prepared Meal,cooked_meal,78,meals,non_vegetarian,2026-09-29 21:00:00,2026-09-30 05:00:00,hot_holding,RESCUED,2026-09-29 20:27:00,SYNTHETIC_DEMO
DON-00772,REST-TG13-060,Mahabubabad,Dal,dal,36,meals,vegetarian,2026-10-02 18:00:00,2026-10-02 22:00:00,refrigerated,AT_RISK,2026-10-02 17:35:00,SYNTHETIC_DEMO
DON-00773,REST-TG14-004,Mahabubnagar,Mixed Vegetables,vegetables,38,meals,vegetarian,2026-09-27 17:00:00,2026-09-27 21:00:00,ambient,AVAILABLE,2026-09-27 16:35:00,SYNTHETIC_DEMO
DON-00774,REST-TG15-085,Mancherial,Bakery Items,bakery,28,meals,vegetarian,2026-10-01 03:00:00,2026-10-01 05:00:00,hot_holding,AT_RISK,2026-10-01 02:38:00,SYNTHETIC_DEMO
DON-00775,REST-TG16-042,Medak,Bakery Items,bakery,26,meals,vegetarian,2026-09-27 21:00:00,2026-09-28 01:00:00,refrigerated,AVAILABLE,2026-09-27 20:15:00,SYNTHETIC_DEMO
DON-00776,REST-TG17-007,Medchal-Malkajgiri,Prepared Meal,cooked_meal,41,meals,vegetarian,2026-10-01 10:00:00,2026-10-01 12:00:00,hot_holding,URGENT,2026-10-01 09:00:00,SYNTHETIC_DEMO
DON-00777,REST-TG18-109,Mulugu,Veg Sandwich,sandwich,72,meals,vegetarian,2026-10-01 20:00:00,2026-10-02 02:00:00,ambient,AT_RISK,2026-10-01 19:10:00,SYNTHETIC_DEMO
DON-00778,REST-TG19-020,Nagarkurnool,Fresh Bread,bread,25,meals,vegetarian,2026-09-26 23:00:00,2026-09-27 07:00:00,hot_holding,AVAILABLE,2026-09-26 22:09:00,SYNTHETIC_DEMO
DON-00779,REST-TG20-113,Nalgonda,Roti,roti,90,meals,vegetarian,2026-09-28 10:00:00,2026-09-28 15:00:00,hot_holding,AVAILABLE,2026-09-28 09:19:00,SYNTHETIC_DEMO
DON-00780,REST-TG21-094,Narayanpet,Vegetable Pulao,pulao,74,meals,vegetarian,2026-10-01 16:00:00,2026-10-02 00:00:00,refrigerated,RESCUED,2026-10-01 15:02:00,SYNTHETIC_DEMO
DON-00781,REST-TG22-099,Nirmal,Prepared Meal,cooked_meal,19,meals,vegetarian,2026-09-28 09:00:00,2026-09-28 13:00:00,ambient,AVAILABLE,2026-09-28 08:16:00,SYNTHETIC_DEMO
DON-00782,REST-TG23-106,Nizamabad,Veg Sandwich,sandwich,54,meals,vegetarian,2026-09-29 14:00:00,2026-09-29 18:00:00,ambient,AVAILABLE,2026-09-29 13:38:00,SYNTHETIC_DEMO
DON-00783,REST-TG24-026,Peddapalli,Packaged Meals,packaged_food,69,meals,vegetarian,2026-10-04 11:00:00,2026-10-04 15:00:00,ambient,AVAILABLE,2026-10-04 10:13:00,SYNTHETIC_DEMO
DON-00784,REST-TG25-073,Rajanna Sircilla,Packaged Meals,packaged_food,96,meals,vegetarian,2026-10-01 01:00:00,2026-10-01 09:00:00,hot_holding,AVAILABLE,2026-10-01 00:40:00,SYNTHETIC_DEMO
DON-00785,REST-TG26-145,Rangareddy,Fresh Fruit,fruits,25,meals,vegetarian,2026-10-02 18:00:00,2026-10-03 02:00:00,ambient,AVAILABLE,2026-10-02 17:19:00,SYNTHETIC_DEMO
DON-00786,REST-TG27-121,Sangareddy,Fresh Fruit,fruits,58,meals,non_vegetarian,2026-10-01 21:00:00,2026-10-02 05:00:00,ambient,AVAILABLE,2026-10-01 20:42:00,SYNTHETIC_DEMO
DON-00787,REST-TG28-108,Siddipet,Fresh Fruit,fruits,44,meals,vegetarian,2026-10-01 23:00:00,2026-10-02 02:00:00,refrigerated,AT_RISK,2026-10-01 22:19:00,SYNTHETIC_DEMO
DON-00788,REST-TG29-122,Suryapet,Steamed Rice,rice,59,meals,non_vegetarian,2026-09-26 23:00:00,2026-09-27 07:00:00,hot_holding,AT_RISK,2026-09-26 22:15:00,SYNTHETIC_DEMO
DON-00789,REST-TG30-016,Vikarabad,Steamed Rice,rice,25,meals,vegan,2026-09-28 00:00:00,2026-09-28 04:00:00,ambient,RESCUED,2026-09-27 23:49:00,SYNTHETIC_DEMO
DON-00790,REST-TG31-130,Wanaparthy,Roti,roti,98,meals,vegetarian,2026-09-29 08:00:00,2026-09-29 13:00:00,refrigerated,URGENT,2026-09-29 07:42:00,SYNTHETIC_DEMO
DON-00791,REST-TG32-139,Warangal,Mixed Vegetables,vegetables,83,meals,vegan,2026-10-06 01:00:00,2026-10-06 07:00:00,ambient,RESCUED,2026-10-06 00:40:00,SYNTHETIC_DEMO
DON-00792,REST-TG33-043,Yadadri Bhuvanagiri,Dal,dal,42,meals,vegetarian,2026-09-29 14:00:00,2026-09-29 17:00:00,refrigerated,RESCUED,2026-09-29 13:39:00,SYNTHETIC_DEMO
DON-00793,REST-TG01-130,Adilabad,Dal,dal,10,meals,egg,2026-09-29 14:00:00,2026-09-29 18:00:00,refrigerated,URGENT,2026-09-29 13:48:00,SYNTHETIC_DEMO
DON-00794,REST-TG02-003,Bhadradri Kothagudem,Fresh Fruit,fruits,16,meals,vegetarian,2026-09-29 05:00:00,2026-09-29 09:00:00,ambient,AT_RISK,2026-09-29 04:50:00,SYNTHETIC_DEMO
DON-00795,REST-TG03-025,Hanumakonda,Prepared Meal,cooked_meal,36,meals,egg,2026-09-27 14:00:00,2026-09-27 18:00:00,ambient,AT_RISK,2026-09-27 13:18:00,SYNTHETIC_DEMO
DON-00796,REST-TG04-016,Hyderabad,Steamed Rice,rice,54,meals,non_vegetarian,2026-09-29 04:00:00,2026-09-29 08:00:00,refrigerated,RESCUED,2026-09-29 03:38:00,SYNTHETIC_DEMO
DON-00797,REST-TG05-103,Jagtial,Fresh Fruit,fruits,72,meals,vegetarian,2026-09-28 23:00:00,2026-09-29 02:00:00,refrigerated,AVAILABLE,2026-09-28 22:05:00,SYNTHETIC_DEMO
DON-00798,REST-TG06-021,Jangaon,Prepared Meal,cooked_meal,71,meals,egg,2026-09-30 03:00:00,2026-09-30 09:00:00,refrigerated,RESCUED,2026-09-30 02:13:00,SYNTHETIC_DEMO
DON-00799,REST-TG07-109,Jayashankar Bhupalpally,Prepared Meal,cooked_meal,71,meals,vegetarian,2026-09-27 04:00:00,2026-09-27 06:00:00,hot_holding,AT_RISK,2026-09-27 03:05:00,SYNTHETIC_DEMO
DON-00800,REST-TG08-052,Jogulamba Gadwal,Fresh Bread,bread,18,meals,vegetarian,2026-09-26 18:00:00,2026-09-26 20:00:00,refrigerated,AT_RISK,2026-09-26 17:51:00,SYNTHETIC_DEMO
DON-00801,REST-TG09-022,Kamareddy,Dal,dal,10,meals,vegetarian,2026-09-30 12:00:00,2026-09-30 15:00:00,refrigerated,AVAILABLE,2026-09-30 11:27:00,SYNTHETIC_DEMO
DON-00802,REST-TG10-136,Karimnagar,Fresh Fruit,fruits,52,meals,non_vegetarian,2026-09-26 08:00:00,2026-09-26 10:00:00,hot_holding,RESCUED,2026-09-26 07:47:00,SYNTHETIC_DEMO
DON-00803,REST-TG11-134,Khammam,Steamed Rice,rice,97,meals,vegetarian,2026-09-30 08:00:00,2026-09-30 13:00:00,ambient,RESCUED,2026-09-30 07:14:00,SYNTHETIC_DEMO
DON-00804,REST-TG12-041,Kumuram Bheem,Packaged Meals,packaged_food,63,meals,non_vegetarian,2026-09-30 09:00:00,2026-09-30 11:00:00,refrigerated,AVAILABLE,2026-09-30 08:38:00,SYNTHETIC_DEMO
DON-00805,REST-TG13-057,Mahabubabad,Veg Sandwich,sandwich,14,meals,vegetarian,2026-10-04 21:00:00,2026-10-05 00:00:00,hot_holding,URGENT,2026-10-04 20:23:00,SYNTHETIC_DEMO
DON-00806,REST-TG14-037,Mahabubnagar,Vegetable Pulao,pulao,20,meals,vegetarian,2026-09-29 19:00:00,2026-09-29 23:00:00,hot_holding,AT_RISK,2026-09-29 18:21:00,SYNTHETIC_DEMO
DON-00807,REST-TG15-054,Mancherial,Fresh Bread,bread,93,meals,vegetarian,2026-09-28 03:00:00,2026-09-28 07:00:00,refrigerated,URGENT,2026-09-28 02:17:00,SYNTHETIC_DEMO
DON-00808,REST-TG16-135,Medak,Vegetable Pulao,pulao,80,meals,vegetarian,2026-10-02 14:00:00,2026-10-02 16:00:00,refrigerated,RESCUED,2026-10-02 13:28:00,SYNTHETIC_DEMO
DON-00809,REST-TG17-086,Medchal-Malkajgiri,Veg Sandwich,sandwich,48,meals,vegetarian,2026-10-03 08:00:00,2026-10-03 10:00:00,ambient,AT_RISK,2026-10-03 07:52:00,SYNTHETIC_DEMO
DON-00810,REST-TG18-130,Mulugu,Bakery Items,bakery,10,meals,vegetarian,2026-10-03 21:00:00,2026-10-03 23:00:00,ambient,AT_RISK,2026-10-03 20:16:00,SYNTHETIC_DEMO
DON-00811,REST-TG19-105,Nagarkurnool,Fresh Bread,bread,34,meals,vegan,2026-10-01 22:00:00,2026-10-02 00:00:00,ambient,URGENT,2026-10-01 21:32:00,SYNTHETIC_DEMO
DON-00812,REST-TG20-107,Nalgonda,Dal,dal,77,meals,non_vegetarian,2026-09-28 21:00:00,2026-09-29 03:00:00,hot_holding,RESCUED,2026-09-28 20:08:00,SYNTHETIC_DEMO
DON-00813,REST-TG21-016,Narayanpet,Packaged Meals,packaged_food,42,meals,vegetarian,2026-10-02 09:00:00,2026-10-02 11:00:00,hot_holding,URGENT,2026-10-02 08:13:00,SYNTHETIC_DEMO
DON-00814,REST-TG22-103,Nirmal,Mixed Vegetables,vegetables,32,meals,non_vegetarian,2026-09-29 16:00:00,2026-09-29 22:00:00,ambient,AVAILABLE,2026-09-29 15:46:00,SYNTHETIC_DEMO
DON-00815,REST-TG23-055,Nizamabad,Fresh Fruit,fruits,10,meals,vegetarian,2026-09-29 22:00:00,2026-09-30 04:00:00,hot_holding,AVAILABLE,2026-09-29 21:37:00,SYNTHETIC_DEMO
DON-00816,REST-TG24-118,Peddapalli,Vegetable Biryani,biryani,86,meals,vegetarian,2026-09-29 11:00:00,2026-09-29 16:00:00,refrigerated,URGENT,2026-09-29 10:20:00,SYNTHETIC_DEMO
DON-00817,REST-TG25-137,Rajanna Sircilla,Vegetable Pulao,pulao,91,meals,vegan,2026-09-26 17:00:00,2026-09-26 23:00:00,ambient,AT_RISK,2026-09-26 16:46:00,SYNTHETIC_DEMO
DON-00818,REST-TG26-057,Rangareddy,Fresh Bread,bread,80,meals,non_vegetarian,2026-09-27 07:00:00,2026-09-27 15:00:00,hot_holding,AVAILABLE,2026-09-27 06:49:00,SYNTHETIC_DEMO
DON-00819,REST-TG27-126,Sangareddy,Vegetable Pulao,pulao,37,meals,vegetarian,2026-09-27 11:00:00,2026-09-27 13:00:00,ambient,URGENT,2026-09-27 10:29:00,SYNTHETIC_DEMO
DON-00820,REST-TG28-119,Siddipet,Vegetable Biryani,biryani,75,meals,non_vegetarian,2026-09-29 05:00:00,2026-09-29 10:00:00,hot_holding,AT_RISK,2026-09-29 04:08:00,SYNTHETIC_DEMO
DON-00821,REST-TG29-046,Suryapet,Veg Sandwich,sandwich,22,meals,non_vegetarian,2026-09-29 07:00:00,2026-09-29 11:00:00,ambient,AT_RISK,2026-09-29 06:29:00,SYNTHETIC_DEMO
DON-00822,REST-TG30-035,Vikarabad,Mixed Vegetables,vegetables,86,meals,vegetarian,2026-09-26 19:00:00,2026-09-27 01:00:00,hot_holding,RESCUED,2026-09-26 18:02:00,SYNTHETIC_DEMO
DON-00823,REST-TG31-029,Wanaparthy,Veg Sandwich,sandwich,91,meals,vegetarian,2026-09-28 07:00:00,2026-09-28 10:00:00,refrigerated,AVAILABLE,2026-09-28 06:48:00,SYNTHETIC_DEMO
DON-00824,REST-TG32-130,Warangal,Vegetable Biryani,biryani,41,meals,vegetarian,2026-09-29 09:00:00,2026-09-29 11:00:00,refrigerated,RESCUED,2026-09-29 08:18:00,SYNTHETIC_DEMO
DON-00825,REST-TG33-131,Yadadri Bhuvanagiri,Mixed Vegetables,vegetables,99,meals,vegetarian,2026-10-03 17:00:00,2026-10-04 01:00:00,ambient,AVAILABLE,2026-10-03 16:23:00,SYNTHETIC_DEMO
DON-00826,REST-TG01-066,Adilabad,Bakery Items,bakery,65,meals,vegetarian,2026-10-02 10:00:00,2026-10-02 18:00:00,refrigerated,AT_RISK,2026-10-02 09:49:00,SYNTHETIC_DEMO
DON-00827,REST-TG02-020,Bhadradri Kothagudem,Vegetable Biryani,biryani,49,meals,vegetarian,2026-10-03 08:00:00,2026-10-03 11:00:00,refrigerated,URGENT,2026-10-03 07:25:00,SYNTHETIC_DEMO
DON-00828,REST-TG03-052,Hanumakonda,Vegetable Pulao,pulao,22,meals,egg,2026-09-28 19:00:00,2026-09-29 01:00:00,refrigerated,AVAILABLE,2026-09-28 18:46:00,SYNTHETIC_DEMO
DON-00829,REST-TG04-034,Hyderabad,Mixed Vegetables,vegetables,83,meals,vegetarian,2026-10-05 08:00:00,2026-10-05 14:00:00,refrigerated,RESCUED,2026-10-05 07:26:00,SYNTHETIC_DEMO
DON-00830,REST-TG05-070,Jagtial,Prepared Meal,cooked_meal,43,meals,non_vegetarian,2026-10-03 11:00:00,2026-10-03 14:00:00,hot_holding,URGENT,2026-10-03 10:34:00,SYNTHETIC_DEMO
DON-00831,REST-TG06-084,Jangaon,Prepared Meal,cooked_meal,53,meals,egg,2026-10-04 18:00:00,2026-10-05 00:00:00,ambient,URGENT,2026-10-04 17:26:00,SYNTHETIC_DEMO
DON-00832,REST-TG07-108,Jayashankar Bhupalpally,Veg Sandwich,sandwich,50,meals,egg,2026-10-03 00:00:00,2026-10-03 08:00:00,hot_holding,AVAILABLE,2026-10-02 23:13:00,SYNTHETIC_DEMO
DON-00833,REST-TG08-126,Jogulamba Gadwal,Prepared Meal,cooked_meal,52,meals,vegetarian,2026-10-06 05:00:00,2026-10-06 13:00:00,refrigerated,RESCUED,2026-10-06 04:18:00,SYNTHETIC_DEMO
DON-00834,REST-TG09-057,Kamareddy,Bakery Items,bakery,54,meals,vegetarian,2026-09-29 09:00:00,2026-09-29 15:00:00,hot_holding,AT_RISK,2026-09-29 08:14:00,SYNTHETIC_DEMO
DON-00835,REST-TG10-048,Karimnagar,Vegetable Biryani,biryani,69,meals,vegan,2026-10-01 01:00:00,2026-10-01 06:00:00,hot_holding,AT_RISK,2026-10-01 00:16:00,SYNTHETIC_DEMO
DON-00836,REST-TG11-082,Khammam,Mixed Vegetables,vegetables,80,meals,vegetarian,2026-10-04 13:00:00,2026-10-04 18:00:00,hot_holding,AT_RISK,2026-10-04 12:13:00,SYNTHETIC_DEMO
DON-00837,REST-TG12-075,Kumuram Bheem,Vegetable Biryani,biryani,15,meals,vegetarian,2026-10-05 06:00:00,2026-10-05 12:00:00,hot_holding,AVAILABLE,2026-10-05 05:10:00,SYNTHETIC_DEMO
DON-00838,REST-TG13-045,Mahabubabad,Prepared Meal,cooked_meal,76,meals,non_vegetarian,2026-10-01 19:00:00,2026-10-01 21:00:00,hot_holding,URGENT,2026-10-01 18:24:00,SYNTHETIC_DEMO
DON-00839,REST-TG14-079,Mahabubnagar,Bakery Items,bakery,51,meals,vegan,2026-09-28 21:00:00,2026-09-29 05:00:00,hot_holding,URGENT,2026-09-28 20:10:00,SYNTHETIC_DEMO
DON-00840,REST-TG15-047,Mancherial,Prepared Meal,cooked_meal,19,meals,vegan,2026-10-05 09:00:00,2026-10-05 15:00:00,refrigerated,AVAILABLE,2026-10-05 08:16:00,SYNTHETIC_DEMO
DON-00841,REST-TG16-141,Medak,Steamed Rice,rice,64,meals,vegetarian,2026-10-05 16:00:00,2026-10-05 19:00:00,refrigerated,RESCUED,2026-10-05 15:18:00,SYNTHETIC_DEMO
DON-00842,REST-TG17-064,Medchal-Malkajgiri,Veg Sandwich,sandwich,46,meals,egg,2026-10-02 06:00:00,2026-10-02 10:00:00,hot_holding,URGENT,2026-10-02 05:10:00,SYNTHETIC_DEMO
DON-00843,REST-TG18-146,Mulugu,Fresh Fruit,fruits,63,meals,vegetarian,2026-10-05 14:00:00,2026-10-05 22:00:00,ambient,AVAILABLE,2026-10-05 13:44:00,SYNTHETIC_DEMO
DON-00844,REST-TG19-072,Nagarkurnool,Steamed Rice,rice,34,meals,vegetarian,2026-10-04 03:00:00,2026-10-04 07:00:00,hot_holding,AT_RISK,2026-10-04 02:54:00,SYNTHETIC_DEMO
DON-00845,REST-TG20-092,Nalgonda,Steamed Rice,rice,97,meals,vegetarian,2026-09-27 15:00:00,2026-09-27 21:00:00,hot_holding,AT_RISK,2026-09-27 14:51:00,SYNTHETIC_DEMO
DON-00846,REST-TG21-109,Narayanpet,Vegetable Pulao,pulao,70,meals,vegetarian,2026-09-26 12:00:00,2026-09-26 16:00:00,ambient,AT_RISK,2026-09-26 11:23:00,SYNTHETIC_DEMO
DON-00847,REST-TG22-017,Nirmal,Fresh Bread,bread,65,meals,vegetarian,2026-10-06 01:00:00,2026-10-06 06:00:00,hot_holding,AVAILABLE,2026-10-06 00:05:00,SYNTHETIC_DEMO
DON-00848,REST-TG23-094,Nizamabad,Veg Sandwich,sandwich,35,meals,vegetarian,2026-09-29 07:00:00,2026-09-29 09:00:00,hot_holding,AT_RISK,2026-09-29 06:39:00,SYNTHETIC_DEMO
DON-00849,REST-TG24-080,Peddapalli,Fresh Fruit,fruits,93,meals,vegetarian,2026-10-06 07:00:00,2026-10-06 10:00:00,ambient,AVAILABLE,2026-10-06 06:38:00,SYNTHETIC_DEMO
DON-00850,REST-TG25-149,Rajanna Sircilla,Fresh Fruit,fruits,96,meals,vegetarian,2026-09-30 03:00:00,2026-09-30 05:00:00,refrigerated,AT_RISK,2026-09-30 02:16:00,SYNTHETIC_DEMO
DON-00851,REST-TG26-138,Rangareddy,Roti,roti,35,meals,vegetarian,2026-10-05 12:00:00,2026-10-05 14:00:00,hot_holding,URGENT,2026-10-05 11:05:00,SYNTHETIC_DEMO
DON-00852,REST-TG27-030,Sangareddy,Fresh Bread,bread,61,meals,vegetarian,2026-10-04 05:00:00,2026-10-04 08:00:00,hot_holding,AT_RISK,2026-10-04 04:33:00,SYNTHETIC_DEMO
DON-00853,REST-TG28-146,Siddipet,Vegetable Biryani,biryani,74,meals,vegetarian,2026-10-05 11:00:00,2026-10-05 15:00:00,refrigerated,RESCUED,2026-10-05 10:25:00,SYNTHETIC_DEMO
DON-00854,REST-TG29-058,Suryapet,Packaged Meals,packaged_food,95,meals,vegetarian,2026-10-03 19:00:00,2026-10-03 22:00:00,ambient,AVAILABLE,2026-10-03 18:17:00,SYNTHETIC_DEMO
DON-00855,REST-TG30-116,Vikarabad,Fresh Bread,bread,70,meals,vegetarian,2026-10-04 06:00:00,2026-10-04 09:00:00,hot_holding,AVAILABLE,2026-10-04 05:05:00,SYNTHETIC_DEMO
DON-00856,REST-TG31-030,Wanaparthy,Prepared Meal,cooked_meal,91,meals,egg,2026-10-01 05:00:00,2026-10-01 09:00:00,hot_holding,AT_RISK,2026-10-01 04:41:00,SYNTHETIC_DEMO
DON-00857,REST-TG32-040,Warangal,Prepared Meal,cooked_meal,89,meals,vegetarian,2026-09-30 07:00:00,2026-09-30 13:00:00,refrigerated,RESCUED,2026-09-30 06:41:00,SYNTHETIC_DEMO
DON-00858,REST-TG33-038,Yadadri Bhuvanagiri,Prepared Meal,cooked_meal,73,meals,egg,2026-09-29 03:00:00,2026-09-29 11:00:00,refrigerated,RESCUED,2026-09-29 02:19:00,SYNTHETIC_DEMO
DON-00859,REST-TG01-052,Adilabad,Mixed Vegetables,vegetables,31,meals,vegan,2026-10-04 10:00:00,2026-10-04 18:00:00,hot_holding,AVAILABLE,2026-10-04 09:22:00,SYNTHETIC_DEMO
DON-00860,REST-TG02-137,Bhadradri Kothagudem,Dal,dal,25,meals,vegan,2026-09-28 03:00:00,2026-09-28 07:00:00,hot_holding,URGENT,2026-09-28 02:12:00,SYNTHETIC_DEMO
DON-00861,REST-TG03-088,Hanumakonda,Fresh Fruit,fruits,42,meals,non_vegetarian,2026-10-03 21:00:00,2026-10-04 01:00:00,ambient,URGENT,2026-10-03 20:53:00,SYNTHETIC_DEMO
DON-00862,REST-TG04-015,Hyderabad,Fresh Fruit,fruits,47,meals,egg,2026-09-30 11:00:00,2026-09-30 17:00:00,refrigerated,AT_RISK,2026-09-30 10:46:00,SYNTHETIC_DEMO
DON-00863,REST-TG05-068,Jagtial,Packaged Meals,packaged_food,96,meals,egg,2026-09-26 22:00:00,2026-09-27 02:00:00,refrigerated,AT_RISK,2026-09-26 21:14:00,SYNTHETIC_DEMO
DON-00864,REST-TG06-049,Jangaon,Vegetable Biryani,biryani,49,meals,egg,2026-09-26 12:00:00,2026-09-26 18:00:00,hot_holding,AVAILABLE,2026-09-26 11:19:00,SYNTHETIC_DEMO
DON-00865,REST-TG07-142,Jayashankar Bhupalpally,Steamed Rice,rice,15,meals,vegetarian,2026-09-27 10:00:00,2026-09-27 16:00:00,refrigerated,AT_RISK,2026-09-27 09:15:00,SYNTHETIC_DEMO
DON-00866,REST-TG08-033,Jogulamba Gadwal,Vegetable Biryani,biryani,80,meals,vegetarian,2026-09-27 21:00:00,2026-09-28 05:00:00,refrigerated,AVAILABLE,2026-09-27 20:02:00,SYNTHETIC_DEMO
DON-00867,REST-TG09-072,Kamareddy,Fresh Fruit,fruits,94,meals,vegetarian,2026-10-05 14:00:00,2026-10-05 17:00:00,hot_holding,URGENT,2026-10-05 13:10:00,SYNTHETIC_DEMO
DON-00868,REST-TG10-084,Karimnagar,Roti,roti,59,meals,egg,2026-09-29 06:00:00,2026-09-29 11:00:00,refrigerated,AVAILABLE,2026-09-29 05:44:00,SYNTHETIC_DEMO
DON-00869,REST-TG11-025,Khammam,Vegetable Biryani,biryani,79,meals,egg,2026-09-28 11:00:00,2026-09-28 19:00:00,ambient,URGENT,2026-09-28 10:33:00,SYNTHETIC_DEMO
DON-00870,REST-TG12-068,Kumuram Bheem,Fresh Fruit,fruits,40,meals,vegetarian,2026-09-27 01:00:00,2026-09-27 09:00:00,ambient,RESCUED,2026-09-27 00:10:00,SYNTHETIC_DEMO
DON-00871,REST-TG13-126,Mahabubabad,Packaged Meals,packaged_food,25,meals,non_vegetarian,2026-09-28 06:00:00,2026-09-28 12:00:00,hot_holding,AT_RISK,2026-09-28 05:37:00,SYNTHETIC_DEMO
DON-00872,REST-TG14-094,Mahabubnagar,Fresh Bread,bread,48,meals,vegetarian,2026-10-05 16:00:00,2026-10-05 20:00:00,refrigerated,AT_RISK,2026-10-05 15:10:00,SYNTHETIC_DEMO
DON-00873,REST-TG15-009,Mancherial,Fresh Fruit,fruits,33,meals,vegetarian,2026-10-03 02:00:00,2026-10-03 06:00:00,ambient,RESCUED,2026-10-03 01:12:00,SYNTHETIC_DEMO
DON-00874,REST-TG16-027,Medak,Roti,roti,49,meals,vegan,2026-09-30 11:00:00,2026-09-30 15:00:00,ambient,AT_RISK,2026-09-30 10:21:00,SYNTHETIC_DEMO
DON-00875,REST-TG17-091,Medchal-Malkajgiri,Steamed Rice,rice,15,meals,non_vegetarian,2026-10-06 01:00:00,2026-10-06 06:00:00,refrigerated,AVAILABLE,2026-10-06 00:21:00,SYNTHETIC_DEMO
DON-00876,REST-TG18-129,Mulugu,Vegetable Pulao,pulao,30,meals,vegetarian,2026-09-30 14:00:00,2026-09-30 18:00:00,ambient,RESCUED,2026-09-30 13:52:00,SYNTHETIC_DEMO
DON-00877,REST-TG19-050,Nagarkurnool,Fresh Bread,bread,89,meals,non_vegetarian,2026-10-05 07:00:00,2026-10-05 10:00:00,hot_holding,AT_RISK,2026-10-05 06:31:00,SYNTHETIC_DEMO
DON-00878,REST-TG20-118,Nalgonda,Packaged Meals,packaged_food,96,meals,non_vegetarian,2026-09-27 12:00:00,2026-09-27 16:00:00,refrigerated,AVAILABLE,2026-09-27 11:44:00,SYNTHETIC_DEMO
DON-00879,REST-TG21-132,Narayanpet,Dal,dal,56,meals,vegetarian,2026-09-28 06:00:00,2026-09-28 09:00:00,refrigerated,URGENT,2026-09-28 05:43:00,SYNTHETIC_DEMO
DON-00880,REST-TG22-117,Nirmal,Fresh Bread,bread,92,meals,vegetarian,2026-09-28 03:00:00,2026-09-28 09:00:00,refrigerated,AVAILABLE,2026-09-28 02:22:00,SYNTHETIC_DEMO
DON-00881,REST-TG23-103,Nizamabad,Roti,roti,73,meals,vegetarian,2026-10-01 15:00:00,2026-10-01 20:00:00,ambient,AVAILABLE,2026-10-01 14:38:00,SYNTHETIC_DEMO
DON-00882,REST-TG24-145,Peddapalli,Roti,roti,37,meals,egg,2026-10-02 12:00:00,2026-10-02 17:00:00,ambient,AT_RISK,2026-10-02 11:20:00,SYNTHETIC_DEMO
DON-00883,REST-TG25-013,Rajanna Sircilla,Prepared Meal,cooked_meal,91,meals,vegetarian,2026-10-02 16:00:00,2026-10-02 20:00:00,hot_holding,AVAILABLE,2026-10-02 15:38:00,SYNTHETIC_DEMO
DON-00884,REST-TG26-089,Rangareddy,Packaged Meals,packaged_food,98,meals,vegan,2026-10-03 07:00:00,2026-10-03 12:00:00,ambient,RESCUED,2026-10-03 06:38:00,SYNTHETIC_DEMO
DON-00885,REST-TG27-123,Sangareddy,Roti,roti,10,meals,non_vegetarian,2026-10-01 07:00:00,2026-10-01 12:00:00,ambient,AT_RISK,2026-10-01 06:37:00,SYNTHETIC_DEMO
DON-00886,REST-TG28-092,Siddipet,Mixed Vegetables,vegetables,40,meals,vegetarian,2026-09-28 13:00:00,2026-09-28 19:00:00,hot_holding,AT_RISK,2026-09-28 12:16:00,SYNTHETIC_DEMO
DON-00887,REST-TG29-092,Suryapet,Steamed Rice,rice,22,meals,non_vegetarian,2026-10-03 22:00:00,2026-10-04 04:00:00,refrigerated,AVAILABLE,2026-10-03 21:00:00,SYNTHETIC_DEMO
DON-00888,REST-TG30-081,Vikarabad,Vegetable Biryani,biryani,36,meals,vegetarian,2026-10-04 02:00:00,2026-10-04 06:00:00,ambient,AVAILABLE,2026-10-04 01:45:00,SYNTHETIC_DEMO
DON-00889,REST-TG31-132,Wanaparthy,Veg Sandwich,sandwich,36,meals,non_vegetarian,2026-09-27 08:00:00,2026-09-27 14:00:00,refrigerated,AVAILABLE,2026-09-27 07:02:00,SYNTHETIC_DEMO
DON-00890,REST-TG32-091,Warangal,Vegetable Biryani,biryani,18,meals,vegetarian,2026-10-02 01:00:00,2026-10-02 03:00:00,hot_holding,AVAILABLE,2026-10-02 00:28:00,SYNTHETIC_DEMO
DON-00891,REST-TG33-144,Yadadri Bhuvanagiri,Mixed Vegetables,vegetables,73,meals,vegetarian,2026-10-04 15:00:00,2026-10-04 20:00:00,ambient,RESCUED,2026-10-04 14:09:00,SYNTHETIC_DEMO
DON-00892,REST-TG01-111,Adilabad,Packaged Meals,packaged_food,89,meals,vegetarian,2026-10-05 01:00:00,2026-10-05 07:00:00,ambient,AVAILABLE,2026-10-05 00:52:00,SYNTHETIC_DEMO
DON-00893,REST-TG02-117,Bhadradri Kothagudem,Packaged Meals,packaged_food,55,meals,vegan,2026-09-28 13:00:00,2026-09-28 15:00:00,refrigerated,URGENT,2026-09-28 12:33:00,SYNTHETIC_DEMO
DON-00894,REST-TG03-062,Hanumakonda,Roti,roti,35,meals,vegan,2026-09-27 11:00:00,2026-09-27 19:00:00,ambient,RESCUED,2026-09-27 10:15:00,SYNTHETIC_DEMO
DON-00895,REST-TG04-083,Hyderabad,Vegetable Biryani,biryani,63,meals,vegan,2026-09-26 10:00:00,2026-09-26 15:00:00,refrigerated,RESCUED,2026-09-26 09:45:00,SYNTHETIC_DEMO
DON-00896,REST-TG05-027,Jagtial,Dal,dal,41,meals,vegetarian,2026-10-04 22:00:00,2026-10-05 02:00:00,refrigerated,RESCUED,2026-10-04 21:49:00,SYNTHETIC_DEMO
DON-00897,REST-TG06-058,Jangaon,Fresh Fruit,fruits,61,meals,vegetarian,2026-10-02 17:00:00,2026-10-02 23:00:00,refrigerated,URGENT,2026-10-02 16:40:00,SYNTHETIC_DEMO
DON-00898,REST-TG07-100,Jayashankar Bhupalpally,Packaged Meals,packaged_food,100,meals,non_vegetarian,2026-09-26 16:00:00,2026-09-27 00:00:00,ambient,AVAILABLE,2026-09-26 15:21:00,SYNTHETIC_DEMO
DON-00899,REST-TG08-135,Jogulamba Gadwal,Fresh Bread,bread,61,meals,non_vegetarian,2026-10-04 02:00:00,2026-10-04 04:00:00,ambient,AT_RISK,2026-10-04 01:02:00,SYNTHETIC_DEMO
DON-00900,REST-TG09-060,Kamareddy,Vegetable Pulao,pulao,42,meals,vegetarian,2026-10-01 16:00:00,2026-10-01 19:00:00,ambient,AT_RISK,2026-10-01 15:15:00,SYNTHETIC_DEMO
DON-00901,REST-TG10-088,Karimnagar,Veg Sandwich,sandwich,12,meals,non_vegetarian,2026-09-30 02:00:00,2026-09-30 07:00:00,hot_holding,RESCUED,2026-09-30 01:12:00,SYNTHETIC_DEMO
DON-00902,REST-TG11-117,Khammam,Vegetable Pulao,pulao,48,meals,vegetarian,2026-10-01 11:00:00,2026-10-01 13:00:00,ambient,AVAILABLE,2026-10-01 10:38:00,SYNTHETIC_DEMO
DON-00903,REST-TG12-103,Kumuram Bheem,Vegetable Biryani,biryani,86,meals,vegetarian,2026-09-28 23:00:00,2026-09-29 07:00:00,refrigerated,AT_RISK,2026-09-28 22:25:00,SYNTHETIC_DEMO
DON-00904,REST-TG13-136,Mahabubabad,Roti,roti,65,meals,vegan,2026-10-03 12:00:00,2026-10-03 16:00:00,ambient,AVAILABLE,2026-10-03 11:34:00,SYNTHETIC_DEMO
DON-00905,REST-TG14-045,Mahabubnagar,Vegetable Biryani,biryani,61,meals,vegetarian,2026-10-05 11:00:00,2026-10-05 17:00:00,ambient,AVAILABLE,2026-10-05 10:23:00,SYNTHETIC_DEMO
DON-00906,REST-TG15-067,Mancherial,Dal,dal,37,meals,vegetarian,2026-09-27 21:00:00,2026-09-28 03:00:00,hot_holding,URGENT,2026-09-27 20:23:00,SYNTHETIC_DEMO
DON-00907,REST-TG16-016,Medak,Packaged Meals,packaged_food,53,meals,non_vegetarian,2026-09-27 19:00:00,2026-09-27 21:00:00,ambient,AVAILABLE,2026-09-27 18:28:00,SYNTHETIC_DEMO
DON-00908,REST-TG17-094,Medchal-Malkajgiri,Roti,roti,100,meals,egg,2026-09-30 23:00:00,2026-10-01 05:00:00,ambient,AT_RISK,2026-09-30 22:27:00,SYNTHETIC_DEMO
DON-00909,REST-TG18-011,Mulugu,Roti,roti,12,meals,vegetarian,2026-10-03 11:00:00,2026-10-03 17:00:00,ambient,AT_RISK,2026-10-03 10:03:00,SYNTHETIC_DEMO
DON-00910,REST-TG19-022,Nagarkurnool,Fresh Bread,bread,23,meals,vegetarian,2026-10-04 11:00:00,2026-10-04 19:00:00,hot_holding,AT_RISK,2026-10-04 10:45:00,SYNTHETIC_DEMO
DON-00911,REST-TG20-009,Nalgonda,Vegetable Biryani,biryani,19,meals,vegetarian,2026-09-29 09:00:00,2026-09-29 12:00:00,ambient,RESCUED,2026-09-29 08:22:00,SYNTHETIC_DEMO
DON-00912,REST-TG21-004,Narayanpet,Steamed Rice,rice,36,meals,vegetarian,2026-09-26 22:00:00,2026-09-27 02:00:00,refrigerated,AT_RISK,2026-09-26 21:43:00,SYNTHETIC_DEMO
DON-00913,REST-TG22-109,Nirmal,Veg Sandwich,sandwich,37,meals,non_vegetarian,2026-10-05 16:00:00,2026-10-05 21:00:00,refrigerated,AVAILABLE,2026-10-05 15:50:00,SYNTHETIC_DEMO
DON-00914,REST-TG23-019,Nizamabad,Veg Sandwich,sandwich,34,meals,vegetarian,2026-09-27 01:00:00,2026-09-27 06:00:00,hot_holding,AT_RISK,2026-09-27 00:02:00,SYNTHETIC_DEMO
DON-00915,REST-TG24-028,Peddapalli,Vegetable Pulao,pulao,77,meals,vegan,2026-09-27 09:00:00,2026-09-27 12:00:00,ambient,AT_RISK,2026-09-27 08:21:00,SYNTHETIC_DEMO
DON-00916,REST-TG25-066,Rajanna Sircilla,Packaged Meals,packaged_food,14,meals,vegetarian,2026-09-29 10:00:00,2026-09-29 15:00:00,hot_holding,RESCUED,2026-09-29 09:48:00,SYNTHETIC_DEMO
DON-00917,REST-TG26-012,Rangareddy,Fresh Bread,bread,96,meals,non_vegetarian,2026-09-28 05:00:00,2026-09-28 11:00:00,refrigerated,AVAILABLE,2026-09-28 04:07:00,SYNTHETIC_DEMO
DON-00918,REST-TG27-096,Sangareddy,Steamed Rice,rice,21,meals,non_vegetarian,2026-10-05 18:00:00,2026-10-06 00:00:00,ambient,AVAILABLE,2026-10-05 17:55:00,SYNTHETIC_DEMO
DON-00919,REST-TG28-009,Siddipet,Vegetable Biryani,biryani,79,meals,vegetarian,2026-10-02 09:00:00,2026-10-02 17:00:00,hot_holding,AVAILABLE,2026-10-02 08:42:00,SYNTHETIC_DEMO
DON-00920,REST-TG29-109,Suryapet,Mixed Vegetables,vegetables,57,meals,vegetarian,2026-09-28 18:00:00,2026-09-28 22:00:00,hot_holding,AVAILABLE,2026-09-28 17:42:00,SYNTHETIC_DEMO
DON-00921,REST-TG30-074,Vikarabad,Veg Sandwich,sandwich,58,meals,non_vegetarian,2026-09-27 09:00:00,2026-09-27 15:00:00,refrigerated,AVAILABLE,2026-09-27 08:09:00,SYNTHETIC_DEMO
DON-00922,REST-TG31-041,Wanaparthy,Fresh Bread,bread,29,meals,vegetarian,2026-09-29 15:00:00,2026-09-29 18:00:00,ambient,AT_RISK,2026-09-29 14:44:00,SYNTHETIC_DEMO
DON-00923,REST-TG32-023,Warangal,Packaged Meals,packaged_food,67,meals,vegetarian,2026-10-04 01:00:00,2026-10-04 09:00:00,hot_holding,RESCUED,2026-10-04 00:21:00,SYNTHETIC_DEMO
DON-00924,REST-TG33-116,Yadadri Bhuvanagiri,Vegetable Pulao,pulao,55,meals,vegetarian,2026-09-28 16:00:00,2026-09-28 21:00:00,ambient,AT_RISK,2026-09-28 15:12:00,SYNTHETIC_DEMO
DON-00925,REST-TG01-108,Adilabad,Vegetable Pulao,pulao,88,meals,non_vegetarian,2026-09-27 09:00:00,2026-09-27 12:00:00,hot_holding,RESCUED,2026-09-27 08:43:00,SYNTHETIC_DEMO
DON-00926,REST-TG02-116,Bhadradri Kothagudem,Prepared Meal,cooked_meal,15,meals,vegetarian,2026-10-01 13:00:00,2026-10-01 19:00:00,ambient,RESCUED,2026-10-01 12:42:00,SYNTHETIC_DEMO
DON-00927,REST-TG03-118,Hanumakonda,Packaged Meals,packaged_food,97,meals,vegetarian,2026-10-05 00:00:00,2026-10-05 02:00:00,ambient,AVAILABLE,2026-10-04 23:13:00,SYNTHETIC_DEMO
DON-00928,REST-TG04-016,Hyderabad,Mixed Vegetables,vegetables,58,meals,vegetarian,2026-09-26 13:00:00,2026-09-26 21:00:00,ambient,AT_RISK,2026-09-26 12:35:00,SYNTHETIC_DEMO
DON-00929,REST-TG05-111,Jagtial,Mixed Vegetables,vegetables,71,meals,vegetarian,2026-10-06 01:00:00,2026-10-06 04:00:00,hot_holding,URGENT,2026-10-06 00:10:00,SYNTHETIC_DEMO
DON-00930,REST-TG06-050,Jangaon,Vegetable Pulao,pulao,69,meals,vegan,2026-10-05 14:00:00,2026-10-05 17:00:00,hot_holding,AT_RISK,2026-10-05 13:03:00,SYNTHETIC_DEMO
DON-00931,REST-TG07-118,Jayashankar Bhupalpally,Steamed Rice,rice,83,meals,vegetarian,2026-10-05 23:00:00,2026-10-06 05:00:00,ambient,AVAILABLE,2026-10-05 22:26:00,SYNTHETIC_DEMO
DON-00932,REST-TG08-108,Jogulamba Gadwal,Roti,roti,80,meals,vegetarian,2026-10-02 20:00:00,2026-10-02 22:00:00,ambient,AT_RISK,2026-10-02 19:34:00,SYNTHETIC_DEMO
DON-00933,REST-TG09-054,Kamareddy,Fresh Fruit,fruits,22,meals,non_vegetarian,2026-10-02 13:00:00,2026-10-02 21:00:00,ambient,RESCUED,2026-10-02 12:21:00,SYNTHETIC_DEMO
DON-00934,REST-TG10-019,Karimnagar,Packaged Meals,packaged_food,99,meals,vegan,2026-09-27 08:00:00,2026-09-27 13:00:00,hot_holding,RESCUED,2026-09-27 07:03:00,SYNTHETIC_DEMO
DON-00935,REST-TG11-140,Khammam,Bakery Items,bakery,98,meals,vegetarian,2026-09-27 23:00:00,2026-09-28 07:00:00,refrigerated,AVAILABLE,2026-09-27 22:32:00,SYNTHETIC_DEMO
DON-00936,REST-TG12-123,Kumuram Bheem,Vegetable Pulao,pulao,54,meals,vegetarian,2026-09-29 04:00:00,2026-09-29 12:00:00,refrigerated,AT_RISK,2026-09-29 03:53:00,SYNTHETIC_DEMO
DON-00937,REST-TG13-114,Mahabubabad,Bakery Items,bakery,10,meals,egg,2026-10-06 05:00:00,2026-10-06 13:00:00,hot_holding,AT_RISK,2026-10-06 04:50:00,SYNTHETIC_DEMO
DON-00938,REST-TG14-149,Mahabubnagar,Vegetable Pulao,pulao,40,meals,vegetarian,2026-10-02 11:00:00,2026-10-02 16:00:00,ambient,AVAILABLE,2026-10-02 10:05:00,SYNTHETIC_DEMO
DON-00939,REST-TG15-020,Mancherial,Vegetable Pulao,pulao,56,meals,egg,2026-09-29 09:00:00,2026-09-29 15:00:00,refrigerated,AT_RISK,2026-09-29 08:09:00,SYNTHETIC_DEMO
DON-00940,REST-TG16-133,Medak,Veg Sandwich,sandwich,80,meals,vegetarian,2026-09-30 08:00:00,2026-09-30 12:00:00,hot_holding,AVAILABLE,2026-09-30 07:32:00,SYNTHETIC_DEMO
DON-00941,REST-TG17-142,Medchal-Malkajgiri,Veg Sandwich,sandwich,30,meals,vegetarian,2026-09-30 15:00:00,2026-09-30 18:00:00,hot_holding,AT_RISK,2026-09-30 14:23:00,SYNTHETIC_DEMO
DON-00942,REST-TG18-041,Mulugu,Prepared Meal,cooked_meal,75,meals,non_vegetarian,2026-09-29 17:00:00,2026-09-30 01:00:00,ambient,AT_RISK,2026-09-29 16:05:00,SYNTHETIC_DEMO
DON-00943,REST-TG19-039,Nagarkurnool,Vegetable Biryani,biryani,46,meals,vegan,2026-09-29 15:00:00,2026-09-29 17:00:00,hot_holding,AVAILABLE,2026-09-29 14:12:00,SYNTHETIC_DEMO
DON-00944,REST-TG20-063,Nalgonda,Packaged Meals,packaged_food,87,meals,non_vegetarian,2026-10-02 07:00:00,2026-10-02 12:00:00,refrigerated,AT_RISK,2026-10-02 06:36:00,SYNTHETIC_DEMO
DON-00945,REST-TG21-028,Narayanpet,Steamed Rice,rice,83,meals,vegetarian,2026-10-03 23:00:00,2026-10-04 01:00:00,hot_holding,AT_RISK,2026-10-03 22:06:00,SYNTHETIC_DEMO
DON-00946,REST-TG22-112,Nirmal,Vegetable Biryani,biryani,49,meals,vegan,2026-10-06 00:00:00,2026-10-06 06:00:00,hot_holding,AT_RISK,2026-10-05 23:12:00,SYNTHETIC_DEMO
DON-00947,REST-TG23-128,Nizamabad,Bakery Items,bakery,80,meals,vegetarian,2026-09-26 16:00:00,2026-09-27 00:00:00,hot_holding,AT_RISK,2026-09-26 15:16:00,SYNTHETIC_DEMO
DON-00948,REST-TG24-061,Peddapalli,Vegetable Pulao,pulao,29,meals,vegan,2026-09-28 16:00:00,2026-09-28 21:00:00,ambient,RESCUED,2026-09-28 15:23:00,SYNTHETIC_DEMO
DON-00949,REST-TG25-116,Rajanna Sircilla,Mixed Vegetables,vegetables,60,meals,non_vegetarian,2026-09-30 10:00:00,2026-09-30 18:00:00,ambient,RESCUED,2026-09-30 09:26:00,SYNTHETIC_DEMO
DON-00950,REST-TG26-141,Rangareddy,Prepared Meal,cooked_meal,30,meals,vegetarian,2026-10-05 22:00:00,2026-10-06 04:00:00,refrigerated,AVAILABLE,2026-10-05 21:20:00,SYNTHETIC_DEMO
DON-00951,REST-TG27-137,Sangareddy,Vegetable Pulao,pulao,45,meals,vegetarian,2026-10-04 21:00:00,2026-10-05 02:00:00,refrigerated,AVAILABLE,2026-10-04 20:46:00,SYNTHETIC_DEMO
DON-00952,REST-TG28-050,Siddipet,Fresh Fruit,fruits,13,meals,vegetarian,2026-09-30 08:00:00,2026-09-30 16:00:00,hot_holding,AVAILABLE,2026-09-30 07:05:00,SYNTHETIC_DEMO
DON-00953,REST-TG29-068,Suryapet,Veg Sandwich,sandwich,21,meals,vegetarian,2026-10-01 22:00:00,2026-10-02 04:00:00,refrigerated,AT_RISK,2026-10-01 21:18:00,SYNTHETIC_DEMO
DON-00954,REST-TG30-063,Vikarabad,Steamed Rice,rice,46,meals,non_vegetarian,2026-09-26 22:00:00,2026-09-27 02:00:00,ambient,AVAILABLE,2026-09-26 21:47:00,SYNTHETIC_DEMO
DON-00955,REST-TG31-013,Wanaparthy,Vegetable Biryani,biryani,14,meals,vegetarian,2026-09-27 03:00:00,2026-09-27 06:00:00,refrigerated,AVAILABLE,2026-09-27 02:49:00,SYNTHETIC_DEMO
DON-00956,REST-TG32-008,Warangal,Vegetable Biryani,biryani,41,meals,non_vegetarian,2026-10-01 21:00:00,2026-10-02 00:00:00,hot_holding,AT_RISK,2026-10-01 20:31:00,SYNTHETIC_DEMO
DON-00957,REST-TG33-061,Yadadri Bhuvanagiri,Fresh Bread,bread,20,meals,non_vegetarian,2026-09-30 12:00:00,2026-09-30 17:00:00,refrigerated,AVAILABLE,2026-09-30 11:37:00,SYNTHETIC_DEMO
DON-00958,REST-TG01-048,Adilabad,Veg Sandwich,sandwich,86,meals,vegetarian,2026-10-05 21:00:00,2026-10-06 01:00:00,refrigerated,URGENT,2026-10-05 20:17:00,SYNTHETIC_DEMO
DON-00959,REST-TG02-030,Bhadradri Kothagudem,Dal,dal,68,meals,vegetarian,2026-09-28 06:00:00,2026-09-28 11:00:00,hot_holding,AT_RISK,2026-09-28 05:06:00,SYNTHETIC_DEMO
DON-00960,REST-TG03-131,Hanumakonda,Vegetable Pulao,pulao,50,meals,vegetarian,2026-09-28 01:00:00,2026-09-28 07:00:00,refrigerated,AT_RISK,2026-09-28 00:06:00,SYNTHETIC_DEMO
DON-00961,REST-TG04-007,Hyderabad,Vegetable Biryani,biryani,94,meals,vegetarian,2026-10-05 19:00:00,2026-10-06 01:00:00,hot_holding,AVAILABLE,2026-10-05 18:16:00,SYNTHETIC_DEMO
DON-00962,REST-TG05-109,Jagtial,Packaged Meals,packaged_food,88,meals,vegetarian,2026-10-01 14:00:00,2026-10-01 16:00:00,hot_holding,AT_RISK,2026-10-01 13:18:00,SYNTHETIC_DEMO
DON-00963,REST-TG06-131,Jangaon,Roti,roti,24,meals,vegetarian,2026-10-02 11:00:00,2026-10-02 19:00:00,hot_holding,AT_RISK,2026-10-02 10:11:00,SYNTHETIC_DEMO
DON-00964,REST-TG07-078,Jayashankar Bhupalpally,Mixed Vegetables,vegetables,71,meals,vegetarian,2026-09-26 22:00:00,2026-09-27 02:00:00,ambient,AT_RISK,2026-09-26 21:39:00,SYNTHETIC_DEMO
DON-00965,REST-TG08-143,Jogulamba Gadwal,Veg Sandwich,sandwich,43,meals,vegetarian,2026-09-27 16:00:00,2026-09-27 20:00:00,hot_holding,URGENT,2026-09-27 15:18:00,SYNTHETIC_DEMO
DON-00966,REST-TG09-128,Kamareddy,Veg Sandwich,sandwich,17,meals,egg,2026-10-05 08:00:00,2026-10-05 10:00:00,refrigerated,AT_RISK,2026-10-05 07:38:00,SYNTHETIC_DEMO
DON-00967,REST-TG10-034,Karimnagar,Steamed Rice,rice,98,meals,vegetarian,2026-09-29 21:00:00,2026-09-29 23:00:00,hot_holding,URGENT,2026-09-29 20:39:00,SYNTHETIC_DEMO
DON-00968,REST-TG11-118,Khammam,Fresh Bread,bread,30,meals,non_vegetarian,2026-10-01 22:00:00,2026-10-02 01:00:00,hot_holding,AVAILABLE,2026-10-01 21:27:00,SYNTHETIC_DEMO
DON-00969,REST-TG12-116,Kumuram Bheem,Roti,roti,39,meals,vegetarian,2026-09-29 23:00:00,2026-09-30 03:00:00,refrigerated,AT_RISK,2026-09-29 22:15:00,SYNTHETIC_DEMO
DON-00970,REST-TG13-078,Mahabubabad,Steamed Rice,rice,21,meals,vegetarian,2026-09-26 14:00:00,2026-09-26 20:00:00,ambient,AVAILABLE,2026-09-26 13:49:00,SYNTHETIC_DEMO
DON-00971,REST-TG14-021,Mahabubnagar,Fresh Fruit,fruits,41,meals,non_vegetarian,2026-10-03 05:00:00,2026-10-03 10:00:00,ambient,AT_RISK,2026-10-03 04:10:00,SYNTHETIC_DEMO
DON-00972,REST-TG15-132,Mancherial,Vegetable Biryani,biryani,58,meals,vegetarian,2026-09-26 11:00:00,2026-09-26 13:00:00,ambient,AVAILABLE,2026-09-26 10:13:00,SYNTHETIC_DEMO
DON-00973,REST-TG16-122,Medak,Vegetable Biryani,biryani,94,meals,non_vegetarian,2026-09-28 03:00:00,2026-09-28 09:00:00,hot_holding,AT_RISK,2026-09-28 02:23:00,SYNTHETIC_DEMO
DON-00974,REST-TG17-064,Medchal-Malkajgiri,Dal,dal,81,meals,vegetarian,2026-09-26 10:00:00,2026-09-26 12:00:00,refrigerated,RESCUED,2026-09-26 09:16:00,SYNTHETIC_DEMO
DON-00975,REST-TG18-051,Mulugu,Vegetable Pulao,pulao,56,meals,vegetarian,2026-10-04 09:00:00,2026-10-04 17:00:00,hot_holding,RESCUED,2026-10-04 08:16:00,SYNTHETIC_DEMO
DON-00976,REST-TG19-126,Nagarkurnool,Vegetable Biryani,biryani,11,meals,vegan,2026-10-05 12:00:00,2026-10-05 20:00:00,ambient,AT_RISK,2026-10-05 11:07:00,SYNTHETIC_DEMO
DON-00977,REST-TG20-055,Nalgonda,Fresh Fruit,fruits,55,meals,vegetarian,2026-09-26 23:00:00,2026-09-27 02:00:00,refrigerated,AVAILABLE,2026-09-26 22:36:00,SYNTHETIC_DEMO
DON-00978,REST-TG21-047,Narayanpet,Prepared Meal,cooked_meal,63,meals,vegan,2026-09-30 09:00:00,2026-09-30 14:00:00,ambient,AVAILABLE,2026-09-30 08:21:00,SYNTHETIC_DEMO
DON-00979,REST-TG22-027,Nirmal,Prepared Meal,cooked_meal,32,meals,non_vegetarian,2026-09-26 12:00:00,2026-09-26 15:00:00,ambient,URGENT,2026-09-26 11:43:00,SYNTHETIC_DEMO
DON-00980,REST-TG23-054,Nizamabad,Steamed Rice,rice,20,meals,vegetarian,2026-10-04 20:00:00,2026-10-05 02:00:00,ambient,AT_RISK,2026-10-04 19:27:00,SYNTHETIC_DEMO
DON-00981,REST-TG24-122,Peddapalli,Vegetable Pulao,pulao,32,meals,non_vegetarian,2026-10-02 18:00:00,2026-10-03 00:00:00,refrigerated,AT_RISK,2026-10-02 17:15:00,SYNTHETIC_DEMO
DON-00982,REST-TG25-141,Rajanna Sircilla,Fresh Bread,bread,18,meals,non_vegetarian,2026-09-29 23:00:00,2026-09-30 01:00:00,hot_holding,URGENT,2026-09-29 22:34:00,SYNTHETIC_DEMO
DON-00983,REST-TG26-056,Rangareddy,Mixed Vegetables,vegetables,69,meals,vegetarian,2026-10-01 13:00:00,2026-10-01 19:00:00,hot_holding,RESCUED,2026-10-01 12:29:00,SYNTHETIC_DEMO
DON-00984,REST-TG27-038,Sangareddy,Steamed Rice,rice,85,meals,vegan,2026-09-27 07:00:00,2026-09-27 11:00:00,hot_holding,AT_RISK,2026-09-27 06:30:00,SYNTHETIC_DEMO
DON-00985,REST-TG28-009,Siddipet,Packaged Meals,packaged_food,98,meals,non_vegetarian,2026-09-28 19:00:00,2026-09-28 21:00:00,hot_holding,AT_RISK,2026-09-28 18:45:00,SYNTHETIC_DEMO
DON-00986,REST-TG29-111,Suryapet,Veg Sandwich,sandwich,69,meals,non_vegetarian,2026-10-05 11:00:00,2026-10-05 15:00:00,ambient,AT_RISK,2026-10-05 10:08:00,SYNTHETIC_DEMO
DON-00987,REST-TG30-124,Vikarabad,Prepared Meal,cooked_meal,23,meals,vegetarian,2026-10-02 03:00:00,2026-10-02 08:00:00,refrigerated,RESCUED,2026-10-02 02:08:00,SYNTHETIC_DEMO
DON-00988,REST-TG31-070,Wanaparthy,Mixed Vegetables,vegetables,18,meals,vegetarian,2026-10-01 13:00:00,2026-10-01 16:00:00,hot_holding,AT_RISK,2026-10-01 12:12:00,SYNTHETIC_DEMO
DON-00989,REST-TG32-117,Warangal,Vegetable Biryani,biryani,30,meals,vegetarian,2026-10-03 03:00:00,2026-10-03 07:00:00,ambient,URGENT,2026-10-03 02:28:00,SYNTHETIC_DEMO
DON-00990,REST-TG33-071,Yadadri Bhuvanagiri,Prepared Meal,cooked_meal,59,meals,vegetarian,2026-09-29 00:00:00,2026-09-29 06:00:00,hot_holding,AT_RISK,2026-09-28 23:52:00,SYNTHETIC_DEMO
DON-00991,REST-TG01-034,Adilabad,Bakery Items,bakery,14,meals,vegetarian,2026-09-27 16:00:00,2026-09-28 00:00:00,ambient,AT_RISK,2026-09-27 15:38:00,SYNTHETIC_DEMO
DON-00992,REST-TG02-144,Bhadradri Kothagudem,Dal,dal,41,meals,vegetarian,2026-09-29 12:00:00,2026-09-29 14:00:00,ambient,URGENT,2026-09-29 11:12:00,SYNTHETIC_DEMO
DON-00993,REST-TG03-130,Hanumakonda,Steamed Rice,rice,37,meals,vegetarian,2026-10-01 13:00:00,2026-10-01 15:00:00,ambient,AT_RISK,2026-10-01 12:22:00,SYNTHETIC_DEMO
DON-00994,REST-TG04-115,Hyderabad,Mixed Vegetables,vegetables,35,meals,egg,2026-10-01 08:00:00,2026-10-01 14:00:00,hot_holding,AVAILABLE,2026-10-01 07:03:00,SYNTHETIC_DEMO
DON-00995,REST-TG05-042,Jagtial,Roti,roti,42,meals,vegetarian,2026-09-30 16:00:00,2026-09-30 18:00:00,refrigerated,AVAILABLE,2026-09-30 15:25:00,SYNTHETIC_DEMO
DON-00996,REST-TG06-105,Jangaon,Vegetable Pulao,pulao,89,meals,non_vegetarian,2026-10-01 05:00:00,2026-10-01 10:00:00,ambient,RESCUED,2026-10-01 04:20:00,SYNTHETIC_DEMO
DON-00997,REST-TG07-122,Jayashankar Bhupalpally,Vegetable Biryani,biryani,87,meals,non_vegetarian,2026-10-01 08:00:00,2026-10-01 12:00:00,ambient,RESCUED,2026-10-01 07:23:00,SYNTHETIC_DEMO
DON-00998,REST-TG08-132,Jogulamba Gadwal,Mixed Vegetables,vegetables,26,meals,vegetarian,2026-09-28 22:00:00,2026-09-29 06:00:00,ambient,URGENT,2026-09-28 21:53:00,SYNTHETIC_DEMO
DON-00999,REST-TG09-132,Kamareddy,Veg Sandwich,sandwich,19,meals,vegetarian,2026-10-05 20:00:00,2026-10-06 01:00:00,ambient,AT_RISK,2026-10-05 19:36:00,SYNTHETIC_DEMO
DON-01000,REST-TG10-104,Karimnagar,Prepared Meal,cooked_meal,68,meals,vegetarian,2026-09-26 11:00:00,2026-09-26 14:00:00,refrigerated,AT_RISK,2026-09-26 10:06:00,SYNTHETIC_DEMO
DON-01001,REST-TG11-029,Khammam,Fresh Fruit,fruits,41,meals,vegan,2026-10-01 09:00:00,2026-10-01 17:00:00,refrigerated,AT_RISK,2026-10-01 08:53:00,SYNTHETIC_DEMO
DON-01002,REST-TG12-140,Kumuram Bheem,Bakery Items,bakery,97,meals,vegetarian,2026-10-04 15:00:00,2026-10-04 23:00:00,hot_holding,RESCUED,2026-10-04 14:32:00,SYNTHETIC_DEMO
DON-01003,REST-TG13-006,Mahabubabad,Steamed Rice,rice,58,meals,vegetarian,2026-09-27 09:00:00,2026-09-27 14:00:00,refrigerated,AT_RISK,2026-09-27 08:00:00,SYNTHETIC_DEMO
DON-01004,REST-TG14-007,Mahabubnagar,Vegetable Biryani,biryani,39,meals,vegetarian,2026-10-01 01:00:00,2026-10-01 06:00:00,ambient,AT_RISK,2026-10-01 00:16:00,SYNTHETIC_DEMO
DON-01005,REST-TG15-111,Mancherial,Dal,dal,61,meals,egg,2026-10-01 11:00:00,2026-10-01 13:00:00,refrigerated,URGENT,2026-10-01 10:50:00,SYNTHETIC_DEMO
DON-01006,REST-TG16-063,Medak,Prepared Meal,cooked_meal,23,meals,vegetarian,2026-10-02 04:00:00,2026-10-02 08:00:00,hot_holding,URGENT,2026-10-02 03:47:00,SYNTHETIC_DEMO
DON-01007,REST-TG17-139,Medchal-Malkajgiri,Roti,roti,81,meals,non_vegetarian,2026-10-01 12:00:00,2026-10-01 16:00:00,ambient,AT_RISK,2026-10-01 11:01:00,SYNTHETIC_DEMO
DON-01008,REST-TG18-095,Mulugu,Mixed Vegetables,vegetables,71,meals,vegetarian,2026-10-02 13:00:00,2026-10-02 21:00:00,hot_holding,AVAILABLE,2026-10-02 12:45:00,SYNTHETIC_DEMO
DON-01009,REST-TG19-026,Nagarkurnool,Dal,dal,76,meals,vegetarian,2026-09-30 22:00:00,2026-10-01 03:00:00,refrigerated,AVAILABLE,2026-09-30 21:40:00,SYNTHETIC_DEMO
DON-01010,REST-TG20-019,Nalgonda,Vegetable Pulao,pulao,91,meals,vegetarian,2026-10-04 18:00:00,2026-10-04 20:00:00,ambient,URGENT,2026-10-04 17:22:00,SYNTHETIC_DEMO
DON-01011,REST-TG21-098,Narayanpet,Prepared Meal,cooked_meal,52,meals,vegetarian,2026-09-29 04:00:00,2026-09-29 07:00:00,refrigerated,URGENT,2026-09-29 03:37:00,SYNTHETIC_DEMO
DON-01012,REST-TG22-105,Nirmal,Bakery Items,bakery,74,meals,vegetarian,2026-10-04 04:00:00,2026-10-04 07:00:00,refrigerated,URGENT,2026-10-04 03:39:00,SYNTHETIC_DEMO
DON-01013,REST-TG23-123,Nizamabad,Dal,dal,48,meals,non_vegetarian,2026-09-29 16:00:00,2026-09-29 20:00:00,refrigerated,AVAILABLE,2026-09-29 15:17:00,SYNTHETIC_DEMO
DON-01014,REST-TG24-108,Peddapalli,Roti,roti,43,meals,non_vegetarian,2026-10-04 17:00:00,2026-10-04 20:00:00,hot_holding,URGENT,2026-10-04 16:00:00,SYNTHETIC_DEMO
DON-01015,REST-TG25-141,Rajanna Sircilla,Fresh Fruit,fruits,65,meals,vegetarian,2026-10-03 21:00:00,2026-10-03 23:00:00,refrigerated,URGENT,2026-10-03 20:18:00,SYNTHETIC_DEMO
DON-01016,REST-TG26-077,Rangareddy,Fresh Fruit,fruits,13,meals,vegetarian,2026-09-30 01:00:00,2026-09-30 04:00:00,ambient,URGENT,2026-09-30 00:52:00,SYNTHETIC_DEMO
DON-01017,REST-TG27-113,Sangareddy,Dal,dal,68,meals,vegetarian,2026-09-28 03:00:00,2026-09-28 08:00:00,hot_holding,AVAILABLE,2026-09-28 02:12:00,SYNTHETIC_DEMO
DON-01018,REST-TG28-016,Siddipet,Dal,dal,59,meals,vegetarian,2026-09-30 03:00:00,2026-09-30 11:00:00,refrigerated,RESCUED,2026-09-30 02:10:00,SYNTHETIC_DEMO
DON-01019,REST-TG29-024,Suryapet,Prepared Meal,cooked_meal,33,meals,non_vegetarian,2026-09-29 21:00:00,2026-09-30 03:00:00,ambient,RESCUED,2026-09-29 20:22:00,SYNTHETIC_DEMO
DON-01020,REST-TG30-128,Vikarabad,Steamed Rice,rice,32,meals,vegetarian,2026-09-28 01:00:00,2026-09-28 03:00:00,refrigerated,AVAILABLE,2026-09-28 00:29:00,SYNTHETIC_DEMO
DON-01021,REST-TG31-128,Wanaparthy,Bakery Items,bakery,40,meals,vegetarian,2026-09-30 15:00:00,2026-09-30 18:00:00,ambient,RESCUED,2026-09-30 14:23:00,SYNTHETIC_DEMO
DON-01022,REST-TG32-075,Warangal,Fresh Bread,bread,12,meals,non_vegetarian,2026-10-03 16:00:00,2026-10-03 18:00:00,hot_holding,URGENT,2026-10-03 15:41:00,SYNTHETIC_DEMO
DON-01023,REST-TG33-095,Yadadri Bhuvanagiri,Mixed Vegetables,vegetables,97,meals,vegetarian,2026-10-03 05:00:00,2026-10-03 09:00:00,ambient,AT_RISK,2026-10-03 04:51:00,SYNTHETIC_DEMO
DON-01024,REST-TG01-004,Adilabad,Veg Sandwich,sandwich,62,meals,non_vegetarian,2026-10-03 19:00:00,2026-10-03 23:00:00,ambient,AT_RISK,2026-10-03 18:18:00,SYNTHETIC_DEMO
DON-01025,REST-TG02-098,Bhadradri Kothagudem,Prepared Meal,cooked_meal,65,meals,non_vegetarian,2026-09-27 08:00:00,2026-09-27 12:00:00,ambient,RESCUED,2026-09-27 07:53:00,SYNTHETIC_DEMO
DON-01026,REST-TG03-029,Hanumakonda,Packaged Meals,packaged_food,84,meals,non_vegetarian,2026-10-05 03:00:00,2026-10-05 07:00:00,ambient,AT_RISK,2026-10-05 02:33:00,SYNTHETIC_DEMO
DON-01027,REST-TG04-006,Hyderabad,Packaged Meals,packaged_food,33,meals,vegetarian,2026-09-29 17:00:00,2026-09-29 23:00:00,ambient,URGENT,2026-09-29 16:13:00,SYNTHETIC_DEMO
DON-01028,REST-TG05-127,Jagtial,Steamed Rice,rice,60,meals,vegan,2026-10-06 01:00:00,2026-10-06 09:00:00,refrigerated,RESCUED,2026-10-06 00:34:00,SYNTHETIC_DEMO
DON-01029,REST-TG06-078,Jangaon,Steamed Rice,rice,16,meals,non_vegetarian,2026-10-05 15:00:00,2026-10-05 21:00:00,hot_holding,RESCUED,2026-10-05 14:29:00,SYNTHETIC_DEMO
DON-01030,REST-TG07-103,Jayashankar Bhupalpally,Vegetable Biryani,biryani,12,meals,vegetarian,2026-09-26 10:00:00,2026-09-26 16:00:00,hot_holding,URGENT,2026-09-26 09:46:00,SYNTHETIC_DEMO
DON-01031,REST-TG08-055,Jogulamba Gadwal,Bakery Items,bakery,52,meals,vegetarian,2026-10-03 06:00:00,2026-10-03 14:00:00,hot_holding,URGENT,2026-10-03 05:31:00,SYNTHETIC_DEMO
DON-01032,REST-TG09-071,Kamareddy,Bakery Items,bakery,82,meals,non_vegetarian,2026-10-04 00:00:00,2026-10-04 05:00:00,refrigerated,RESCUED,2026-10-03 23:43:00,SYNTHETIC_DEMO
DON-01033,REST-TG10-135,Karimnagar,Fresh Bread,bread,88,meals,vegetarian,2026-09-29 08:00:00,2026-09-29 12:00:00,hot_holding,URGENT,2026-09-29 07:40:00,SYNTHETIC_DEMO
DON-01034,REST-TG11-088,Khammam,Fresh Bread,bread,97,meals,vegetarian,2026-10-06 07:00:00,2026-10-06 15:00:00,ambient,AT_RISK,2026-10-06 06:28:00,SYNTHETIC_DEMO
DON-01035,REST-TG12-084,Kumuram Bheem,Vegetable Pulao,pulao,61,meals,vegetarian,2026-10-02 06:00:00,2026-10-02 10:00:00,refrigerated,AT_RISK,2026-10-02 05:52:00,SYNTHETIC_DEMO
DON-01036,REST-TG13-004,Mahabubabad,Vegetable Pulao,pulao,82,meals,vegetarian,2026-10-04 22:00:00,2026-10-05 03:00:00,ambient,AVAILABLE,2026-10-04 21:15:00,SYNTHETIC_DEMO
DON-01037,REST-TG14-116,Mahabubnagar,Roti,roti,14,meals,vegetarian,2026-10-04 01:00:00,2026-10-04 06:00:00,hot_holding,AT_RISK,2026-10-04 00:15:00,SYNTHETIC_DEMO
DON-01038,REST-TG15-054,Mancherial,Prepared Meal,cooked_meal,24,meals,non_vegetarian,2026-09-27 09:00:00,2026-09-27 12:00:00,refrigerated,AVAILABLE,2026-09-27 08:10:00,SYNTHETIC_DEMO
DON-01039,REST-TG16-107,Medak,Roti,roti,87,meals,vegetarian,2026-10-04 18:00:00,2026-10-04 23:00:00,hot_holding,AVAILABLE,2026-10-04 17:17:00,SYNTHETIC_DEMO
DON-01040,REST-TG17-053,Medchal-Malkajgiri,Dal,dal,33,meals,vegetarian,2026-10-02 05:00:00,2026-10-02 10:00:00,refrigerated,AT_RISK,2026-10-02 04:54:00,SYNTHETIC_DEMO
DON-01041,REST-TG18-141,Mulugu,Roti,roti,74,meals,vegetarian,2026-09-30 16:00:00,2026-09-30 21:00:00,hot_holding,URGENT,2026-09-30 15:44:00,SYNTHETIC_DEMO
DON-01042,REST-TG19-045,Nagarkurnool,Fresh Bread,bread,87,meals,vegetarian,2026-10-05 22:00:00,2026-10-06 01:00:00,ambient,AT_RISK,2026-10-05 21:31:00,SYNTHETIC_DEMO
DON-01043,REST-TG20-110,Nalgonda,Mixed Vegetables,vegetables,51,meals,non_vegetarian,2026-09-28 05:00:00,2026-09-28 09:00:00,ambient,AVAILABLE,2026-09-28 04:31:00,SYNTHETIC_DEMO
DON-01044,REST-TG21-107,Narayanpet,Packaged Meals,packaged_food,39,meals,egg,2026-10-02 06:00:00,2026-10-02 09:00:00,refrigerated,RESCUED,2026-10-02 05:10:00,SYNTHETIC_DEMO
DON-01045,REST-TG22-051,Nirmal,Dal,dal,13,meals,vegetarian,2026-09-27 00:00:00,2026-09-27 06:00:00,refrigerated,AT_RISK,2026-09-26 23:41:00,SYNTHETIC_DEMO
DON-01046,REST-TG23-058,Nizamabad,Mixed Vegetables,vegetables,95,meals,egg,2026-10-05 23:00:00,2026-10-06 05:00:00,hot_holding,RESCUED,2026-10-05 22:21:00,SYNTHETIC_DEMO
DON-01047,REST-TG24-122,Peddapalli,Dal,dal,29,meals,vegetarian,2026-10-02 02:00:00,2026-10-02 05:00:00,ambient,URGENT,2026-10-02 01:42:00,SYNTHETIC_DEMO
DON-01048,REST-TG25-136,Rajanna Sircilla,Fresh Bread,bread,34,meals,vegetarian,2026-10-05 08:00:00,2026-10-05 14:00:00,refrigerated,AT_RISK,2026-10-05 07:29:00,SYNTHETIC_DEMO
DON-01049,REST-TG26-148,Rangareddy,Packaged Meals,packaged_food,21,meals,vegetarian,2026-10-03 11:00:00,2026-10-03 17:00:00,hot_holding,AVAILABLE,2026-10-03 10:00:00,SYNTHETIC_DEMO
DON-01050,REST-TG27-011,Sangareddy,Veg Sandwich,sandwich,45,meals,vegetarian,2026-09-28 05:00:00,2026-09-28 11:00:00,refrigerated,AVAILABLE,2026-09-28 04:55:00,SYNTHETIC_DEMO
DON-01051,REST-TG28-079,Siddipet,Veg Sandwich,sandwich,85,meals,non_vegetarian,2026-09-27 02:00:00,2026-09-27 05:00:00,hot_holding,AT_RISK,2026-09-27 01:29:00,SYNTHETIC_DEMO
DON-01052,REST-TG29-133,Suryapet,Steamed Rice,rice,36,meals,vegetarian,2026-10-05 09:00:00,2026-10-05 13:00:00,hot_holding,URGENT,2026-10-05 08:11:00,SYNTHETIC_DEMO
DON-01053,REST-TG30-005,Vikarabad,Fresh Fruit,fruits,84,meals,vegetarian,2026-09-29 18:00:00,2026-09-29 23:00:00,refrigerated,AVAILABLE,2026-09-29 17:44:00,SYNTHETIC_DEMO
DON-01054,REST-TG31-090,Wanaparthy,Vegetable Pulao,pulao,71,meals,vegetarian,2026-10-06 02:00:00,2026-10-06 04:00:00,ambient,AVAILABLE,2026-10-06 01:43:00,SYNTHETIC_DEMO
DON-01055,REST-TG32-074,Warangal,Dal,dal,24,meals,non_vegetarian,2026-09-27 17:00:00,2026-09-27 19:00:00,hot_holding,AT_RISK,2026-09-27 16:44:00,SYNTHETIC_DEMO
DON-01056,REST-TG33-012,Yadadri Bhuvanagiri,Roti,roti,18,meals,vegan,2026-09-29 04:00:00,2026-09-29 12:00:00,refrigerated,AT_RISK,2026-09-29 03:48:00,SYNTHETIC_DEMO
DON-01057,REST-TG01-053,Adilabad,Veg Sandwich,sandwich,40,meals,non_vegetarian,2026-09-28 09:00:00,2026-09-28 12:00:00,refrigerated,AVAILABLE,2026-09-28 08:23:00,SYNTHETIC_DEMO
DON-01058,REST-TG02-085,Bhadradri Kothagudem,Mixed Vegetables,vegetables,80,meals,vegetarian,2026-10-03 19:00:00,2026-10-04 00:00:00,ambient,AVAILABLE,2026-10-03 18:06:00,SYNTHETIC_DEMO
DON-01059,REST-TG03-060,Hanumakonda,Bakery Items,bakery,100,meals,non_vegetarian,2026-10-01 09:00:00,2026-10-01 14:00:00,ambient,AT_RISK,2026-10-01 08:32:00,SYNTHETIC_DEMO
DON-01060,REST-TG04-114,Hyderabad,Prepared Meal,cooked_meal,69,meals,non_vegetarian,2026-09-29 08:00:00,2026-09-29 16:00:00,refrigerated,AVAILABLE,2026-09-29 07:06:00,SYNTHETIC_DEMO
DON-01061,REST-TG05-025,Jagtial,Fresh Bread,bread,68,meals,vegetarian,2026-09-30 21:00:00,2026-10-01 02:00:00,refrigerated,AT_RISK,2026-09-30 20:12:00,SYNTHETIC_DEMO
DON-01062,REST-TG06-033,Jangaon,Mixed Vegetables,vegetables,25,meals,vegetarian,2026-09-26 09:00:00,2026-09-26 14:00:00,hot_holding,AT_RISK,2026-09-26 08:09:00,SYNTHETIC_DEMO
DON-01063,REST-TG07-131,Jayashankar Bhupalpally,Bakery Items,bakery,88,meals,non_vegetarian,2026-10-05 16:00:00,2026-10-05 20:00:00,hot_holding,AVAILABLE,2026-10-05 15:36:00,SYNTHETIC_DEMO
DON-01064,REST-TG08-046,Jogulamba Gadwal,Roti,roti,64,meals,vegan,2026-10-05 23:00:00,2026-10-06 02:00:00,hot_holding,AT_RISK,2026-10-05 22:44:00,SYNTHETIC_DEMO
DON-01065,REST-TG09-030,Kamareddy,Prepared Meal,cooked_meal,27,meals,non_vegetarian,2026-10-03 19:00:00,2026-10-03 22:00:00,ambient,AT_RISK,2026-10-03 18:00:00,SYNTHETIC_DEMO
DON-01066,REST-TG10-122,Karimnagar,Packaged Meals,packaged_food,100,meals,non_vegetarian,2026-10-05 07:00:00,2026-10-05 12:00:00,refrigerated,AVAILABLE,2026-10-05 06:12:00,SYNTHETIC_DEMO
DON-01067,REST-TG11-110,Khammam,Vegetable Biryani,biryani,48,meals,vegetarian,2026-10-05 23:00:00,2026-10-06 04:00:00,refrigerated,URGENT,2026-10-05 22:51:00,SYNTHETIC_DEMO
DON-01068,REST-TG12-136,Kumuram Bheem,Bakery Items,bakery,14,meals,vegetarian,2026-09-30 23:00:00,2026-10-01 05:00:00,refrigerated,AT_RISK,2026-09-30 22:36:00,SYNTHETIC_DEMO
DON-01069,REST-TG13-070,Mahabubabad,Packaged Meals,packaged_food,75,meals,vegetarian,2026-10-04 18:00:00,2026-10-05 02:00:00,refrigerated,RESCUED,2026-10-04 17:00:00,SYNTHETIC_DEMO
DON-01070,REST-TG14-083,Mahabubnagar,Prepared Meal,cooked_meal,32,meals,vegetarian,2026-09-27 06:00:00,2026-09-27 08:00:00,ambient,AT_RISK,2026-09-27 05:13:00,SYNTHETIC_DEMO
DON-01071,REST-TG15-106,Mancherial,Prepared Meal,cooked_meal,20,meals,non_vegetarian,2026-10-03 00:00:00,2026-10-03 04:00:00,ambient,AVAILABLE,2026-10-02 23:10:00,SYNTHETIC_DEMO
DON-01072,REST-TG16-034,Medak,Bakery Items,bakery,86,meals,egg,2026-09-29 04:00:00,2026-09-29 12:00:00,ambient,AT_RISK,2026-09-29 03:09:00,SYNTHETIC_DEMO
DON-01073,REST-TG17-011,Medchal-Malkajgiri,Steamed Rice,rice,62,meals,vegetarian,2026-10-04 10:00:00,2026-10-04 18:00:00,hot_holding,AVAILABLE,2026-10-04 09:00:00,SYNTHETIC_DEMO
DON-01074,REST-TG18-149,Mulugu,Bakery Items,bakery,36,meals,vegetarian,2026-09-29 05:00:00,2026-09-29 13:00:00,refrigerated,AVAILABLE,2026-09-29 04:38:00,SYNTHETIC_DEMO
DON-01075,REST-TG19-129,Nagarkurnool,Veg Sandwich,sandwich,75,meals,vegetarian,2026-10-03 22:00:00,2026-10-04 00:00:00,refrigerated,URGENT,2026-10-03 21:32:00,SYNTHETIC_DEMO
DON-01076,REST-TG20-052,Nalgonda,Packaged Meals,packaged_food,35,meals,vegetarian,2026-10-03 22:00:00,2026-10-04 04:00:00,ambient,AVAILABLE,2026-10-03 21:15:00,SYNTHETIC_DEMO
DON-01077,REST-TG21-136,Narayanpet,Mixed Vegetables,vegetables,23,meals,egg,2026-10-05 13:00:00,2026-10-05 17:00:00,refrigerated,URGENT,2026-10-05 12:52:00,SYNTHETIC_DEMO
DON-01078,REST-TG22-114,Nirmal,Mixed Vegetables,vegetables,66,meals,vegetarian,2026-10-02 05:00:00,2026-10-02 07:00:00,ambient,URGENT,2026-10-02 04:44:00,SYNTHETIC_DEMO
DON-01079,REST-TG23-034,Nizamabad,Fresh Fruit,fruits,61,meals,vegetarian,2026-09-30 18:00:00,2026-09-30 22:00:00,ambient,AVAILABLE,2026-09-30 17:16:00,SYNTHETIC_DEMO
DON-01080,REST-TG24-007,Peddapalli,Bakery Items,bakery,12,meals,vegetarian,2026-10-03 12:00:00,2026-10-03 16:00:00,refrigerated,RESCUED,2026-10-03 11:55:00,SYNTHETIC_DEMO
DON-01081,REST-TG25-003,Rajanna Sircilla,Packaged Meals,packaged_food,67,meals,vegetarian,2026-09-30 14:00:00,2026-09-30 19:00:00,ambient,URGENT,2026-09-30 13:12:00,SYNTHETIC_DEMO
DON-01082,REST-TG26-145,Rangareddy,Steamed Rice,rice,69,meals,vegetarian,2026-09-28 05:00:00,2026-09-28 09:00:00,ambient,AT_RISK,2026-09-28 04:18:00,SYNTHETIC_DEMO
DON-01083,REST-TG27-074,Sangareddy,Vegetable Pulao,pulao,72,meals,vegetarian,2026-10-03 16:00:00,2026-10-03 20:00:00,ambient,AT_RISK,2026-10-03 15:28:00,SYNTHETIC_DEMO
DON-01084,REST-TG28-112,Siddipet,Dal,dal,60,meals,vegan,2026-10-05 04:00:00,2026-10-05 08:00:00,hot_holding,RESCUED,2026-10-05 03:16:00,SYNTHETIC_DEMO
DON-01085,REST-TG29-119,Suryapet,Veg Sandwich,sandwich,86,meals,egg,2026-09-27 08:00:00,2026-09-27 13:00:00,hot_holding,AT_RISK,2026-09-27 07:29:00,SYNTHETIC_DEMO
DON-01086,REST-TG30-150,Vikarabad,Roti,roti,95,meals,vegan,2026-10-05 15:00:00,2026-10-05 17:00:00,hot_holding,AT_RISK,2026-10-05 14:43:00,SYNTHETIC_DEMO
DON-01087,REST-TG31-010,Wanaparthy,Vegetable Biryani,biryani,81,meals,vegetarian,2026-10-05 10:00:00,2026-10-05 12:00:00,ambient,AT_RISK,2026-10-05 09:12:00,SYNTHETIC_DEMO
DON-01088,REST-TG32-105,Warangal,Bakery Items,bakery,90,meals,vegetarian,2026-10-02 21:00:00,2026-10-02 23:00:00,refrigerated,AT_RISK,2026-10-02 20:03:00,SYNTHETIC_DEMO
DON-01089,REST-TG33-142,Yadadri Bhuvanagiri,Vegetable Biryani,biryani,29,meals,vegetarian,2026-10-02 14:00:00,2026-10-02 16:00:00,ambient,URGENT,2026-10-02 13:31:00,SYNTHETIC_DEMO
DON-01090,REST-TG01-135,Adilabad,Mixed Vegetables,vegetables,94,meals,vegan,2026-09-29 00:00:00,2026-09-29 05:00:00,hot_holding,RESCUED,2026-09-28 23:55:00,SYNTHETIC_DEMO
DON-01091,REST-TG02-095,Bhadradri Kothagudem,Veg Sandwich,sandwich,58,meals,vegetarian,2026-10-05 11:00:00,2026-10-05 14:00:00,refrigerated,RESCUED,2026-10-05 10:28:00,SYNTHETIC_DEMO
DON-01092,REST-TG03-077,Hanumakonda,Dal,dal,43,meals,vegetarian,2026-10-04 00:00:00,2026-10-04 04:00:00,ambient,AT_RISK,2026-10-03 23:37:00,SYNTHETIC_DEMO
DON-01093,REST-TG04-036,Hyderabad,Fresh Bread,bread,52,meals,vegetarian,2026-09-28 09:00:00,2026-09-28 13:00:00,ambient,AVAILABLE,2026-09-28 08:33:00,SYNTHETIC_DEMO
DON-01094,REST-TG05-143,Jagtial,Fresh Fruit,fruits,99,meals,non_vegetarian,2026-09-30 03:00:00,2026-09-30 08:00:00,hot_holding,AVAILABLE,2026-09-30 02:05:00,SYNTHETIC_DEMO
DON-01095,REST-TG06-053,Jangaon,Dal,dal,77,meals,vegetarian,2026-10-03 19:00:00,2026-10-03 23:00:00,hot_holding,RESCUED,2026-10-03 18:07:00,SYNTHETIC_DEMO
DON-01096,REST-TG07-082,Jayashankar Bhupalpally,Vegetable Biryani,biryani,72,meals,vegetarian,2026-10-05 16:00:00,2026-10-05 18:00:00,refrigerated,AT_RISK,2026-10-05 15:27:00,SYNTHETIC_DEMO
DON-01097,REST-TG08-119,Jogulamba Gadwal,Fresh Fruit,fruits,26,meals,vegan,2026-09-30 02:00:00,2026-09-30 10:00:00,ambient,URGENT,2026-09-30 01:30:00,SYNTHETIC_DEMO
DON-01098,REST-TG09-143,Kamareddy,Veg Sandwich,sandwich,79,meals,vegetarian,2026-10-04 10:00:00,2026-10-04 16:00:00,ambient,AT_RISK,2026-10-04 09:13:00,SYNTHETIC_DEMO
DON-01099,REST-TG10-002,Karimnagar,Vegetable Pulao,pulao,33,meals,vegetarian,2026-10-04 10:00:00,2026-10-04 12:00:00,refrigerated,AVAILABLE,2026-10-04 09:37:00,SYNTHETIC_DEMO
DON-01100,REST-TG11-104,Khammam,Veg Sandwich,sandwich,24,meals,vegetarian,2026-10-01 18:00:00,2026-10-02 00:00:00,hot_holding,URGENT,2026-10-01 17:41:00,SYNTHETIC_DEMO
DON-01101,REST-TG12-143,Kumuram Bheem,Roti,roti,73,meals,vegetarian,2026-09-30 03:00:00,2026-09-30 09:00:00,refrigerated,URGENT,2026-09-30 02:39:00,SYNTHETIC_DEMO
DON-01102,REST-TG13-093,Mahabubabad,Fresh Bread,bread,91,meals,vegetarian,2026-10-06 05:00:00,2026-10-06 08:00:00,hot_holding,AVAILABLE,2026-10-06 04:55:00,SYNTHETIC_DEMO
DON-01103,REST-TG14-139,Mahabubnagar,Veg Sandwich,sandwich,28,meals,egg,2026-09-29 14:00:00,2026-09-29 22:00:00,ambient,AVAILABLE,2026-09-29 13:14:00,SYNTHETIC_DEMO
DON-01104,REST-TG15-148,Mancherial,Dal,dal,62,meals,non_vegetarian,2026-10-01 20:00:00,2026-10-02 02:00:00,refrigerated,RESCUED,2026-10-01 19:00:00,SYNTHETIC_DEMO
DON-01105,REST-TG16-029,Medak,Packaged Meals,packaged_food,100,meals,vegetarian,2026-10-05 21:00:00,2026-10-06 03:00:00,refrigerated,RESCUED,2026-10-05 20:30:00,SYNTHETIC_DEMO
DON-01106,REST-TG17-119,Medchal-Malkajgiri,Packaged Meals,packaged_food,35,meals,vegetarian,2026-10-01 17:00:00,2026-10-01 23:00:00,refrigerated,AVAILABLE,2026-10-01 16:29:00,SYNTHETIC_DEMO
DON-01107,REST-TG18-135,Mulugu,Veg Sandwich,sandwich,88,meals,vegetarian,2026-10-04 16:00:00,2026-10-05 00:00:00,hot_holding,AVAILABLE,2026-10-04 15:13:00,SYNTHETIC_DEMO
DON-01108,REST-TG19-036,Nagarkurnool,Packaged Meals,packaged_food,47,meals,vegetarian,2026-09-28 10:00:00,2026-09-28 15:00:00,ambient,AVAILABLE,2026-09-28 09:34:00,SYNTHETIC_DEMO
DON-01109,REST-TG20-088,Nalgonda,Veg Sandwich,sandwich,57,meals,vegetarian,2026-09-30 02:00:00,2026-09-30 04:00:00,hot_holding,AT_RISK,2026-09-30 01:08:00,SYNTHETIC_DEMO
DON-01110,REST-TG21-040,Narayanpet,Roti,roti,86,meals,vegan,2026-09-30 18:00:00,2026-09-30 22:00:00,refrigerated,AVAILABLE,2026-09-30 17:13:00,SYNTHETIC_DEMO
DON-01111,REST-TG22-115,Nirmal,Steamed Rice,rice,14,meals,vegetarian,2026-09-27 14:00:00,2026-09-27 17:00:00,refrigerated,URGENT,2026-09-27 13:54:00,SYNTHETIC_DEMO
DON-01112,REST-TG23-062,Nizamabad,Dal,dal,19,meals,non_vegetarian,2026-10-04 03:00:00,2026-10-04 06:00:00,hot_holding,AT_RISK,2026-10-04 02:39:00,SYNTHETIC_DEMO
DON-01113,REST-TG24-109,Peddapalli,Roti,roti,30,meals,egg,2026-10-01 12:00:00,2026-10-01 15:00:00,ambient,AVAILABLE,2026-10-01 11:38:00,SYNTHETIC_DEMO
DON-01114,REST-TG25-037,Rajanna Sircilla,Prepared Meal,cooked_meal,99,meals,vegetarian,2026-09-27 08:00:00,2026-09-27 16:00:00,refrigerated,URGENT,2026-09-27 07:20:00,SYNTHETIC_DEMO
DON-01115,REST-TG26-090,Rangareddy,Roti,roti,51,meals,vegetarian,2026-10-03 01:00:00,2026-10-03 06:00:00,refrigerated,AT_RISK,2026-10-03 00:45:00,SYNTHETIC_DEMO
DON-01116,REST-TG27-017,Sangareddy,Fresh Fruit,fruits,67,meals,vegan,2026-09-29 08:00:00,2026-09-29 11:00:00,hot_holding,URGENT,2026-09-29 07:10:00,SYNTHETIC_DEMO
DON-01117,REST-TG28-055,Siddipet,Vegetable Pulao,pulao,25,meals,non_vegetarian,2026-10-03 03:00:00,2026-10-03 06:00:00,ambient,AT_RISK,2026-10-03 02:25:00,SYNTHETIC_DEMO
DON-01118,REST-TG29-093,Suryapet,Prepared Meal,cooked_meal,93,meals,vegetarian,2026-10-05 12:00:00,2026-10-05 16:00:00,refrigerated,AVAILABLE,2026-10-05 11:06:00,SYNTHETIC_DEMO
DON-01119,REST-TG30-063,Vikarabad,Prepared Meal,cooked_meal,33,meals,vegetarian,2026-09-29 02:00:00,2026-09-29 10:00:00,refrigerated,AT_RISK,2026-09-29 01:05:00,SYNTHETIC_DEMO
DON-01120,REST-TG31-038,Wanaparthy,Prepared Meal,cooked_meal,14,meals,non_vegetarian,2026-10-03 23:00:00,2026-10-04 01:00:00,refrigerated,AVAILABLE,2026-10-03 22:52:00,SYNTHETIC_DEMO
DON-01121,REST-TG32-007,Warangal,Fresh Fruit,fruits,93,meals,vegetarian,2026-09-30 05:00:00,2026-09-30 09:00:00,hot_holding,AVAILABLE,2026-09-30 04:43:00,SYNTHETIC_DEMO
DON-01122,REST-TG33-068,Yadadri Bhuvanagiri,Vegetable Pulao,pulao,82,meals,vegan,2026-09-29 02:00:00,2026-09-29 06:00:00,ambient,AT_RISK,2026-09-29 01:26:00,SYNTHETIC_DEMO
DON-01123,REST-TG01-052,Adilabad,Veg Sandwich,sandwich,98,meals,vegetarian,2026-10-03 19:00:00,2026-10-04 03:00:00,refrigerated,AT_RISK,2026-10-03 18:32:00,SYNTHETIC_DEMO
DON-01124,REST-TG02-051,Bhadradri Kothagudem,Veg Sandwich,sandwich,38,meals,non_vegetarian,2026-09-30 14:00:00,2026-09-30 20:00:00,refrigerated,AT_RISK,2026-09-30 13:27:00,SYNTHETIC_DEMO
DON-01125,REST-TG03-052,Hanumakonda,Fresh Bread,bread,16,meals,non_vegetarian,2026-10-01 15:00:00,2026-10-01 21:00:00,refrigerated,AT_RISK,2026-10-01 14:04:00,SYNTHETIC_DEMO
DON-01126,REST-TG04-066,Hyderabad,Fresh Bread,bread,65,meals,vegetarian,2026-09-26 20:00:00,2026-09-27 01:00:00,refrigerated,AVAILABLE,2026-09-26 19:25:00,SYNTHETIC_DEMO
DON-01127,REST-TG05-076,Jagtial,Fresh Fruit,fruits,29,meals,vegetarian,2026-10-03 08:00:00,2026-10-03 12:00:00,ambient,URGENT,2026-10-03 07:03:00,SYNTHETIC_DEMO
DON-01128,REST-TG06-137,Jangaon,Vegetable Pulao,pulao,97,meals,vegetarian,2026-10-03 23:00:00,2026-10-04 04:00:00,refrigerated,RESCUED,2026-10-03 22:52:00,SYNTHETIC_DEMO
DON-01129,REST-TG07-120,Jayashankar Bhupalpally,Steamed Rice,rice,20,meals,vegetarian,2026-09-26 18:00:00,2026-09-27 00:00:00,ambient,AVAILABLE,2026-09-26 17:24:00,SYNTHETIC_DEMO
DON-01130,REST-TG08-143,Jogulamba Gadwal,Vegetable Biryani,biryani,69,meals,non_vegetarian,2026-10-03 00:00:00,2026-10-03 08:00:00,hot_holding,URGENT,2026-10-02 23:47:00,SYNTHETIC_DEMO
DON-01131,REST-TG09-146,Kamareddy,Fresh Fruit,fruits,100,meals,vegetarian,2026-09-29 23:00:00,2026-09-30 07:00:00,ambient,AVAILABLE,2026-09-29 22:00:00,SYNTHETIC_DEMO
DON-01132,REST-TG10-041,Karimnagar,Vegetable Biryani,biryani,89,meals,vegetarian,2026-09-27 14:00:00,2026-09-27 19:00:00,ambient,AVAILABLE,2026-09-27 13:17:00,SYNTHETIC_DEMO
DON-01133,REST-TG11-106,Khammam,Roti,roti,23,meals,vegetarian,2026-10-05 04:00:00,2026-10-05 07:00:00,hot_holding,RESCUED,2026-10-05 03:21:00,SYNTHETIC_DEMO
DON-01134,REST-TG12-040,Kumuram Bheem,Steamed Rice,rice,45,meals,vegetarian,2026-10-01 08:00:00,2026-10-01 14:00:00,ambient,AVAILABLE,2026-10-01 07:34:00,SYNTHETIC_DEMO
DON-01135,REST-TG13-070,Mahabubabad,Veg Sandwich,sandwich,65,meals,vegetarian,2026-09-30 04:00:00,2026-09-30 09:00:00,hot_holding,AVAILABLE,2026-09-30 03:32:00,SYNTHETIC_DEMO
DON-01136,REST-TG14-148,Mahabubnagar,Roti,roti,68,meals,vegan,2026-09-30 12:00:00,2026-09-30 16:00:00,ambient,AT_RISK,2026-09-30 11:50:00,SYNTHETIC_DEMO
DON-01137,REST-TG15-003,Mancherial,Fresh Bread,bread,28,meals,non_vegetarian,2026-09-29 09:00:00,2026-09-29 11:00:00,refrigerated,AT_RISK,2026-09-29 08:39:00,SYNTHETIC_DEMO
DON-01138,REST-TG16-017,Medak,Vegetable Biryani,biryani,44,meals,non_vegetarian,2026-10-05 22:00:00,2026-10-06 03:00:00,hot_holding,AT_RISK,2026-10-05 21:51:00,SYNTHETIC_DEMO
DON-01139,REST-TG17-045,Medchal-Malkajgiri,Veg Sandwich,sandwich,28,meals,egg,2026-09-29 18:00:00,2026-09-29 23:00:00,refrigerated,AVAILABLE,2026-09-29 17:00:00,SYNTHETIC_DEMO
DON-01140,REST-TG18-131,Mulugu,Vegetable Biryani,biryani,17,meals,non_vegetarian,2026-10-04 12:00:00,2026-10-04 20:00:00,ambient,AVAILABLE,2026-10-04 11:27:00,SYNTHETIC_DEMO
DON-01141,REST-TG19-031,Nagarkurnool,Prepared Meal,cooked_meal,89,meals,vegetarian,2026-09-28 02:00:00,2026-09-28 06:00:00,hot_holding,AVAILABLE,2026-09-28 01:29:00,SYNTHETIC_DEMO
DON-01142,REST-TG20-064,Nalgonda,Mixed Vegetables,vegetables,44,meals,vegan,2026-10-03 20:00:00,2026-10-03 22:00:00,hot_holding,RESCUED,2026-10-03 19:07:00,SYNTHETIC_DEMO
DON-01143,REST-TG21-059,Narayanpet,Prepared Meal,cooked_meal,19,meals,non_vegetarian,2026-09-27 20:00:00,2026-09-28 04:00:00,refrigerated,URGENT,2026-09-27 19:05:00,SYNTHETIC_DEMO
DON-01144,REST-TG22-068,Nirmal,Vegetable Biryani,biryani,91,meals,non_vegetarian,2026-09-28 08:00:00,2026-09-28 13:00:00,refrigerated,URGENT,2026-09-28 07:26:00,SYNTHETIC_DEMO
DON-01145,REST-TG23-007,Nizamabad,Veg Sandwich,sandwich,75,meals,vegetarian,2026-10-03 09:00:00,2026-10-03 14:00:00,ambient,AVAILABLE,2026-10-03 08:01:00,SYNTHETIC_DEMO
DON-01146,REST-TG24-095,Peddapalli,Prepared Meal,cooked_meal,82,meals,vegetarian,2026-09-26 13:00:00,2026-09-26 15:00:00,hot_holding,URGENT,2026-09-26 12:28:00,SYNTHETIC_DEMO
DON-01147,REST-TG25-042,Rajanna Sircilla,Prepared Meal,cooked_meal,39,meals,vegetarian,2026-09-27 11:00:00,2026-09-27 15:00:00,refrigerated,AT_RISK,2026-09-27 10:12:00,SYNTHETIC_DEMO
DON-01148,REST-TG26-143,Rangareddy,Roti,roti,93,meals,vegetarian,2026-09-26 22:00:00,2026-09-27 01:00:00,ambient,AVAILABLE,2026-09-26 21:53:00,SYNTHETIC_DEMO
DON-01149,REST-TG27-035,Sangareddy,Roti,roti,37,meals,non_vegetarian,2026-10-04 03:00:00,2026-10-04 06:00:00,refrigerated,AT_RISK,2026-10-04 02:03:00,SYNTHETIC_DEMO
DON-01150,REST-TG28-022,Siddipet,Prepared Meal,cooked_meal,11,meals,vegetarian,2026-10-02 15:00:00,2026-10-02 20:00:00,ambient,AT_RISK,2026-10-02 14:47:00,SYNTHETIC_DEMO
DON-01151,REST-TG29-099,Suryapet,Fresh Bread,bread,62,meals,vegetarian,2026-09-27 11:00:00,2026-09-27 15:00:00,ambient,URGENT,2026-09-27 10:33:00,SYNTHETIC_DEMO
DON-01152,REST-TG30-103,Vikarabad,Vegetable Biryani,biryani,33,meals,vegetarian,2026-09-29 03:00:00,2026-09-29 05:00:00,refrigerated,URGENT,2026-09-29 02:13:00,SYNTHETIC_DEMO
DON-01153,REST-TG31-074,Wanaparthy,Fresh Fruit,fruits,92,meals,vegetarian,2026-10-04 20:00:00,2026-10-04 23:00:00,ambient,RESCUED,2026-10-04 19:20:00,SYNTHETIC_DEMO
DON-01154,REST-TG32-050,Warangal,Prepared Meal,cooked_meal,45,meals,non_vegetarian,2026-09-30 10:00:00,2026-09-30 12:00:00,ambient,AT_RISK,2026-09-30 09:30:00,SYNTHETIC_DEMO
DON-01155,REST-TG33-075,Yadadri Bhuvanagiri,Prepared Meal,cooked_meal,24,meals,vegetarian,2026-09-26 22:00:00,2026-09-27 04:00:00,ambient,AVAILABLE,2026-09-26 21:28:00,SYNTHETIC_DEMO
DON-01156,REST-TG01-109,Adilabad,Bakery Items,bakery,40,meals,non_vegetarian,2026-09-29 11:00:00,2026-09-29 19:00:00,refrigerated,AVAILABLE,2026-09-29 10:52:00,SYNTHETIC_DEMO
DON-01157,REST-TG02-072,Bhadradri Kothagudem,Packaged Meals,packaged_food,11,meals,vegetarian,2026-10-02 08:00:00,2026-10-02 10:00:00,refrigerated,URGENT,2026-10-02 07:06:00,SYNTHETIC_DEMO
DON-01158,REST-TG03-091,Hanumakonda,Veg Sandwich,sandwich,25,meals,vegetarian,2026-10-02 10:00:00,2026-10-02 12:00:00,ambient,AT_RISK,2026-10-02 09:04:00,SYNTHETIC_DEMO
DON-01159,REST-TG04-103,Hyderabad,Dal,dal,95,meals,non_vegetarian,2026-10-05 08:00:00,2026-10-05 12:00:00,hot_holding,AT_RISK,2026-10-05 07:30:00,SYNTHETIC_DEMO
DON-01160,REST-TG05-124,Jagtial,Packaged Meals,packaged_food,35,meals,vegetarian,2026-10-01 21:00:00,2026-10-02 00:00:00,hot_holding,RESCUED,2026-10-01 20:37:00,SYNTHETIC_DEMO
DON-01161,REST-TG06-063,Jangaon,Fresh Fruit,fruits,57,meals,vegetarian,2026-10-01 15:00:00,2026-10-01 21:00:00,ambient,AT_RISK,2026-10-01 14:07:00,SYNTHETIC_DEMO
DON-01162,REST-TG07-063,Jayashankar Bhupalpally,Dal,dal,92,meals,non_vegetarian,2026-10-05 19:00:00,2026-10-05 21:00:00,hot_holding,URGENT,2026-10-05 18:55:00,SYNTHETIC_DEMO
DON-01163,REST-TG08-092,Jogulamba Gadwal,Dal,dal,52,meals,vegetarian,2026-09-29 10:00:00,2026-09-29 16:00:00,refrigerated,RESCUED,2026-09-29 09:44:00,SYNTHETIC_DEMO
DON-01164,REST-TG09-106,Kamareddy,Bakery Items,bakery,25,meals,vegetarian,2026-10-03 13:00:00,2026-10-03 21:00:00,ambient,AVAILABLE,2026-10-03 12:47:00,SYNTHETIC_DEMO
DON-01165,REST-TG10-027,Karimnagar,Packaged Meals,packaged_food,24,meals,non_vegetarian,2026-10-05 00:00:00,2026-10-05 04:00:00,ambient,AT_RISK,2026-10-04 23:33:00,SYNTHETIC_DEMO
DON-01166,REST-TG11-080,Khammam,Mixed Vegetables,vegetables,90,meals,vegetarian,2026-09-29 17:00:00,2026-09-30 01:00:00,refrigerated,AVAILABLE,2026-09-29 16:07:00,SYNTHETIC_DEMO
DON-01167,REST-TG12-095,Kumuram Bheem,Vegetable Pulao,pulao,23,meals,vegetarian,2026-10-03 00:00:00,2026-10-03 08:00:00,ambient,AT_RISK,2026-10-02 23:47:00,SYNTHETIC_DEMO
DON-01168,REST-TG13-105,Mahabubabad,Dal,dal,18,meals,vegetarian,2026-09-27 10:00:00,2026-09-27 18:00:00,hot_holding,AVAILABLE,2026-09-27 09:05:00,SYNTHETIC_DEMO
DON-01169,REST-TG14-150,Mahabubnagar,Veg Sandwich,sandwich,94,meals,vegetarian,2026-09-27 23:00:00,2026-09-28 04:00:00,ambient,AVAILABLE,2026-09-27 22:30:00,SYNTHETIC_DEMO
DON-01170,REST-TG15-149,Mancherial,Steamed Rice,rice,89,meals,vegetarian,2026-10-01 16:00:00,2026-10-01 18:00:00,hot_holding,AT_RISK,2026-10-01 15:18:00,SYNTHETIC_DEMO
DON-01171,REST-TG16-140,Medak,Steamed Rice,rice,69,meals,vegetarian,2026-09-30 02:00:00,2026-09-30 10:00:00,refrigerated,AVAILABLE,2026-09-30 01:04:00,SYNTHETIC_DEMO
DON-01172,REST-TG17-084,Medchal-Malkajgiri,Roti,roti,71,meals,vegetarian,2026-10-01 07:00:00,2026-10-01 10:00:00,ambient,AVAILABLE,2026-10-01 06:08:00,SYNTHETIC_DEMO
DON-01173,REST-TG18-077,Mulugu,Dal,dal,52,meals,vegetarian,2026-10-01 15:00:00,2026-10-01 17:00:00,ambient,AVAILABLE,2026-10-01 14:50:00,SYNTHETIC_DEMO
DON-01174,REST-TG19-060,Nagarkurnool,Dal,dal,27,meals,vegetarian,2026-09-29 22:00:00,2026-09-30 06:00:00,refrigerated,AT_RISK,2026-09-29 21:27:00,SYNTHETIC_DEMO
DON-01175,REST-TG20-044,Nalgonda,Vegetable Biryani,biryani,68,meals,vegan,2026-10-03 16:00:00,2026-10-03 21:00:00,ambient,AT_RISK,2026-10-03 15:39:00,SYNTHETIC_DEMO
DON-01176,REST-TG21-074,Narayanpet,Steamed Rice,rice,89,meals,non_vegetarian,2026-09-27 04:00:00,2026-09-27 07:00:00,refrigerated,URGENT,2026-09-27 03:50:00,SYNTHETIC_DEMO
DON-01177,REST-TG22-016,Nirmal,Veg Sandwich,sandwich,66,meals,non_vegetarian,2026-10-04 22:00:00,2026-10-05 02:00:00,hot_holding,AT_RISK,2026-10-04 21:26:00,SYNTHETIC_DEMO
DON-01178,REST-TG23-099,Nizamabad,Mixed Vegetables,vegetables,93,meals,vegetarian,2026-10-05 18:00:00,2026-10-05 20:00:00,hot_holding,URGENT,2026-10-05 17:07:00,SYNTHETIC_DEMO
DON-01179,REST-TG24-059,Peddapalli,Roti,roti,29,meals,vegetarian,2026-10-01 08:00:00,2026-10-01 11:00:00,refrigerated,AVAILABLE,2026-10-01 07:03:00,SYNTHETIC_DEMO
DON-01180,REST-TG25-032,Rajanna Sircilla,Prepared Meal,cooked_meal,14,meals,vegetarian,2026-09-28 17:00:00,2026-09-29 01:00:00,ambient,RESCUED,2026-09-28 16:46:00,SYNTHETIC_DEMO
DON-01181,REST-TG26-054,Rangareddy,Dal,dal,94,meals,vegetarian,2026-10-02 13:00:00,2026-10-02 18:00:00,ambient,RESCUED,2026-10-02 12:25:00,SYNTHETIC_DEMO
DON-01182,REST-TG27-135,Sangareddy,Fresh Fruit,fruits,75,meals,vegetarian,2026-09-28 16:00:00,2026-09-28 19:00:00,ambient,URGENT,2026-09-28 15:19:00,SYNTHETIC_DEMO
DON-01183,REST-TG28-084,Siddipet,Vegetable Biryani,biryani,88,meals,non_vegetarian,2026-09-28 16:00:00,2026-09-28 19:00:00,refrigerated,URGENT,2026-09-28 15:41:00,SYNTHETIC_DEMO
DON-01184,REST-TG29-149,Suryapet,Prepared Meal,cooked_meal,39,meals,vegetarian,2026-10-04 03:00:00,2026-10-04 05:00:00,refrigerated,AVAILABLE,2026-10-04 02:34:00,SYNTHETIC_DEMO
DON-01185,REST-TG30-078,Vikarabad,Bakery Items,bakery,78,meals,vegetarian,2026-09-28 05:00:00,2026-09-28 08:00:00,refrigerated,AT_RISK,2026-09-28 04:26:00,SYNTHETIC_DEMO
DON-01186,REST-TG31-009,Wanaparthy,Fresh Bread,bread,27,meals,vegetarian,2026-10-03 23:00:00,2026-10-04 02:00:00,refrigerated,URGENT,2026-10-03 22:25:00,SYNTHETIC_DEMO
DON-01187,REST-TG32-097,Warangal,Bakery Items,bakery,71,meals,non_vegetarian,2026-10-05 07:00:00,2026-10-05 09:00:00,ambient,AT_RISK,2026-10-05 06:19:00,SYNTHETIC_DEMO
DON-01188,REST-TG33-081,Yadadri Bhuvanagiri,Fresh Bread,bread,58,meals,vegetarian,2026-09-30 07:00:00,2026-09-30 13:00:00,hot_holding,RESCUED,2026-09-30 06:19:00,SYNTHETIC_DEMO
DON-01189,REST-TG01-110,Adilabad,Veg Sandwich,sandwich,93,meals,egg,2026-10-02 06:00:00,2026-10-02 12:00:00,ambient,AT_RISK,2026-10-02 05:20:00,SYNTHETIC_DEMO
DON-01190,REST-TG02-137,Bhadradri Kothagudem,Vegetable Pulao,pulao,90,meals,vegetarian,2026-10-05 23:00:00,2026-10-06 04:00:00,refrigerated,URGENT,2026-10-05 22:04:00,SYNTHETIC_DEMO
DON-01191,REST-TG03-002,Hanumakonda,Fresh Bread,bread,99,meals,vegetarian,2026-09-30 12:00:00,2026-09-30 15:00:00,ambient,AVAILABLE,2026-09-30 11:05:00,SYNTHETIC_DEMO
DON-01192,REST-TG04-068,Hyderabad,Veg Sandwich,sandwich,15,meals,non_vegetarian,2026-09-28 13:00:00,2026-09-28 21:00:00,ambient,AT_RISK,2026-09-28 12:50:00,SYNTHETIC_DEMO
DON-01193,REST-TG05-076,Jagtial,Steamed Rice,rice,96,meals,vegetarian,2026-09-27 13:00:00,2026-09-27 21:00:00,ambient,AVAILABLE,2026-09-27 12:10:00,SYNTHETIC_DEMO
DON-01194,REST-TG06-097,Jangaon,Fresh Fruit,fruits,51,meals,vegetarian,2026-10-05 05:00:00,2026-10-05 09:00:00,refrigerated,AVAILABLE,2026-10-05 04:49:00,SYNTHETIC_DEMO
DON-01195,REST-TG07-091,Jayashankar Bhupalpally,Mixed Vegetables,vegetables,58,meals,vegetarian,2026-10-04 13:00:00,2026-10-04 15:00:00,hot_holding,AVAILABLE,2026-10-04 12:31:00,SYNTHETIC_DEMO
DON-01196,REST-TG08-107,Jogulamba Gadwal,Fresh Bread,bread,74,meals,non_vegetarian,2026-09-30 18:00:00,2026-10-01 02:00:00,refrigerated,AVAILABLE,2026-09-30 17:47:00,SYNTHETIC_DEMO
DON-01197,REST-TG09-020,Kamareddy,Vegetable Biryani,biryani,18,meals,vegetarian,2026-10-05 21:00:00,2026-10-06 01:00:00,hot_holding,AT_RISK,2026-10-05 20:07:00,SYNTHETIC_DEMO
DON-01198,REST-TG10-117,Karimnagar,Steamed Rice,rice,41,meals,vegetarian,2026-10-05 00:00:00,2026-10-05 02:00:00,ambient,AT_RISK,2026-10-04 23:40:00,SYNTHETIC_DEMO
DON-01199,REST-TG11-033,Khammam,Vegetable Biryani,biryani,74,meals,vegetarian,2026-10-03 21:00:00,2026-10-04 00:00:00,ambient,AT_RISK,2026-10-03 20:22:00,SYNTHETIC_DEMO
DON-01200,REST-TG12-086,Kumuram Bheem,Veg Sandwich,sandwich,78,meals,vegetarian,2026-09-30 01:00:00,2026-09-30 07:00:00,hot_holding,AVAILABLE,2026-09-30 00:29:00,SYNTHETIC_DEMO
DON-01201,REST-TG13-114,Mahabubabad,Roti,roti,83,meals,vegetarian,2026-10-05 23:00:00,2026-10-06 04:00:00,hot_holding,URGENT,2026-10-05 22:19:00,SYNTHETIC_DEMO
DON-01202,REST-TG14-127,Mahabubnagar,Roti,roti,29,meals,vegetarian,2026-09-28 03:00:00,2026-09-28 08:00:00,hot_holding,AVAILABLE,2026-09-28 02:41:00,SYNTHETIC_DEMO
DON-01203,REST-TG15-018,Mancherial,Veg Sandwich,sandwich,93,meals,vegetarian,2026-10-01 05:00:00,2026-10-01 13:00:00,refrigerated,RESCUED,2026-10-01 04:34:00,SYNTHETIC_DEMO
DON-01204,REST-TG16-063,Medak,Vegetable Pulao,pulao,17,meals,vegetarian,2026-09-28 15:00:00,2026-09-28 20:00:00,refrigerated,AVAILABLE,2026-09-28 14:06:00,SYNTHETIC_DEMO
DON-01205,REST-TG17-144,Medchal-Malkajgiri,Steamed Rice,rice,56,meals,non_vegetarian,2026-10-02 02:00:00,2026-10-02 06:00:00,ambient,AVAILABLE,2026-10-02 01:17:00,SYNTHETIC_DEMO
DON-01206,REST-TG18-022,Mulugu,Vegetable Pulao,pulao,73,meals,vegetarian,2026-09-26 09:00:00,2026-09-26 17:00:00,refrigerated,AVAILABLE,2026-09-26 08:14:00,SYNTHETIC_DEMO
DON-01207,REST-TG19-050,Nagarkurnool,Vegetable Pulao,pulao,30,meals,vegetarian,2026-10-01 11:00:00,2026-10-01 13:00:00,ambient,URGENT,2026-10-01 10:06:00,SYNTHETIC_DEMO
DON-01208,REST-TG20-100,Nalgonda,Fresh Fruit,fruits,10,meals,non_vegetarian,2026-10-01 09:00:00,2026-10-01 17:00:00,ambient,AVAILABLE,2026-10-01 08:31:00,SYNTHETIC_DEMO
DON-01209,REST-TG21-132,Narayanpet,Prepared Meal,cooked_meal,26,meals,vegetarian,2026-10-03 17:00:00,2026-10-03 22:00:00,ambient,AT_RISK,2026-10-03 16:34:00,SYNTHETIC_DEMO
DON-01210,REST-TG22-036,Nirmal,Prepared Meal,cooked_meal,36,meals,vegetarian,2026-10-01 01:00:00,2026-10-01 07:00:00,ambient,AVAILABLE,2026-10-01 00:08:00,SYNTHETIC_DEMO
DON-01211,REST-TG23-005,Nizamabad,Fresh Bread,bread,17,meals,vegetarian,2026-10-02 23:00:00,2026-10-03 02:00:00,ambient,AVAILABLE,2026-10-02 22:31:00,SYNTHETIC_DEMO
DON-01212,REST-TG24-128,Peddapalli,Bakery Items,bakery,46,meals,vegetarian,2026-10-03 21:00:00,2026-10-04 01:00:00,ambient,AT_RISK,2026-10-03 20:35:00,SYNTHETIC_DEMO
DON-01213,REST-TG25-076,Rajanna Sircilla,Fresh Fruit,fruits,52,meals,vegetarian,2026-09-27 03:00:00,2026-09-27 07:00:00,hot_holding,AT_RISK,2026-09-27 02:04:00,SYNTHETIC_DEMO
DON-01214,REST-TG26-039,Rangareddy,Prepared Meal,cooked_meal,56,meals,vegetarian,2026-09-29 12:00:00,2026-09-29 15:00:00,ambient,AVAILABLE,2026-09-29 11:06:00,SYNTHETIC_DEMO
DON-01215,REST-TG27-030,Sangareddy,Packaged Meals,packaged_food,14,meals,vegetarian,2026-09-28 02:00:00,2026-09-28 10:00:00,refrigerated,AT_RISK,2026-09-28 01:34:00,SYNTHETIC_DEMO
DON-01216,REST-TG28-138,Siddipet,Vegetable Pulao,pulao,96,meals,vegetarian,2026-10-06 04:00:00,2026-10-06 08:00:00,refrigerated,AT_RISK,2026-10-06 03:15:00,SYNTHETIC_DEMO
DON-01217,REST-TG29-147,Suryapet,Veg Sandwich,sandwich,41,meals,vegetarian,2026-09-30 16:00:00,2026-09-30 20:00:00,ambient,AVAILABLE,2026-09-30 15:00:00,SYNTHETIC_DEMO
DON-01218,REST-TG30-113,Vikarabad,Steamed Rice,rice,46,meals,vegetarian,2026-09-28 18:00:00,2026-09-28 21:00:00,refrigerated,AVAILABLE,2026-09-28 17:32:00,SYNTHETIC_DEMO
DON-01219,REST-TG31-116,Wanaparthy,Prepared Meal,cooked_meal,11,meals,non_vegetarian,2026-09-30 12:00:00,2026-09-30 16:00:00,refrigerated,RESCUED,2026-09-30 11:37:00,SYNTHETIC_DEMO
DON-01220,REST-TG32-113,Warangal,Dal,dal,81,meals,vegetarian,2026-10-04 08:00:00,2026-10-04 12:00:00,hot_holding,RESCUED,2026-10-04 07:24:00,SYNTHETIC_DEMO
DON-01221,REST-TG33-137,Yadadri Bhuvanagiri,Veg Sandwich,sandwich,23,meals,vegetarian,2026-10-04 21:00:00,2026-10-05 01:00:00,hot_holding,RESCUED,2026-10-04 20:55:00,SYNTHETIC_DEMO
DON-01222,REST-TG01-136,Adilabad,Vegetable Biryani,biryani,24,meals,non_vegetarian,2026-10-05 15:00:00,2026-10-05 21:00:00,ambient,AVAILABLE,2026-10-05 14:25:00,SYNTHETIC_DEMO
DON-01223,REST-TG02-114,Bhadradri Kothagudem,Packaged Meals,packaged_food,73,meals,vegetarian,2026-10-05 12:00:00,2026-10-05 15:00:00,hot_holding,URGENT,2026-10-05 11:11:00,SYNTHETIC_DEMO
DON-01224,REST-TG03-078,Hanumakonda,Steamed Rice,rice,99,meals,non_vegetarian,2026-10-01 21:00:00,2026-10-02 03:00:00,hot_holding,AVAILABLE,2026-10-01 20:12:00,SYNTHETIC_DEMO
DON-01225,REST-TG04-110,Hyderabad,Bakery Items,bakery,63,meals,vegetarian,2026-10-04 00:00:00,2026-10-04 03:00:00,hot_holding,AT_RISK,2026-10-03 23:40:00,SYNTHETIC_DEMO
DON-01226,REST-TG05-111,Jagtial,Dal,dal,69,meals,egg,2026-09-29 03:00:00,2026-09-29 05:00:00,hot_holding,AT_RISK,2026-09-29 02:08:00,SYNTHETIC_DEMO
DON-01227,REST-TG06-002,Jangaon,Mixed Vegetables,vegetables,73,meals,vegetarian,2026-09-28 15:00:00,2026-09-28 17:00:00,hot_holding,AT_RISK,2026-09-28 14:55:00,SYNTHETIC_DEMO
DON-01228,REST-TG07-049,Jayashankar Bhupalpally,Mixed Vegetables,vegetables,65,meals,vegetarian,2026-10-02 18:00:00,2026-10-02 23:00:00,ambient,AT_RISK,2026-10-02 17:16:00,SYNTHETIC_DEMO
DON-01229,REST-TG08-008,Jogulamba Gadwal,Roti,roti,27,meals,vegetarian,2026-10-02 15:00:00,2026-10-02 17:00:00,ambient,AT_RISK,2026-10-02 14:48:00,SYNTHETIC_DEMO
DON-01230,REST-TG09-018,Kamareddy,Veg Sandwich,sandwich,34,meals,vegetarian,2026-10-03 22:00:00,2026-10-04 02:00:00,ambient,AVAILABLE,2026-10-03 21:44:00,SYNTHETIC_DEMO
DON-01231,REST-TG10-143,Karimnagar,Steamed Rice,rice,28,meals,vegetarian,2026-10-03 15:00:00,2026-10-03 19:00:00,hot_holding,AT_RISK,2026-10-03 14:19:00,SYNTHETIC_DEMO
DON-01232,REST-TG11-107,Khammam,Fresh Fruit,fruits,50,meals,vegetarian,2026-09-27 11:00:00,2026-09-27 17:00:00,refrigerated,AT_RISK,2026-09-27 10:16:00,SYNTHETIC_DEMO
DON-01233,REST-TG12-134,Kumuram Bheem,Vegetable Biryani,biryani,56,meals,vegetarian,2026-09-30 11:00:00,2026-09-30 15:00:00,hot_holding,AT_RISK,2026-09-30 10:39:00,SYNTHETIC_DEMO
DON-01234,REST-TG13-062,Mahabubabad,Veg Sandwich,sandwich,18,meals,vegan,2026-10-06 06:00:00,2026-10-06 09:00:00,hot_holding,URGENT,2026-10-06 05:42:00,SYNTHETIC_DEMO
DON-01235,REST-TG14-147,Mahabubnagar,Fresh Fruit,fruits,13,meals,vegetarian,2026-10-02 01:00:00,2026-10-02 07:00:00,ambient,RESCUED,2026-10-02 00:49:00,SYNTHETIC_DEMO
DON-01236,REST-TG15-112,Mancherial,Steamed Rice,rice,22,meals,vegan,2026-09-30 23:00:00,2026-10-01 04:00:00,ambient,AT_RISK,2026-09-30 22:44:00,SYNTHETIC_DEMO
DON-01237,REST-TG16-044,Medak,Fresh Bread,bread,73,meals,non_vegetarian,2026-10-05 13:00:00,2026-10-05 18:00:00,refrigerated,AVAILABLE,2026-10-05 12:43:00,SYNTHETIC_DEMO
DON-01238,REST-TG17-081,Medchal-Malkajgiri,Packaged Meals,packaged_food,15,meals,non_vegetarian,2026-09-29 16:00:00,2026-09-29 22:00:00,refrigerated,RESCUED,2026-09-29 15:42:00,SYNTHETIC_DEMO
DON-01239,REST-TG18-125,Mulugu,Packaged Meals,packaged_food,16,meals,vegetarian,2026-09-30 17:00:00,2026-09-30 23:00:00,ambient,AVAILABLE,2026-09-30 16:04:00,SYNTHETIC_DEMO
DON-01240,REST-TG19-035,Nagarkurnool,Bakery Items,bakery,89,meals,vegetarian,2026-09-28 18:00:00,2026-09-28 21:00:00,refrigerated,AVAILABLE,2026-09-28 17:19:00,SYNTHETIC_DEMO
DON-01241,REST-TG20-110,Nalgonda,Steamed Rice,rice,38,meals,vegetarian,2026-10-04 10:00:00,2026-10-04 13:00:00,refrigerated,RESCUED,2026-10-04 09:10:00,SYNTHETIC_DEMO
DON-01242,REST-TG21-121,Narayanpet,Fresh Bread,bread,98,meals,vegetarian,2026-09-28 12:00:00,2026-09-28 14:00:00,hot_holding,URGENT,2026-09-28 11:49:00,SYNTHETIC_DEMO
DON-01243,REST-TG22-100,Nirmal,Bakery Items,bakery,94,meals,egg,2026-10-05 01:00:00,2026-10-05 03:00:00,refrigerated,AT_RISK,2026-10-05 00:23:00,SYNTHETIC_DEMO
DON-01244,REST-TG23-118,Nizamabad,Steamed Rice,rice,93,meals,vegetarian,2026-09-30 06:00:00,2026-09-30 09:00:00,hot_holding,AVAILABLE,2026-09-30 05:47:00,SYNTHETIC_DEMO
DON-01245,REST-TG24-133,Peddapalli,Vegetable Pulao,pulao,89,meals,vegetarian,2026-09-30 11:00:00,2026-09-30 15:00:00,ambient,RESCUED,2026-09-30 10:20:00,SYNTHETIC_DEMO
DON-01246,REST-TG25-105,Rajanna Sircilla,Fresh Fruit,fruits,87,meals,vegetarian,2026-10-04 21:00:00,2026-10-05 05:00:00,hot_holding,URGENT,2026-10-04 20:33:00,SYNTHETIC_DEMO
DON-01247,REST-TG26-137,Rangareddy,Steamed Rice,rice,62,meals,vegetarian,2026-09-29 17:00:00,2026-09-29 20:00:00,refrigerated,URGENT,2026-09-29 16:28:00,SYNTHETIC_DEMO
DON-01248,REST-TG27-135,Sangareddy,Vegetable Pulao,pulao,37,meals,vegetarian,2026-09-27 05:00:00,2026-09-27 11:00:00,refrigerated,AT_RISK,2026-09-27 04:33:00,SYNTHETIC_DEMO
DON-01249,REST-TG28-124,Siddipet,Mixed Vegetables,vegetables,75,meals,vegetarian,2026-10-04 12:00:00,2026-10-04 17:00:00,refrigerated,AT_RISK,2026-10-04 11:48:00,SYNTHETIC_DEMO
DON-01250,REST-TG29-060,Suryapet,Steamed Rice,rice,22,meals,vegetarian,2026-09-27 09:00:00,2026-09-27 14:00:00,ambient,AVAILABLE,2026-09-27 08:40:00,SYNTHETIC_DEMO
DON-01251,REST-TG30-005,Vikarabad,Vegetable Biryani,biryani,80,meals,vegetarian,2026-10-03 06:00:00,2026-10-03 09:00:00,ambient,AT_RISK,2026-10-03 05:36:00,SYNTHETIC_DEMO
DON-01252,REST-TG31-016,Wanaparthy,Prepared Meal,cooked_meal,45,meals,vegetarian,2026-09-29 02:00:00,2026-09-29 06:00:00,hot_holding,AT_RISK,2026-09-29 01:27:00,SYNTHETIC_DEMO
DON-01253,REST-TG32-107,Warangal,Fresh Fruit,fruits,88,meals,non_vegetarian,2026-10-06 06:00:00,2026-10-06 11:00:00,hot_holding,AVAILABLE,2026-10-06 05:54:00,SYNTHETIC_DEMO
DON-01254,REST-TG33-029,Yadadri Bhuvanagiri,Fresh Bread,bread,55,meals,vegetarian,2026-09-28 18:00:00,2026-09-28 23:00:00,hot_holding,AT_RISK,2026-09-28 17:45:00,SYNTHETIC_DEMO
DON-01255,REST-TG01-132,Adilabad,Fresh Bread,bread,53,meals,vegan,2026-10-02 15:00:00,2026-10-02 21:00:00,refrigerated,URGENT,2026-10-02 14:41:00,SYNTHETIC_DEMO
DON-01256,REST-TG02-091,Bhadradri Kothagudem,Vegetable Pulao,pulao,23,meals,vegan,2026-09-28 02:00:00,2026-09-28 07:00:00,ambient,URGENT,2026-09-28 01:43:00,SYNTHETIC_DEMO
DON-01257,REST-TG03-125,Hanumakonda,Fresh Bread,bread,36,meals,non_vegetarian,2026-10-05 14:00:00,2026-10-05 17:00:00,ambient,RESCUED,2026-10-05 13:18:00,SYNTHETIC_DEMO
DON-01258,REST-TG04-082,Hyderabad,Mixed Vegetables,vegetables,43,meals,egg,2026-09-26 16:00:00,2026-09-27 00:00:00,hot_holding,AVAILABLE,2026-09-26 15:08:00,SYNTHETIC_DEMO
DON-01259,REST-TG05-080,Jagtial,Dal,dal,74,meals,vegetarian,2026-09-29 06:00:00,2026-09-29 14:00:00,ambient,AT_RISK,2026-09-29 05:20:00,SYNTHETIC_DEMO
DON-01260,REST-TG06-131,Jangaon,Veg Sandwich,sandwich,96,meals,non_vegetarian,2026-10-01 13:00:00,2026-10-01 18:00:00,ambient,AVAILABLE,2026-10-01 12:27:00,SYNTHETIC_DEMO
DON-01261,REST-TG07-008,Jayashankar Bhupalpally,Steamed Rice,rice,36,meals,vegetarian,2026-10-01 01:00:00,2026-10-01 05:00:00,ambient,AVAILABLE,2026-10-01 00:20:00,SYNTHETIC_DEMO
DON-01262,REST-TG08-076,Jogulamba Gadwal,Steamed Rice,rice,31,meals,vegetarian,2026-09-30 18:00:00,2026-10-01 02:00:00,hot_holding,AT_RISK,2026-09-30 17:54:00,SYNTHETIC_DEMO
DON-01263,REST-TG09-027,Kamareddy,Bakery Items,bakery,53,meals,vegetarian,2026-10-01 11:00:00,2026-10-01 19:00:00,refrigerated,AT_RISK,2026-10-01 10:31:00,SYNTHETIC_DEMO
DON-01264,REST-TG10-105,Karimnagar,Dal,dal,74,meals,egg,2026-10-01 09:00:00,2026-10-01 11:00:00,hot_holding,AT_RISK,2026-10-01 08:47:00,SYNTHETIC_DEMO
DON-01265,REST-TG11-037,Khammam,Vegetable Biryani,biryani,13,meals,vegetarian,2026-09-28 19:00:00,2026-09-29 03:00:00,hot_holding,RESCUED,2026-09-28 18:12:00,SYNTHETIC_DEMO
DON-01266,REST-TG12-125,Kumuram Bheem,Vegetable Biryani,biryani,31,meals,vegetarian,2026-10-02 00:00:00,2026-10-02 03:00:00,ambient,AT_RISK,2026-10-01 23:21:00,SYNTHETIC_DEMO
DON-01267,REST-TG13-065,Mahabubabad,Veg Sandwich,sandwich,23,meals,vegetarian,2026-10-05 03:00:00,2026-10-05 05:00:00,refrigerated,AVAILABLE,2026-10-05 02:05:00,SYNTHETIC_DEMO
DON-01268,REST-TG14-061,Mahabubnagar,Vegetable Biryani,biryani,42,meals,vegetarian,2026-09-27 12:00:00,2026-09-27 18:00:00,hot_holding,AVAILABLE,2026-09-27 11:11:00,SYNTHETIC_DEMO
DON-01269,REST-TG15-073,Mancherial,Vegetable Biryani,biryani,19,meals,vegan,2026-09-28 03:00:00,2026-09-28 08:00:00,ambient,AT_RISK,2026-09-28 02:38:00,SYNTHETIC_DEMO
DON-01270,REST-TG16-007,Medak,Mixed Vegetables,vegetables,39,meals,vegetarian,2026-10-04 23:00:00,2026-10-05 04:00:00,hot_holding,RESCUED,2026-10-04 22:06:00,SYNTHETIC_DEMO
DON-01271,REST-TG17-029,Medchal-Malkajgiri,Fresh Fruit,fruits,35,meals,vegetarian,2026-09-30 20:00:00,2026-10-01 02:00:00,ambient,AT_RISK,2026-09-30 19:21:00,SYNTHETIC_DEMO
DON-01272,REST-TG18-022,Mulugu,Roti,roti,81,meals,vegetarian,2026-10-02 05:00:00,2026-10-02 09:00:00,ambient,AVAILABLE,2026-10-02 04:42:00,SYNTHETIC_DEMO
DON-01273,REST-TG19-118,Nagarkurnool,Prepared Meal,cooked_meal,23,meals,non_vegetarian,2026-10-03 14:00:00,2026-10-03 18:00:00,ambient,RESCUED,2026-10-03 13:13:00,SYNTHETIC_DEMO
DON-01274,REST-TG20-047,Nalgonda,Veg Sandwich,sandwich,38,meals,vegetarian,2026-10-03 08:00:00,2026-10-03 11:00:00,refrigerated,URGENT,2026-10-03 07:00:00,SYNTHETIC_DEMO
DON-01275,REST-TG21-031,Narayanpet,Fresh Bread,bread,95,meals,vegetarian,2026-10-05 08:00:00,2026-10-05 16:00:00,refrigerated,AT_RISK,2026-10-05 07:09:00,SYNTHETIC_DEMO
DON-01276,REST-TG22-019,Nirmal,Roti,roti,94,meals,vegetarian,2026-09-29 04:00:00,2026-09-29 09:00:00,ambient,AT_RISK,2026-09-29 03:44:00,SYNTHETIC_DEMO
DON-01277,REST-TG23-086,Nizamabad,Packaged Meals,packaged_food,15,meals,vegetarian,2026-10-05 19:00:00,2026-10-05 23:00:00,refrigerated,AVAILABLE,2026-10-05 18:22:00,SYNTHETIC_DEMO
DON-01278,REST-TG24-102,Peddapalli,Fresh Fruit,fruits,77,meals,egg,2026-10-01 20:00:00,2026-10-02 00:00:00,ambient,AT_RISK,2026-10-01 19:40:00,SYNTHETIC_DEMO
DON-01279,REST-TG25-125,Rajanna Sircilla,Bakery Items,bakery,41,meals,vegan,2026-09-29 13:00:00,2026-09-29 17:00:00,ambient,AVAILABLE,2026-09-29 12:31:00,SYNTHETIC_DEMO
DON-01280,REST-TG26-125,Rangareddy,Vegetable Biryani,biryani,62,meals,vegetarian,2026-10-02 09:00:00,2026-10-02 11:00:00,refrigerated,AT_RISK,2026-10-02 08:12:00,SYNTHETIC_DEMO
DON-01281,REST-TG27-059,Sangareddy,Fresh Fruit,fruits,45,meals,vegetarian,2026-09-28 11:00:00,2026-09-28 14:00:00,ambient,RESCUED,2026-09-28 10:10:00,SYNTHETIC_DEMO
DON-01282,REST-TG28-040,Siddipet,Fresh Fruit,fruits,44,meals,egg,2026-09-28 13:00:00,2026-09-28 21:00:00,refrigerated,AVAILABLE,2026-09-28 12:14:00,SYNTHETIC_DEMO
DON-01283,REST-TG29-036,Suryapet,Roti,roti,82,meals,non_vegetarian,2026-09-27 14:00:00,2026-09-27 16:00:00,hot_holding,AT_RISK,2026-09-27 13:28:00,SYNTHETIC_DEMO
DON-01284,REST-TG30-088,Vikarabad,Veg Sandwich,sandwich,42,meals,vegetarian,2026-10-03 15:00:00,2026-10-03 23:00:00,ambient,AT_RISK,2026-10-03 14:16:00,SYNTHETIC_DEMO
DON-01285,REST-TG31-127,Wanaparthy,Prepared Meal,cooked_meal,82,meals,vegetarian,2026-09-29 13:00:00,2026-09-29 17:00:00,ambient,AT_RISK,2026-09-29 12:07:00,SYNTHETIC_DEMO
DON-01286,REST-TG32-018,Warangal,Packaged Meals,packaged_food,83,meals,vegetarian,2026-10-04 12:00:00,2026-10-04 16:00:00,ambient,URGENT,2026-10-04 11:51:00,SYNTHETIC_DEMO
DON-01287,REST-TG33-050,Yadadri Bhuvanagiri,Fresh Bread,bread,73,meals,egg,2026-10-03 19:00:00,2026-10-04 03:00:00,hot_holding,AT_RISK,2026-10-03 18:54:00,SYNTHETIC_DEMO
DON-01288,REST-TG01-102,Adilabad,Vegetable Biryani,biryani,48,meals,vegetarian,2026-10-02 14:00:00,2026-10-02 20:00:00,ambient,AVAILABLE,2026-10-02 13:45:00,SYNTHETIC_DEMO
DON-01289,REST-TG02-036,Bhadradri Kothagudem,Vegetable Biryani,biryani,42,meals,non_vegetarian,2026-10-04 08:00:00,2026-10-04 12:00:00,hot_holding,AVAILABLE,2026-10-04 07:25:00,SYNTHETIC_DEMO
DON-01290,REST-TG03-047,Hanumakonda,Vegetable Biryani,biryani,53,meals,vegetarian,2026-09-30 04:00:00,2026-09-30 06:00:00,hot_holding,AT_RISK,2026-09-30 03:23:00,SYNTHETIC_DEMO
DON-01291,REST-TG04-092,Hyderabad,Mixed Vegetables,vegetables,46,meals,vegetarian,2026-10-02 04:00:00,2026-10-02 07:00:00,hot_holding,AVAILABLE,2026-10-02 03:22:00,SYNTHETIC_DEMO
DON-01292,REST-TG05-040,Jagtial,Roti,roti,78,meals,vegan,2026-10-06 04:00:00,2026-10-06 07:00:00,ambient,AT_RISK,2026-10-06 03:26:00,SYNTHETIC_DEMO
DON-01293,REST-TG06-024,Jangaon,Mixed Vegetables,vegetables,91,meals,vegetarian,2026-10-02 16:00:00,2026-10-02 20:00:00,hot_holding,AT_RISK,2026-10-02 15:21:00,SYNTHETIC_DEMO
DON-01294,REST-TG07-017,Jayashankar Bhupalpally,Veg Sandwich,sandwich,56,meals,vegetarian,2026-09-27 11:00:00,2026-09-27 16:00:00,refrigerated,URGENT,2026-09-27 10:44:00,SYNTHETIC_DEMO
DON-01295,REST-TG08-046,Jogulamba Gadwal,Vegetable Biryani,biryani,41,meals,vegetarian,2026-10-05 05:00:00,2026-10-05 09:00:00,hot_holding,URGENT,2026-10-05 04:48:00,SYNTHETIC_DEMO
DON-01296,REST-TG09-126,Kamareddy,Veg Sandwich,sandwich,66,meals,vegetarian,2026-09-26 09:00:00,2026-09-26 15:00:00,refrigerated,AT_RISK,2026-09-26 08:00:00,SYNTHETIC_DEMO
DON-01297,REST-TG10-071,Karimnagar,Bakery Items,bakery,89,meals,egg,2026-10-06 02:00:00,2026-10-06 07:00:00,hot_holding,URGENT,2026-10-06 01:45:00,SYNTHETIC_DEMO
DON-01298,REST-TG11-147,Khammam,Dal,dal,41,meals,vegetarian,2026-09-30 20:00:00,2026-10-01 01:00:00,ambient,AT_RISK,2026-09-30 19:39:00,SYNTHETIC_DEMO
DON-01299,REST-TG12-091,Kumuram Bheem,Dal,dal,35,meals,vegetarian,2026-09-28 06:00:00,2026-09-28 08:00:00,hot_holding,AT_RISK,2026-09-28 05:54:00,SYNTHETIC_DEMO
DON-01300,REST-TG13-041,Mahabubabad,Vegetable Biryani,biryani,37,meals,egg,2026-10-01 23:00:00,2026-10-02 07:00:00,ambient,AVAILABLE,2026-10-01 22:22:00,SYNTHETIC_DEMO
DON-01301,REST-TG14-053,Mahabubnagar,Fresh Fruit,fruits,10,meals,non_vegetarian,2026-10-05 22:00:00,2026-10-06 06:00:00,hot_holding,URGENT,2026-10-05 21:48:00,SYNTHETIC_DEMO
DON-01302,REST-TG15-022,Mancherial,Prepared Meal,cooked_meal,77,meals,vegetarian,2026-09-28 00:00:00,2026-09-28 05:00:00,refrigerated,RESCUED,2026-09-27 23:43:00,SYNTHETIC_DEMO
DON-01303,REST-TG16-118,Medak,Prepared Meal,cooked_meal,94,meals,egg,2026-10-03 09:00:00,2026-10-03 17:00:00,hot_holding,AT_RISK,2026-10-03 08:04:00,SYNTHETIC_DEMO
DON-01304,REST-TG17-113,Medchal-Malkajgiri,Mixed Vegetables,vegetables,66,meals,vegetarian,2026-09-30 09:00:00,2026-09-30 13:00:00,ambient,AT_RISK,2026-09-30 08:15:00,SYNTHETIC_DEMO
DON-01305,REST-TG18-044,Mulugu,Mixed Vegetables,vegetables,85,meals,vegetarian,2026-09-29 21:00:00,2026-09-29 23:00:00,refrigerated,AVAILABLE,2026-09-29 20:17:00,SYNTHETIC_DEMO
DON-01306,REST-TG19-069,Nagarkurnool,Roti,roti,58,meals,vegetarian,2026-10-01 06:00:00,2026-10-01 10:00:00,refrigerated,RESCUED,2026-10-01 05:46:00,SYNTHETIC_DEMO
DON-01307,REST-TG20-058,Nalgonda,Fresh Fruit,fruits,78,meals,vegetarian,2026-10-04 03:00:00,2026-10-04 06:00:00,ambient,URGENT,2026-10-04 02:55:00,SYNTHETIC_DEMO
DON-01308,REST-TG21-129,Narayanpet,Packaged Meals,packaged_food,53,meals,non_vegetarian,2026-09-27 19:00:00,2026-09-27 23:00:00,refrigerated,AVAILABLE,2026-09-27 18:18:00,SYNTHETIC_DEMO
DON-01309,REST-TG22-150,Nirmal,Steamed Rice,rice,14,meals,vegetarian,2026-10-03 20:00:00,2026-10-04 00:00:00,refrigerated,URGENT,2026-10-03 19:50:00,SYNTHETIC_DEMO
DON-01310,REST-TG23-057,Nizamabad,Mixed Vegetables,vegetables,58,meals,vegan,2026-10-04 16:00:00,2026-10-04 21:00:00,hot_holding,AT_RISK,2026-10-04 15:45:00,SYNTHETIC_DEMO
DON-01311,REST-TG24-124,Peddapalli,Mixed Vegetables,vegetables,94,meals,vegetarian,2026-10-01 17:00:00,2026-10-01 20:00:00,hot_holding,AVAILABLE,2026-10-01 16:21:00,SYNTHETIC_DEMO
DON-01312,REST-TG25-085,Rajanna Sircilla,Roti,roti,55,meals,non_vegetarian,2026-10-02 17:00:00,2026-10-02 19:00:00,refrigerated,URGENT,2026-10-02 16:48:00,SYNTHETIC_DEMO
DON-01313,REST-TG26-089,Rangareddy,Bakery Items,bakery,94,meals,vegetarian,2026-10-05 20:00:00,2026-10-06 01:00:00,refrigerated,URGENT,2026-10-05 19:44:00,SYNTHETIC_DEMO
DON-01314,REST-TG27-124,Sangareddy,Steamed Rice,rice,10,meals,vegetarian,2026-09-29 07:00:00,2026-09-29 12:00:00,hot_holding,RESCUED,2026-09-29 06:13:00,SYNTHETIC_DEMO
DON-01315,REST-TG28-024,Siddipet,Roti,roti,23,meals,vegetarian,2026-09-30 08:00:00,2026-09-30 13:00:00,refrigerated,AVAILABLE,2026-09-30 07:42:00,SYNTHETIC_DEMO
DON-01316,REST-TG29-035,Suryapet,Vegetable Biryani,biryani,69,meals,egg,2026-10-03 16:00:00,2026-10-03 20:00:00,refrigerated,RESCUED,2026-10-03 15:10:00,SYNTHETIC_DEMO
DON-01317,REST-TG30-106,Vikarabad,Mixed Vegetables,vegetables,13,meals,vegetarian,2026-09-30 11:00:00,2026-09-30 15:00:00,hot_holding,AVAILABLE,2026-09-30 10:44:00,SYNTHETIC_DEMO
DON-01318,REST-TG31-023,Wanaparthy,Bakery Items,bakery,18,meals,vegetarian,2026-10-04 14:00:00,2026-10-04 16:00:00,refrigerated,URGENT,2026-10-04 13:26:00,SYNTHETIC_DEMO
DON-01319,REST-TG32-119,Warangal,Fresh Bread,bread,100,meals,vegetarian,2026-09-27 03:00:00,2026-09-27 07:00:00,ambient,AT_RISK,2026-09-27 02:08:00,SYNTHETIC_DEMO
DON-01320,REST-TG33-020,Yadadri Bhuvanagiri,Steamed Rice,rice,15,meals,vegetarian,2026-10-01 00:00:00,2026-10-01 05:00:00,refrigerated,URGENT,2026-09-30 23:41:00,SYNTHETIC_DEMO
DON-01321,REST-TG01-140,Adilabad,Vegetable Biryani,biryani,10,meals,vegetarian,2026-10-06 03:00:00,2026-10-06 11:00:00,ambient,AVAILABLE,2026-10-06 02:49:00,SYNTHETIC_DEMO
DON-01322,REST-TG02-114,Bhadradri Kothagudem,Veg Sandwich,sandwich,18,meals,vegetarian,2026-09-26 14:00:00,2026-09-26 17:00:00,hot_holding,URGENT,2026-09-26 13:13:00,SYNTHETIC_DEMO
DON-01323,REST-TG03-147,Hanumakonda,Dal,dal,12,meals,vegetarian,2026-09-29 03:00:00,2026-09-29 06:00:00,refrigerated,URGENT,2026-09-29 02:10:00,SYNTHETIC_DEMO
DON-01324,REST-TG04-002,Hyderabad,Fresh Fruit,fruits,38,meals,non_vegetarian,2026-10-06 05:00:00,2026-10-06 13:00:00,refrigerated,AVAILABLE,2026-10-06 04:47:00,SYNTHETIC_DEMO
DON-01325,REST-TG05-122,Jagtial,Prepared Meal,cooked_meal,47,meals,vegetarian,2026-10-01 14:00:00,2026-10-01 19:00:00,hot_holding,AT_RISK,2026-10-01 13:34:00,SYNTHETIC_DEMO
DON-01326,REST-TG06-010,Jangaon,Fresh Fruit,fruits,76,meals,vegetarian,2026-10-05 06:00:00,2026-10-05 08:00:00,hot_holding,AT_RISK,2026-10-05 05:28:00,SYNTHETIC_DEMO
DON-01327,REST-TG07-125,Jayashankar Bhupalpally,Veg Sandwich,sandwich,90,meals,vegetarian,2026-09-30 05:00:00,2026-09-30 08:00:00,hot_holding,URGENT,2026-09-30 04:35:00,SYNTHETIC_DEMO
DON-01328,REST-TG08-101,Jogulamba Gadwal,Veg Sandwich,sandwich,45,meals,vegetarian,2026-10-02 10:00:00,2026-10-02 15:00:00,refrigerated,RESCUED,2026-10-02 09:09:00,SYNTHETIC_DEMO
DON-01329,REST-TG09-083,Kamareddy,Fresh Fruit,fruits,13,meals,non_vegetarian,2026-09-26 20:00:00,2026-09-27 00:00:00,ambient,RESCUED,2026-09-26 19:13:00,SYNTHETIC_DEMO
DON-01330,REST-TG10-098,Karimnagar,Mixed Vegetables,vegetables,38,meals,vegetarian,2026-10-03 13:00:00,2026-10-03 18:00:00,hot_holding,AVAILABLE,2026-10-03 12:18:00,SYNTHETIC_DEMO
DON-01331,REST-TG11-058,Khammam,Steamed Rice,rice,20,meals,vegetarian,2026-09-30 02:00:00,2026-09-30 08:00:00,ambient,AT_RISK,2026-09-30 01:38:00,SYNTHETIC_DEMO
DON-01332,REST-TG12-024,Kumuram Bheem,Vegetable Pulao,pulao,68,meals,egg,2026-10-06 06:00:00,2026-10-06 08:00:00,hot_holding,AT_RISK,2026-10-06 05:53:00,SYNTHETIC_DEMO
DON-01333,REST-TG13-038,Mahabubabad,Vegetable Biryani,biryani,79,meals,vegetarian,2026-10-01 09:00:00,2026-10-01 17:00:00,refrigerated,AT_RISK,2026-10-01 08:33:00,SYNTHETIC_DEMO
DON-01334,REST-TG14-106,Mahabubnagar,Prepared Meal,cooked_meal,41,meals,vegan,2026-09-28 19:00:00,2026-09-29 03:00:00,refrigerated,URGENT,2026-09-28 18:46:00,SYNTHETIC_DEMO
DON-01335,REST-TG15-025,Mancherial,Prepared Meal,cooked_meal,88,meals,vegetarian,2026-10-03 01:00:00,2026-10-03 09:00:00,ambient,AT_RISK,2026-10-03 00:18:00,SYNTHETIC_DEMO
DON-01336,REST-TG16-066,Medak,Vegetable Biryani,biryani,22,meals,non_vegetarian,2026-09-27 07:00:00,2026-09-27 12:00:00,refrigerated,RESCUED,2026-09-27 06:16:00,SYNTHETIC_DEMO
DON-01337,REST-TG17-034,Medchal-Malkajgiri,Fresh Bread,bread,30,meals,egg,2026-10-02 07:00:00,2026-10-02 12:00:00,refrigerated,AT_RISK,2026-10-02 06:21:00,SYNTHETIC_DEMO
DON-01338,REST-TG18-085,Mulugu,Fresh Fruit,fruits,36,meals,vegetarian,2026-10-04 11:00:00,2026-10-04 19:00:00,ambient,AVAILABLE,2026-10-04 10:30:00,SYNTHETIC_DEMO
DON-01339,REST-TG19-098,Nagarkurnool,Vegetable Pulao,pulao,27,meals,egg,2026-09-29 06:00:00,2026-09-29 09:00:00,hot_holding,AT_RISK,2026-09-29 05:02:00,SYNTHETIC_DEMO
DON-01340,REST-TG20-079,Nalgonda,Fresh Fruit,fruits,40,meals,vegetarian,2026-10-05 00:00:00,2026-10-05 08:00:00,refrigerated,AT_RISK,2026-10-04 23:40:00,SYNTHETIC_DEMO
DON-01341,REST-TG21-051,Narayanpet,Prepared Meal,cooked_meal,30,meals,vegetarian,2026-10-05 16:00:00,2026-10-05 19:00:00,refrigerated,AT_RISK,2026-10-05 15:19:00,SYNTHETIC_DEMO
DON-01342,REST-TG22-014,Nirmal,Dal,dal,91,meals,vegan,2026-10-02 21:00:00,2026-10-03 01:00:00,refrigerated,RESCUED,2026-10-02 20:44:00,SYNTHETIC_DEMO
DON-01343,REST-TG23-027,Nizamabad,Prepared Meal,cooked_meal,61,meals,vegetarian,2026-10-05 18:00:00,2026-10-06 02:00:00,ambient,AT_RISK,2026-10-05 17:28:00,SYNTHETIC_DEMO
DON-01344,REST-TG24-027,Peddapalli,Packaged Meals,packaged_food,10,meals,vegetarian,2026-10-01 02:00:00,2026-10-01 04:00:00,ambient,AVAILABLE,2026-10-01 01:02:00,SYNTHETIC_DEMO
DON-01345,REST-TG25-012,Rajanna Sircilla,Fresh Bread,bread,27,meals,vegetarian,2026-09-30 14:00:00,2026-09-30 20:00:00,ambient,URGENT,2026-09-30 13:12:00,SYNTHETIC_DEMO
DON-01346,REST-TG26-016,Rangareddy,Veg Sandwich,sandwich,92,meals,vegetarian,2026-10-06 04:00:00,2026-10-06 07:00:00,hot_holding,AT_RISK,2026-10-06 03:52:00,SYNTHETIC_DEMO
DON-01347,REST-TG27-063,Sangareddy,Dal,dal,51,meals,vegetarian,2026-10-01 10:00:00,2026-10-01 16:00:00,ambient,AVAILABLE,2026-10-01 09:28:00,SYNTHETIC_DEMO
DON-01348,REST-TG28-004,Siddipet,Mixed Vegetables,vegetables,73,meals,vegetarian,2026-09-30 03:00:00,2026-09-30 11:00:00,hot_holding,AVAILABLE,2026-09-30 02:49:00,SYNTHETIC_DEMO
DON-01349,REST-TG29-010,Suryapet,Fresh Bread,bread,79,meals,non_vegetarian,2026-09-27 07:00:00,2026-09-27 09:00:00,ambient,URGENT,2026-09-27 06:20:00,SYNTHETIC_DEMO
DON-01350,REST-TG30-109,Vikarabad,Dal,dal,34,meals,non_vegetarian,2026-09-29 07:00:00,2026-09-29 13:00:00,hot_holding,RESCUED,2026-09-29 06:14:00,SYNTHETIC_DEMO
DON-01351,REST-TG31-084,Wanaparthy,Packaged Meals,packaged_food,40,meals,vegetarian,2026-10-04 04:00:00,2026-10-04 10:00:00,ambient,AVAILABLE,2026-10-04 03:31:00,SYNTHETIC_DEMO
DON-01352,REST-TG32-129,Warangal,Mixed Vegetables,vegetables,12,meals,vegetarian,2026-09-30 08:00:00,2026-09-30 10:00:00,refrigerated,URGENT,2026-09-30 07:01:00,SYNTHETIC_DEMO
DON-01353,REST-TG33-047,Yadadri Bhuvanagiri,Fresh Fruit,fruits,37,meals,vegan,2026-09-30 02:00:00,2026-09-30 10:00:00,refrigerated,AVAILABLE,2026-09-30 01:20:00,SYNTHETIC_DEMO
DON-01354,REST-TG01-077,Adilabad,Veg Sandwich,sandwich,79,meals,egg,2026-09-26 14:00:00,2026-09-26 22:00:00,hot_holding,URGENT,2026-09-26 13:19:00,SYNTHETIC_DEMO
DON-01355,REST-TG02-119,Bhadradri Kothagudem,Roti,roti,49,meals,vegetarian,2026-10-04 13:00:00,2026-10-04 16:00:00,hot_holding,AVAILABLE,2026-10-04 12:36:00,SYNTHETIC_DEMO
DON-01356,REST-TG03-050,Hanumakonda,Mixed Vegetables,vegetables,69,meals,vegetarian,2026-10-02 15:00:00,2026-10-02 18:00:00,refrigerated,URGENT,2026-10-02 14:42:00,SYNTHETIC_DEMO
DON-01357,REST-TG04-110,Hyderabad,Vegetable Pulao,pulao,82,meals,non_vegetarian,2026-10-04 19:00:00,2026-10-05 03:00:00,refrigerated,AVAILABLE,2026-10-04 18:12:00,SYNTHETIC_DEMO
DON-01358,REST-TG05-005,Jagtial,Dal,dal,22,meals,vegetarian,2026-09-27 09:00:00,2026-09-27 11:00:00,ambient,AVAILABLE,2026-09-27 08:21:00,SYNTHETIC_DEMO
DON-01359,REST-TG06-034,Jangaon,Roti,roti,19,meals,vegan,2026-09-28 10:00:00,2026-09-28 12:00:00,refrigerated,AT_RISK,2026-09-28 09:29:00,SYNTHETIC_DEMO
DON-01360,REST-TG07-049,Jayashankar Bhupalpally,Prepared Meal,cooked_meal,65,meals,vegetarian,2026-09-26 18:00:00,2026-09-26 22:00:00,refrigerated,AT_RISK,2026-09-26 17:44:00,SYNTHETIC_DEMO
DON-01361,REST-TG08-138,Jogulamba Gadwal,Vegetable Pulao,pulao,34,meals,vegetarian,2026-10-04 08:00:00,2026-10-04 11:00:00,hot_holding,AVAILABLE,2026-10-04 07:39:00,SYNTHETIC_DEMO
DON-01362,REST-TG09-041,Kamareddy,Steamed Rice,rice,58,meals,vegetarian,2026-10-05 03:00:00,2026-10-05 11:00:00,hot_holding,AVAILABLE,2026-10-05 02:11:00,SYNTHETIC_DEMO
DON-01363,REST-TG10-079,Karimnagar,Steamed Rice,rice,21,meals,egg,2026-10-06 05:00:00,2026-10-06 07:00:00,refrigerated,AT_RISK,2026-10-06 04:47:00,SYNTHETIC_DEMO
DON-01364,REST-TG11-145,Khammam,Mixed Vegetables,vegetables,85,meals,vegetarian,2026-09-28 11:00:00,2026-09-28 14:00:00,refrigerated,AVAILABLE,2026-09-28 10:27:00,SYNTHETIC_DEMO
DON-01365,REST-TG12-050,Kumuram Bheem,Packaged Meals,packaged_food,88,meals,vegetarian,2026-10-02 05:00:00,2026-10-02 11:00:00,ambient,AT_RISK,2026-10-02 04:18:00,SYNTHETIC_DEMO
DON-01366,REST-TG13-040,Mahabubabad,Steamed Rice,rice,46,meals,non_vegetarian,2026-09-27 18:00:00,2026-09-28 00:00:00,ambient,URGENT,2026-09-27 17:33:00,SYNTHETIC_DEMO
DON-01367,REST-TG14-143,Mahabubnagar,Vegetable Biryani,biryani,27,meals,vegetarian,2026-09-29 06:00:00,2026-09-29 08:00:00,hot_holding,URGENT,2026-09-29 05:48:00,SYNTHETIC_DEMO
DON-01368,REST-TG15-081,Mancherial,Bakery Items,bakery,39,meals,vegetarian,2026-10-01 21:00:00,2026-10-02 02:00:00,ambient,AVAILABLE,2026-10-01 20:29:00,SYNTHETIC_DEMO
DON-01369,REST-TG16-073,Medak,Steamed Rice,rice,35,meals,vegetarian,2026-09-27 00:00:00,2026-09-27 06:00:00,ambient,AVAILABLE,2026-09-26 23:32:00,SYNTHETIC_DEMO
DON-01370,REST-TG17-012,Medchal-Malkajgiri,Fresh Fruit,fruits,87,meals,non_vegetarian,2026-10-03 06:00:00,2026-10-03 09:00:00,ambient,AVAILABLE,2026-10-03 05:26:00,SYNTHETIC_DEMO
DON-01371,REST-TG18-110,Mulugu,Steamed Rice,rice,73,meals,vegetarian,2026-10-04 20:00:00,2026-10-04 23:00:00,ambient,RESCUED,2026-10-04 19:41:00,SYNTHETIC_DEMO
DON-01372,REST-TG19-098,Nagarkurnool,Mixed Vegetables,vegetables,57,meals,egg,2026-09-29 05:00:00,2026-09-29 10:00:00,hot_holding,AVAILABLE,2026-09-29 04:34:00,SYNTHETIC_DEMO
DON-01373,REST-TG20-140,Nalgonda,Bakery Items,bakery,23,meals,vegetarian,2026-10-01 19:00:00,2026-10-01 21:00:00,refrigerated,URGENT,2026-10-01 18:07:00,SYNTHETIC_DEMO
DON-01374,REST-TG21-004,Narayanpet,Steamed Rice,rice,100,meals,vegetarian,2026-09-29 19:00:00,2026-09-30 03:00:00,ambient,AVAILABLE,2026-09-29 18:12:00,SYNTHETIC_DEMO
DON-01375,REST-TG22-096,Nirmal,Fresh Fruit,fruits,49,meals,vegetarian,2026-10-04 13:00:00,2026-10-04 21:00:00,refrigerated,AVAILABLE,2026-10-04 12:32:00,SYNTHETIC_DEMO
DON-01376,REST-TG23-093,Nizamabad,Mixed Vegetables,vegetables,37,meals,vegetarian,2026-09-27 06:00:00,2026-09-27 14:00:00,hot_holding,AT_RISK,2026-09-27 05:42:00,SYNTHETIC_DEMO
DON-01377,REST-TG24-100,Peddapalli,Prepared Meal,cooked_meal,46,meals,vegetarian,2026-09-27 14:00:00,2026-09-27 17:00:00,hot_holding,URGENT,2026-09-27 13:40:00,SYNTHETIC_DEMO
DON-01378,REST-TG25-054,Rajanna Sircilla,Dal,dal,78,meals,vegetarian,2026-09-30 15:00:00,2026-09-30 19:00:00,refrigerated,AT_RISK,2026-09-30 14:44:00,SYNTHETIC_DEMO
DON-01379,REST-TG26-052,Rangareddy,Steamed Rice,rice,14,meals,vegetarian,2026-10-04 20:00:00,2026-10-04 23:00:00,refrigerated,URGENT,2026-10-04 19:23:00,SYNTHETIC_DEMO
DON-01380,REST-TG27-034,Sangareddy,Veg Sandwich,sandwich,98,meals,vegetarian,2026-10-04 22:00:00,2026-10-05 06:00:00,ambient,AT_RISK,2026-10-04 21:22:00,SYNTHETIC_DEMO
DON-01381,REST-TG28-130,Siddipet,Packaged Meals,packaged_food,64,meals,non_vegetarian,2026-10-01 08:00:00,2026-10-01 10:00:00,refrigerated,AT_RISK,2026-10-01 07:51:00,SYNTHETIC_DEMO
DON-01382,REST-TG29-002,Suryapet,Bakery Items,bakery,51,meals,non_vegetarian,2026-09-28 08:00:00,2026-09-28 16:00:00,ambient,RESCUED,2026-09-28 07:05:00,SYNTHETIC_DEMO
DON-01383,REST-TG30-136,Vikarabad,Vegetable Biryani,biryani,87,meals,vegetarian,2026-09-28 23:00:00,2026-09-29 07:00:00,hot_holding,AT_RISK,2026-09-28 22:47:00,SYNTHETIC_DEMO
DON-01384,REST-TG31-148,Wanaparthy,Fresh Bread,bread,99,meals,vegetarian,2026-10-03 04:00:00,2026-10-03 06:00:00,ambient,AVAILABLE,2026-10-03 03:41:00,SYNTHETIC_DEMO
DON-01385,REST-TG32-010,Warangal,Fresh Bread,bread,37,meals,egg,2026-10-05 13:00:00,2026-10-05 15:00:00,hot_holding,AVAILABLE,2026-10-05 12:07:00,SYNTHETIC_DEMO
DON-01386,REST-TG33-128,Yadadri Bhuvanagiri,Steamed Rice,rice,33,meals,vegetarian,2026-09-30 08:00:00,2026-09-30 13:00:00,hot_holding,AT_RISK,2026-09-30 07:20:00,SYNTHETIC_DEMO
DON-01387,REST-TG01-101,Adilabad,Prepared Meal,cooked_meal,96,meals,vegetarian,2026-09-29 02:00:00,2026-09-29 08:00:00,hot_holding,AVAILABLE,2026-09-29 01:50:00,SYNTHETIC_DEMO
DON-01388,REST-TG02-050,Bhadradri Kothagudem,Steamed Rice,rice,15,meals,egg,2026-09-29 00:00:00,2026-09-29 04:00:00,ambient,AVAILABLE,2026-09-28 23:45:00,SYNTHETIC_DEMO
DON-01389,REST-TG03-062,Hanumakonda,Packaged Meals,packaged_food,14,meals,non_vegetarian,2026-09-30 06:00:00,2026-09-30 11:00:00,hot_holding,RESCUED,2026-09-30 05:29:00,SYNTHETIC_DEMO
DON-01390,REST-TG04-143,Hyderabad,Fresh Bread,bread,70,meals,vegan,2026-09-28 01:00:00,2026-09-28 05:00:00,hot_holding,AT_RISK,2026-09-28 00:26:00,SYNTHETIC_DEMO
DON-01391,REST-TG05-140,Jagtial,Vegetable Pulao,pulao,69,meals,vegetarian,2026-10-05 23:00:00,2026-10-06 03:00:00,hot_holding,AVAILABLE,2026-10-05 22:53:00,SYNTHETIC_DEMO
DON-01392,REST-TG06-097,Jangaon,Veg Sandwich,sandwich,61,meals,vegetarian,2026-10-02 21:00:00,2026-10-03 02:00:00,hot_holding,URGENT,2026-10-02 20:00:00,SYNTHETIC_DEMO
DON-01393,REST-TG07-094,Jayashankar Bhupalpally,Fresh Bread,bread,98,meals,vegetarian,2026-09-30 17:00:00,2026-09-30 23:00:00,refrigerated,AT_RISK,2026-09-30 16:01:00,SYNTHETIC_DEMO
DON-01394,REST-TG08-118,Jogulamba Gadwal,Mixed Vegetables,vegetables,69,meals,vegetarian,2026-09-28 08:00:00,2026-09-28 11:00:00,hot_holding,URGENT,2026-09-28 07:01:00,SYNTHETIC_DEMO
DON-01395,REST-TG09-034,Kamareddy,Vegetable Pulao,pulao,54,meals,vegan,2026-09-30 06:00:00,2026-09-30 11:00:00,ambient,AVAILABLE,2026-09-30 05:17:00,SYNTHETIC_DEMO
DON-01396,REST-TG10-020,Karimnagar,Vegetable Pulao,pulao,46,meals,vegetarian,2026-10-05 01:00:00,2026-10-05 04:00:00,hot_holding,URGENT,2026-10-05 00:01:00,SYNTHETIC_DEMO
DON-01397,REST-TG11-118,Khammam,Packaged Meals,packaged_food,33,meals,vegetarian,2026-09-29 15:00:00,2026-09-29 20:00:00,hot_holding,RESCUED,2026-09-29 14:39:00,SYNTHETIC_DEMO
DON-01398,REST-TG12-134,Kumuram Bheem,Veg Sandwich,sandwich,58,meals,vegetarian,2026-10-05 02:00:00,2026-10-05 08:00:00,refrigerated,AVAILABLE,2026-10-05 01:41:00,SYNTHETIC_DEMO
DON-01399,REST-TG13-069,Mahabubabad,Roti,roti,78,meals,vegetarian,2026-09-29 04:00:00,2026-09-29 12:00:00,ambient,AT_RISK,2026-09-29 03:55:00,SYNTHETIC_DEMO
DON-01400,REST-TG14-129,Mahabubnagar,Vegetable Biryani,biryani,17,meals,non_vegetarian,2026-09-28 22:00:00,2026-09-29 01:00:00,ambient,URGENT,2026-09-28 21:53:00,SYNTHETIC_DEMO
DON-01401,REST-TG15-023,Mancherial,Bakery Items,bakery,82,meals,vegan,2026-09-30 19:00:00,2026-09-30 21:00:00,hot_holding,URGENT,2026-09-30 18:13:00,SYNTHETIC_DEMO
DON-01402,REST-TG16-075,Medak,Roti,roti,34,meals,vegetarian,2026-09-27 07:00:00,2026-09-27 15:00:00,ambient,AVAILABLE,2026-09-27 06:34:00,SYNTHETIC_DEMO
DON-01403,REST-TG17-048,Medchal-Malkajgiri,Dal,dal,53,meals,vegan,2026-09-29 16:00:00,2026-09-29 21:00:00,refrigerated,AVAILABLE,2026-09-29 15:49:00,SYNTHETIC_DEMO
DON-01404,REST-TG18-030,Mulugu,Vegetable Pulao,pulao,47,meals,non_vegetarian,2026-10-02 10:00:00,2026-10-02 12:00:00,refrigerated,AT_RISK,2026-10-02 09:38:00,SYNTHETIC_DEMO
DON-01405,REST-TG19-007,Nagarkurnool,Dal,dal,74,meals,non_vegetarian,2026-10-02 02:00:00,2026-10-02 07:00:00,ambient,RESCUED,2026-10-02 01:04:00,SYNTHETIC_DEMO
DON-01406,REST-TG20-030,Nalgonda,Fresh Fruit,fruits,89,meals,vegetarian,2026-09-28 09:00:00,2026-09-28 11:00:00,hot_holding,AT_RISK,2026-09-28 08:21:00,SYNTHETIC_DEMO
DON-01407,REST-TG21-017,Narayanpet,Fresh Bread,bread,26,meals,vegetarian,2026-09-28 18:00:00,2026-09-28 23:00:00,ambient,URGENT,2026-09-28 17:54:00,SYNTHETIC_DEMO
DON-01408,REST-TG22-049,Nirmal,Bakery Items,bakery,99,meals,vegetarian,2026-10-03 13:00:00,2026-10-03 15:00:00,refrigerated,URGENT,2026-10-03 12:37:00,SYNTHETIC_DEMO
DON-01409,REST-TG23-086,Nizamabad,Bakery Items,bakery,72,meals,vegetarian,2026-09-27 14:00:00,2026-09-27 17:00:00,refrigerated,URGENT,2026-09-27 13:43:00,SYNTHETIC_DEMO
DON-01410,REST-TG24-050,Peddapalli,Vegetable Pulao,pulao,70,meals,vegetarian,2026-09-28 05:00:00,2026-09-28 07:00:00,refrigerated,URGENT,2026-09-28 04:50:00,SYNTHETIC_DEMO
DON-01411,REST-TG25-015,Rajanna Sircilla,Prepared Meal,cooked_meal,64,meals,vegetarian,2026-09-26 20:00:00,2026-09-27 04:00:00,refrigerated,AT_RISK,2026-09-26 19:55:00,SYNTHETIC_DEMO
DON-01412,REST-TG26-143,Rangareddy,Dal,dal,95,meals,vegetarian,2026-09-30 00:00:00,2026-09-30 02:00:00,hot_holding,AT_RISK,2026-09-29 23:44:00,SYNTHETIC_DEMO
DON-01413,REST-TG27-029,Sangareddy,Roti,roti,69,meals,vegetarian,2026-10-02 08:00:00,2026-10-02 12:00:00,ambient,RESCUED,2026-10-02 07:20:00,SYNTHETIC_DEMO
DON-01414,REST-TG28-092,Siddipet,Vegetable Pulao,pulao,68,meals,vegetarian,2026-09-28 20:00:00,2026-09-28 23:00:00,refrigerated,URGENT,2026-09-28 19:44:00,SYNTHETIC_DEMO
DON-01415,REST-TG29-149,Suryapet,Packaged Meals,packaged_food,89,meals,vegan,2026-10-02 23:00:00,2026-10-03 05:00:00,refrigerated,AVAILABLE,2026-10-02 22:12:00,SYNTHETIC_DEMO
DON-01416,REST-TG30-064,Vikarabad,Prepared Meal,cooked_meal,45,meals,non_vegetarian,2026-09-27 04:00:00,2026-09-27 12:00:00,refrigerated,AVAILABLE,2026-09-27 03:34:00,SYNTHETIC_DEMO
DON-01417,REST-TG31-056,Wanaparthy,Roti,roti,42,meals,vegan,2026-09-27 05:00:00,2026-09-27 11:00:00,hot_holding,AVAILABLE,2026-09-27 04:00:00,SYNTHETIC_DEMO
DON-01418,REST-TG32-107,Warangal,Fresh Fruit,fruits,87,meals,non_vegetarian,2026-10-02 17:00:00,2026-10-02 22:00:00,refrigerated,RESCUED,2026-10-02 16:44:00,SYNTHETIC_DEMO
DON-01419,REST-TG33-105,Yadadri Bhuvanagiri,Roti,roti,62,meals,vegan,2026-10-03 04:00:00,2026-10-03 08:00:00,refrigerated,AT_RISK,2026-10-03 03:26:00,SYNTHETIC_DEMO
DON-01420,REST-TG01-025,Adilabad,Fresh Fruit,fruits,88,meals,egg,2026-10-05 05:00:00,2026-10-05 11:00:00,refrigerated,AVAILABLE,2026-10-05 04:32:00,SYNTHETIC_DEMO
DON-01421,REST-TG02-064,Bhadradri Kothagudem,Dal,dal,29,meals,vegetarian,2026-09-28 06:00:00,2026-09-28 08:00:00,refrigerated,AT_RISK,2026-09-28 05:33:00,SYNTHETIC_DEMO
DON-01422,REST-TG03-100,Hanumakonda,Fresh Bread,bread,19,meals,vegetarian,2026-09-29 06:00:00,2026-09-29 11:00:00,refrigerated,AVAILABLE,2026-09-29 05:16:00,SYNTHETIC_DEMO
DON-01423,REST-TG04-091,Hyderabad,Bakery Items,bakery,84,meals,non_vegetarian,2026-10-05 08:00:00,2026-10-05 16:00:00,refrigerated,AVAILABLE,2026-10-05 07:13:00,SYNTHETIC_DEMO
DON-01424,REST-TG05-025,Jagtial,Bakery Items,bakery,38,meals,vegetarian,2026-09-28 19:00:00,2026-09-28 23:00:00,refrigerated,AVAILABLE,2026-09-28 18:41:00,SYNTHETIC_DEMO
DON-01425,REST-TG06-040,Jangaon,Vegetable Pulao,pulao,86,meals,non_vegetarian,2026-10-01 11:00:00,2026-10-01 17:00:00,hot_holding,URGENT,2026-10-01 10:24:00,SYNTHETIC_DEMO
DON-01426,REST-TG07-140,Jayashankar Bhupalpally,Fresh Fruit,fruits,50,meals,non_vegetarian,2026-09-28 16:00:00,2026-09-28 19:00:00,hot_holding,AVAILABLE,2026-09-28 15:41:00,SYNTHETIC_DEMO
DON-01427,REST-TG08-038,Jogulamba Gadwal,Fresh Bread,bread,14,meals,vegetarian,2026-10-02 17:00:00,2026-10-02 20:00:00,refrigerated,AVAILABLE,2026-10-02 16:46:00,SYNTHETIC_DEMO
DON-01428,REST-TG09-053,Kamareddy,Fresh Bread,bread,20,meals,vegetarian,2026-10-02 09:00:00,2026-10-02 11:00:00,hot_holding,AVAILABLE,2026-10-02 08:22:00,SYNTHETIC_DEMO
DON-01429,REST-TG10-006,Karimnagar,Bakery Items,bakery,16,meals,egg,2026-09-26 13:00:00,2026-09-26 16:00:00,refrigerated,AT_RISK,2026-09-26 12:32:00,SYNTHETIC_DEMO
DON-01430,REST-TG11-101,Khammam,Steamed Rice,rice,82,meals,egg,2026-10-03 09:00:00,2026-10-03 15:00:00,refrigerated,AVAILABLE,2026-10-03 08:13:00,SYNTHETIC_DEMO
DON-01431,REST-TG12-121,Kumuram Bheem,Fresh Fruit,fruits,31,meals,egg,2026-10-01 06:00:00,2026-10-01 14:00:00,hot_holding,AVAILABLE,2026-10-01 05:18:00,SYNTHETIC_DEMO
DON-01432,REST-TG13-119,Mahabubabad,Fresh Bread,bread,71,meals,vegetarian,2026-09-26 16:00:00,2026-09-27 00:00:00,refrigerated,AT_RISK,2026-09-26 15:19:00,SYNTHETIC_DEMO
DON-01433,REST-TG14-002,Mahabubnagar,Bakery Items,bakery,94,meals,vegetarian,2026-09-30 10:00:00,2026-09-30 12:00:00,ambient,URGENT,2026-09-30 09:10:00,SYNTHETIC_DEMO
DON-01434,REST-TG15-122,Mancherial,Roti,roti,76,meals,vegetarian,2026-09-29 20:00:00,2026-09-30 02:00:00,refrigerated,RESCUED,2026-09-29 19:48:00,SYNTHETIC_DEMO
DON-01435,REST-TG16-008,Medak,Fresh Fruit,fruits,75,meals,vegan,2026-10-05 00:00:00,2026-10-05 02:00:00,refrigerated,AT_RISK,2026-10-04 23:14:00,SYNTHETIC_DEMO
DON-01436,REST-TG17-115,Medchal-Malkajgiri,Bakery Items,bakery,41,meals,vegetarian,2026-09-27 12:00:00,2026-09-27 16:00:00,hot_holding,AT_RISK,2026-09-27 11:09:00,SYNTHETIC_DEMO
DON-01437,REST-TG18-110,Mulugu,Mixed Vegetables,vegetables,42,meals,vegetarian,2026-10-02 03:00:00,2026-10-02 07:00:00,ambient,AT_RISK,2026-10-02 02:24:00,SYNTHETIC_DEMO
DON-01438,REST-TG19-031,Nagarkurnool,Steamed Rice,rice,88,meals,vegetarian,2026-10-05 11:00:00,2026-10-05 19:00:00,ambient,AVAILABLE,2026-10-05 10:09:00,SYNTHETIC_DEMO
DON-01439,REST-TG20-067,Nalgonda,Steamed Rice,rice,65,meals,vegan,2026-09-30 19:00:00,2026-10-01 03:00:00,ambient,AT_RISK,2026-09-30 18:34:00,SYNTHETIC_DEMO
DON-01440,REST-TG21-054,Narayanpet,Dal,dal,45,meals,non_vegetarian,2026-10-03 05:00:00,2026-10-03 07:00:00,refrigerated,AVAILABLE,2026-10-03 04:19:00,SYNTHETIC_DEMO
DON-01441,REST-TG22-088,Nirmal,Roti,roti,25,meals,vegetarian,2026-09-29 20:00:00,2026-09-30 01:00:00,ambient,AT_RISK,2026-09-29 19:12:00,SYNTHETIC_DEMO
DON-01442,REST-TG23-105,Nizamabad,Steamed Rice,rice,47,meals,vegetarian,2026-09-29 13:00:00,2026-09-29 16:00:00,refrigerated,URGENT,2026-09-29 12:26:00,SYNTHETIC_DEMO
DON-01443,REST-TG24-135,Peddapalli,Fresh Fruit,fruits,41,meals,vegetarian,2026-09-26 10:00:00,2026-09-26 15:00:00,hot_holding,AT_RISK,2026-09-26 09:24:00,SYNTHETIC_DEMO
DON-01444,REST-TG25-072,Rajanna Sircilla,Vegetable Pulao,pulao,29,meals,non_vegetarian,2026-10-01 21:00:00,2026-10-02 05:00:00,ambient,AT_RISK,2026-10-01 20:29:00,SYNTHETIC_DEMO
DON-01445,REST-TG26-084,Rangareddy,Bakery Items,bakery,68,meals,vegan,2026-10-01 00:00:00,2026-10-01 04:00:00,refrigerated,AVAILABLE,2026-09-30 23:24:00,SYNTHETIC_DEMO
DON-01446,REST-TG27-014,Sangareddy,Veg Sandwich,sandwich,95,meals,vegetarian,2026-10-01 18:00:00,2026-10-01 23:00:00,refrigerated,URGENT,2026-10-01 17:30:00,SYNTHETIC_DEMO
DON-01447,REST-TG28-060,Siddipet,Vegetable Pulao,pulao,11,meals,non_vegetarian,2026-09-30 21:00:00,2026-10-01 03:00:00,refrigerated,AVAILABLE,2026-09-30 20:50:00,SYNTHETIC_DEMO
DON-01448,REST-TG29-095,Suryapet,Vegetable Pulao,pulao,36,meals,vegetarian,2026-10-06 07:00:00,2026-10-06 11:00:00,refrigerated,URGENT,2026-10-06 06:55:00,SYNTHETIC_DEMO
DON-01449,REST-TG30-065,Vikarabad,Vegetable Pulao,pulao,71,meals,vegan,2026-10-02 11:00:00,2026-10-02 17:00:00,hot_holding,AVAILABLE,2026-10-02 10:55:00,SYNTHETIC_DEMO
DON-01450,REST-TG31-029,Wanaparthy,Fresh Fruit,fruits,74,meals,vegetarian,2026-10-05 21:00:00,2026-10-06 01:00:00,refrigerated,AT_RISK,2026-10-05 20:08:00,SYNTHETIC_DEMO
DON-01451,REST-TG32-088,Warangal,Vegetable Pulao,pulao,61,meals,vegetarian,2026-10-01 20:00:00,2026-10-01 22:00:00,hot_holding,AT_RISK,2026-10-01 19:28:00,SYNTHETIC_DEMO
DON-01452,REST-TG33-134,Yadadri Bhuvanagiri,Roti,roti,81,meals,vegetarian,2026-10-01 05:00:00,2026-10-01 08:00:00,hot_holding,RESCUED,2026-10-01 04:24:00,SYNTHETIC_DEMO
DON-01453,REST-TG01-064,Adilabad,Packaged Meals,packaged_food,82,meals,non_vegetarian,2026-10-01 12:00:00,2026-10-01 15:00:00,hot_holding,URGENT,2026-10-01 11:54:00,SYNTHETIC_DEMO
DON-01454,REST-TG02-028,Bhadradri Kothagudem,Roti,roti,81,meals,egg,2026-10-05 19:00:00,2026-10-06 03:00:00,refrigerated,AVAILABLE,2026-10-05 18:09:00,SYNTHETIC_DEMO
DON-01455,REST-TG03-095,Hanumakonda,Dal,dal,30,meals,non_vegetarian,2026-10-06 01:00:00,2026-10-06 05:00:00,refrigerated,AT_RISK,2026-10-06 00:03:00,SYNTHETIC_DEMO
DON-01456,REST-TG04-132,Hyderabad,Steamed Rice,rice,44,meals,non_vegetarian,2026-09-29 14:00:00,2026-09-29 22:00:00,refrigerated,AT_RISK,2026-09-29 13:24:00,SYNTHETIC_DEMO
DON-01457,REST-TG05-035,Jagtial,Vegetable Pulao,pulao,31,meals,non_vegetarian,2026-10-03 21:00:00,2026-10-04 01:00:00,hot_holding,AVAILABLE,2026-10-03 20:50:00,SYNTHETIC_DEMO
DON-01458,REST-TG06-133,Jangaon,Fresh Bread,bread,25,meals,non_vegetarian,2026-09-29 10:00:00,2026-09-29 12:00:00,ambient,AT_RISK,2026-09-29 09:41:00,SYNTHETIC_DEMO
DON-01459,REST-TG07-144,Jayashankar Bhupalpally,Mixed Vegetables,vegetables,64,meals,vegetarian,2026-10-05 18:00:00,2026-10-06 00:00:00,ambient,RESCUED,2026-10-05 17:10:00,SYNTHETIC_DEMO
DON-01460,REST-TG08-147,Jogulamba Gadwal,Fresh Bread,bread,53,meals,egg,2026-10-03 08:00:00,2026-10-03 11:00:00,ambient,AT_RISK,2026-10-03 07:10:00,SYNTHETIC_DEMO
DON-01461,REST-TG09-001,Kamareddy,Roti,roti,12,meals,vegetarian,2026-10-02 18:00:00,2026-10-02 21:00:00,refrigerated,AVAILABLE,2026-10-02 17:00:00,SYNTHETIC_DEMO
DON-01462,REST-TG10-117,Karimnagar,Bakery Items,bakery,51,meals,vegetarian,2026-10-03 15:00:00,2026-10-03 18:00:00,refrigerated,AT_RISK,2026-10-03 14:29:00,SYNTHETIC_DEMO
DON-01463,REST-TG11-146,Khammam,Fresh Bread,bread,32,meals,vegetarian,2026-10-02 02:00:00,2026-10-02 10:00:00,hot_holding,AT_RISK,2026-10-02 01:09:00,SYNTHETIC_DEMO
DON-01464,REST-TG12-059,Kumuram Bheem,Bakery Items,bakery,67,meals,non_vegetarian,2026-10-05 01:00:00,2026-10-05 06:00:00,ambient,RESCUED,2026-10-05 00:30:00,SYNTHETIC_DEMO
DON-01465,REST-TG13-086,Mahabubabad,Veg Sandwich,sandwich,47,meals,vegetarian,2026-10-04 04:00:00,2026-10-04 10:00:00,refrigerated,RESCUED,2026-10-04 03:39:00,SYNTHETIC_DEMO
DON-01466,REST-TG14-013,Mahabubnagar,Mixed Vegetables,vegetables,32,meals,non_vegetarian,2026-09-30 00:00:00,2026-09-30 03:00:00,hot_holding,RESCUED,2026-09-29 23:34:00,SYNTHETIC_DEMO
DON-01467,REST-TG15-138,Mancherial,Fresh Bread,bread,76,meals,non_vegetarian,2026-10-01 21:00:00,2026-10-02 05:00:00,ambient,AVAILABLE,2026-10-01 20:13:00,SYNTHETIC_DEMO
DON-01468,REST-TG16-104,Medak,Steamed Rice,rice,90,meals,vegetarian,2026-09-30 05:00:00,2026-09-30 09:00:00,refrigerated,AT_RISK,2026-09-30 04:21:00,SYNTHETIC_DEMO
DON-01469,REST-TG17-127,Medchal-Malkajgiri,Packaged Meals,packaged_food,43,meals,vegetarian,2026-10-03 00:00:00,2026-10-03 08:00:00,ambient,AVAILABLE,2026-10-02 23:27:00,SYNTHETIC_DEMO
DON-01470,REST-TG18-123,Mulugu,Dal,dal,41,meals,egg,2026-10-03 19:00:00,2026-10-04 01:00:00,ambient,RESCUED,2026-10-03 18:14:00,SYNTHETIC_DEMO
DON-01471,REST-TG19-119,Nagarkurnool,Vegetable Pulao,pulao,37,meals,non_vegetarian,2026-10-04 05:00:00,2026-10-04 09:00:00,refrigerated,URGENT,2026-10-04 04:02:00,SYNTHETIC_DEMO
DON-01472,REST-TG20-060,Nalgonda,Fresh Fruit,fruits,100,meals,vegetarian,2026-10-04 15:00:00,2026-10-04 17:00:00,refrigerated,URGENT,2026-10-04 14:42:00,SYNTHETIC_DEMO
DON-01473,REST-TG21-140,Narayanpet,Steamed Rice,rice,28,meals,non_vegetarian,2026-10-05 11:00:00,2026-10-05 13:00:00,refrigerated,URGENT,2026-10-05 10:34:00,SYNTHETIC_DEMO
DON-01474,REST-TG22-070,Nirmal,Fresh Fruit,fruits,78,meals,vegan,2026-09-30 16:00:00,2026-09-30 19:00:00,refrigerated,AT_RISK,2026-09-30 15:14:00,SYNTHETIC_DEMO
DON-01475,REST-TG23-104,Nizamabad,Mixed Vegetables,vegetables,13,meals,vegetarian,2026-10-03 12:00:00,2026-10-03 14:00:00,refrigerated,AT_RISK,2026-10-03 11:50:00,SYNTHETIC_DEMO
DON-01476,REST-TG24-107,Peddapalli,Bakery Items,bakery,48,meals,vegetarian,2026-10-06 06:00:00,2026-10-06 09:00:00,refrigerated,AT_RISK,2026-10-06 05:28:00,SYNTHETIC_DEMO
DON-01477,REST-TG25-129,Rajanna Sircilla,Fresh Bread,bread,74,meals,vegetarian,2026-09-27 09:00:00,2026-09-27 15:00:00,hot_holding,AVAILABLE,2026-09-27 08:55:00,SYNTHETIC_DEMO
DON-01478,REST-TG26-075,Rangareddy,Prepared Meal,cooked_meal,38,meals,vegetarian,2026-09-27 04:00:00,2026-09-27 08:00:00,refrigerated,AT_RISK,2026-09-27 03:34:00,SYNTHETIC_DEMO
DON-01479,REST-TG27-094,Sangareddy,Vegetable Pulao,pulao,44,meals,non_vegetarian,2026-10-06 06:00:00,2026-10-06 11:00:00,ambient,URGENT,2026-10-06 05:41:00,SYNTHETIC_DEMO
DON-01480,REST-TG28-080,Siddipet,Dal,dal,53,meals,egg,2026-10-05 13:00:00,2026-10-05 18:00:00,ambient,URGENT,2026-10-05 12:22:00,SYNTHETIC_DEMO
DON-01481,REST-TG29-116,Suryapet,Vegetable Pulao,pulao,56,meals,vegetarian,2026-10-01 09:00:00,2026-10-01 17:00:00,ambient,AVAILABLE,2026-10-01 08:47:00,SYNTHETIC_DEMO
DON-01482,REST-TG30-075,Vikarabad,Packaged Meals,packaged_food,51,meals,vegetarian,2026-10-04 19:00:00,2026-10-05 03:00:00,ambient,AT_RISK,2026-10-04 18:50:00,SYNTHETIC_DEMO
DON-01483,REST-TG31-127,Wanaparthy,Prepared Meal,cooked_meal,72,meals,vegetarian,2026-10-01 13:00:00,2026-10-01 21:00:00,hot_holding,URGENT,2026-10-01 12:29:00,SYNTHETIC_DEMO
DON-01484,REST-TG32-049,Warangal,Steamed Rice,rice,68,meals,egg,2026-09-29 03:00:00,2026-09-29 06:00:00,hot_holding,AVAILABLE,2026-09-29 02:37:00,SYNTHETIC_DEMO
DON-01485,REST-TG33-136,Yadadri Bhuvanagiri,Prepared Meal,cooked_meal,40,meals,egg,2026-10-02 04:00:00,2026-10-02 08:00:00,hot_holding,AT_RISK,2026-10-02 03:42:00,SYNTHETIC_DEMO
DON-01486,REST-TG01-073,Adilabad,Roti,roti,51,meals,egg,2026-10-01 18:00:00,2026-10-01 23:00:00,refrigerated,AT_RISK,2026-10-01 17:53:00,SYNTHETIC_DEMO
DON-01487,REST-TG02-027,Bhadradri Kothagudem,Fresh Bread,bread,95,meals,non_vegetarian,2026-10-04 20:00:00,2026-10-05 02:00:00,refrigerated,AVAILABLE,2026-10-04 19:33:00,SYNTHETIC_DEMO
DON-01488,REST-TG03-138,Hanumakonda,Fresh Fruit,fruits,81,meals,non_vegetarian,2026-10-04 21:00:00,2026-10-05 05:00:00,refrigerated,AVAILABLE,2026-10-04 20:24:00,SYNTHETIC_DEMO
DON-01489,REST-TG04-008,Hyderabad,Fresh Bread,bread,95,meals,non_vegetarian,2026-09-30 18:00:00,2026-09-30 22:00:00,refrigerated,RESCUED,2026-09-30 17:22:00,SYNTHETIC_DEMO
DON-01490,REST-TG05-143,Jagtial,Packaged Meals,packaged_food,23,meals,vegan,2026-10-03 03:00:00,2026-10-03 11:00:00,refrigerated,RESCUED,2026-10-03 02:19:00,SYNTHETIC_DEMO
DON-01491,REST-TG06-097,Jangaon,Roti,roti,43,meals,vegetarian,2026-10-01 15:00:00,2026-10-01 21:00:00,refrigerated,URGENT,2026-10-01 14:13:00,SYNTHETIC_DEMO
DON-01492,REST-TG07-025,Jayashankar Bhupalpally,Vegetable Biryani,biryani,34,meals,vegan,2026-10-01 18:00:00,2026-10-02 00:00:00,refrigerated,RESCUED,2026-10-01 17:24:00,SYNTHETIC_DEMO
DON-01493,REST-TG08-109,Jogulamba Gadwal,Vegetable Pulao,pulao,84,meals,vegetarian,2026-09-28 14:00:00,2026-09-28 17:00:00,refrigerated,AVAILABLE,2026-09-28 13:51:00,SYNTHETIC_DEMO
DON-01494,REST-TG09-122,Kamareddy,Prepared Meal,cooked_meal,39,meals,egg,2026-10-01 04:00:00,2026-10-01 10:00:00,refrigerated,RESCUED,2026-10-01 03:47:00,SYNTHETIC_DEMO
DON-01495,REST-TG10-138,Karimnagar,Fresh Bread,bread,86,meals,vegetarian,2026-09-29 14:00:00,2026-09-29 17:00:00,ambient,AVAILABLE,2026-09-29 13:11:00,SYNTHETIC_DEMO
DON-01496,REST-TG11-038,Khammam,Bakery Items,bakery,80,meals,vegetarian,2026-10-03 12:00:00,2026-10-03 16:00:00,ambient,RESCUED,2026-10-03 11:38:00,SYNTHETIC_DEMO
DON-01497,REST-TG12-095,Kumuram Bheem,Steamed Rice,rice,93,meals,non_vegetarian,2026-10-05 16:00:00,2026-10-05 19:00:00,refrigerated,AT_RISK,2026-10-05 15:15:00,SYNTHETIC_DEMO
DON-01498,REST-TG13-021,Mahabubabad,Vegetable Biryani,biryani,97,meals,vegetarian,2026-10-05 03:00:00,2026-10-05 06:00:00,hot_holding,AVAILABLE,2026-10-05 02:43:00,SYNTHETIC_DEMO
DON-01499,REST-TG14-079,Mahabubnagar,Vegetable Biryani,biryani,94,meals,vegetarian,2026-10-04 06:00:00,2026-10-04 11:00:00,ambient,URGENT,2026-10-04 05:39:00,SYNTHETIC_DEMO
DON-01500,REST-TG15-111,Mancherial,Fresh Bread,bread,99,meals,vegetarian,2026-10-01 22:00:00,2026-10-02 06:00:00,ambient,RESCUED,2026-10-01 21:26:00,SYNTHETIC_DEMO
DON-01501,REST-TG16-064,Medak,Fresh Bread,bread,65,meals,vegetarian,2026-09-28 20:00:00,2026-09-29 04:00:00,hot_holding,AVAILABLE,2026-09-28 19:14:00,SYNTHETIC_DEMO
DON-01502,REST-TG17-139,Medchal-Malkajgiri,Fresh Bread,bread,64,meals,non_vegetarian,2026-10-04 22:00:00,2026-10-05 04:00:00,ambient,RESCUED,2026-10-04 21:22:00,SYNTHETIC_DEMO
DON-01503,REST-TG18-082,Mulugu,Vegetable Biryani,biryani,95,meals,vegetarian,2026-09-29 04:00:00,2026-09-29 07:00:00,refrigerated,AT_RISK,2026-09-29 03:20:00,SYNTHETIC_DEMO
DON-01504,REST-TG19-009,Nagarkurnool,Vegetable Pulao,pulao,63,meals,vegetarian,2026-09-26 10:00:00,2026-09-26 14:00:00,hot_holding,URGENT,2026-09-26 09:16:00,SYNTHETIC_DEMO
DON-01505,REST-TG20-062,Nalgonda,Fresh Bread,bread,35,meals,vegetarian,2026-09-29 11:00:00,2026-09-29 16:00:00,ambient,AVAILABLE,2026-09-29 10:50:00,SYNTHETIC_DEMO
DON-01506,REST-TG21-003,Narayanpet,Packaged Meals,packaged_food,13,meals,egg,2026-09-26 21:00:00,2026-09-27 00:00:00,hot_holding,AT_RISK,2026-09-26 20:10:00,SYNTHETIC_DEMO
DON-01507,REST-TG22-127,Nirmal,Prepared Meal,cooked_meal,98,meals,vegan,2026-10-04 09:00:00,2026-10-04 13:00:00,refrigerated,AT_RISK,2026-10-04 08:28:00,SYNTHETIC_DEMO
DON-01508,REST-TG23-094,Nizamabad,Vegetable Biryani,biryani,99,meals,non_vegetarian,2026-10-03 13:00:00,2026-10-03 15:00:00,hot_holding,RESCUED,2026-10-03 12:37:00,SYNTHETIC_DEMO
DON-01509,REST-TG24-121,Peddapalli,Veg Sandwich,sandwich,60,meals,egg,2026-09-28 08:00:00,2026-09-28 13:00:00,hot_holding,RESCUED,2026-09-28 07:44:00,SYNTHETIC_DEMO
DON-01510,REST-TG25-027,Rajanna Sircilla,Bakery Items,bakery,100,meals,vegetarian,2026-10-05 09:00:00,2026-10-05 15:00:00,refrigerated,AT_RISK,2026-10-05 08:02:00,SYNTHETIC_DEMO
DON-01511,REST-TG26-105,Rangareddy,Mixed Vegetables,vegetables,100,meals,vegetarian,2026-09-28 05:00:00,2026-09-28 08:00:00,refrigerated,AVAILABLE,2026-09-28 04:33:00,SYNTHETIC_DEMO
DON-01512,REST-TG27-031,Sangareddy,Fresh Fruit,fruits,43,meals,non_vegetarian,2026-09-29 21:00:00,2026-09-29 23:00:00,refrigerated,AT_RISK,2026-09-29 20:32:00,SYNTHETIC_DEMO
DON-01513,REST-TG28-132,Siddipet,Bakery Items,bakery,15,meals,vegetarian,2026-10-02 07:00:00,2026-10-02 10:00:00,hot_holding,AT_RISK,2026-10-02 06:46:00,SYNTHETIC_DEMO
DON-01514,REST-TG29-075,Suryapet,Bakery Items,bakery,97,meals,vegan,2026-10-04 03:00:00,2026-10-04 05:00:00,refrigerated,AT_RISK,2026-10-04 02:20:00,SYNTHETIC_DEMO
DON-01515,REST-TG30-120,Vikarabad,Veg Sandwich,sandwich,34,meals,egg,2026-09-29 02:00:00,2026-09-29 06:00:00,hot_holding,RESCUED,2026-09-29 01:32:00,SYNTHETIC_DEMO
DON-01516,REST-TG31-006,Wanaparthy,Vegetable Pulao,pulao,31,meals,vegetarian,2026-09-30 01:00:00,2026-09-30 07:00:00,hot_holding,AT_RISK,2026-09-30 00:04:00,SYNTHETIC_DEMO
DON-01517,REST-TG32-051,Warangal,Vegetable Pulao,pulao,75,meals,vegan,2026-09-30 18:00:00,2026-09-30 20:00:00,refrigerated,AT_RISK,2026-09-30 17:26:00,SYNTHETIC_DEMO
DON-01518,REST-TG33-059,Yadadri Bhuvanagiri,Vegetable Biryani,biryani,40,meals,vegetarian,2026-10-02 02:00:00,2026-10-02 10:00:00,hot_holding,AT_RISK,2026-10-02 01:20:00,SYNTHETIC_DEMO
DON-01519,REST-TG01-145,Adilabad,Steamed Rice,rice,27,meals,vegetarian,2026-09-29 11:00:00,2026-09-29 14:00:00,ambient,AVAILABLE,2026-09-29 10:21:00,SYNTHETIC_DEMO
DON-01520,REST-TG02-006,Bhadradri Kothagudem,Roti,roti,49,meals,vegetarian,2026-09-27 02:00:00,2026-09-27 07:00:00,ambient,URGENT,2026-09-27 01:25:00,SYNTHETIC_DEMO
DON-01521,REST-TG03-091,Hanumakonda,Dal,dal,75,meals,vegetarian,2026-10-06 07:00:00,2026-10-06 11:00:00,ambient,AVAILABLE,2026-10-06 06:47:00,SYNTHETIC_DEMO
DON-01522,REST-TG04-002,Hyderabad,Bakery Items,bakery,38,meals,egg,2026-09-30 14:00:00,2026-09-30 18:00:00,hot_holding,AT_RISK,2026-09-30 13:52:00,SYNTHETIC_DEMO
DON-01523,REST-TG05-086,Jagtial,Roti,roti,90,meals,egg,2026-09-29 00:00:00,2026-09-29 02:00:00,ambient,AT_RISK,2026-09-28 23:22:00,SYNTHETIC_DEMO
DON-01524,REST-TG06-019,Jangaon,Dal,dal,41,meals,vegetarian,2026-10-01 13:00:00,2026-10-01 15:00:00,refrigerated,AVAILABLE,2026-10-01 12:03:00,SYNTHETIC_DEMO
DON-01525,REST-TG07-039,Jayashankar Bhupalpally,Steamed Rice,rice,56,meals,non_vegetarian,2026-09-28 08:00:00,2026-09-28 16:00:00,hot_holding,AVAILABLE,2026-09-28 07:45:00,SYNTHETIC_DEMO
DON-01526,REST-TG08-096,Jogulamba Gadwal,Vegetable Pulao,pulao,91,meals,egg,2026-10-05 22:00:00,2026-10-06 06:00:00,refrigerated,RESCUED,2026-10-05 21:20:00,SYNTHETIC_DEMO
DON-01527,REST-TG09-125,Kamareddy,Steamed Rice,rice,35,meals,vegan,2026-09-28 11:00:00,2026-09-28 14:00:00,ambient,AT_RISK,2026-09-28 10:05:00,SYNTHETIC_DEMO
DON-01528,REST-TG10-114,Karimnagar,Prepared Meal,cooked_meal,74,meals,vegetarian,2026-10-01 05:00:00,2026-10-01 13:00:00,hot_holding,AT_RISK,2026-10-01 04:53:00,SYNTHETIC_DEMO
DON-01529,REST-TG11-147,Khammam,Bakery Items,bakery,40,meals,vegetarian,2026-10-02 17:00:00,2026-10-02 23:00:00,refrigerated,AT_RISK,2026-10-02 16:17:00,SYNTHETIC_DEMO
DON-01530,REST-TG12-101,Kumuram Bheem,Packaged Meals,packaged_food,77,meals,vegetarian,2026-09-30 13:00:00,2026-09-30 19:00:00,refrigerated,AVAILABLE,2026-09-30 12:19:00,SYNTHETIC_DEMO
DON-01531,REST-TG13-040,Mahabubabad,Packaged Meals,packaged_food,21,meals,vegetarian,2026-09-27 15:00:00,2026-09-27 21:00:00,hot_holding,AVAILABLE,2026-09-27 14:05:00,SYNTHETIC_DEMO
DON-01532,REST-TG14-118,Mahabubnagar,Bakery Items,bakery,38,meals,vegan,2026-10-03 17:00:00,2026-10-03 20:00:00,hot_holding,RESCUED,2026-10-03 16:34:00,SYNTHETIC_DEMO
DON-01533,REST-TG15-053,Mancherial,Vegetable Biryani,biryani,10,meals,non_vegetarian,2026-10-03 07:00:00,2026-10-03 09:00:00,ambient,URGENT,2026-10-03 06:00:00,SYNTHETIC_DEMO
DON-01534,REST-TG16-112,Medak,Steamed Rice,rice,68,meals,vegetarian,2026-10-06 07:00:00,2026-10-06 12:00:00,refrigerated,AVAILABLE,2026-10-06 06:45:00,SYNTHETIC_DEMO
DON-01535,REST-TG17-142,Medchal-Malkajgiri,Vegetable Pulao,pulao,100,meals,vegetarian,2026-10-03 15:00:00,2026-10-03 20:00:00,ambient,AVAILABLE,2026-10-03 14:16:00,SYNTHETIC_DEMO
DON-01536,REST-TG18-040,Mulugu,Steamed Rice,rice,73,meals,vegetarian,2026-10-01 03:00:00,2026-10-01 05:00:00,hot_holding,AT_RISK,2026-10-01 02:17:00,SYNTHETIC_DEMO
DON-01537,REST-TG19-132,Nagarkurnool,Mixed Vegetables,vegetables,100,meals,vegetarian,2026-10-04 09:00:00,2026-10-04 11:00:00,hot_holding,URGENT,2026-10-04 08:13:00,SYNTHETIC_DEMO
DON-01538,REST-TG20-033,Nalgonda,Packaged Meals,packaged_food,92,meals,vegetarian,2026-10-05 08:00:00,2026-10-05 12:00:00,refrigerated,AVAILABLE,2026-10-05 07:09:00,SYNTHETIC_DEMO
DON-01539,REST-TG21-106,Narayanpet,Vegetable Biryani,biryani,64,meals,vegan,2026-09-28 12:00:00,2026-09-28 17:00:00,hot_holding,AT_RISK,2026-09-28 11:55:00,SYNTHETIC_DEMO
DON-01540,REST-TG22-013,Nirmal,Packaged Meals,packaged_food,58,meals,non_vegetarian,2026-10-04 06:00:00,2026-10-04 12:00:00,refrigerated,AVAILABLE,2026-10-04 05:25:00,SYNTHETIC_DEMO
DON-01541,REST-TG23-136,Nizamabad,Vegetable Biryani,biryani,62,meals,vegetarian,2026-10-02 12:00:00,2026-10-02 15:00:00,hot_holding,AT_RISK,2026-10-02 11:18:00,SYNTHETIC_DEMO
DON-01542,REST-TG24-007,Peddapalli,Dal,dal,79,meals,vegan,2026-10-02 10:00:00,2026-10-02 18:00:00,refrigerated,AT_RISK,2026-10-02 09:48:00,SYNTHETIC_DEMO
DON-01543,REST-TG25-036,Rajanna Sircilla,Veg Sandwich,sandwich,39,meals,vegetarian,2026-09-28 08:00:00,2026-09-28 13:00:00,refrigerated,AVAILABLE,2026-09-28 07:48:00,SYNTHETIC_DEMO
DON-01544,REST-TG26-087,Rangareddy,Mixed Vegetables,vegetables,50,meals,non_vegetarian,2026-09-26 15:00:00,2026-09-26 17:00:00,hot_holding,AVAILABLE,2026-09-26 14:53:00,SYNTHETIC_DEMO
DON-01545,REST-TG27-032,Sangareddy,Packaged Meals,packaged_food,87,meals,vegetarian,2026-10-01 00:00:00,2026-10-01 06:00:00,ambient,RESCUED,2026-09-30 23:27:00,SYNTHETIC_DEMO
DON-01546,REST-TG28-125,Siddipet,Bakery Items,bakery,38,meals,vegetarian,2026-10-03 02:00:00,2026-10-03 06:00:00,hot_holding,AVAILABLE,2026-10-03 01:13:00,SYNTHETIC_DEMO
DON-01547,REST-TG29-131,Suryapet,Prepared Meal,cooked_meal,35,meals,vegan,2026-10-03 09:00:00,2026-10-03 13:00:00,ambient,RESCUED,2026-10-03 08:00:00,SYNTHETIC_DEMO
DON-01548,REST-TG30-037,Vikarabad,Vegetable Biryani,biryani,19,meals,egg,2026-09-28 18:00:00,2026-09-28 23:00:00,ambient,AVAILABLE,2026-09-28 17:28:00,SYNTHETIC_DEMO
DON-01549,REST-TG31-099,Wanaparthy,Roti,roti,80,meals,vegetarian,2026-10-05 06:00:00,2026-10-05 09:00:00,refrigerated,AT_RISK,2026-10-05 05:20:00,SYNTHETIC_DEMO
DON-01550,REST-TG32-021,Warangal,Roti,roti,68,meals,vegan,2026-10-05 13:00:00,2026-10-05 17:00:00,hot_holding,RESCUED,2026-10-05 12:25:00,SYNTHETIC_DEMO
DON-01551,REST-TG33-092,Yadadri Bhuvanagiri,Steamed Rice,rice,68,meals,vegan,2026-10-02 09:00:00,2026-10-02 12:00:00,ambient,URGENT,2026-10-02 08:06:00,SYNTHETIC_DEMO
DON-01552,REST-TG01-080,Adilabad,Fresh Bread,bread,82,meals,egg,2026-09-29 07:00:00,2026-09-29 10:00:00,refrigerated,URGENT,2026-09-29 06:20:00,SYNTHETIC_DEMO
DON-01553,REST-TG02-133,Bhadradri Kothagudem,Veg Sandwich,sandwich,68,meals,vegetarian,2026-10-05 18:00:00,2026-10-05 23:00:00,ambient,AT_RISK,2026-10-05 17:40:00,SYNTHETIC_DEMO
DON-01554,REST-TG03-140,Hanumakonda,Steamed Rice,rice,93,meals,vegan,2026-10-03 14:00:00,2026-10-03 19:00:00,ambient,AT_RISK,2026-10-03 13:35:00,SYNTHETIC_DEMO
DON-01555,REST-TG04-119,Hyderabad,Veg Sandwich,sandwich,82,meals,egg,2026-10-06 04:00:00,2026-10-06 09:00:00,hot_holding,RESCUED,2026-10-06 03:22:00,SYNTHETIC_DEMO
DON-01556,REST-TG05-010,Jagtial,Packaged Meals,packaged_food,75,meals,vegetarian,2026-10-05 03:00:00,2026-10-05 05:00:00,refrigerated,AT_RISK,2026-10-05 02:39:00,SYNTHETIC_DEMO
DON-01557,REST-TG06-112,Jangaon,Steamed Rice,rice,14,meals,vegetarian,2026-09-30 15:00:00,2026-09-30 17:00:00,hot_holding,AT_RISK,2026-09-30 14:10:00,SYNTHETIC_DEMO
DON-01558,REST-TG07-102,Jayashankar Bhupalpally,Fresh Fruit,fruits,49,meals,vegetarian,2026-10-02 11:00:00,2026-10-02 17:00:00,hot_holding,URGENT,2026-10-02 10:18:00,SYNTHETIC_DEMO
DON-01559,REST-TG08-150,Jogulamba Gadwal,Fresh Bread,bread,11,meals,non_vegetarian,2026-10-01 10:00:00,2026-10-01 15:00:00,hot_holding,AT_RISK,2026-10-01 09:51:00,SYNTHETIC_DEMO
DON-01560,REST-TG09-012,Kamareddy,Fresh Fruit,fruits,34,meals,egg,2026-09-26 15:00:00,2026-09-26 20:00:00,ambient,AT_RISK,2026-09-26 14:01:00,SYNTHETIC_DEMO
DON-01561,REST-TG10-022,Karimnagar,Veg Sandwich,sandwich,54,meals,vegetarian,2026-09-29 13:00:00,2026-09-29 21:00:00,refrigerated,AVAILABLE,2026-09-29 12:19:00,SYNTHETIC_DEMO
DON-01562,REST-TG11-016,Khammam,Roti,roti,87,meals,vegetarian,2026-09-27 01:00:00,2026-09-27 06:00:00,hot_holding,AT_RISK,2026-09-27 00:38:00,SYNTHETIC_DEMO
DON-01563,REST-TG12-047,Kumuram Bheem,Mixed Vegetables,vegetables,39,meals,vegetarian,2026-09-30 18:00:00,2026-09-30 23:00:00,hot_holding,AVAILABLE,2026-09-30 17:38:00,SYNTHETIC_DEMO
DON-01564,REST-TG13-148,Mahabubabad,Veg Sandwich,sandwich,65,meals,egg,2026-09-27 14:00:00,2026-09-27 18:00:00,hot_holding,AVAILABLE,2026-09-27 13:41:00,SYNTHETIC_DEMO
DON-01565,REST-TG14-132,Mahabubnagar,Steamed Rice,rice,35,meals,vegetarian,2026-09-27 02:00:00,2026-09-27 07:00:00,refrigerated,AT_RISK,2026-09-27 01:14:00,SYNTHETIC_DEMO
DON-01566,REST-TG15-030,Mancherial,Vegetable Pulao,pulao,94,meals,non_vegetarian,2026-10-03 13:00:00,2026-10-03 21:00:00,hot_holding,RESCUED,2026-10-03 12:08:00,SYNTHETIC_DEMO
DON-01567,REST-TG16-111,Medak,Dal,dal,98,meals,vegetarian,2026-09-28 15:00:00,2026-09-28 18:00:00,refrigerated,AT_RISK,2026-09-28 14:37:00,SYNTHETIC_DEMO
DON-01568,REST-TG17-056,Medchal-Malkajgiri,Veg Sandwich,sandwich,14,meals,vegetarian,2026-09-29 18:00:00,2026-09-30 02:00:00,refrigerated,AVAILABLE,2026-09-29 17:16:00,SYNTHETIC_DEMO
DON-01569,REST-TG18-130,Mulugu,Fresh Fruit,fruits,57,meals,egg,2026-09-30 09:00:00,2026-09-30 14:00:00,ambient,AVAILABLE,2026-09-30 08:14:00,SYNTHETIC_DEMO
DON-01570,REST-TG19-126,Nagarkurnool,Roti,roti,60,meals,non_vegetarian,2026-10-06 04:00:00,2026-10-06 06:00:00,hot_holding,AVAILABLE,2026-10-06 03:29:00,SYNTHETIC_DEMO
DON-01571,REST-TG20-104,Nalgonda,Veg Sandwich,sandwich,84,meals,vegetarian,2026-09-28 10:00:00,2026-09-28 16:00:00,refrigerated,AVAILABLE,2026-09-28 09:19:00,SYNTHETIC_DEMO
DON-01572,REST-TG21-065,Narayanpet,Vegetable Pulao,pulao,90,meals,vegan,2026-10-03 17:00:00,2026-10-03 22:00:00,ambient,AT_RISK,2026-10-03 16:15:00,SYNTHETIC_DEMO
DON-01573,REST-TG22-109,Nirmal,Mixed Vegetables,vegetables,30,meals,vegetarian,2026-10-02 20:00:00,2026-10-03 00:00:00,hot_holding,URGENT,2026-10-02 19:36:00,SYNTHETIC_DEMO
DON-01574,REST-TG23-090,Nizamabad,Roti,roti,70,meals,vegetarian,2026-09-29 22:00:00,2026-09-30 06:00:00,ambient,AVAILABLE,2026-09-29 21:08:00,SYNTHETIC_DEMO
DON-01575,REST-TG24-132,Peddapalli,Veg Sandwich,sandwich,100,meals,vegetarian,2026-10-04 22:00:00,2026-10-05 00:00:00,ambient,URGENT,2026-10-04 21:36:00,SYNTHETIC_DEMO
DON-01576,REST-TG25-100,Rajanna Sircilla,Dal,dal,81,meals,vegetarian,2026-09-28 20:00:00,2026-09-29 01:00:00,ambient,AT_RISK,2026-09-28 19:55:00,SYNTHETIC_DEMO
DON-01577,REST-TG26-141,Rangareddy,Veg Sandwich,sandwich,20,meals,vegetarian,2026-10-01 03:00:00,2026-10-01 06:00:00,ambient,AVAILABLE,2026-10-01 02:30:00,SYNTHETIC_DEMO
DON-01578,REST-TG27-089,Sangareddy,Veg Sandwich,sandwich,96,meals,vegetarian,2026-09-28 06:00:00,2026-09-28 10:00:00,hot_holding,AT_RISK,2026-09-28 05:23:00,SYNTHETIC_DEMO
DON-01579,REST-TG28-088,Siddipet,Mixed Vegetables,vegetables,88,meals,non_vegetarian,2026-10-03 12:00:00,2026-10-03 20:00:00,refrigerated,AVAILABLE,2026-10-03 11:03:00,SYNTHETIC_DEMO
DON-01580,REST-TG29-126,Suryapet,Mixed Vegetables,vegetables,30,meals,vegetarian,2026-10-03 12:00:00,2026-10-03 16:00:00,ambient,AVAILABLE,2026-10-03 11:13:00,SYNTHETIC_DEMO
DON-01581,REST-TG30-138,Vikarabad,Steamed Rice,rice,79,meals,vegetarian,2026-10-05 01:00:00,2026-10-05 05:00:00,hot_holding,URGENT,2026-10-05 00:07:00,SYNTHETIC_DEMO
DON-01582,REST-TG31-100,Wanaparthy,Dal,dal,85,meals,vegetarian,2026-09-29 07:00:00,2026-09-29 13:00:00,ambient,AT_RISK,2026-09-29 06:25:00,SYNTHETIC_DEMO
DON-01583,REST-TG32-099,Warangal,Packaged Meals,packaged_food,18,meals,vegetarian,2026-10-06 01:00:00,2026-10-06 03:00:00,ambient,AT_RISK,2026-10-06 00:21:00,SYNTHETIC_DEMO
DON-01584,REST-TG33-063,Yadadri Bhuvanagiri,Prepared Meal,cooked_meal,58,meals,vegan,2026-10-04 08:00:00,2026-10-04 11:00:00,hot_holding,AT_RISK,2026-10-04 07:45:00,SYNTHETIC_DEMO
DON-01585,REST-TG01-138,Adilabad,Roti,roti,25,meals,vegetarian,2026-10-02 08:00:00,2026-10-02 11:00:00,refrigerated,URGENT,2026-10-02 07:20:00,SYNTHETIC_DEMO
DON-01586,REST-TG02-115,Bhadradri Kothagudem,Fresh Fruit,fruits,40,meals,non_vegetarian,2026-10-06 00:00:00,2026-10-06 06:00:00,hot_holding,URGENT,2026-10-05 23:43:00,SYNTHETIC_DEMO
DON-01587,REST-TG03-092,Hanumakonda,Vegetable Biryani,biryani,78,meals,vegetarian,2026-10-03 13:00:00,2026-10-03 21:00:00,hot_holding,AT_RISK,2026-10-03 12:32:00,SYNTHETIC_DEMO
DON-01588,REST-TG04-112,Hyderabad,Steamed Rice,rice,79,meals,vegetarian,2026-10-04 03:00:00,2026-10-04 11:00:00,ambient,AVAILABLE,2026-10-04 02:12:00,SYNTHETIC_DEMO
DON-01589,REST-TG05-112,Jagtial,Packaged Meals,packaged_food,83,meals,vegetarian,2026-09-27 22:00:00,2026-09-28 04:00:00,refrigerated,AVAILABLE,2026-09-27 21:24:00,SYNTHETIC_DEMO
DON-01590,REST-TG06-116,Jangaon,Dal,dal,37,meals,egg,2026-09-30 15:00:00,2026-09-30 20:00:00,refrigerated,RESCUED,2026-09-30 14:09:00,SYNTHETIC_DEMO
DON-01591,REST-TG07-144,Jayashankar Bhupalpally,Dal,dal,89,meals,vegetarian,2026-10-03 20:00:00,2026-10-04 00:00:00,hot_holding,AVAILABLE,2026-10-03 19:47:00,SYNTHETIC_DEMO
DON-01592,REST-TG08-140,Jogulamba Gadwal,Fresh Bread,bread,56,meals,vegetarian,2026-10-02 20:00:00,2026-10-03 00:00:00,hot_holding,AVAILABLE,2026-10-02 19:03:00,SYNTHETIC_DEMO
DON-01593,REST-TG09-135,Kamareddy,Roti,roti,44,meals,vegetarian,2026-10-02 01:00:00,2026-10-02 03:00:00,ambient,AT_RISK,2026-10-02 00:24:00,SYNTHETIC_DEMO
DON-01594,REST-TG10-118,Karimnagar,Bakery Items,bakery,16,meals,vegetarian,2026-09-28 14:00:00,2026-09-28 20:00:00,hot_holding,AVAILABLE,2026-09-28 13:45:00,SYNTHETIC_DEMO
DON-01595,REST-TG11-068,Khammam,Dal,dal,51,meals,vegetarian,2026-09-29 12:00:00,2026-09-29 18:00:00,hot_holding,AVAILABLE,2026-09-29 11:09:00,SYNTHETIC_DEMO
DON-01596,REST-TG12-115,Kumuram Bheem,Vegetable Pulao,pulao,35,meals,vegetarian,2026-09-27 04:00:00,2026-09-27 07:00:00,hot_holding,AT_RISK,2026-09-27 03:08:00,SYNTHETIC_DEMO
DON-01597,REST-TG13-123,Mahabubabad,Fresh Fruit,fruits,56,meals,vegetarian,2026-10-04 18:00:00,2026-10-04 23:00:00,ambient,AT_RISK,2026-10-04 17:29:00,SYNTHETIC_DEMO
DON-01598,REST-TG14-084,Mahabubnagar,Roti,roti,13,meals,non_vegetarian,2026-09-26 15:00:00,2026-09-26 23:00:00,hot_holding,AVAILABLE,2026-09-26 14:24:00,SYNTHETIC_DEMO
DON-01599,REST-TG15-098,Mancherial,Roti,roti,81,meals,vegetarian,2026-10-06 02:00:00,2026-10-06 10:00:00,refrigerated,AT_RISK,2026-10-06 01:46:00,SYNTHETIC_DEMO
DON-01600,REST-TG16-007,Medak,Dal,dal,71,meals,vegetarian,2026-10-06 05:00:00,2026-10-06 10:00:00,ambient,URGENT,2026-10-06 04:52:00,SYNTHETIC_DEMO
DON-01601,REST-TG17-040,Medchal-Malkajgiri,Packaged Meals,packaged_food,10,meals,vegetarian,2026-10-02 09:00:00,2026-10-02 12:00:00,refrigerated,AT_RISK,2026-10-02 08:55:00,SYNTHETIC_DEMO
DON-01602,REST-TG18-089,Mulugu,Dal,dal,11,meals,vegetarian,2026-10-05 14:00:00,2026-10-05 18:00:00,refrigerated,AVAILABLE,2026-10-05 13:30:00,SYNTHETIC_DEMO
DON-01603,REST-TG19-142,Nagarkurnool,Fresh Fruit,fruits,29,meals,vegetarian,2026-10-03 22:00:00,2026-10-04 00:00:00,refrigerated,AT_RISK,2026-10-03 21:28:00,SYNTHETIC_DEMO
DON-01604,REST-TG20-073,Nalgonda,Veg Sandwich,sandwich,43,meals,non_vegetarian,2026-10-02 00:00:00,2026-10-02 04:00:00,hot_holding,AVAILABLE,2026-10-01 23:51:00,SYNTHETIC_DEMO
DON-01605,REST-TG21-064,Narayanpet,Steamed Rice,rice,80,meals,non_vegetarian,2026-09-30 02:00:00,2026-09-30 06:00:00,refrigerated,RESCUED,2026-09-30 01:50:00,SYNTHETIC_DEMO
DON-01606,REST-TG22-089,Nirmal,Vegetable Biryani,biryani,34,meals,vegetarian,2026-09-30 14:00:00,2026-09-30 22:00:00,ambient,AVAILABLE,2026-09-30 13:48:00,SYNTHETIC_DEMO
DON-01607,REST-TG23-132,Nizamabad,Prepared Meal,cooked_meal,40,meals,vegan,2026-09-30 05:00:00,2026-09-30 07:00:00,refrigerated,AT_RISK,2026-09-30 04:53:00,SYNTHETIC_DEMO
DON-01608,REST-TG24-141,Peddapalli,Steamed Rice,rice,32,meals,vegetarian,2026-09-28 00:00:00,2026-09-28 06:00:00,hot_holding,AVAILABLE,2026-09-27 23:22:00,SYNTHETIC_DEMO
DON-01609,REST-TG25-065,Rajanna Sircilla,Prepared Meal,cooked_meal,87,meals,vegan,2026-10-03 18:00:00,2026-10-04 02:00:00,hot_holding,AT_RISK,2026-10-03 17:21:00,SYNTHETIC_DEMO
DON-01610,REST-TG26-094,Rangareddy,Steamed Rice,rice,31,meals,vegan,2026-09-28 11:00:00,2026-09-28 17:00:00,ambient,AVAILABLE,2026-09-28 10:38:00,SYNTHETIC_DEMO
DON-01611,REST-TG27-023,Sangareddy,Vegetable Pulao,pulao,62,meals,vegetarian,2026-09-27 20:00:00,2026-09-28 01:00:00,refrigerated,URGENT,2026-09-27 19:27:00,SYNTHETIC_DEMO
DON-01612,REST-TG28-141,Siddipet,Fresh Fruit,fruits,46,meals,vegetarian,2026-09-28 17:00:00,2026-09-28 20:00:00,hot_holding,AT_RISK,2026-09-28 16:44:00,SYNTHETIC_DEMO
DON-01613,REST-TG29-074,Suryapet,Mixed Vegetables,vegetables,26,meals,non_vegetarian,2026-09-26 19:00:00,2026-09-27 01:00:00,ambient,AT_RISK,2026-09-26 18:41:00,SYNTHETIC_DEMO
DON-01614,REST-TG30-018,Vikarabad,Prepared Meal,cooked_meal,19,meals,non_vegetarian,2026-09-29 12:00:00,2026-09-29 18:00:00,refrigerated,URGENT,2026-09-29 11:17:00,SYNTHETIC_DEMO
DON-01615,REST-TG31-085,Wanaparthy,Prepared Meal,cooked_meal,51,meals,egg,2026-10-01 22:00:00,2026-10-02 01:00:00,refrigerated,RESCUED,2026-10-01 21:35:00,SYNTHETIC_DEMO
DON-01616,REST-TG32-059,Warangal,Veg Sandwich,sandwich,89,meals,vegetarian,2026-09-28 01:00:00,2026-09-28 05:00:00,ambient,RESCUED,2026-09-28 00:49:00,SYNTHETIC_DEMO
DON-01617,REST-TG33-148,Yadadri Bhuvanagiri,Roti,roti,46,meals,vegetarian,2026-09-26 17:00:00,2026-09-26 20:00:00,hot_holding,AT_RISK,2026-09-26 16:35:00,SYNTHETIC_DEMO
DON-01618,REST-TG01-047,Adilabad,Roti,roti,19,meals,vegetarian,2026-09-29 19:00:00,2026-09-30 01:00:00,hot_holding,AT_RISK,2026-09-29 18:20:00,SYNTHETIC_DEMO
DON-01619,REST-TG02-055,Bhadradri Kothagudem,Packaged Meals,packaged_food,46,meals,vegetarian,2026-09-28 22:00:00,2026-09-29 02:00:00,hot_holding,AVAILABLE,2026-09-28 21:43:00,SYNTHETIC_DEMO
DON-01620,REST-TG03-096,Hanumakonda,Packaged Meals,packaged_food,52,meals,vegetarian,2026-10-04 02:00:00,2026-10-04 04:00:00,hot_holding,AVAILABLE,2026-10-04 01:12:00,SYNTHETIC_DEMO
DON-01621,REST-TG04-036,Hyderabad,Vegetable Biryani,biryani,10,meals,vegetarian,2026-09-30 03:00:00,2026-09-30 05:00:00,hot_holding,URGENT,2026-09-30 02:13:00,SYNTHETIC_DEMO
DON-01622,REST-TG05-045,Jagtial,Dal,dal,27,meals,non_vegetarian,2026-10-01 15:00:00,2026-10-01 19:00:00,ambient,AVAILABLE,2026-10-01 14:32:00,SYNTHETIC_DEMO
DON-01623,REST-TG06-013,Jangaon,Steamed Rice,rice,57,meals,vegetarian,2026-10-02 10:00:00,2026-10-02 18:00:00,hot_holding,URGENT,2026-10-02 09:12:00,SYNTHETIC_DEMO
DON-01624,REST-TG07-014,Jayashankar Bhupalpally,Prepared Meal,cooked_meal,69,meals,vegetarian,2026-09-28 10:00:00,2026-09-28 12:00:00,ambient,AT_RISK,2026-09-28 09:11:00,SYNTHETIC_DEMO
DON-01625,REST-TG08-053,Jogulamba Gadwal,Steamed Rice,rice,83,meals,vegetarian,2026-09-30 17:00:00,2026-09-30 20:00:00,ambient,AVAILABLE,2026-09-30 16:13:00,SYNTHETIC_DEMO
DON-01626,REST-TG09-069,Kamareddy,Fresh Fruit,fruits,96,meals,vegetarian,2026-10-03 09:00:00,2026-10-03 11:00:00,hot_holding,AT_RISK,2026-10-03 08:07:00,SYNTHETIC_DEMO
DON-01627,REST-TG10-043,Karimnagar,Vegetable Biryani,biryani,10,meals,vegetarian,2026-10-03 21:00:00,2026-10-04 00:00:00,ambient,AT_RISK,2026-10-03 20:06:00,SYNTHETIC_DEMO
DON-01628,REST-TG11-110,Khammam,Prepared Meal,cooked_meal,98,meals,vegetarian,2026-10-01 17:00:00,2026-10-02 01:00:00,hot_holding,AVAILABLE,2026-10-01 16:15:00,SYNTHETIC_DEMO
DON-01629,REST-TG12-107,Kumuram Bheem,Dal,dal,64,meals,non_vegetarian,2026-09-30 08:00:00,2026-09-30 16:00:00,refrigerated,AVAILABLE,2026-09-30 07:10:00,SYNTHETIC_DEMO
DON-01630,REST-TG13-085,Mahabubabad,Steamed Rice,rice,30,meals,vegan,2026-09-30 13:00:00,2026-09-30 19:00:00,hot_holding,AT_RISK,2026-09-30 12:39:00,SYNTHETIC_DEMO
DON-01631,REST-TG14-097,Mahabubnagar,Prepared Meal,cooked_meal,83,meals,non_vegetarian,2026-09-30 20:00:00,2026-10-01 02:00:00,hot_holding,RESCUED,2026-09-30 19:16:00,SYNTHETIC_DEMO
DON-01632,REST-TG15-128,Mancherial,Roti,roti,69,meals,vegetarian,2026-09-27 08:00:00,2026-09-27 12:00:00,hot_holding,AVAILABLE,2026-09-27 07:27:00,SYNTHETIC_DEMO
DON-01633,REST-TG16-132,Medak,Vegetable Biryani,biryani,23,meals,vegetarian,2026-10-01 12:00:00,2026-10-01 16:00:00,refrigerated,AVAILABLE,2026-10-01 11:04:00,SYNTHETIC_DEMO
DON-01634,REST-TG17-016,Medchal-Malkajgiri,Fresh Bread,bread,19,meals,non_vegetarian,2026-10-03 17:00:00,2026-10-04 01:00:00,ambient,RESCUED,2026-10-03 16:24:00,SYNTHETIC_DEMO
DON-01635,REST-TG18-042,Mulugu,Mixed Vegetables,vegetables,96,meals,vegetarian,2026-10-05 01:00:00,2026-10-05 04:00:00,ambient,AT_RISK,2026-10-05 00:31:00,SYNTHETIC_DEMO
DON-01636,REST-TG19-032,Nagarkurnool,Dal,dal,81,meals,vegetarian,2026-09-27 20:00:00,2026-09-27 23:00:00,hot_holding,AVAILABLE,2026-09-27 19:05:00,SYNTHETIC_DEMO
DON-01637,REST-TG20-130,Nalgonda,Dal,dal,75,meals,non_vegetarian,2026-09-30 03:00:00,2026-09-30 06:00:00,refrigerated,URGENT,2026-09-30 02:50:00,SYNTHETIC_DEMO
DON-01638,REST-TG21-123,Narayanpet,Roti,roti,49,meals,vegetarian,2026-10-05 19:00:00,2026-10-06 01:00:00,hot_holding,RESCUED,2026-10-05 18:18:00,SYNTHETIC_DEMO
DON-01639,REST-TG22-133,Nirmal,Mixed Vegetables,vegetables,87,meals,vegetarian,2026-09-28 13:00:00,2026-09-28 18:00:00,refrigerated,AVAILABLE,2026-09-28 12:00:00,SYNTHETIC_DEMO
DON-01640,REST-TG23-111,Nizamabad,Vegetable Biryani,biryani,89,meals,vegetarian,2026-10-05 00:00:00,2026-10-05 08:00:00,refrigerated,URGENT,2026-10-04 23:34:00,SYNTHETIC_DEMO
DON-01641,REST-TG24-018,Peddapalli,Roti,roti,19,meals,vegetarian,2026-10-04 08:00:00,2026-10-04 14:00:00,ambient,AVAILABLE,2026-10-04 07:23:00,SYNTHETIC_DEMO
DON-01642,REST-TG25-015,Rajanna Sircilla,Vegetable Biryani,biryani,33,meals,egg,2026-10-05 05:00:00,2026-10-05 09:00:00,refrigerated,AT_RISK,2026-10-05 04:31:00,SYNTHETIC_DEMO
DON-01643,REST-TG26-085,Rangareddy,Roti,roti,16,meals,non_vegetarian,2026-09-28 10:00:00,2026-09-28 18:00:00,hot_holding,AT_RISK,2026-09-28 09:49:00,SYNTHETIC_DEMO
DON-01644,REST-TG27-018,Sangareddy,Dal,dal,39,meals,egg,2026-09-29 23:00:00,2026-09-30 05:00:00,ambient,RESCUED,2026-09-29 22:17:00,SYNTHETIC_DEMO
DON-01645,REST-TG28-097,Siddipet,Fresh Fruit,fruits,86,meals,non_vegetarian,2026-10-04 09:00:00,2026-10-04 12:00:00,hot_holding,AVAILABLE,2026-10-04 08:29:00,SYNTHETIC_DEMO
DON-01646,REST-TG29-134,Suryapet,Prepared Meal,cooked_meal,90,meals,vegetarian,2026-10-05 23:00:00,2026-10-06 03:00:00,hot_holding,URGENT,2026-10-05 22:21:00,SYNTHETIC_DEMO
DON-01647,REST-TG30-102,Vikarabad,Steamed Rice,rice,75,meals,vegan,2026-10-02 00:00:00,2026-10-02 04:00:00,hot_holding,AT_RISK,2026-10-01 23:50:00,SYNTHETIC_DEMO
DON-01648,REST-TG31-058,Wanaparthy,Dal,dal,79,meals,vegetarian,2026-09-30 00:00:00,2026-09-30 05:00:00,refrigerated,AT_RISK,2026-09-29 23:09:00,SYNTHETIC_DEMO
DON-01649,REST-TG32-116,Warangal,Roti,roti,24,meals,vegetarian,2026-09-27 19:00:00,2026-09-27 23:00:00,refrigerated,AT_RISK,2026-09-27 18:48:00,SYNTHETIC_DEMO
DON-01650,REST-TG33-087,Yadadri Bhuvanagiri,Veg Sandwich,sandwich,25,meals,non_vegetarian,2026-10-04 09:00:00,2026-10-04 12:00:00,hot_holding,AT_RISK,2026-10-04 08:05:00,SYNTHETIC_DEMO
DON-01651,REST-TG01-031,Adilabad,Veg Sandwich,sandwich,67,meals,vegetarian,2026-10-02 22:00:00,2026-10-03 04:00:00,refrigerated,AT_RISK,2026-10-02 21:14:00,SYNTHETIC_DEMO
DON-01652,REST-TG02-041,Bhadradri Kothagudem,Fresh Fruit,fruits,51,meals,vegetarian,2026-09-26 13:00:00,2026-09-26 19:00:00,hot_holding,AVAILABLE,2026-09-26 12:29:00,SYNTHETIC_DEMO
DON-01653,REST-TG03-137,Hanumakonda,Vegetable Pulao,pulao,100,meals,egg,2026-10-04 19:00:00,2026-10-05 01:00:00,refrigerated,AVAILABLE,2026-10-04 18:54:00,SYNTHETIC_DEMO
DON-01654,REST-TG04-105,Hyderabad,Roti,roti,50,meals,vegetarian,2026-10-01 15:00:00,2026-10-01 17:00:00,ambient,AVAILABLE,2026-10-01 14:40:00,SYNTHETIC_DEMO
DON-01655,REST-TG05-086,Jagtial,Steamed Rice,rice,54,meals,vegetarian,2026-10-02 00:00:00,2026-10-02 03:00:00,refrigerated,AVAILABLE,2026-10-01 23:08:00,SYNTHETIC_DEMO
DON-01656,REST-TG06-059,Jangaon,Packaged Meals,packaged_food,81,meals,vegetarian,2026-09-28 04:00:00,2026-09-28 10:00:00,refrigerated,AVAILABLE,2026-09-28 03:11:00,SYNTHETIC_DEMO
DON-01657,REST-TG07-102,Jayashankar Bhupalpally,Packaged Meals,packaged_food,15,meals,vegetarian,2026-10-01 08:00:00,2026-10-01 13:00:00,ambient,AT_RISK,2026-10-01 07:13:00,SYNTHETIC_DEMO
DON-01658,REST-TG08-098,Jogulamba Gadwal,Bakery Items,bakery,14,meals,vegetarian,2026-09-30 10:00:00,2026-09-30 15:00:00,refrigerated,AT_RISK,2026-09-30 09:35:00,SYNTHETIC_DEMO
DON-01659,REST-TG09-051,Kamareddy,Vegetable Biryani,biryani,38,meals,egg,2026-09-27 09:00:00,2026-09-27 11:00:00,refrigerated,RESCUED,2026-09-27 08:54:00,SYNTHETIC_DEMO
DON-01660,REST-TG10-126,Karimnagar,Fresh Bread,bread,60,meals,non_vegetarian,2026-10-06 03:00:00,2026-10-06 05:00:00,refrigerated,URGENT,2026-10-06 02:52:00,SYNTHETIC_DEMO
DON-01661,REST-TG11-023,Khammam,Fresh Bread,bread,82,meals,vegetarian,2026-10-05 17:00:00,2026-10-05 21:00:00,ambient,AVAILABLE,2026-10-05 16:50:00,SYNTHETIC_DEMO
DON-01662,REST-TG12-030,Kumuram Bheem,Packaged Meals,packaged_food,31,meals,vegan,2026-09-28 02:00:00,2026-09-28 06:00:00,ambient,AVAILABLE,2026-09-28 01:29:00,SYNTHETIC_DEMO
DON-01663,REST-TG13-101,Mahabubabad,Steamed Rice,rice,73,meals,non_vegetarian,2026-09-29 15:00:00,2026-09-29 21:00:00,refrigerated,AT_RISK,2026-09-29 14:07:00,SYNTHETIC_DEMO
DON-01664,REST-TG14-007,Mahabubnagar,Prepared Meal,cooked_meal,19,meals,vegetarian,2026-10-04 17:00:00,2026-10-05 01:00:00,refrigerated,AT_RISK,2026-10-04 16:39:00,SYNTHETIC_DEMO
DON-01665,REST-TG15-091,Mancherial,Mixed Vegetables,vegetables,42,meals,vegetarian,2026-09-27 20:00:00,2026-09-28 02:00:00,hot_holding,RESCUED,2026-09-27 19:32:00,SYNTHETIC_DEMO
DON-01666,REST-TG16-140,Medak,Prepared Meal,cooked_meal,26,meals,vegetarian,2026-10-05 21:00:00,2026-10-06 03:00:00,ambient,AT_RISK,2026-10-05 20:37:00,SYNTHETIC_DEMO
DON-01667,REST-TG17-125,Medchal-Malkajgiri,Dal,dal,78,meals,egg,2026-09-29 14:00:00,2026-09-29 22:00:00,ambient,AVAILABLE,2026-09-29 13:50:00,SYNTHETIC_DEMO
DON-01668,REST-TG18-089,Mulugu,Mixed Vegetables,vegetables,97,meals,vegan,2026-09-27 20:00:00,2026-09-28 00:00:00,refrigerated,URGENT,2026-09-27 19:18:00,SYNTHETIC_DEMO
DON-01669,REST-TG19-097,Nagarkurnool,Dal,dal,45,meals,vegetarian,2026-09-28 23:00:00,2026-09-29 02:00:00,hot_holding,AVAILABLE,2026-09-28 22:17:00,SYNTHETIC_DEMO
DON-01670,REST-TG20-124,Nalgonda,Dal,dal,66,meals,vegan,2026-09-30 01:00:00,2026-09-30 07:00:00,ambient,AT_RISK,2026-09-30 00:40:00,SYNTHETIC_DEMO
DON-01671,REST-TG21-082,Narayanpet,Mixed Vegetables,vegetables,10,meals,vegetarian,2026-09-30 20:00:00,2026-10-01 04:00:00,refrigerated,AVAILABLE,2026-09-30 19:45:00,SYNTHETIC_DEMO
DON-01672,REST-TG22-065,Nirmal,Mixed Vegetables,vegetables,59,meals,vegetarian,2026-10-02 19:00:00,2026-10-03 01:00:00,hot_holding,AT_RISK,2026-10-02 18:38:00,SYNTHETIC_DEMO
DON-01673,REST-TG23-065,Nizamabad,Packaged Meals,packaged_food,69,meals,non_vegetarian,2026-10-03 18:00:00,2026-10-04 02:00:00,ambient,AVAILABLE,2026-10-03 17:41:00,SYNTHETIC_DEMO
DON-01674,REST-TG24-093,Peddapalli,Mixed Vegetables,vegetables,71,meals,vegan,2026-10-01 09:00:00,2026-10-01 17:00:00,refrigerated,AVAILABLE,2026-10-01 08:14:00,SYNTHETIC_DEMO
DON-01675,REST-TG25-003,Rajanna Sircilla,Steamed Rice,rice,18,meals,egg,2026-09-29 04:00:00,2026-09-29 09:00:00,refrigerated,AT_RISK,2026-09-29 03:06:00,SYNTHETIC_DEMO
DON-01676,REST-TG26-122,Rangareddy,Prepared Meal,cooked_meal,37,meals,vegetarian,2026-10-05 23:00:00,2026-10-06 01:00:00,refrigerated,AT_RISK,2026-10-05 22:42:00,SYNTHETIC_DEMO
DON-01677,REST-TG27-037,Sangareddy,Dal,dal,70,meals,vegetarian,2026-10-04 09:00:00,2026-10-04 11:00:00,ambient,RESCUED,2026-10-04 08:28:00,SYNTHETIC_DEMO
DON-01678,REST-TG28-125,Siddipet,Packaged Meals,packaged_food,25,meals,vegetarian,2026-09-28 07:00:00,2026-09-28 10:00:00,ambient,URGENT,2026-09-28 06:03:00,SYNTHETIC_DEMO
DON-01679,REST-TG29-040,Suryapet,Vegetable Biryani,biryani,53,meals,vegetarian,2026-10-01 04:00:00,2026-10-01 09:00:00,ambient,AT_RISK,2026-10-01 03:36:00,SYNTHETIC_DEMO
DON-01680,REST-TG30-147,Vikarabad,Steamed Rice,rice,38,meals,non_vegetarian,2026-10-06 07:00:00,2026-10-06 09:00:00,ambient,URGENT,2026-10-06 06:52:00,SYNTHETIC_DEMO
DON-01681,REST-TG31-042,Wanaparthy,Vegetable Biryani,biryani,26,meals,non_vegetarian,2026-10-03 02:00:00,2026-10-03 10:00:00,hot_holding,AT_RISK,2026-10-03 01:07:00,SYNTHETIC_DEMO
DON-01682,REST-TG32-122,Warangal,Fresh Fruit,fruits,77,meals,non_vegetarian,2026-10-06 02:00:00,2026-10-06 10:00:00,hot_holding,AT_RISK,2026-10-06 01:36:00,SYNTHETIC_DEMO
DON-01683,REST-TG33-024,Yadadri Bhuvanagiri,Vegetable Biryani,biryani,95,meals,vegetarian,2026-10-03 15:00:00,2026-10-03 17:00:00,hot_holding,AVAILABLE,2026-10-03 14:02:00,SYNTHETIC_DEMO
DON-01684,REST-TG01-077,Adilabad,Packaged Meals,packaged_food,15,meals,vegetarian,2026-10-05 09:00:00,2026-10-05 11:00:00,hot_holding,AVAILABLE,2026-10-05 08:26:00,SYNTHETIC_DEMO
DON-01685,REST-TG02-024,Bhadradri Kothagudem,Steamed Rice,rice,99,meals,vegetarian,2026-10-04 08:00:00,2026-10-04 11:00:00,hot_holding,URGENT,2026-10-04 07:44:00,SYNTHETIC_DEMO
DON-01686,REST-TG03-038,Hanumakonda,Veg Sandwich,sandwich,67,meals,vegetarian,2026-10-04 10:00:00,2026-10-04 16:00:00,hot_holding,AT_RISK,2026-10-04 09:52:00,SYNTHETIC_DEMO
DON-01687,REST-TG04-046,Hyderabad,Roti,roti,64,meals,non_vegetarian,2026-10-02 22:00:00,2026-10-03 03:00:00,refrigerated,AT_RISK,2026-10-02 21:35:00,SYNTHETIC_DEMO
DON-01688,REST-TG05-071,Jagtial,Bakery Items,bakery,76,meals,vegetarian,2026-10-03 16:00:00,2026-10-03 19:00:00,hot_holding,AVAILABLE,2026-10-03 15:30:00,SYNTHETIC_DEMO
DON-01689,REST-TG06-070,Jangaon,Fresh Bread,bread,39,meals,vegetarian,2026-09-27 06:00:00,2026-09-27 14:00:00,hot_holding,AT_RISK,2026-09-27 05:04:00,SYNTHETIC_DEMO
DON-01690,REST-TG07-042,Jayashankar Bhupalpally,Roti,roti,38,meals,vegetarian,2026-09-29 11:00:00,2026-09-29 19:00:00,refrigerated,AT_RISK,2026-09-29 10:31:00,SYNTHETIC_DEMO
DON-01691,REST-TG08-043,Jogulamba Gadwal,Roti,roti,61,meals,vegetarian,2026-10-01 01:00:00,2026-10-01 07:00:00,hot_holding,URGENT,2026-10-01 00:55:00,SYNTHETIC_DEMO
DON-01692,REST-TG09-083,Kamareddy,Vegetable Biryani,biryani,62,meals,vegetarian,2026-10-02 12:00:00,2026-10-02 17:00:00,ambient,AVAILABLE,2026-10-02 11:01:00,SYNTHETIC_DEMO
DON-01693,REST-TG10-078,Karimnagar,Dal,dal,97,meals,vegetarian,2026-10-01 19:00:00,2026-10-02 01:00:00,ambient,AVAILABLE,2026-10-01 18:32:00,SYNTHETIC_DEMO
DON-01694,REST-TG11-043,Khammam,Fresh Bread,bread,75,meals,non_vegetarian,2026-09-30 22:00:00,2026-10-01 04:00:00,refrigerated,AT_RISK,2026-09-30 21:46:00,SYNTHETIC_DEMO
DON-01695,REST-TG12-150,Kumuram Bheem,Packaged Meals,packaged_food,10,meals,vegetarian,2026-09-27 05:00:00,2026-09-27 07:00:00,hot_holding,AT_RISK,2026-09-27 04:18:00,SYNTHETIC_DEMO
DON-01696,REST-TG13-139,Mahabubabad,Dal,dal,70,meals,non_vegetarian,2026-09-29 05:00:00,2026-09-29 13:00:00,ambient,RESCUED,2026-09-29 04:17:00,SYNTHETIC_DEMO
DON-01697,REST-TG14-130,Mahabubnagar,Vegetable Biryani,biryani,37,meals,vegetarian,2026-10-05 07:00:00,2026-10-05 13:00:00,ambient,RESCUED,2026-10-05 06:06:00,SYNTHETIC_DEMO
DON-01698,REST-TG15-129,Mancherial,Mixed Vegetables,vegetables,77,meals,vegetarian,2026-09-26 20:00:00,2026-09-27 02:00:00,hot_holding,RESCUED,2026-09-26 19:02:00,SYNTHETIC_DEMO
DON-01699,REST-TG16-128,Medak,Packaged Meals,packaged_food,34,meals,vegetarian,2026-09-26 16:00:00,2026-09-26 19:00:00,ambient,AVAILABLE,2026-09-26 15:05:00,SYNTHETIC_DEMO
DON-01700,REST-TG17-001,Medchal-Malkajgiri,Prepared Meal,cooked_meal,30,meals,vegetarian,2026-10-04 15:00:00,2026-10-04 20:00:00,refrigerated,AVAILABLE,2026-10-04 14:21:00,SYNTHETIC_DEMO
DON-01701,REST-TG18-071,Mulugu,Vegetable Biryani,biryani,13,meals,vegetarian,2026-09-27 13:00:00,2026-09-27 18:00:00,hot_holding,AT_RISK,2026-09-27 12:36:00,SYNTHETIC_DEMO
DON-01702,REST-TG19-040,Nagarkurnool,Vegetable Biryani,biryani,83,meals,vegetarian,2026-09-29 09:00:00,2026-09-29 17:00:00,hot_holding,AVAILABLE,2026-09-29 08:22:00,SYNTHETIC_DEMO
DON-01703,REST-TG20-090,Nalgonda,Fresh Bread,bread,72,meals,vegetarian,2026-09-28 06:00:00,2026-09-28 10:00:00,hot_holding,URGENT,2026-09-28 05:05:00,SYNTHETIC_DEMO
DON-01704,REST-TG21-050,Narayanpet,Fresh Fruit,fruits,23,meals,egg,2026-09-28 17:00:00,2026-09-28 23:00:00,hot_holding,AVAILABLE,2026-09-28 16:15:00,SYNTHETIC_DEMO
DON-01705,REST-TG22-113,Nirmal,Prepared Meal,cooked_meal,33,meals,vegetarian,2026-10-04 07:00:00,2026-10-04 11:00:00,ambient,AT_RISK,2026-10-04 06:12:00,SYNTHETIC_DEMO
DON-01706,REST-TG23-148,Nizamabad,Dal,dal,70,meals,vegetarian,2026-09-28 00:00:00,2026-09-28 03:00:00,refrigerated,URGENT,2026-09-27 23:25:00,SYNTHETIC_DEMO
DON-01707,REST-TG24-015,Peddapalli,Vegetable Biryani,biryani,90,meals,non_vegetarian,2026-09-26 11:00:00,2026-09-26 15:00:00,ambient,AT_RISK,2026-09-26 10:53:00,SYNTHETIC_DEMO
DON-01708,REST-TG25-148,Rajanna Sircilla,Prepared Meal,cooked_meal,94,meals,non_vegetarian,2026-10-04 05:00:00,2026-10-04 08:00:00,refrigerated,RESCUED,2026-10-04 04:43:00,SYNTHETIC_DEMO
DON-01709,REST-TG26-075,Rangareddy,Steamed Rice,rice,96,meals,vegan,2026-09-30 03:00:00,2026-09-30 07:00:00,hot_holding,AVAILABLE,2026-09-30 02:38:00,SYNTHETIC_DEMO
DON-01710,REST-TG27-106,Sangareddy,Vegetable Pulao,pulao,47,meals,vegetarian,2026-10-05 17:00:00,2026-10-05 19:00:00,hot_holding,URGENT,2026-10-05 16:30:00,SYNTHETIC_DEMO
DON-01711,REST-TG28-040,Siddipet,Fresh Fruit,fruits,39,meals,vegan,2026-10-03 16:00:00,2026-10-03 20:00:00,ambient,AVAILABLE,2026-10-03 15:48:00,SYNTHETIC_DEMO
DON-01712,REST-TG29-113,Suryapet,Roti,roti,96,meals,non_vegetarian,2026-09-28 20:00:00,2026-09-28 22:00:00,refrigerated,URGENT,2026-09-28 19:36:00,SYNTHETIC_DEMO
DON-01713,REST-TG30-029,Vikarabad,Veg Sandwich,sandwich,61,meals,non_vegetarian,2026-09-29 21:00:00,2026-09-30 05:00:00,ambient,AVAILABLE,2026-09-29 20:52:00,SYNTHETIC_DEMO
DON-01714,REST-TG31-034,Wanaparthy,Vegetable Biryani,biryani,13,meals,vegetarian,2026-10-04 12:00:00,2026-10-04 15:00:00,ambient,AVAILABLE,2026-10-04 11:45:00,SYNTHETIC_DEMO
DON-01715,REST-TG32-089,Warangal,Veg Sandwich,sandwich,91,meals,vegetarian,2026-09-28 13:00:00,2026-09-28 18:00:00,refrigerated,AVAILABLE,2026-09-28 12:26:00,SYNTHETIC_DEMO
DON-01716,REST-TG33-121,Yadadri Bhuvanagiri,Steamed Rice,rice,69,meals,vegetarian,2026-09-29 12:00:00,2026-09-29 20:00:00,ambient,AT_RISK,2026-09-29 11:39:00,SYNTHETIC_DEMO
DON-01717,REST-TG01-008,Adilabad,Vegetable Biryani,biryani,19,meals,non_vegetarian,2026-09-26 16:00:00,2026-09-26 21:00:00,ambient,URGENT,2026-09-26 15:49:00,SYNTHETIC_DEMO
DON-01718,REST-TG02-057,Bhadradri Kothagudem,Steamed Rice,rice,74,meals,vegetarian,2026-10-02 09:00:00,2026-10-02 13:00:00,ambient,AVAILABLE,2026-10-02 08:05:00,SYNTHETIC_DEMO
DON-01719,REST-TG03-012,Hanumakonda,Roti,roti,75,meals,vegetarian,2026-09-30 11:00:00,2026-09-30 13:00:00,refrigerated,AVAILABLE,2026-09-30 10:36:00,SYNTHETIC_DEMO
DON-01720,REST-TG04-072,Hyderabad,Packaged Meals,packaged_food,47,meals,egg,2026-09-27 21:00:00,2026-09-28 05:00:00,hot_holding,AT_RISK,2026-09-27 20:46:00,SYNTHETIC_DEMO
DON-01721,REST-TG05-028,Jagtial,Vegetable Pulao,pulao,19,meals,vegetarian,2026-10-04 07:00:00,2026-10-04 11:00:00,hot_holding,RESCUED,2026-10-04 06:51:00,SYNTHETIC_DEMO
DON-01722,REST-TG06-105,Jangaon,Dal,dal,24,meals,vegetarian,2026-10-02 08:00:00,2026-10-02 16:00:00,ambient,RESCUED,2026-10-02 07:24:00,SYNTHETIC_DEMO
DON-01723,REST-TG07-092,Jayashankar Bhupalpally,Steamed Rice,rice,18,meals,vegan,2026-10-02 00:00:00,2026-10-02 04:00:00,hot_holding,AVAILABLE,2026-10-01 23:32:00,SYNTHETIC_DEMO
DON-01724,REST-TG08-047,Jogulamba Gadwal,Steamed Rice,rice,50,meals,non_vegetarian,2026-09-27 14:00:00,2026-09-27 17:00:00,refrigerated,AT_RISK,2026-09-27 13:27:00,SYNTHETIC_DEMO
DON-01725,REST-TG09-017,Kamareddy,Mixed Vegetables,vegetables,18,meals,egg,2026-09-29 04:00:00,2026-09-29 07:00:00,hot_holding,RESCUED,2026-09-29 03:12:00,SYNTHETIC_DEMO
DON-01726,REST-TG10-078,Karimnagar,Mixed Vegetables,vegetables,17,meals,egg,2026-09-27 09:00:00,2026-09-27 14:00:00,refrigerated,URGENT,2026-09-27 08:24:00,SYNTHETIC_DEMO
DON-01727,REST-TG11-059,Khammam,Bakery Items,bakery,59,meals,non_vegetarian,2026-10-01 01:00:00,2026-10-01 06:00:00,hot_holding,AT_RISK,2026-10-01 00:43:00,SYNTHETIC_DEMO
DON-01728,REST-TG12-096,Kumuram Bheem,Bakery Items,bakery,73,meals,vegan,2026-10-01 20:00:00,2026-10-02 04:00:00,hot_holding,AVAILABLE,2026-10-01 19:34:00,SYNTHETIC_DEMO
DON-01729,REST-TG13-062,Mahabubabad,Mixed Vegetables,vegetables,62,meals,non_vegetarian,2026-10-02 07:00:00,2026-10-02 15:00:00,ambient,AT_RISK,2026-10-02 06:42:00,SYNTHETIC_DEMO
DON-01730,REST-TG14-145,Mahabubnagar,Vegetable Biryani,biryani,43,meals,vegan,2026-09-26 21:00:00,2026-09-27 03:00:00,hot_holding,URGENT,2026-09-26 20:31:00,SYNTHETIC_DEMO
DON-01731,REST-TG15-109,Mancherial,Vegetable Pulao,pulao,83,meals,vegetarian,2026-10-01 11:00:00,2026-10-01 16:00:00,refrigerated,AT_RISK,2026-10-01 10:36:00,SYNTHETIC_DEMO
DON-01732,REST-TG16-042,Medak,Prepared Meal,cooked_meal,69,meals,vegetarian,2026-10-03 00:00:00,2026-10-03 03:00:00,hot_holding,RESCUED,2026-10-02 23:31:00,SYNTHETIC_DEMO
DON-01733,REST-TG17-009,Medchal-Malkajgiri,Fresh Bread,bread,62,meals,vegetarian,2026-10-02 01:00:00,2026-10-02 09:00:00,hot_holding,URGENT,2026-10-02 00:51:00,SYNTHETIC_DEMO
DON-01734,REST-TG18-105,Mulugu,Vegetable Biryani,biryani,17,meals,vegan,2026-09-28 11:00:00,2026-09-28 15:00:00,hot_holding,URGENT,2026-09-28 10:23:00,SYNTHETIC_DEMO
DON-01735,REST-TG19-101,Nagarkurnool,Steamed Rice,rice,82,meals,vegetarian,2026-10-01 20:00:00,2026-10-01 23:00:00,refrigerated,URGENT,2026-10-01 19:55:00,SYNTHETIC_DEMO
DON-01736,REST-TG20-117,Nalgonda,Packaged Meals,packaged_food,13,meals,vegetarian,2026-10-01 18:00:00,2026-10-01 21:00:00,refrigerated,AVAILABLE,2026-10-01 17:36:00,SYNTHETIC_DEMO
DON-01737,REST-TG21-100,Narayanpet,Prepared Meal,cooked_meal,66,meals,vegan,2026-10-03 05:00:00,2026-10-03 10:00:00,ambient,AT_RISK,2026-10-03 04:00:00,SYNTHETIC_DEMO
DON-01738,REST-TG22-036,Nirmal,Prepared Meal,cooked_meal,87,meals,vegetarian,2026-10-02 04:00:00,2026-10-02 09:00:00,refrigerated,RESCUED,2026-10-02 03:41:00,SYNTHETIC_DEMO
DON-01739,REST-TG23-023,Nizamabad,Fresh Fruit,fruits,56,meals,vegetarian,2026-10-01 20:00:00,2026-10-01 22:00:00,hot_holding,AT_RISK,2026-10-01 19:21:00,SYNTHETIC_DEMO
DON-01740,REST-TG24-144,Peddapalli,Fresh Bread,bread,24,meals,vegetarian,2026-10-03 20:00:00,2026-10-04 04:00:00,ambient,AT_RISK,2026-10-03 19:37:00,SYNTHETIC_DEMO
DON-01741,REST-TG25-090,Rajanna Sircilla,Roti,roti,77,meals,vegetarian,2026-09-28 09:00:00,2026-09-28 13:00:00,refrigerated,AT_RISK,2026-09-28 08:25:00,SYNTHETIC_DEMO
DON-01742,REST-TG26-075,Rangareddy,Veg Sandwich,sandwich,39,meals,vegan,2026-09-30 20:00:00,2026-10-01 02:00:00,refrigerated,AT_RISK,2026-09-30 19:26:00,SYNTHETIC_DEMO
DON-01743,REST-TG27-111,Sangareddy,Bakery Items,bakery,93,meals,non_vegetarian,2026-09-27 16:00:00,2026-09-27 20:00:00,ambient,RESCUED,2026-09-27 15:42:00,SYNTHETIC_DEMO
DON-01744,REST-TG28-059,Siddipet,Prepared Meal,cooked_meal,53,meals,vegetarian,2026-09-30 15:00:00,2026-09-30 17:00:00,refrigerated,URGENT,2026-09-30 14:33:00,SYNTHETIC_DEMO
DON-01745,REST-TG29-118,Suryapet,Prepared Meal,cooked_meal,55,meals,non_vegetarian,2026-10-01 02:00:00,2026-10-01 10:00:00,ambient,AT_RISK,2026-10-01 01:22:00,SYNTHETIC_DEMO
DON-01746,REST-TG30-094,Vikarabad,Fresh Fruit,fruits,87,meals,vegetarian,2026-09-28 00:00:00,2026-09-28 06:00:00,hot_holding,AT_RISK,2026-09-27 23:54:00,SYNTHETIC_DEMO
DON-01747,REST-TG31-132,Wanaparthy,Bakery Items,bakery,71,meals,non_vegetarian,2026-10-02 09:00:00,2026-10-02 14:00:00,ambient,AVAILABLE,2026-10-02 08:01:00,SYNTHETIC_DEMO
DON-01748,REST-TG32-024,Warangal,Steamed Rice,rice,26,meals,non_vegetarian,2026-10-02 04:00:00,2026-10-02 08:00:00,ambient,RESCUED,2026-10-02 03:17:00,SYNTHETIC_DEMO
DON-01749,REST-TG33-037,Yadadri Bhuvanagiri,Fresh Fruit,fruits,29,meals,vegetarian,2026-10-06 02:00:00,2026-10-06 05:00:00,hot_holding,AT_RISK,2026-10-06 01:08:00,SYNTHETIC_DEMO
DON-01750,REST-TG01-020,Adilabad,Veg Sandwich,sandwich,25,meals,non_vegetarian,2026-09-29 02:00:00,2026-09-29 07:00:00,refrigerated,AT_RISK,2026-09-29 01:55:00,SYNTHETIC_DEMO
DON-01751,REST-TG02-011,Bhadradri Kothagudem,Mixed Vegetables,vegetables,47,meals,vegetarian,2026-10-03 19:00:00,2026-10-04 03:00:00,ambient,AT_RISK,2026-10-03 18:11:00,SYNTHETIC_DEMO
DON-01752,REST-TG03-124,Hanumakonda,Vegetable Biryani,biryani,37,meals,vegetarian,2026-09-27 14:00:00,2026-09-27 19:00:00,ambient,AVAILABLE,2026-09-27 13:01:00,SYNTHETIC_DEMO
DON-01753,REST-TG04-003,Hyderabad,Packaged Meals,packaged_food,81,meals,non_vegetarian,2026-09-27 04:00:00,2026-09-27 12:00:00,refrigerated,AVAILABLE,2026-09-27 03:13:00,SYNTHETIC_DEMO
DON-01754,REST-TG05-017,Jagtial,Roti,roti,20,meals,egg,2026-10-06 02:00:00,2026-10-06 07:00:00,ambient,AVAILABLE,2026-10-06 01:03:00,SYNTHETIC_DEMO
DON-01755,REST-TG06-147,Jangaon,Dal,dal,19,meals,vegan,2026-09-29 08:00:00,2026-09-29 11:00:00,ambient,RESCUED,2026-09-29 07:01:00,SYNTHETIC_DEMO
DON-01756,REST-TG07-006,Jayashankar Bhupalpally,Fresh Fruit,fruits,47,meals,vegetarian,2026-09-29 09:00:00,2026-09-29 12:00:00,refrigerated,AVAILABLE,2026-09-29 08:16:00,SYNTHETIC_DEMO
DON-01757,REST-TG08-046,Jogulamba Gadwal,Vegetable Pulao,pulao,19,meals,vegetarian,2026-10-02 09:00:00,2026-10-02 15:00:00,hot_holding,URGENT,2026-10-02 08:21:00,SYNTHETIC_DEMO
DON-01758,REST-TG09-020,Kamareddy,Packaged Meals,packaged_food,88,meals,non_vegetarian,2026-09-26 23:00:00,2026-09-27 07:00:00,refrigerated,URGENT,2026-09-26 22:02:00,SYNTHETIC_DEMO
DON-01759,REST-TG10-025,Karimnagar,Fresh Bread,bread,94,meals,egg,2026-09-28 16:00:00,2026-09-28 22:00:00,ambient,AVAILABLE,2026-09-28 15:32:00,SYNTHETIC_DEMO
DON-01760,REST-TG11-145,Khammam,Fresh Bread,bread,86,meals,non_vegetarian,2026-10-01 17:00:00,2026-10-01 19:00:00,hot_holding,AVAILABLE,2026-10-01 16:36:00,SYNTHETIC_DEMO
DON-01761,REST-TG12-096,Kumuram Bheem,Roti,roti,60,meals,vegetarian,2026-10-05 23:00:00,2026-10-06 04:00:00,refrigerated,AVAILABLE,2026-10-05 22:13:00,SYNTHETIC_DEMO
DON-01762,REST-TG13-012,Mahabubabad,Roti,roti,43,meals,vegan,2026-10-02 10:00:00,2026-10-02 15:00:00,refrigerated,AT_RISK,2026-10-02 09:40:00,SYNTHETIC_DEMO
DON-01763,REST-TG14-030,Mahabubnagar,Fresh Fruit,fruits,81,meals,vegetarian,2026-09-29 20:00:00,2026-09-30 00:00:00,ambient,URGENT,2026-09-29 19:25:00,SYNTHETIC_DEMO
DON-01764,REST-TG15-077,Mancherial,Veg Sandwich,sandwich,15,meals,non_vegetarian,2026-10-01 00:00:00,2026-10-01 06:00:00,hot_holding,AVAILABLE,2026-09-30 23:40:00,SYNTHETIC_DEMO
DON-01765,REST-TG16-150,Medak,Fresh Bread,bread,52,meals,vegetarian,2026-09-29 07:00:00,2026-09-29 10:00:00,refrigerated,AT_RISK,2026-09-29 06:01:00,SYNTHETIC_DEMO
DON-01766,REST-TG17-071,Medchal-Malkajgiri,Fresh Bread,bread,22,meals,egg,2026-09-30 14:00:00,2026-09-30 16:00:00,hot_holding,RESCUED,2026-09-30 13:27:00,SYNTHETIC_DEMO
DON-01767,REST-TG18-069,Mulugu,Prepared Meal,cooked_meal,51,meals,non_vegetarian,2026-10-05 08:00:00,2026-10-05 14:00:00,ambient,AT_RISK,2026-10-05 07:51:00,SYNTHETIC_DEMO
DON-01768,REST-TG19-088,Nagarkurnool,Vegetable Biryani,biryani,60,meals,vegetarian,2026-10-06 05:00:00,2026-10-06 07:00:00,ambient,AT_RISK,2026-10-06 04:55:00,SYNTHETIC_DEMO
DON-01769,REST-TG20-002,Nalgonda,Mixed Vegetables,vegetables,40,meals,vegetarian,2026-10-02 08:00:00,2026-10-02 11:00:00,hot_holding,AT_RISK,2026-10-02 07:14:00,SYNTHETIC_DEMO
DON-01770,REST-TG21-134,Narayanpet,Mixed Vegetables,vegetables,75,meals,vegetarian,2026-09-30 05:00:00,2026-09-30 11:00:00,hot_holding,AVAILABLE,2026-09-30 04:05:00,SYNTHETIC_DEMO
DON-01771,REST-TG22-012,Nirmal,Bakery Items,bakery,75,meals,vegetarian,2026-10-04 11:00:00,2026-10-04 17:00:00,ambient,URGENT,2026-10-04 10:04:00,SYNTHETIC_DEMO
DON-01772,REST-TG23-082,Nizamabad,Veg Sandwich,sandwich,99,meals,non_vegetarian,2026-10-03 12:00:00,2026-10-03 17:00:00,hot_holding,AT_RISK,2026-10-03 11:10:00,SYNTHETIC_DEMO
DON-01773,REST-TG24-004,Peddapalli,Packaged Meals,packaged_food,40,meals,vegan,2026-10-04 14:00:00,2026-10-04 16:00:00,ambient,URGENT,2026-10-04 13:53:00,SYNTHETIC_DEMO
DON-01774,REST-TG25-014,Rajanna Sircilla,Veg Sandwich,sandwich,50,meals,vegetarian,2026-10-03 15:00:00,2026-10-03 18:00:00,hot_holding,RESCUED,2026-10-03 14:37:00,SYNTHETIC_DEMO
DON-01775,REST-TG26-116,Rangareddy,Mixed Vegetables,vegetables,57,meals,vegetarian,2026-10-03 06:00:00,2026-10-03 08:00:00,ambient,AVAILABLE,2026-10-03 05:44:00,SYNTHETIC_DEMO
DON-01776,REST-TG27-066,Sangareddy,Veg Sandwich,sandwich,97,meals,non_vegetarian,2026-10-02 15:00:00,2026-10-02 19:00:00,hot_holding,AT_RISK,2026-10-02 14:10:00,SYNTHETIC_DEMO
DON-01777,REST-TG28-141,Siddipet,Steamed Rice,rice,100,meals,vegetarian,2026-10-02 06:00:00,2026-10-02 12:00:00,refrigerated,RESCUED,2026-10-02 05:10:00,SYNTHETIC_DEMO
DON-01778,REST-TG29-143,Suryapet,Packaged Meals,packaged_food,20,meals,vegetarian,2026-09-28 06:00:00,2026-09-28 08:00:00,hot_holding,RESCUED,2026-09-28 05:12:00,SYNTHETIC_DEMO
DON-01779,REST-TG30-090,Vikarabad,Veg Sandwich,sandwich,94,meals,vegetarian,2026-09-26 09:00:00,2026-09-26 13:00:00,hot_holding,URGENT,2026-09-26 08:38:00,SYNTHETIC_DEMO
DON-01780,REST-TG31-103,Wanaparthy,Steamed Rice,rice,41,meals,vegetarian,2026-09-28 05:00:00,2026-09-28 07:00:00,ambient,RESCUED,2026-09-28 04:10:00,SYNTHETIC_DEMO
DON-01781,REST-TG32-137,Warangal,Fresh Fruit,fruits,79,meals,vegetarian,2026-09-30 13:00:00,2026-09-30 18:00:00,ambient,RESCUED,2026-09-30 12:16:00,SYNTHETIC_DEMO
DON-01782,REST-TG33-019,Yadadri Bhuvanagiri,Bakery Items,bakery,47,meals,egg,2026-10-06 04:00:00,2026-10-06 06:00:00,hot_holding,AVAILABLE,2026-10-06 03:19:00,SYNTHETIC_DEMO
DON-01783,REST-TG01-072,Adilabad,Steamed Rice,rice,71,meals,egg,2026-09-27 07:00:00,2026-09-27 11:00:00,refrigerated,URGENT,2026-09-27 06:36:00,SYNTHETIC_DEMO
DON-01784,REST-TG02-104,Bhadradri Kothagudem,Vegetable Biryani,biryani,70,meals,egg,2026-10-01 06:00:00,2026-10-01 14:00:00,hot_holding,AT_RISK,2026-10-01 05:19:00,SYNTHETIC_DEMO
DON-01785,REST-TG03-144,Hanumakonda,Bakery Items,bakery,81,meals,vegetarian,2026-10-05 07:00:00,2026-10-05 15:00:00,hot_holding,RESCUED,2026-10-05 06:32:00,SYNTHETIC_DEMO
DON-01786,REST-TG04-049,Hyderabad,Roti,roti,65,meals,egg,2026-09-29 05:00:00,2026-09-29 09:00:00,refrigerated,RESCUED,2026-09-29 04:51:00,SYNTHETIC_DEMO
DON-01787,REST-TG05-126,Jagtial,Packaged Meals,packaged_food,67,meals,vegetarian,2026-10-05 20:00:00,2026-10-06 04:00:00,refrigerated,AVAILABLE,2026-10-05 19:17:00,SYNTHETIC_DEMO
DON-01788,REST-TG06-125,Jangaon,Steamed Rice,rice,55,meals,vegetarian,2026-10-04 02:00:00,2026-10-04 04:00:00,ambient,URGENT,2026-10-04 01:39:00,SYNTHETIC_DEMO
DON-01789,REST-TG07-114,Jayashankar Bhupalpally,Mixed Vegetables,vegetables,86,meals,egg,2026-09-26 18:00:00,2026-09-26 20:00:00,hot_holding,AT_RISK,2026-09-26 17:09:00,SYNTHETIC_DEMO
DON-01790,REST-TG08-086,Jogulamba Gadwal,Mixed Vegetables,vegetables,28,meals,vegetarian,2026-09-26 08:00:00,2026-09-26 16:00:00,refrigerated,AT_RISK,2026-09-26 07:07:00,SYNTHETIC_DEMO
DON-01791,REST-TG09-084,Kamareddy,Vegetable Pulao,pulao,68,meals,egg,2026-10-03 02:00:00,2026-10-03 07:00:00,ambient,AT_RISK,2026-10-03 01:52:00,SYNTHETIC_DEMO
DON-01792,REST-TG10-033,Karimnagar,Fresh Bread,bread,24,meals,vegetarian,2026-10-04 11:00:00,2026-10-04 15:00:00,hot_holding,URGENT,2026-10-04 10:31:00,SYNTHETIC_DEMO
DON-01793,REST-TG11-100,Khammam,Packaged Meals,packaged_food,66,meals,non_vegetarian,2026-10-03 21:00:00,2026-10-03 23:00:00,ambient,AT_RISK,2026-10-03 20:09:00,SYNTHETIC_DEMO
DON-01794,REST-TG12-058,Kumuram Bheem,Vegetable Pulao,pulao,30,meals,vegetarian,2026-10-03 04:00:00,2026-10-03 08:00:00,refrigerated,URGENT,2026-10-03 03:29:00,SYNTHETIC_DEMO
DON-01795,REST-TG13-001,Mahabubabad,Prepared Meal,cooked_meal,19,meals,vegetarian,2026-10-05 00:00:00,2026-10-05 08:00:00,hot_holding,AT_RISK,2026-10-04 23:06:00,SYNTHETIC_DEMO
DON-01796,REST-TG14-146,Mahabubnagar,Packaged Meals,packaged_food,68,meals,vegetarian,2026-09-29 01:00:00,2026-09-29 03:00:00,hot_holding,AT_RISK,2026-09-29 00:16:00,SYNTHETIC_DEMO
DON-01797,REST-TG15-032,Mancherial,Packaged Meals,packaged_food,84,meals,vegetarian,2026-09-28 16:00:00,2026-09-28 19:00:00,ambient,URGENT,2026-09-28 15:32:00,SYNTHETIC_DEMO
DON-01798,REST-TG16-103,Medak,Dal,dal,61,meals,vegetarian,2026-09-28 07:00:00,2026-09-28 12:00:00,ambient,AT_RISK,2026-09-28 06:32:00,SYNTHETIC_DEMO
DON-01799,REST-TG17-031,Medchal-Malkajgiri,Steamed Rice,rice,35,meals,vegetarian,2026-10-05 05:00:00,2026-10-05 08:00:00,ambient,AT_RISK,2026-10-05 04:13:00,SYNTHETIC_DEMO
DON-01800,REST-TG18-095,Mulugu,Bakery Items,bakery,41,meals,non_vegetarian,2026-10-02 00:00:00,2026-10-02 05:00:00,refrigerated,AT_RISK,2026-10-01 23:24:00,SYNTHETIC_DEMO
DON-01801,REST-TG19-076,Nagarkurnool,Dal,dal,37,meals,vegan,2026-09-28 16:00:00,2026-09-28 19:00:00,ambient,AVAILABLE,2026-09-28 15:16:00,SYNTHETIC_DEMO
DON-01802,REST-TG20-055,Nalgonda,Roti,roti,52,meals,non_vegetarian,2026-09-30 21:00:00,2026-10-01 01:00:00,refrigerated,AT_RISK,2026-09-30 20:51:00,SYNTHETIC_DEMO
DON-01803,REST-TG21-006,Narayanpet,Dal,dal,31,meals,vegetarian,2026-10-06 03:00:00,2026-10-06 08:00:00,hot_holding,AT_RISK,2026-10-06 02:17:00,SYNTHETIC_DEMO
DON-01804,REST-TG22-087,Nirmal,Fresh Bread,bread,95,meals,vegetarian,2026-10-04 22:00:00,2026-10-05 00:00:00,ambient,AVAILABLE,2026-10-04 21:02:00,SYNTHETIC_DEMO
DON-01805,REST-TG23-059,Nizamabad,Vegetable Biryani,biryani,64,meals,vegetarian,2026-10-03 12:00:00,2026-10-03 20:00:00,hot_holding,AT_RISK,2026-10-03 11:23:00,SYNTHETIC_DEMO
DON-01806,REST-TG24-079,Peddapalli,Veg Sandwich,sandwich,50,meals,vegan,2026-10-05 21:00:00,2026-10-06 05:00:00,hot_holding,AVAILABLE,2026-10-05 20:35:00,SYNTHETIC_DEMO
DON-01807,REST-TG25-013,Rajanna Sircilla,Dal,dal,90,meals,non_vegetarian,2026-09-28 14:00:00,2026-09-28 22:00:00,hot_holding,AT_RISK,2026-09-28 13:29:00,SYNTHETIC_DEMO
DON-01808,REST-TG26-053,Rangareddy,Vegetable Biryani,biryani,48,meals,non_vegetarian,2026-10-06 04:00:00,2026-10-06 09:00:00,refrigerated,AT_RISK,2026-10-06 03:44:00,SYNTHETIC_DEMO
DON-01809,REST-TG27-107,Sangareddy,Vegetable Biryani,biryani,10,meals,vegan,2026-09-26 19:00:00,2026-09-27 00:00:00,hot_holding,AT_RISK,2026-09-26 18:16:00,SYNTHETIC_DEMO
DON-01810,REST-TG28-047,Siddipet,Bakery Items,bakery,96,meals,vegan,2026-10-06 06:00:00,2026-10-06 12:00:00,hot_holding,AVAILABLE,2026-10-06 05:02:00,SYNTHETIC_DEMO
DON-01811,REST-TG29-115,Suryapet,Fresh Fruit,fruits,66,meals,vegetarian,2026-10-06 06:00:00,2026-10-06 09:00:00,ambient,RESCUED,2026-10-06 05:04:00,SYNTHETIC_DEMO
DON-01812,REST-TG30-017,Vikarabad,Bakery Items,bakery,33,meals,non_vegetarian,2026-10-04 15:00:00,2026-10-04 23:00:00,hot_holding,AVAILABLE,2026-10-04 14:42:00,SYNTHETIC_DEMO
DON-01813,REST-TG31-078,Wanaparthy,Fresh Bread,bread,16,meals,vegetarian,2026-09-29 08:00:00,2026-09-29 14:00:00,hot_holding,URGENT,2026-09-29 07:13:00,SYNTHETIC_DEMO
DON-01814,REST-TG32-096,Warangal,Vegetable Biryani,biryani,92,meals,vegetarian,2026-09-26 15:00:00,2026-09-26 18:00:00,refrigerated,RESCUED,2026-09-26 14:48:00,SYNTHETIC_DEMO
DON-01815,REST-TG33-067,Yadadri Bhuvanagiri,Roti,roti,69,meals,non_vegetarian,2026-10-02 09:00:00,2026-10-02 15:00:00,hot_holding,AVAILABLE,2026-10-02 08:22:00,SYNTHETIC_DEMO
DON-01816,REST-TG01-111,Adilabad,Mixed Vegetables,vegetables,57,meals,vegetarian,2026-10-05 15:00:00,2026-10-05 23:00:00,hot_holding,AVAILABLE,2026-10-05 14:16:00,SYNTHETIC_DEMO
DON-01817,REST-TG02-056,Bhadradri Kothagudem,Fresh Fruit,fruits,73,meals,egg,2026-10-04 07:00:00,2026-10-04 10:00:00,refrigerated,AVAILABLE,2026-10-04 06:30:00,SYNTHETIC_DEMO
DON-01818,REST-TG03-005,Hanumakonda,Steamed Rice,rice,60,meals,vegetarian,2026-09-28 14:00:00,2026-09-28 20:00:00,ambient,AVAILABLE,2026-09-28 13:43:00,SYNTHETIC_DEMO
DON-01819,REST-TG04-073,Hyderabad,Mixed Vegetables,vegetables,18,meals,vegetarian,2026-09-28 02:00:00,2026-09-28 05:00:00,ambient,RESCUED,2026-09-28 01:39:00,SYNTHETIC_DEMO
DON-01820,REST-TG05-011,Jagtial,Steamed Rice,rice,73,meals,vegan,2026-10-02 23:00:00,2026-10-03 01:00:00,ambient,URGENT,2026-10-02 22:07:00,SYNTHETIC_DEMO
DON-01821,REST-TG06-103,Jangaon,Fresh Bread,bread,10,meals,vegan,2026-10-03 21:00:00,2026-10-04 05:00:00,ambient,AT_RISK,2026-10-03 20:39:00,SYNTHETIC_DEMO
DON-01822,REST-TG07-147,Jayashankar Bhupalpally,Veg Sandwich,sandwich,92,meals,egg,2026-09-28 20:00:00,2026-09-29 04:00:00,ambient,AT_RISK,2026-09-28 19:23:00,SYNTHETIC_DEMO
DON-01823,REST-TG08-080,Jogulamba Gadwal,Fresh Bread,bread,46,meals,egg,2026-09-26 09:00:00,2026-09-26 13:00:00,hot_holding,URGENT,2026-09-26 08:17:00,SYNTHETIC_DEMO
DON-01824,REST-TG09-047,Kamareddy,Veg Sandwich,sandwich,53,meals,vegetarian,2026-10-01 01:00:00,2026-10-01 03:00:00,refrigerated,AT_RISK,2026-10-01 00:16:00,SYNTHETIC_DEMO
DON-01825,REST-TG10-136,Karimnagar,Steamed Rice,rice,70,meals,vegetarian,2026-09-27 14:00:00,2026-09-27 20:00:00,hot_holding,AT_RISK,2026-09-27 13:03:00,SYNTHETIC_DEMO
DON-01826,REST-TG11-120,Khammam,Dal,dal,47,meals,vegetarian,2026-09-30 08:00:00,2026-09-30 16:00:00,ambient,URGENT,2026-09-30 07:00:00,SYNTHETIC_DEMO
DON-01827,REST-TG12-121,Kumuram Bheem,Roti,roti,70,meals,vegetarian,2026-10-05 15:00:00,2026-10-05 18:00:00,hot_holding,AT_RISK,2026-10-05 14:08:00,SYNTHETIC_DEMO
DON-01828,REST-TG13-133,Mahabubabad,Vegetable Biryani,biryani,21,meals,vegetarian,2026-09-28 03:00:00,2026-09-28 08:00:00,ambient,RESCUED,2026-09-28 02:15:00,SYNTHETIC_DEMO
DON-01829,REST-TG14-051,Mahabubnagar,Mixed Vegetables,vegetables,71,meals,vegetarian,2026-09-30 20:00:00,2026-09-30 22:00:00,ambient,RESCUED,2026-09-30 19:04:00,SYNTHETIC_DEMO
DON-01830,REST-TG15-026,Mancherial,Packaged Meals,packaged_food,38,meals,vegetarian,2026-09-27 01:00:00,2026-09-27 09:00:00,hot_holding,AVAILABLE,2026-09-27 00:35:00,SYNTHETIC_DEMO
DON-01831,REST-TG16-108,Medak,Bakery Items,bakery,91,meals,vegetarian,2026-10-05 21:00:00,2026-10-06 00:00:00,ambient,RESCUED,2026-10-05 20:55:00,SYNTHETIC_DEMO
DON-01832,REST-TG17-105,Medchal-Malkajgiri,Vegetable Biryani,biryani,30,meals,vegetarian,2026-10-02 10:00:00,2026-10-02 13:00:00,hot_holding,URGENT,2026-10-02 09:34:00,SYNTHETIC_DEMO
DON-01833,REST-TG18-097,Mulugu,Veg Sandwich,sandwich,33,meals,non_vegetarian,2026-10-01 04:00:00,2026-10-01 09:00:00,ambient,AVAILABLE,2026-10-01 03:05:00,SYNTHETIC_DEMO
DON-01834,REST-TG19-028,Nagarkurnool,Dal,dal,49,meals,vegetarian,2026-10-05 22:00:00,2026-10-06 03:00:00,refrigerated,AT_RISK,2026-10-05 21:20:00,SYNTHETIC_DEMO
DON-01835,REST-TG20-111,Nalgonda,Steamed Rice,rice,83,meals,vegetarian,2026-10-01 03:00:00,2026-10-01 05:00:00,hot_holding,AT_RISK,2026-10-01 02:03:00,SYNTHETIC_DEMO
DON-01836,REST-TG21-039,Narayanpet,Vegetable Pulao,pulao,16,meals,egg,2026-10-04 06:00:00,2026-10-04 12:00:00,hot_holding,AVAILABLE,2026-10-04 05:14:00,SYNTHETIC_DEMO
DON-01837,REST-TG22-103,Nirmal,Steamed Rice,rice,21,meals,egg,2026-10-03 04:00:00,2026-10-03 06:00:00,hot_holding,URGENT,2026-10-03 03:54:00,SYNTHETIC_DEMO
DON-01838,REST-TG23-142,Nizamabad,Packaged Meals,packaged_food,12,meals,vegetarian,2026-10-01 03:00:00,2026-10-01 07:00:00,refrigerated,URGENT,2026-10-01 02:22:00,SYNTHETIC_DEMO
DON-01839,REST-TG24-143,Peddapalli,Veg Sandwich,sandwich,24,meals,vegetarian,2026-10-04 07:00:00,2026-10-04 13:00:00,ambient,AT_RISK,2026-10-04 06:02:00,SYNTHETIC_DEMO
DON-01840,REST-TG25-087,Rajanna Sircilla,Vegetable Pulao,pulao,39,meals,vegetarian,2026-09-27 23:00:00,2026-09-28 05:00:00,refrigerated,AT_RISK,2026-09-27 22:01:00,SYNTHETIC_DEMO
DON-01841,REST-TG26-086,Rangareddy,Vegetable Biryani,biryani,60,meals,vegetarian,2026-10-02 07:00:00,2026-10-02 10:00:00,refrigerated,AT_RISK,2026-10-02 06:15:00,SYNTHETIC_DEMO
DON-01842,REST-TG27-057,Sangareddy,Packaged Meals,packaged_food,39,meals,vegan,2026-10-02 00:00:00,2026-10-02 03:00:00,refrigerated,AT_RISK,2026-10-01 23:55:00,SYNTHETIC_DEMO
DON-01843,REST-TG28-069,Siddipet,Packaged Meals,packaged_food,10,meals,non_vegetarian,2026-10-03 16:00:00,2026-10-04 00:00:00,hot_holding,AT_RISK,2026-10-03 15:18:00,SYNTHETIC_DEMO
DON-01844,REST-TG29-086,Suryapet,Dal,dal,61,meals,vegetarian,2026-10-02 23:00:00,2026-10-03 05:00:00,ambient,AVAILABLE,2026-10-02 22:26:00,SYNTHETIC_DEMO
DON-01845,REST-TG30-124,Vikarabad,Veg Sandwich,sandwich,89,meals,egg,2026-10-01 11:00:00,2026-10-01 14:00:00,refrigerated,AT_RISK,2026-10-01 10:34:00,SYNTHETIC_DEMO
DON-01846,REST-TG31-021,Wanaparthy,Roti,roti,99,meals,vegetarian,2026-10-01 12:00:00,2026-10-01 15:00:00,hot_holding,RESCUED,2026-10-01 11:23:00,SYNTHETIC_DEMO
DON-01847,REST-TG32-052,Warangal,Mixed Vegetables,vegetables,86,meals,vegetarian,2026-09-27 13:00:00,2026-09-27 21:00:00,ambient,AT_RISK,2026-09-27 12:49:00,SYNTHETIC_DEMO
DON-01848,REST-TG33-084,Yadadri Bhuvanagiri,Vegetable Pulao,pulao,89,meals,vegetarian,2026-10-05 20:00:00,2026-10-05 22:00:00,refrigerated,AT_RISK,2026-10-05 19:41:00,SYNTHETIC_DEMO
DON-01849,REST-TG01-081,Adilabad,Dal,dal,60,meals,non_vegetarian,2026-09-29 16:00:00,2026-09-29 20:00:00,refrigerated,URGENT,2026-09-29 15:04:00,SYNTHETIC_DEMO
DON-01850,REST-TG02-011,Bhadradri Kothagudem,Vegetable Biryani,biryani,13,meals,vegetarian,2026-10-03 22:00:00,2026-10-04 04:00:00,ambient,AVAILABLE,2026-10-03 21:17:00,SYNTHETIC_DEMO
DON-01851,REST-TG03-121,Hanumakonda,Veg Sandwich,sandwich,36,meals,non_vegetarian,2026-09-29 18:00:00,2026-09-29 20:00:00,ambient,AVAILABLE,2026-09-29 17:06:00,SYNTHETIC_DEMO
DON-01852,REST-TG04-042,Hyderabad,Vegetable Pulao,pulao,44,meals,vegetarian,2026-09-27 09:00:00,2026-09-27 11:00:00,refrigerated,RESCUED,2026-09-27 08:01:00,SYNTHETIC_DEMO
DON-01853,REST-TG05-149,Jagtial,Dal,dal,14,meals,vegan,2026-09-27 00:00:00,2026-09-27 08:00:00,ambient,AVAILABLE,2026-09-26 23:46:00,SYNTHETIC_DEMO
DON-01854,REST-TG06-144,Jangaon,Fresh Bread,bread,95,meals,vegan,2026-09-30 05:00:00,2026-09-30 07:00:00,ambient,URGENT,2026-09-30 04:53:00,SYNTHETIC_DEMO
DON-01855,REST-TG07-122,Jayashankar Bhupalpally,Bakery Items,bakery,83,meals,non_vegetarian,2026-10-06 04:00:00,2026-10-06 08:00:00,refrigerated,AT_RISK,2026-10-06 03:15:00,SYNTHETIC_DEMO
DON-01856,REST-TG08-007,Jogulamba Gadwal,Packaged Meals,packaged_food,42,meals,vegetarian,2026-10-04 10:00:00,2026-10-04 14:00:00,refrigerated,AVAILABLE,2026-10-04 09:15:00,SYNTHETIC_DEMO
DON-01857,REST-TG09-065,Kamareddy,Fresh Bread,bread,78,meals,vegetarian,2026-10-02 19:00:00,2026-10-02 22:00:00,refrigerated,AT_RISK,2026-10-02 18:10:00,SYNTHETIC_DEMO
DON-01858,REST-TG10-105,Karimnagar,Vegetable Pulao,pulao,27,meals,non_vegetarian,2026-09-28 18:00:00,2026-09-28 21:00:00,hot_holding,AT_RISK,2026-09-28 17:31:00,SYNTHETIC_DEMO
DON-01859,REST-TG11-025,Khammam,Prepared Meal,cooked_meal,57,meals,vegetarian,2026-09-30 11:00:00,2026-09-30 16:00:00,hot_holding,RESCUED,2026-09-30 10:02:00,SYNTHETIC_DEMO
DON-01860,REST-TG12-088,Kumuram Bheem,Vegetable Biryani,biryani,91,meals,egg,2026-10-05 21:00:00,2026-10-06 05:00:00,refrigerated,AT_RISK,2026-10-05 20:51:00,SYNTHETIC_DEMO
DON-01861,REST-TG13-010,Mahabubabad,Mixed Vegetables,vegetables,47,meals,vegetarian,2026-10-06 07:00:00,2026-10-06 12:00:00,hot_holding,AT_RISK,2026-10-06 06:10:00,SYNTHETIC_DEMO
DON-01862,REST-TG14-030,Mahabubnagar,Vegetable Biryani,biryani,22,meals,vegetarian,2026-10-02 21:00:00,2026-10-03 00:00:00,ambient,AVAILABLE,2026-10-02 20:23:00,SYNTHETIC_DEMO
DON-01863,REST-TG15-022,Mancherial,Mixed Vegetables,vegetables,16,meals,vegan,2026-10-02 16:00:00,2026-10-02 19:00:00,ambient,URGENT,2026-10-02 15:41:00,SYNTHETIC_DEMO
DON-01864,REST-TG16-050,Medak,Vegetable Pulao,pulao,87,meals,non_vegetarian,2026-10-03 22:00:00,2026-10-04 04:00:00,ambient,RESCUED,2026-10-03 21:48:00,SYNTHETIC_DEMO
DON-01865,REST-TG17-095,Medchal-Malkajgiri,Fresh Fruit,fruits,71,meals,vegetarian,2026-09-29 17:00:00,2026-09-29 19:00:00,ambient,AT_RISK,2026-09-29 16:55:00,SYNTHETIC_DEMO
DON-01866,REST-TG18-054,Mulugu,Bakery Items,bakery,85,meals,egg,2026-10-02 13:00:00,2026-10-02 17:00:00,ambient,AVAILABLE,2026-10-02 12:35:00,SYNTHETIC_DEMO
DON-01867,REST-TG19-008,Nagarkurnool,Steamed Rice,rice,91,meals,non_vegetarian,2026-09-26 12:00:00,2026-09-26 20:00:00,refrigerated,AVAILABLE,2026-09-26 11:33:00,SYNTHETIC_DEMO
DON-01868,REST-TG20-146,Nalgonda,Mixed Vegetables,vegetables,93,meals,vegetarian,2026-10-03 22:00:00,2026-10-04 01:00:00,hot_holding,AVAILABLE,2026-10-03 21:38:00,SYNTHETIC_DEMO
DON-01869,REST-TG21-070,Narayanpet,Bakery Items,bakery,66,meals,vegetarian,2026-10-05 04:00:00,2026-10-05 07:00:00,ambient,AT_RISK,2026-10-05 03:18:00,SYNTHETIC_DEMO
DON-01870,REST-TG22-058,Nirmal,Fresh Fruit,fruits,43,meals,vegan,2026-09-30 16:00:00,2026-09-30 20:00:00,hot_holding,AT_RISK,2026-09-30 15:06:00,SYNTHETIC_DEMO
DON-01871,REST-TG23-081,Nizamabad,Vegetable Pulao,pulao,25,meals,vegetarian,2026-10-02 19:00:00,2026-10-02 23:00:00,refrigerated,AT_RISK,2026-10-02 18:53:00,SYNTHETIC_DEMO
DON-01872,REST-TG24-150,Peddapalli,Prepared Meal,cooked_meal,93,meals,vegetarian,2026-09-29 19:00:00,2026-09-29 22:00:00,hot_holding,AT_RISK,2026-09-29 18:50:00,SYNTHETIC_DEMO
DON-01873,REST-TG25-093,Rajanna Sircilla,Mixed Vegetables,vegetables,43,meals,vegan,2026-10-02 01:00:00,2026-10-02 05:00:00,refrigerated,AT_RISK,2026-10-02 00:28:00,SYNTHETIC_DEMO
DON-01874,REST-TG26-136,Rangareddy,Vegetable Pulao,pulao,92,meals,vegetarian,2026-10-04 18:00:00,2026-10-04 20:00:00,hot_holding,AT_RISK,2026-10-04 17:42:00,SYNTHETIC_DEMO
DON-01875,REST-TG27-082,Sangareddy,Fresh Bread,bread,40,meals,non_vegetarian,2026-09-29 03:00:00,2026-09-29 07:00:00,refrigerated,RESCUED,2026-09-29 02:02:00,SYNTHETIC_DEMO
DON-01876,REST-TG28-074,Siddipet,Fresh Bread,bread,14,meals,vegetarian,2026-10-05 12:00:00,2026-10-05 18:00:00,ambient,AVAILABLE,2026-10-05 11:55:00,SYNTHETIC_DEMO
DON-01877,REST-TG29-024,Suryapet,Bakery Items,bakery,21,meals,vegan,2026-10-01 17:00:00,2026-10-01 23:00:00,hot_holding,AVAILABLE,2026-10-01 16:34:00,SYNTHETIC_DEMO
DON-01878,REST-TG30-072,Vikarabad,Vegetable Pulao,pulao,38,meals,vegetarian,2026-10-01 07:00:00,2026-10-01 12:00:00,hot_holding,AVAILABLE,2026-10-01 06:16:00,SYNTHETIC_DEMO
DON-01879,REST-TG31-092,Wanaparthy,Steamed Rice,rice,70,meals,non_vegetarian,2026-09-30 11:00:00,2026-09-30 19:00:00,refrigerated,RESCUED,2026-09-30 10:26:00,SYNTHETIC_DEMO
DON-01880,REST-TG32-033,Warangal,Steamed Rice,rice,21,meals,vegetarian,2026-10-04 09:00:00,2026-10-04 12:00:00,ambient,URGENT,2026-10-04 08:13:00,SYNTHETIC_DEMO
DON-01881,REST-TG33-064,Yadadri Bhuvanagiri,Roti,roti,25,meals,non_vegetarian,2026-09-28 14:00:00,2026-09-28 18:00:00,ambient,RESCUED,2026-09-28 13:30:00,SYNTHETIC_DEMO
DON-01882,REST-TG01-117,Adilabad,Bakery Items,bakery,36,meals,egg,2026-10-05 12:00:00,2026-10-05 20:00:00,ambient,AVAILABLE,2026-10-05 11:43:00,SYNTHETIC_DEMO
DON-01883,REST-TG02-145,Bhadradri Kothagudem,Bakery Items,bakery,51,meals,vegetarian,2026-10-04 14:00:00,2026-10-04 19:00:00,ambient,AVAILABLE,2026-10-04 13:48:00,SYNTHETIC_DEMO
DON-01884,REST-TG03-082,Hanumakonda,Bakery Items,bakery,28,meals,vegetarian,2026-09-29 03:00:00,2026-09-29 06:00:00,hot_holding,RESCUED,2026-09-29 02:50:00,SYNTHETIC_DEMO
DON-01885,REST-TG04-032,Hyderabad,Roti,roti,90,meals,vegetarian,2026-10-03 11:00:00,2026-10-03 14:00:00,refrigerated,RESCUED,2026-10-03 10:41:00,SYNTHETIC_DEMO
DON-01886,REST-TG05-022,Jagtial,Mixed Vegetables,vegetables,65,meals,non_vegetarian,2026-10-05 07:00:00,2026-10-05 15:00:00,ambient,URGENT,2026-10-05 06:44:00,SYNTHETIC_DEMO
DON-01887,REST-TG06-042,Jangaon,Packaged Meals,packaged_food,83,meals,non_vegetarian,2026-10-03 23:00:00,2026-10-04 07:00:00,refrigerated,RESCUED,2026-10-03 22:22:00,SYNTHETIC_DEMO
DON-01888,REST-TG07-118,Jayashankar Bhupalpally,Vegetable Biryani,biryani,45,meals,vegetarian,2026-09-28 05:00:00,2026-09-28 13:00:00,hot_holding,RESCUED,2026-09-28 04:54:00,SYNTHETIC_DEMO
DON-01889,REST-TG08-124,Jogulamba Gadwal,Packaged Meals,packaged_food,36,meals,vegetarian,2026-09-29 17:00:00,2026-09-29 21:00:00,refrigerated,AVAILABLE,2026-09-29 16:43:00,SYNTHETIC_DEMO
DON-01890,REST-TG09-148,Kamareddy,Vegetable Pulao,pulao,60,meals,vegetarian,2026-09-30 01:00:00,2026-09-30 09:00:00,refrigerated,AT_RISK,2026-09-30 00:31:00,SYNTHETIC_DEMO
DON-01891,REST-TG10-113,Karimnagar,Mixed Vegetables,vegetables,70,meals,vegetarian,2026-10-03 23:00:00,2026-10-04 01:00:00,refrigerated,AT_RISK,2026-10-03 22:41:00,SYNTHETIC_DEMO
DON-01892,REST-TG11-072,Khammam,Vegetable Biryani,biryani,33,meals,non_vegetarian,2026-10-03 13:00:00,2026-10-03 17:00:00,hot_holding,RESCUED,2026-10-03 12:46:00,SYNTHETIC_DEMO
DON-01893,REST-TG12-110,Kumuram Bheem,Vegetable Pulao,pulao,94,meals,vegetarian,2026-09-27 15:00:00,2026-09-27 18:00:00,hot_holding,AT_RISK,2026-09-27 14:08:00,SYNTHETIC_DEMO
DON-01894,REST-TG13-132,Mahabubabad,Vegetable Biryani,biryani,35,meals,vegetarian,2026-10-04 09:00:00,2026-10-04 14:00:00,hot_holding,URGENT,2026-10-04 08:38:00,SYNTHETIC_DEMO
DON-01895,REST-TG14-081,Mahabubnagar,Dal,dal,63,meals,vegetarian,2026-10-03 23:00:00,2026-10-04 04:00:00,ambient,AVAILABLE,2026-10-03 22:28:00,SYNTHETIC_DEMO
DON-01896,REST-TG15-128,Mancherial,Steamed Rice,rice,31,meals,vegetarian,2026-10-02 23:00:00,2026-10-03 04:00:00,hot_holding,AT_RISK,2026-10-02 22:18:00,SYNTHETIC_DEMO
DON-01897,REST-TG16-126,Medak,Mixed Vegetables,vegetables,18,meals,vegetarian,2026-09-28 21:00:00,2026-09-29 02:00:00,ambient,AT_RISK,2026-09-28 20:53:00,SYNTHETIC_DEMO
DON-01898,REST-TG17-074,Medchal-Malkajgiri,Dal,dal,91,meals,vegetarian,2026-10-02 01:00:00,2026-10-02 07:00:00,ambient,AVAILABLE,2026-10-02 00:46:00,SYNTHETIC_DEMO
DON-01899,REST-TG18-053,Mulugu,Roti,roti,19,meals,egg,2026-09-30 10:00:00,2026-09-30 15:00:00,refrigerated,RESCUED,2026-09-30 09:28:00,SYNTHETIC_DEMO
DON-01900,REST-TG19-025,Nagarkurnool,Roti,roti,55,meals,vegetarian,2026-09-29 18:00:00,2026-09-29 22:00:00,hot_holding,RESCUED,2026-09-29 17:28:00,SYNTHETIC_DEMO
DON-01901,REST-TG20-072,Nalgonda,Roti,roti,38,meals,non_vegetarian,2026-09-28 12:00:00,2026-09-28 16:00:00,refrigerated,AT_RISK,2026-09-28 11:29:00,SYNTHETIC_DEMO
DON-01902,REST-TG21-106,Narayanpet,Vegetable Pulao,pulao,29,meals,vegetarian,2026-09-28 17:00:00,2026-09-29 01:00:00,hot_holding,URGENT,2026-09-28 16:41:00,SYNTHETIC_DEMO
DON-01903,REST-TG22-114,Nirmal,Veg Sandwich,sandwich,56,meals,vegetarian,2026-09-26 11:00:00,2026-09-26 14:00:00,ambient,AT_RISK,2026-09-26 10:37:00,SYNTHETIC_DEMO
DON-01904,REST-TG23-007,Nizamabad,Vegetable Pulao,pulao,56,meals,egg,2026-10-01 22:00:00,2026-10-02 04:00:00,refrigerated,AT_RISK,2026-10-01 21:52:00,SYNTHETIC_DEMO
DON-01905,REST-TG24-073,Peddapalli,Veg Sandwich,sandwich,23,meals,egg,2026-10-02 17:00:00,2026-10-02 22:00:00,refrigerated,AT_RISK,2026-10-02 16:37:00,SYNTHETIC_DEMO
DON-01906,REST-TG25-054,Rajanna Sircilla,Fresh Bread,bread,13,meals,non_vegetarian,2026-09-26 20:00:00,2026-09-27 04:00:00,ambient,AVAILABLE,2026-09-26 19:07:00,SYNTHETIC_DEMO
DON-01907,REST-TG26-119,Rangareddy,Bakery Items,bakery,12,meals,non_vegetarian,2026-09-26 11:00:00,2026-09-26 13:00:00,ambient,RESCUED,2026-09-26 10:00:00,SYNTHETIC_DEMO
DON-01908,REST-TG27-111,Sangareddy,Steamed Rice,rice,74,meals,vegetarian,2026-10-04 07:00:00,2026-10-04 15:00:00,hot_holding,AT_RISK,2026-10-04 06:43:00,SYNTHETIC_DEMO
DON-01909,REST-TG28-056,Siddipet,Bakery Items,bakery,99,meals,non_vegetarian,2026-10-01 11:00:00,2026-10-01 15:00:00,ambient,AT_RISK,2026-10-01 10:29:00,SYNTHETIC_DEMO
DON-01910,REST-TG29-113,Suryapet,Packaged Meals,packaged_food,21,meals,vegetarian,2026-10-02 19:00:00,2026-10-02 22:00:00,hot_holding,AT_RISK,2026-10-02 18:20:00,SYNTHETIC_DEMO
DON-01911,REST-TG30-145,Vikarabad,Prepared Meal,cooked_meal,35,meals,non_vegetarian,2026-09-27 10:00:00,2026-09-27 13:00:00,ambient,AT_RISK,2026-09-27 09:22:00,SYNTHETIC_DEMO
DON-01912,REST-TG31-092,Wanaparthy,Bakery Items,bakery,70,meals,vegetarian,2026-09-26 13:00:00,2026-09-26 17:00:00,ambient,URGENT,2026-09-26 12:09:00,SYNTHETIC_DEMO
DON-01913,REST-TG32-020,Warangal,Bakery Items,bakery,80,meals,vegan,2026-10-02 15:00:00,2026-10-02 21:00:00,ambient,RESCUED,2026-10-02 14:30:00,SYNTHETIC_DEMO
DON-01914,REST-TG33-100,Yadadri Bhuvanagiri,Prepared Meal,cooked_meal,62,meals,vegetarian,2026-10-03 05:00:00,2026-10-03 09:00:00,hot_holding,URGENT,2026-10-03 04:15:00,SYNTHETIC_DEMO
DON-01915,REST-TG01-108,Adilabad,Fresh Fruit,fruits,11,meals,vegetarian,2026-09-28 10:00:00,2026-09-28 12:00:00,ambient,URGENT,2026-09-28 09:54:00,SYNTHETIC_DEMO
DON-01916,REST-TG02-022,Bhadradri Kothagudem,Veg Sandwich,sandwich,99,meals,non_vegetarian,2026-09-27 15:00:00,2026-09-27 21:00:00,refrigerated,AT_RISK,2026-09-27 14:47:00,SYNTHETIC_DEMO
DON-01917,REST-TG03-035,Hanumakonda,Vegetable Biryani,biryani,55,meals,vegan,2026-09-30 12:00:00,2026-09-30 18:00:00,ambient,AVAILABLE,2026-09-30 11:20:00,SYNTHETIC_DEMO
DON-01918,REST-TG04-106,Hyderabad,Bakery Items,bakery,83,meals,egg,2026-09-29 21:00:00,2026-09-30 02:00:00,hot_holding,AT_RISK,2026-09-29 20:11:00,SYNTHETIC_DEMO
DON-01919,REST-TG05-074,Jagtial,Fresh Bread,bread,88,meals,non_vegetarian,2026-10-03 06:00:00,2026-10-03 12:00:00,ambient,AT_RISK,2026-10-03 05:53:00,SYNTHETIC_DEMO
DON-01920,REST-TG06-066,Jangaon,Bakery Items,bakery,20,meals,egg,2026-10-01 12:00:00,2026-10-01 15:00:00,ambient,AVAILABLE,2026-10-01 11:40:00,SYNTHETIC_DEMO
DON-01921,REST-TG07-018,Jayashankar Bhupalpally,Vegetable Biryani,biryani,52,meals,vegan,2026-10-03 04:00:00,2026-10-03 09:00:00,hot_holding,AVAILABLE,2026-10-03 03:42:00,SYNTHETIC_DEMO
DON-01922,REST-TG08-137,Jogulamba Gadwal,Mixed Vegetables,vegetables,75,meals,vegetarian,2026-10-03 11:00:00,2026-10-03 16:00:00,ambient,AVAILABLE,2026-10-03 10:02:00,SYNTHETIC_DEMO
DON-01923,REST-TG09-058,Kamareddy,Fresh Fruit,fruits,13,meals,vegetarian,2026-09-28 21:00:00,2026-09-29 05:00:00,hot_holding,RESCUED,2026-09-28 20:45:00,SYNTHETIC_DEMO
DON-01924,REST-TG10-094,Karimnagar,Fresh Bread,bread,11,meals,non_vegetarian,2026-09-27 16:00:00,2026-09-27 21:00:00,refrigerated,AT_RISK,2026-09-27 15:08:00,SYNTHETIC_DEMO
DON-01925,REST-TG11-109,Khammam,Vegetable Pulao,pulao,74,meals,non_vegetarian,2026-09-26 22:00:00,2026-09-27 01:00:00,ambient,RESCUED,2026-09-26 21:13:00,SYNTHETIC_DEMO
DON-01926,REST-TG12-065,Kumuram Bheem,Fresh Fruit,fruits,63,meals,vegetarian,2026-09-27 05:00:00,2026-09-27 07:00:00,ambient,RESCUED,2026-09-27 04:11:00,SYNTHETIC_DEMO
DON-01927,REST-TG13-012,Mahabubabad,Dal,dal,95,meals,vegan,2026-09-26 20:00:00,2026-09-27 04:00:00,ambient,AVAILABLE,2026-09-26 19:04:00,SYNTHETIC_DEMO
DON-01928,REST-TG14-143,Mahabubnagar,Bakery Items,bakery,52,meals,vegan,2026-10-05 06:00:00,2026-10-05 10:00:00,refrigerated,AT_RISK,2026-10-05 05:25:00,SYNTHETIC_DEMO
DON-01929,REST-TG15-090,Mancherial,Bakery Items,bakery,59,meals,vegetarian,2026-09-27 23:00:00,2026-09-28 07:00:00,refrigerated,AVAILABLE,2026-09-27 22:47:00,SYNTHETIC_DEMO
DON-01930,REST-TG16-022,Medak,Roti,roti,43,meals,vegetarian,2026-10-01 15:00:00,2026-10-01 23:00:00,ambient,AVAILABLE,2026-10-01 14:19:00,SYNTHETIC_DEMO
DON-01931,REST-TG17-083,Medchal-Malkajgiri,Dal,dal,49,meals,egg,2026-09-30 06:00:00,2026-09-30 09:00:00,hot_holding,AVAILABLE,2026-09-30 05:45:00,SYNTHETIC_DEMO
DON-01932,REST-TG18-123,Mulugu,Mixed Vegetables,vegetables,65,meals,vegan,2026-10-05 02:00:00,2026-10-05 07:00:00,refrigerated,URGENT,2026-10-05 01:50:00,SYNTHETIC_DEMO
DON-01933,REST-TG19-106,Nagarkurnool,Mixed Vegetables,vegetables,40,meals,non_vegetarian,2026-09-30 11:00:00,2026-09-30 15:00:00,hot_holding,RESCUED,2026-09-30 10:07:00,SYNTHETIC_DEMO
DON-01934,REST-TG20-134,Nalgonda,Dal,dal,67,meals,vegetarian,2026-10-03 22:00:00,2026-10-04 04:00:00,refrigerated,AVAILABLE,2026-10-03 21:04:00,SYNTHETIC_DEMO
DON-01935,REST-TG21-098,Narayanpet,Fresh Fruit,fruits,46,meals,vegetarian,2026-10-05 18:00:00,2026-10-05 20:00:00,refrigerated,AT_RISK,2026-10-05 17:24:00,SYNTHETIC_DEMO
DON-01936,REST-TG22-091,Nirmal,Fresh Fruit,fruits,31,meals,vegetarian,2026-09-29 11:00:00,2026-09-29 15:00:00,refrigerated,AVAILABLE,2026-09-29 10:46:00,SYNTHETIC_DEMO
DON-01937,REST-TG23-135,Nizamabad,Fresh Fruit,fruits,47,meals,vegetarian,2026-10-05 17:00:00,2026-10-05 21:00:00,hot_holding,AT_RISK,2026-10-05 16:24:00,SYNTHETIC_DEMO
DON-01938,REST-TG24-020,Peddapalli,Prepared Meal,cooked_meal,79,meals,vegetarian,2026-10-03 23:00:00,2026-10-04 07:00:00,hot_holding,AVAILABLE,2026-10-03 22:23:00,SYNTHETIC_DEMO
DON-01939,REST-TG25-148,Rajanna Sircilla,Steamed Rice,rice,58,meals,vegetarian,2026-10-03 06:00:00,2026-10-03 14:00:00,ambient,AVAILABLE,2026-10-03 05:52:00,SYNTHETIC_DEMO
DON-01940,REST-TG26-078,Rangareddy,Roti,roti,79,meals,vegan,2026-09-28 17:00:00,2026-09-28 23:00:00,ambient,AT_RISK,2026-09-28 16:50:00,SYNTHETIC_DEMO
DON-01941,REST-TG27-100,Sangareddy,Roti,roti,57,meals,vegetarian,2026-10-02 15:00:00,2026-10-02 17:00:00,refrigerated,URGENT,2026-10-02 14:36:00,SYNTHETIC_DEMO
DON-01942,REST-TG28-112,Siddipet,Prepared Meal,cooked_meal,47,meals,vegetarian,2026-09-26 14:00:00,2026-09-26 20:00:00,refrigerated,AT_RISK,2026-09-26 13:53:00,SYNTHETIC_DEMO
DON-01943,REST-TG29-086,Suryapet,Mixed Vegetables,vegetables,61,meals,vegetarian,2026-10-03 20:00:00,2026-10-04 01:00:00,refrigerated,RESCUED,2026-10-03 19:46:00,SYNTHETIC_DEMO
DON-01944,REST-TG30-066,Vikarabad,Mixed Vegetables,vegetables,92,meals,non_vegetarian,2026-09-27 19:00:00,2026-09-27 23:00:00,ambient,AT_RISK,2026-09-27 18:06:00,SYNTHETIC_DEMO
DON-01945,REST-TG31-008,Wanaparthy,Steamed Rice,rice,57,meals,vegetarian,2026-10-05 06:00:00,2026-10-05 14:00:00,refrigerated,AT_RISK,2026-10-05 05:23:00,SYNTHETIC_DEMO
DON-01946,REST-TG32-086,Warangal,Vegetable Pulao,pulao,43,meals,vegan,2026-09-26 22:00:00,2026-09-27 06:00:00,hot_holding,AVAILABLE,2026-09-26 21:54:00,SYNTHETIC_DEMO
DON-01947,REST-TG33-100,Yadadri Bhuvanagiri,Roti,roti,65,meals,egg,2026-10-01 05:00:00,2026-10-01 07:00:00,ambient,AVAILABLE,2026-10-01 04:03:00,SYNTHETIC_DEMO
DON-01948,REST-TG01-051,Adilabad,Packaged Meals,packaged_food,60,meals,non_vegetarian,2026-09-29 22:00:00,2026-09-30 06:00:00,refrigerated,URGENT,2026-09-29 21:55:00,SYNTHETIC_DEMO
DON-01949,REST-TG02-047,Bhadradri Kothagudem,Steamed Rice,rice,72,meals,vegetarian,2026-10-03 23:00:00,2026-10-04 05:00:00,refrigerated,AT_RISK,2026-10-03 22:09:00,SYNTHETIC_DEMO
DON-01950,REST-TG03-021,Hanumakonda,Veg Sandwich,sandwich,46,meals,vegetarian,2026-10-04 23:00:00,2026-10-05 04:00:00,refrigerated,AVAILABLE,2026-10-04 22:07:00,SYNTHETIC_DEMO
DON-01951,REST-TG04-061,Hyderabad,Mixed Vegetables,vegetables,52,meals,non_vegetarian,2026-09-29 09:00:00,2026-09-29 11:00:00,refrigerated,AT_RISK,2026-09-29 08:39:00,SYNTHETIC_DEMO
DON-01952,REST-TG05-117,Jagtial,Steamed Rice,rice,24,meals,vegetarian,2026-10-03 00:00:00,2026-10-03 03:00:00,ambient,URGENT,2026-10-02 23:12:00,SYNTHETIC_DEMO
DON-01953,REST-TG06-113,Jangaon,Veg Sandwich,sandwich,82,meals,vegetarian,2026-10-01 17:00:00,2026-10-01 20:00:00,ambient,AVAILABLE,2026-10-01 16:42:00,SYNTHETIC_DEMO
DON-01954,REST-TG07-035,Jayashankar Bhupalpally,Dal,dal,83,meals,non_vegetarian,2026-10-03 23:00:00,2026-10-04 04:00:00,refrigerated,AVAILABLE,2026-10-03 22:50:00,SYNTHETIC_DEMO
DON-01955,REST-TG08-044,Jogulamba Gadwal,Veg Sandwich,sandwich,45,meals,vegetarian,2026-09-27 09:00:00,2026-09-27 12:00:00,refrigerated,RESCUED,2026-09-27 08:52:00,SYNTHETIC_DEMO
DON-01956,REST-TG09-032,Kamareddy,Veg Sandwich,sandwich,52,meals,egg,2026-10-02 18:00:00,2026-10-03 00:00:00,refrigerated,RESCUED,2026-10-02 17:17:00,SYNTHETIC_DEMO
DON-01957,REST-TG10-101,Karimnagar,Fresh Fruit,fruits,95,meals,vegan,2026-09-26 21:00:00,2026-09-27 05:00:00,ambient,URGENT,2026-09-26 20:55:00,SYNTHETIC_DEMO
DON-01958,REST-TG11-046,Khammam,Vegetable Biryani,biryani,36,meals,vegetarian,2026-10-05 06:00:00,2026-10-05 08:00:00,hot_holding,AT_RISK,2026-10-05 05:41:00,SYNTHETIC_DEMO
DON-01959,REST-TG12-135,Kumuram Bheem,Veg Sandwich,sandwich,33,meals,vegetarian,2026-10-03 04:00:00,2026-10-03 06:00:00,hot_holding,URGENT,2026-10-03 03:04:00,SYNTHETIC_DEMO
DON-01960,REST-TG13-082,Mahabubabad,Fresh Bread,bread,16,meals,non_vegetarian,2026-09-29 06:00:00,2026-09-29 10:00:00,refrigerated,AT_RISK,2026-09-29 05:11:00,SYNTHETIC_DEMO
DON-01961,REST-TG14-141,Mahabubnagar,Packaged Meals,packaged_food,22,meals,vegetarian,2026-10-06 07:00:00,2026-10-06 09:00:00,ambient,AT_RISK,2026-10-06 06:50:00,SYNTHETIC_DEMO
DON-01962,REST-TG15-030,Mancherial,Fresh Fruit,fruits,30,meals,non_vegetarian,2026-10-01 23:00:00,2026-10-02 07:00:00,refrigerated,AVAILABLE,2026-10-01 22:04:00,SYNTHETIC_DEMO
DON-01963,REST-TG16-056,Medak,Mixed Vegetables,vegetables,53,meals,non_vegetarian,2026-10-02 21:00:00,2026-10-03 03:00:00,refrigerated,AT_RISK,2026-10-02 20:05:00,SYNTHETIC_DEMO
DON-01964,REST-TG17-129,Medchal-Malkajgiri,Dal,dal,22,meals,vegetarian,2026-10-05 16:00:00,2026-10-05 20:00:00,ambient,AT_RISK,2026-10-05 15:49:00,SYNTHETIC_DEMO
DON-01965,REST-TG18-059,Mulugu,Steamed Rice,rice,77,meals,non_vegetarian,2026-09-27 23:00:00,2026-09-28 04:00:00,hot_holding,AT_RISK,2026-09-27 22:00:00,SYNTHETIC_DEMO
DON-01966,REST-TG19-041,Nagarkurnool,Veg Sandwich,sandwich,52,meals,non_vegetarian,2026-10-05 23:00:00,2026-10-06 05:00:00,ambient,AT_RISK,2026-10-05 22:10:00,SYNTHETIC_DEMO
DON-01967,REST-TG20-093,Nalgonda,Steamed Rice,rice,62,meals,non_vegetarian,2026-09-29 00:00:00,2026-09-29 04:00:00,refrigerated,AVAILABLE,2026-09-28 23:41:00,SYNTHETIC_DEMO
DON-01968,REST-TG21-066,Narayanpet,Fresh Fruit,fruits,88,meals,vegetarian,2026-10-04 08:00:00,2026-10-04 16:00:00,refrigerated,URGENT,2026-10-04 07:43:00,SYNTHETIC_DEMO
DON-01969,REST-TG22-093,Nirmal,Bakery Items,bakery,92,meals,vegetarian,2026-10-06 02:00:00,2026-10-06 07:00:00,ambient,RESCUED,2026-10-06 01:43:00,SYNTHETIC_DEMO
DON-01970,REST-TG23-123,Nizamabad,Steamed Rice,rice,99,meals,non_vegetarian,2026-09-28 03:00:00,2026-09-28 06:00:00,refrigerated,RESCUED,2026-09-28 02:20:00,SYNTHETIC_DEMO
DON-01971,REST-TG24-025,Peddapalli,Dal,dal,35,meals,vegetarian,2026-09-27 18:00:00,2026-09-27 20:00:00,hot_holding,AT_RISK,2026-09-27 17:29:00,SYNTHETIC_DEMO
DON-01972,REST-TG25-133,Rajanna Sircilla,Roti,roti,76,meals,non_vegetarian,2026-10-03 19:00:00,2026-10-04 01:00:00,refrigerated,AVAILABLE,2026-10-03 18:35:00,SYNTHETIC_DEMO
DON-01973,REST-TG26-028,Rangareddy,Bakery Items,bakery,58,meals,non_vegetarian,2026-10-03 01:00:00,2026-10-03 05:00:00,refrigerated,URGENT,2026-10-03 00:01:00,SYNTHETIC_DEMO
DON-01974,REST-TG27-097,Sangareddy,Fresh Bread,bread,23,meals,vegetarian,2026-10-05 06:00:00,2026-10-05 10:00:00,refrigerated,AVAILABLE,2026-10-05 05:14:00,SYNTHETIC_DEMO
DON-01975,REST-TG28-035,Siddipet,Prepared Meal,cooked_meal,28,meals,vegetarian,2026-10-05 09:00:00,2026-10-05 15:00:00,refrigerated,RESCUED,2026-10-05 08:52:00,SYNTHETIC_DEMO
DON-01976,REST-TG29-074,Suryapet,Mixed Vegetables,vegetables,99,meals,vegetarian,2026-10-02 03:00:00,2026-10-02 08:00:00,refrigerated,URGENT,2026-10-02 02:35:00,SYNTHETIC_DEMO
DON-01977,REST-TG30-105,Vikarabad,Packaged Meals,packaged_food,70,meals,vegan,2026-09-30 02:00:00,2026-09-30 06:00:00,hot_holding,AT_RISK,2026-09-30 01:40:00,SYNTHETIC_DEMO
DON-01978,REST-TG31-091,Wanaparthy,Roti,roti,28,meals,vegetarian,2026-09-26 12:00:00,2026-09-26 15:00:00,ambient,RESCUED,2026-09-26 11:22:00,SYNTHETIC_DEMO
DON-01979,REST-TG32-121,Warangal,Steamed Rice,rice,56,meals,vegetarian,2026-09-27 14:00:00,2026-09-27 17:00:00,hot_holding,AVAILABLE,2026-09-27 13:11:00,SYNTHETIC_DEMO
DON-01980,REST-TG33-096,Yadadri Bhuvanagiri,Dal,dal,38,meals,vegetarian,2026-10-01 00:00:00,2026-10-01 02:00:00,ambient,AT_RISK,2026-09-30 23:10:00,SYNTHETIC_DEMO
DON-01981,REST-TG01-004,Adilabad,Vegetable Pulao,pulao,80,meals,vegetarian,2026-09-26 19:00:00,2026-09-27 00:00:00,hot_holding,AT_RISK,2026-09-26 18:03:00,SYNTHETIC_DEMO
DON-01982,REST-TG02-006,Bhadradri Kothagudem,Veg Sandwich,sandwich,47,meals,non_vegetarian,2026-10-01 14:00:00,2026-10-01 18:00:00,ambient,AT_RISK,2026-10-01 13:17:00,SYNTHETIC_DEMO
DON-01983,REST-TG03-040,Hanumakonda,Steamed Rice,rice,22,meals,non_vegetarian,2026-10-03 12:00:00,2026-10-03 14:00:00,refrigerated,AVAILABLE,2026-10-03 11:00:00,SYNTHETIC_DEMO
DON-01984,REST-TG04-033,Hyderabad,Packaged Meals,packaged_food,59,meals,vegetarian,2026-10-01 00:00:00,2026-10-01 02:00:00,refrigerated,AT_RISK,2026-09-30 23:13:00,SYNTHETIC_DEMO
DON-01985,REST-TG05-023,Jagtial,Steamed Rice,rice,80,meals,vegetarian,2026-10-05 23:00:00,2026-10-06 01:00:00,hot_holding,URGENT,2026-10-05 22:00:00,SYNTHETIC_DEMO
DON-01986,REST-TG06-038,Jangaon,Dal,dal,73,meals,egg,2026-10-02 15:00:00,2026-10-02 17:00:00,hot_holding,URGENT,2026-10-02 14:50:00,SYNTHETIC_DEMO
DON-01987,REST-TG07-058,Jayashankar Bhupalpally,Roti,roti,15,meals,vegetarian,2026-10-04 23:00:00,2026-10-05 01:00:00,refrigerated,URGENT,2026-10-04 22:12:00,SYNTHETIC_DEMO
DON-01988,REST-TG08-031,Jogulamba Gadwal,Packaged Meals,packaged_food,60,meals,egg,2026-09-27 19:00:00,2026-09-27 22:00:00,hot_holding,AVAILABLE,2026-09-27 18:18:00,SYNTHETIC_DEMO
DON-01989,REST-TG09-022,Kamareddy,Bakery Items,bakery,16,meals,vegetarian,2026-10-03 09:00:00,2026-10-03 13:00:00,hot_holding,RESCUED,2026-10-03 08:42:00,SYNTHETIC_DEMO
DON-01990,REST-TG10-043,Karimnagar,Roti,roti,39,meals,vegetarian,2026-09-30 19:00:00,2026-09-30 22:00:00,refrigerated,AT_RISK,2026-09-30 18:46:00,SYNTHETIC_DEMO
DON-01991,REST-TG11-038,Khammam,Veg Sandwich,sandwich,47,meals,vegetarian,2026-10-06 06:00:00,2026-10-06 12:00:00,ambient,URGENT,2026-10-06 05:17:00,SYNTHETIC_DEMO
DON-01992,REST-TG12-124,Kumuram Bheem,Fresh Fruit,fruits,14,meals,non_vegetarian,2026-10-05 17:00:00,2026-10-05 19:00:00,ambient,AT_RISK,2026-10-05 16:36:00,SYNTHETIC_DEMO
DON-01993,REST-TG13-134,Mahabubabad,Bakery Items,bakery,58,meals,vegetarian,2026-10-02 10:00:00,2026-10-02 14:00:00,refrigerated,AVAILABLE,2026-10-02 09:48:00,SYNTHETIC_DEMO
DON-01994,REST-TG14-014,Mahabubnagar,Fresh Bread,bread,50,meals,non_vegetarian,2026-10-04 18:00:00,2026-10-04 23:00:00,hot_holding,AVAILABLE,2026-10-04 17:01:00,SYNTHETIC_DEMO
DON-01995,REST-TG15-047,Mancherial,Steamed Rice,rice,36,meals,non_vegetarian,2026-09-27 15:00:00,2026-09-27 23:00:00,refrigerated,RESCUED,2026-09-27 14:22:00,SYNTHETIC_DEMO
DON-01996,REST-TG16-130,Medak,Vegetable Pulao,pulao,80,meals,vegetarian,2026-09-28 17:00:00,2026-09-28 20:00:00,hot_holding,AVAILABLE,2026-09-28 16:14:00,SYNTHETIC_DEMO
DON-01997,REST-TG17-130,Medchal-Malkajgiri,Fresh Fruit,fruits,49,meals,vegetarian,2026-10-03 16:00:00,2026-10-04 00:00:00,hot_holding,URGENT,2026-10-03 15:26:00,SYNTHETIC_DEMO
DON-01998,REST-TG18-133,Mulugu,Vegetable Biryani,biryani,35,meals,non_vegetarian,2026-10-03 15:00:00,2026-10-03 20:00:00,refrigerated,AVAILABLE,2026-10-03 14:32:00,SYNTHETIC_DEMO
DON-01999,REST-TG19-102,Nagarkurnool,Vegetable Biryani,biryani,41,meals,vegetarian,2026-09-26 18:00:00,2026-09-27 00:00:00,ambient,RESCUED,2026-09-26 17:23:00,SYNTHETIC_DEMO
DON-02000,REST-TG20-118,Nalgonda,Veg Sandwich,sandwich,40,meals,non_vegetarian,2026-10-06 04:00:00,2026-10-06 07:00:00,refrigerated,AVAILABLE,2026-10-06 03:34:00,SYNTHETIC_DEMO
DON-02001,REST-TG21-141,Narayanpet,Fresh Fruit,fruits,88,meals,vegetarian,2026-09-27 04:00:00,2026-09-27 07:00:00,hot_holding,URGENT,2026-09-27 03:09:00,SYNTHETIC_DEMO
DON-02002,REST-TG22-029,Nirmal,Fresh Bread,bread,90,meals,vegetarian,2026-09-26 10:00:00,2026-09-26 18:00:00,refrigerated,AVAILABLE,2026-09-26 09:06:00,SYNTHETIC_DEMO
DON-02003,REST-TG23-018,Nizamabad,Roti,roti,15,meals,vegan,2026-10-05 13:00:00,2026-10-05 15:00:00,hot_holding,AT_RISK,2026-10-05 12:03:00,SYNTHETIC_DEMO
DON-02004,REST-TG24-056,Peddapalli,Steamed Rice,rice,75,meals,non_vegetarian,2026-10-04 15:00:00,2026-10-04 17:00:00,ambient,URGENT,2026-10-04 14:18:00,SYNTHETIC_DEMO
DON-02005,REST-TG25-150,Rajanna Sircilla,Prepared Meal,cooked_meal,10,meals,vegetarian,2026-10-02 07:00:00,2026-10-02 12:00:00,refrigerated,AVAILABLE,2026-10-02 06:55:00,SYNTHETIC_DEMO
DON-02006,REST-TG26-120,Rangareddy,Vegetable Pulao,pulao,10,meals,vegetarian,2026-09-30 21:00:00,2026-10-01 05:00:00,refrigerated,AT_RISK,2026-09-30 20:53:00,SYNTHETIC_DEMO
DON-02007,REST-TG27-018,Sangareddy,Prepared Meal,cooked_meal,79,meals,non_vegetarian,2026-10-03 23:00:00,2026-10-04 05:00:00,ambient,AT_RISK,2026-10-03 22:23:00,SYNTHETIC_DEMO
DON-02008,REST-TG28-054,Siddipet,Steamed Rice,rice,30,meals,vegetarian,2026-10-01 19:00:00,2026-10-02 01:00:00,ambient,AT_RISK,2026-10-01 18:15:00,SYNTHETIC_DEMO
DON-02009,REST-TG29-130,Suryapet,Bakery Items,bakery,93,meals,non_vegetarian,2026-10-01 14:00:00,2026-10-01 19:00:00,ambient,RESCUED,2026-10-01 13:32:00,SYNTHETIC_DEMO
DON-02010,REST-TG30-088,Vikarabad,Fresh Bread,bread,60,meals,vegetarian,2026-09-26 20:00:00,2026-09-27 04:00:00,hot_holding,URGENT,2026-09-26 19:37:00,SYNTHETIC_DEMO
DON-02011,REST-TG31-017,Wanaparthy,Packaged Meals,packaged_food,42,meals,vegetarian,2026-10-06 00:00:00,2026-10-06 04:00:00,refrigerated,URGENT,2026-10-05 23:00:00,SYNTHETIC_DEMO
DON-02012,REST-TG32-041,Warangal,Fresh Bread,bread,88,meals,vegetarian,2026-10-05 03:00:00,2026-10-05 06:00:00,refrigerated,URGENT,2026-10-05 02:42:00,SYNTHETIC_DEMO
DON-02013,REST-TG33-040,Yadadri Bhuvanagiri,Vegetable Pulao,pulao,16,meals,vegan,2026-09-30 06:00:00,2026-09-30 08:00:00,refrigerated,RESCUED,2026-09-30 05:47:00,SYNTHETIC_DEMO
DON-02014,REST-TG01-062,Adilabad,Fresh Bread,bread,17,meals,non_vegetarian,2026-09-28 10:00:00,2026-09-28 15:00:00,hot_holding,RESCUED,2026-09-28 09:15:00,SYNTHETIC_DEMO
DON-02015,REST-TG02-146,Bhadradri Kothagudem,Bakery Items,bakery,96,meals,vegetarian,2026-10-04 02:00:00,2026-10-04 08:00:00,refrigerated,RESCUED,2026-10-04 01:27:00,SYNTHETIC_DEMO
DON-02016,REST-TG03-124,Hanumakonda,Packaged Meals,packaged_food,38,meals,non_vegetarian,2026-09-29 12:00:00,2026-09-29 14:00:00,refrigerated,URGENT,2026-09-29 11:36:00,SYNTHETIC_DEMO
DON-02017,REST-TG04-010,Hyderabad,Fresh Bread,bread,74,meals,vegetarian,2026-09-30 09:00:00,2026-09-30 12:00:00,refrigerated,AT_RISK,2026-09-30 08:33:00,SYNTHETIC_DEMO
DON-02018,REST-TG05-059,Jagtial,Prepared Meal,cooked_meal,26,meals,non_vegetarian,2026-10-01 18:00:00,2026-10-01 22:00:00,ambient,RESCUED,2026-10-01 17:08:00,SYNTHETIC_DEMO
DON-02019,REST-TG06-078,Jangaon,Veg Sandwich,sandwich,73,meals,vegetarian,2026-10-03 18:00:00,2026-10-04 00:00:00,hot_holding,URGENT,2026-10-03 17:27:00,SYNTHETIC_DEMO
DON-02020,REST-TG07-032,Jayashankar Bhupalpally,Fresh Bread,bread,65,meals,vegetarian,2026-09-26 23:00:00,2026-09-27 01:00:00,ambient,URGENT,2026-09-26 22:19:00,SYNTHETIC_DEMO
DON-02021,REST-TG08-048,Jogulamba Gadwal,Vegetable Pulao,pulao,25,meals,vegetarian,2026-10-04 12:00:00,2026-10-04 18:00:00,ambient,URGENT,2026-10-04 11:53:00,SYNTHETIC_DEMO
DON-02022,REST-TG09-150,Kamareddy,Dal,dal,76,meals,vegan,2026-10-03 11:00:00,2026-10-03 16:00:00,ambient,AVAILABLE,2026-10-03 10:10:00,SYNTHETIC_DEMO
DON-02023,REST-TG10-136,Karimnagar,Mixed Vegetables,vegetables,41,meals,vegan,2026-09-26 22:00:00,2026-09-27 02:00:00,refrigerated,AT_RISK,2026-09-26 21:21:00,SYNTHETIC_DEMO
DON-02024,REST-TG11-061,Khammam,Fresh Fruit,fruits,77,meals,vegetarian,2026-09-29 12:00:00,2026-09-29 15:00:00,ambient,AVAILABLE,2026-09-29 11:55:00,SYNTHETIC_DEMO
DON-02025,REST-TG12-032,Kumuram Bheem,Vegetable Biryani,biryani,10,meals,vegetarian,2026-09-29 03:00:00,2026-09-29 05:00:00,refrigerated,RESCUED,2026-09-29 02:31:00,SYNTHETIC_DEMO
DON-02026,REST-TG13-088,Mahabubabad,Vegetable Pulao,pulao,96,meals,vegetarian,2026-10-02 20:00:00,2026-10-03 02:00:00,hot_holding,AVAILABLE,2026-10-02 19:37:00,SYNTHETIC_DEMO
DON-02027,REST-TG14-011,Mahabubnagar,Fresh Fruit,fruits,98,meals,vegetarian,2026-09-26 14:00:00,2026-09-26 16:00:00,ambient,AVAILABLE,2026-09-26 13:05:00,SYNTHETIC_DEMO
DON-02028,REST-TG15-031,Mancherial,Veg Sandwich,sandwich,42,meals,vegetarian,2026-09-28 01:00:00,2026-09-28 09:00:00,hot_holding,AT_RISK,2026-09-28 00:20:00,SYNTHETIC_DEMO
DON-02029,REST-TG16-150,Medak,Packaged Meals,packaged_food,75,meals,egg,2026-09-28 06:00:00,2026-09-28 11:00:00,ambient,AT_RISK,2026-09-28 05:54:00,SYNTHETIC_DEMO
DON-02030,REST-TG17-115,Medchal-Malkajgiri,Mixed Vegetables,vegetables,12,meals,vegetarian,2026-09-29 15:00:00,2026-09-29 19:00:00,hot_holding,AT_RISK,2026-09-29 14:33:00,SYNTHETIC_DEMO
DON-02031,REST-TG18-129,Mulugu,Prepared Meal,cooked_meal,92,meals,vegetarian,2026-10-01 12:00:00,2026-10-01 17:00:00,refrigerated,AVAILABLE,2026-10-01 11:02:00,SYNTHETIC_DEMO
DON-02032,REST-TG19-121,Nagarkurnool,Mixed Vegetables,vegetables,28,meals,vegetarian,2026-10-04 23:00:00,2026-10-05 04:00:00,hot_holding,RESCUED,2026-10-04 22:05:00,SYNTHETIC_DEMO
DON-02033,REST-TG20-018,Nalgonda,Prepared Meal,cooked_meal,29,meals,vegetarian,2026-10-01 09:00:00,2026-10-01 13:00:00,hot_holding,RESCUED,2026-10-01 08:01:00,SYNTHETIC_DEMO
DON-02034,REST-TG21-109,Narayanpet,Vegetable Pulao,pulao,19,meals,vegetarian,2026-09-26 12:00:00,2026-09-26 15:00:00,hot_holding,AT_RISK,2026-09-26 11:25:00,SYNTHETIC_DEMO
DON-02035,REST-TG22-076,Nirmal,Vegetable Biryani,biryani,34,meals,vegetarian,2026-10-04 18:00:00,2026-10-05 02:00:00,ambient,URGENT,2026-10-04 17:31:00,SYNTHETIC_DEMO
DON-02036,REST-TG23-005,Nizamabad,Fresh Bread,bread,39,meals,egg,2026-10-01 18:00:00,2026-10-01 21:00:00,hot_holding,AT_RISK,2026-10-01 17:39:00,SYNTHETIC_DEMO
DON-02037,REST-TG24-053,Peddapalli,Veg Sandwich,sandwich,61,meals,vegetarian,2026-10-01 02:00:00,2026-10-01 07:00:00,hot_holding,AT_RISK,2026-10-01 01:43:00,SYNTHETIC_DEMO
DON-02038,REST-TG25-001,Rajanna Sircilla,Vegetable Biryani,biryani,20,meals,vegetarian,2026-10-02 03:00:00,2026-10-02 05:00:00,refrigerated,URGENT,2026-10-02 02:31:00,SYNTHETIC_DEMO
DON-02039,REST-TG26-097,Rangareddy,Steamed Rice,rice,59,meals,vegetarian,2026-10-04 22:00:00,2026-10-05 00:00:00,ambient,URGENT,2026-10-04 21:48:00,SYNTHETIC_DEMO
DON-02040,REST-TG27-119,Sangareddy,Roti,roti,58,meals,vegan,2026-10-02 11:00:00,2026-10-02 16:00:00,hot_holding,RESCUED,2026-10-02 10:06:00,SYNTHETIC_DEMO
DON-02041,REST-TG28-007,Siddipet,Fresh Fruit,fruits,97,meals,non_vegetarian,2026-10-05 19:00:00,2026-10-05 22:00:00,ambient,URGENT,2026-10-05 18:49:00,SYNTHETIC_DEMO
DON-02042,REST-TG29-139,Suryapet,Prepared Meal,cooked_meal,64,meals,vegetarian,2026-10-01 20:00:00,2026-10-02 04:00:00,ambient,URGENT,2026-10-01 19:29:00,SYNTHETIC_DEMO
DON-02043,REST-TG30-119,Vikarabad,Vegetable Biryani,biryani,48,meals,non_vegetarian,2026-09-30 18:00:00,2026-10-01 02:00:00,hot_holding,AT_RISK,2026-09-30 17:04:00,SYNTHETIC_DEMO
DON-02044,REST-TG31-145,Wanaparthy,Steamed Rice,rice,91,meals,vegetarian,2026-10-04 06:00:00,2026-10-04 12:00:00,hot_holding,AT_RISK,2026-10-04 05:03:00,SYNTHETIC_DEMO
DON-02045,REST-TG32-023,Warangal,Fresh Bread,bread,23,meals,vegan,2026-10-04 08:00:00,2026-10-04 16:00:00,hot_holding,URGENT,2026-10-04 07:50:00,SYNTHETIC_DEMO
DON-02046,REST-TG33-053,Yadadri Bhuvanagiri,Veg Sandwich,sandwich,68,meals,vegetarian,2026-10-03 18:00:00,2026-10-04 02:00:00,refrigerated,AVAILABLE,2026-10-03 17:43:00,SYNTHETIC_DEMO
DON-02047,REST-TG01-074,Adilabad,Fresh Fruit,fruits,86,meals,non_vegetarian,2026-10-02 01:00:00,2026-10-02 09:00:00,refrigerated,URGENT,2026-10-02 00:50:00,SYNTHETIC_DEMO
DON-02048,REST-TG02-143,Bhadradri Kothagudem,Vegetable Biryani,biryani,32,meals,vegetarian,2026-10-04 19:00:00,2026-10-04 23:00:00,ambient,RESCUED,2026-10-04 18:21:00,SYNTHETIC_DEMO
DON-02049,REST-TG03-140,Hanumakonda,Vegetable Biryani,biryani,76,meals,non_vegetarian,2026-09-28 19:00:00,2026-09-29 00:00:00,ambient,AVAILABLE,2026-09-28 18:02:00,SYNTHETIC_DEMO
DON-02050,REST-TG04-005,Hyderabad,Fresh Fruit,fruits,49,meals,vegetarian,2026-09-26 09:00:00,2026-09-26 14:00:00,ambient,AVAILABLE,2026-09-26 08:12:00,SYNTHETIC_DEMO
DON-02051,REST-TG05-038,Jagtial,Bakery Items,bakery,67,meals,vegetarian,2026-09-26 19:00:00,2026-09-27 01:00:00,hot_holding,AT_RISK,2026-09-26 18:54:00,SYNTHETIC_DEMO
DON-02052,REST-TG06-140,Jangaon,Bakery Items,bakery,26,meals,vegetarian,2026-10-05 05:00:00,2026-10-05 07:00:00,ambient,AT_RISK,2026-10-05 04:15:00,SYNTHETIC_DEMO
DON-02053,REST-TG07-130,Jayashankar Bhupalpally,Fresh Bread,bread,26,meals,vegetarian,2026-10-01 06:00:00,2026-10-01 09:00:00,hot_holding,URGENT,2026-10-01 05:40:00,SYNTHETIC_DEMO
DON-02054,REST-TG08-070,Jogulamba Gadwal,Vegetable Pulao,pulao,23,meals,non_vegetarian,2026-10-04 16:00:00,2026-10-04 20:00:00,hot_holding,AVAILABLE,2026-10-04 15:52:00,SYNTHETIC_DEMO
DON-02055,REST-TG09-124,Kamareddy,Packaged Meals,packaged_food,82,meals,vegetarian,2026-09-28 17:00:00,2026-09-28 22:00:00,refrigerated,AT_RISK,2026-09-28 16:36:00,SYNTHETIC_DEMO
DON-02056,REST-TG10-086,Karimnagar,Bakery Items,bakery,74,meals,vegetarian,2026-09-29 05:00:00,2026-09-29 08:00:00,ambient,AT_RISK,2026-09-29 04:13:00,SYNTHETIC_DEMO
DON-02057,REST-TG11-049,Khammam,Vegetable Pulao,pulao,93,meals,non_vegetarian,2026-10-03 03:00:00,2026-10-03 05:00:00,refrigerated,URGENT,2026-10-03 02:23:00,SYNTHETIC_DEMO
DON-02058,REST-TG12-055,Kumuram Bheem,Roti,roti,32,meals,egg,2026-10-02 22:00:00,2026-10-03 03:00:00,refrigerated,AVAILABLE,2026-10-02 21:43:00,SYNTHETIC_DEMO
DON-02059,REST-TG13-082,Mahabubabad,Dal,dal,64,meals,non_vegetarian,2026-10-02 14:00:00,2026-10-02 22:00:00,refrigerated,AT_RISK,2026-10-02 13:36:00,SYNTHETIC_DEMO
DON-02060,REST-TG14-095,Mahabubnagar,Vegetable Biryani,biryani,65,meals,vegetarian,2026-10-05 22:00:00,2026-10-06 06:00:00,refrigerated,AVAILABLE,2026-10-05 21:17:00,SYNTHETIC_DEMO
DON-02061,REST-TG15-084,Mancherial,Veg Sandwich,sandwich,58,meals,vegetarian,2026-10-04 06:00:00,2026-10-04 12:00:00,refrigerated,RESCUED,2026-10-04 05:00:00,SYNTHETIC_DEMO
DON-02062,REST-TG16-096,Medak,Prepared Meal,cooked_meal,94,meals,vegetarian,2026-10-04 11:00:00,2026-10-04 13:00:00,ambient,AT_RISK,2026-10-04 10:25:00,SYNTHETIC_DEMO
DON-02063,REST-TG17-062,Medchal-Malkajgiri,Bakery Items,bakery,76,meals,non_vegetarian,2026-09-28 20:00:00,2026-09-29 04:00:00,ambient,AT_RISK,2026-09-28 19:12:00,SYNTHETIC_DEMO
DON-02064,REST-TG18-077,Mulugu,Vegetable Biryani,biryani,34,meals,non_vegetarian,2026-09-27 01:00:00,2026-09-27 05:00:00,hot_holding,AT_RISK,2026-09-27 00:41:00,SYNTHETIC_DEMO
DON-02065,REST-TG19-105,Nagarkurnool,Steamed Rice,rice,97,meals,vegetarian,2026-09-26 23:00:00,2026-09-27 02:00:00,hot_holding,AT_RISK,2026-09-26 22:24:00,SYNTHETIC_DEMO
DON-02066,REST-TG20-001,Nalgonda,Veg Sandwich,sandwich,31,meals,non_vegetarian,2026-09-29 17:00:00,2026-09-29 23:00:00,hot_holding,AT_RISK,2026-09-29 16:50:00,SYNTHETIC_DEMO
DON-02067,REST-TG21-095,Narayanpet,Roti,roti,41,meals,vegan,2026-10-04 12:00:00,2026-10-04 16:00:00,hot_holding,AVAILABLE,2026-10-04 11:41:00,SYNTHETIC_DEMO
DON-02068,REST-TG22-126,Nirmal,Veg Sandwich,sandwich,85,meals,vegetarian,2026-10-02 00:00:00,2026-10-02 05:00:00,ambient,AVAILABLE,2026-10-01 23:28:00,SYNTHETIC_DEMO
DON-02069,REST-TG23-101,Nizamabad,Dal,dal,46,meals,egg,2026-10-02 13:00:00,2026-10-02 18:00:00,hot_holding,AVAILABLE,2026-10-02 12:06:00,SYNTHETIC_DEMO
DON-02070,REST-TG24-001,Peddapalli,Fresh Bread,bread,78,meals,vegetarian,2026-09-30 13:00:00,2026-09-30 16:00:00,refrigerated,AVAILABLE,2026-09-30 12:42:00,SYNTHETIC_DEMO
DON-02071,REST-TG25-103,Rajanna Sircilla,Vegetable Pulao,pulao,27,meals,vegetarian,2026-09-27 19:00:00,2026-09-27 21:00:00,ambient,RESCUED,2026-09-27 18:13:00,SYNTHETIC_DEMO
DON-02072,REST-TG26-027,Rangareddy,Roti,roti,66,meals,vegan,2026-10-05 19:00:00,2026-10-05 21:00:00,refrigerated,AT_RISK,2026-10-05 18:44:00,SYNTHETIC_DEMO
DON-02073,REST-TG27-082,Sangareddy,Steamed Rice,rice,23,meals,vegetarian,2026-10-01 15:00:00,2026-10-01 18:00:00,ambient,AT_RISK,2026-10-01 14:30:00,SYNTHETIC_DEMO
DON-02074,REST-TG28-017,Siddipet,Steamed Rice,rice,71,meals,non_vegetarian,2026-10-05 07:00:00,2026-10-05 11:00:00,ambient,AVAILABLE,2026-10-05 06:35:00,SYNTHETIC_DEMO
DON-02075,REST-TG29-106,Suryapet,Roti,roti,18,meals,non_vegetarian,2026-10-03 07:00:00,2026-10-03 09:00:00,ambient,AT_RISK,2026-10-03 06:06:00,SYNTHETIC_DEMO
DON-02076,REST-TG30-092,Vikarabad,Fresh Fruit,fruits,81,meals,vegetarian,2026-10-02 11:00:00,2026-10-02 13:00:00,ambient,AT_RISK,2026-10-02 10:14:00,SYNTHETIC_DEMO
DON-02077,REST-TG31-027,Wanaparthy,Steamed Rice,rice,55,meals,non_vegetarian,2026-10-06 04:00:00,2026-10-06 10:00:00,refrigerated,AVAILABLE,2026-10-06 03:13:00,SYNTHETIC_DEMO
DON-02078,REST-TG32-002,Warangal,Veg Sandwich,sandwich,49,meals,vegetarian,2026-09-26 12:00:00,2026-09-26 17:00:00,refrigerated,RESCUED,2026-09-26 11:50:00,SYNTHETIC_DEMO
DON-02079,REST-TG33-051,Yadadri Bhuvanagiri,Vegetable Biryani,biryani,49,meals,egg,2026-09-26 09:00:00,2026-09-26 17:00:00,ambient,AVAILABLE,2026-09-26 08:08:00,SYNTHETIC_DEMO
DON-02080,REST-TG01-016,Adilabad,Roti,roti,23,meals,non_vegetarian,2026-10-04 15:00:00,2026-10-04 17:00:00,ambient,AT_RISK,2026-10-04 14:28:00,SYNTHETIC_DEMO
DON-02081,REST-TG02-029,Bhadradri Kothagudem,Prepared Meal,cooked_meal,41,meals,vegetarian,2026-09-27 10:00:00,2026-09-27 15:00:00,hot_holding,AT_RISK,2026-09-27 09:03:00,SYNTHETIC_DEMO
DON-02082,REST-TG03-099,Hanumakonda,Steamed Rice,rice,31,meals,vegetarian,2026-09-27 18:00:00,2026-09-28 00:00:00,ambient,AVAILABLE,2026-09-27 17:49:00,SYNTHETIC_DEMO
DON-02083,REST-TG04-076,Hyderabad,Roti,roti,21,meals,non_vegetarian,2026-09-27 00:00:00,2026-09-27 05:00:00,refrigerated,AT_RISK,2026-09-26 23:32:00,SYNTHETIC_DEMO
DON-02084,REST-TG05-081,Jagtial,Bakery Items,bakery,44,meals,vegetarian,2026-09-26 16:00:00,2026-09-26 18:00:00,refrigerated,URGENT,2026-09-26 15:40:00,SYNTHETIC_DEMO
DON-02085,REST-TG06-141,Jangaon,Veg Sandwich,sandwich,15,meals,vegetarian,2026-09-26 21:00:00,2026-09-27 05:00:00,ambient,RESCUED,2026-09-26 20:14:00,SYNTHETIC_DEMO
DON-02086,REST-TG07-146,Jayashankar Bhupalpally,Vegetable Biryani,biryani,17,meals,vegetarian,2026-09-30 04:00:00,2026-09-30 10:00:00,hot_holding,AVAILABLE,2026-09-30 03:09:00,SYNTHETIC_DEMO
DON-02087,REST-TG08-084,Jogulamba Gadwal,Roti,roti,88,meals,vegetarian,2026-09-27 00:00:00,2026-09-27 08:00:00,hot_holding,RESCUED,2026-09-26 23:31:00,SYNTHETIC_DEMO
DON-02088,REST-TG09-030,Kamareddy,Roti,roti,52,meals,egg,2026-09-28 08:00:00,2026-09-28 16:00:00,ambient,AT_RISK,2026-09-28 07:52:00,SYNTHETIC_DEMO
DON-02089,REST-TG10-076,Karimnagar,Roti,roti,13,meals,vegetarian,2026-10-03 02:00:00,2026-10-03 08:00:00,hot_holding,AVAILABLE,2026-10-03 01:18:00,SYNTHETIC_DEMO
DON-02090,REST-TG11-065,Khammam,Vegetable Biryani,biryani,94,meals,vegetarian,2026-09-30 18:00:00,2026-09-30 23:00:00,hot_holding,AVAILABLE,2026-09-30 17:13:00,SYNTHETIC_DEMO
DON-02091,REST-TG12-031,Kumuram Bheem,Packaged Meals,packaged_food,51,meals,vegetarian,2026-10-01 21:00:00,2026-10-01 23:00:00,hot_holding,AVAILABLE,2026-10-01 20:28:00,SYNTHETIC_DEMO
DON-02092,REST-TG13-112,Mahabubabad,Bakery Items,bakery,42,meals,vegetarian,2026-09-26 18:00:00,2026-09-26 21:00:00,refrigerated,URGENT,2026-09-26 17:48:00,SYNTHETIC_DEMO
DON-02093,REST-TG14-032,Mahabubnagar,Packaged Meals,packaged_food,26,meals,vegetarian,2026-10-03 17:00:00,2026-10-03 20:00:00,refrigerated,AT_RISK,2026-10-03 16:41:00,SYNTHETIC_DEMO
DON-02094,REST-TG15-073,Mancherial,Fresh Fruit,fruits,50,meals,vegetarian,2026-09-29 19:00:00,2026-09-30 00:00:00,refrigerated,AVAILABLE,2026-09-29 18:10:00,SYNTHETIC_DEMO
DON-02095,REST-TG16-088,Medak,Packaged Meals,packaged_food,79,meals,vegetarian,2026-10-01 14:00:00,2026-10-01 17:00:00,refrigerated,AVAILABLE,2026-10-01 13:45:00,SYNTHETIC_DEMO
DON-02096,REST-TG17-134,Medchal-Malkajgiri,Vegetable Pulao,pulao,68,meals,vegetarian,2026-09-29 20:00:00,2026-09-30 00:00:00,refrigerated,AVAILABLE,2026-09-29 19:30:00,SYNTHETIC_DEMO
DON-02097,REST-TG18-042,Mulugu,Fresh Bread,bread,28,meals,vegetarian,2026-10-01 23:00:00,2026-10-02 02:00:00,ambient,AT_RISK,2026-10-01 22:48:00,SYNTHETIC_DEMO
DON-02098,REST-TG19-138,Nagarkurnool,Vegetable Pulao,pulao,17,meals,non_vegetarian,2026-10-04 21:00:00,2026-10-05 02:00:00,refrigerated,AT_RISK,2026-10-04 20:09:00,SYNTHETIC_DEMO
DON-02099,REST-TG20-145,Nalgonda,Packaged Meals,packaged_food,41,meals,vegetarian,2026-10-02 10:00:00,2026-10-02 14:00:00,ambient,RESCUED,2026-10-02 09:52:00,SYNTHETIC_DEMO
DON-02100,REST-TG21-034,Narayanpet,Dal,dal,37,meals,non_vegetarian,2026-10-05 21:00:00,2026-10-06 01:00:00,hot_holding,AVAILABLE,2026-10-05 20:45:00,SYNTHETIC_DEMO
DON-02101,REST-TG22-077,Nirmal,Vegetable Pulao,pulao,34,meals,vegan,2026-10-05 04:00:00,2026-10-05 08:00:00,refrigerated,RESCUED,2026-10-05 03:09:00,SYNTHETIC_DEMO
DON-02102,REST-TG23-144,Nizamabad,Mixed Vegetables,vegetables,42,meals,non_vegetarian,2026-09-26 19:00:00,2026-09-27 00:00:00,ambient,AT_RISK,2026-09-26 18:53:00,SYNTHETIC_DEMO
DON-02103,REST-TG24-046,Peddapalli,Vegetable Pulao,pulao,59,meals,vegetarian,2026-10-03 08:00:00,2026-10-03 13:00:00,hot_holding,AT_RISK,2026-10-03 07:42:00,SYNTHETIC_DEMO
DON-02104,REST-TG25-061,Rajanna Sircilla,Vegetable Pulao,pulao,45,meals,non_vegetarian,2026-10-02 15:00:00,2026-10-02 23:00:00,ambient,AVAILABLE,2026-10-02 14:31:00,SYNTHETIC_DEMO
DON-02105,REST-TG26-019,Rangareddy,Steamed Rice,rice,61,meals,vegetarian,2026-09-29 19:00:00,2026-09-30 03:00:00,hot_holding,AVAILABLE,2026-09-29 18:44:00,SYNTHETIC_DEMO
DON-02106,REST-TG27-025,Sangareddy,Fresh Fruit,fruits,60,meals,vegetarian,2026-09-29 09:00:00,2026-09-29 12:00:00,hot_holding,AT_RISK,2026-09-29 08:52:00,SYNTHETIC_DEMO
DON-02107,REST-TG28-082,Siddipet,Veg Sandwich,sandwich,38,meals,vegetarian,2026-10-01 11:00:00,2026-10-01 19:00:00,refrigerated,AT_RISK,2026-10-01 10:02:00,SYNTHETIC_DEMO
DON-02108,REST-TG29-062,Suryapet,Bakery Items,bakery,41,meals,vegetarian,2026-09-30 23:00:00,2026-10-01 07:00:00,hot_holding,AVAILABLE,2026-09-30 22:29:00,SYNTHETIC_DEMO
DON-02109,REST-TG30-067,Vikarabad,Roti,roti,67,meals,vegetarian,2026-10-06 04:00:00,2026-10-06 07:00:00,refrigerated,URGENT,2026-10-06 03:03:00,SYNTHETIC_DEMO
DON-02110,REST-TG31-028,Wanaparthy,Veg Sandwich,sandwich,45,meals,vegetarian,2026-09-30 13:00:00,2026-09-30 18:00:00,hot_holding,AVAILABLE,2026-09-30 12:40:00,SYNTHETIC_DEMO
DON-02111,REST-TG32-081,Warangal,Packaged Meals,packaged_food,69,meals,vegetarian,2026-10-01 20:00:00,2026-10-02 04:00:00,hot_holding,RESCUED,2026-10-01 19:11:00,SYNTHETIC_DEMO
DON-02112,REST-TG33-087,Yadadri Bhuvanagiri,Steamed Rice,rice,27,meals,vegetarian,2026-09-29 00:00:00,2026-09-29 03:00:00,ambient,AT_RISK,2026-09-28 23:27:00,SYNTHETIC_DEMO
DON-02113,REST-TG01-147,Adilabad,Vegetable Biryani,biryani,71,meals,vegetarian,2026-09-29 04:00:00,2026-09-29 12:00:00,refrigerated,AVAILABLE,2026-09-29 03:32:00,SYNTHETIC_DEMO
DON-02114,REST-TG02-018,Bhadradri Kothagudem,Bakery Items,bakery,84,meals,vegetarian,2026-10-03 13:00:00,2026-10-03 16:00:00,hot_holding,AVAILABLE,2026-10-03 12:25:00,SYNTHETIC_DEMO
DON-02115,REST-TG03-077,Hanumakonda,Fresh Bread,bread,30,meals,vegetarian,2026-10-02 04:00:00,2026-10-02 06:00:00,hot_holding,AT_RISK,2026-10-02 03:04:00,SYNTHETIC_DEMO
DON-02116,REST-TG04-125,Hyderabad,Prepared Meal,cooked_meal,66,meals,non_vegetarian,2026-09-27 14:00:00,2026-09-27 20:00:00,refrigerated,AT_RISK,2026-09-27 13:34:00,SYNTHETIC_DEMO
DON-02117,REST-TG05-150,Jagtial,Vegetable Biryani,biryani,85,meals,vegetarian,2026-10-01 04:00:00,2026-10-01 12:00:00,hot_holding,AT_RISK,2026-10-01 03:12:00,SYNTHETIC_DEMO
DON-02118,REST-TG06-096,Jangaon,Packaged Meals,packaged_food,49,meals,non_vegetarian,2026-10-04 22:00:00,2026-10-05 03:00:00,hot_holding,RESCUED,2026-10-04 21:23:00,SYNTHETIC_DEMO
DON-02119,REST-TG07-036,Jayashankar Bhupalpally,Prepared Meal,cooked_meal,81,meals,vegan,2026-10-02 13:00:00,2026-10-02 16:00:00,refrigerated,AT_RISK,2026-10-02 12:05:00,SYNTHETIC_DEMO
DON-02120,REST-TG08-082,Jogulamba Gadwal,Vegetable Biryani,biryani,45,meals,vegetarian,2026-10-01 22:00:00,2026-10-02 02:00:00,hot_holding,AVAILABLE,2026-10-01 21:50:00,SYNTHETIC_DEMO
DON-02121,REST-TG09-103,Kamareddy,Mixed Vegetables,vegetables,15,meals,vegetarian,2026-09-26 10:00:00,2026-09-26 15:00:00,ambient,AT_RISK,2026-09-26 09:06:00,SYNTHETIC_DEMO
DON-02122,REST-TG10-003,Karimnagar,Steamed Rice,rice,62,meals,vegetarian,2026-09-27 00:00:00,2026-09-27 05:00:00,refrigerated,AT_RISK,2026-09-26 23:24:00,SYNTHETIC_DEMO
DON-02123,REST-TG11-077,Khammam,Packaged Meals,packaged_food,81,meals,vegetarian,2026-09-28 06:00:00,2026-09-28 08:00:00,hot_holding,AT_RISK,2026-09-28 05:14:00,SYNTHETIC_DEMO
DON-02124,REST-TG12-139,Kumuram Bheem,Packaged Meals,packaged_food,53,meals,vegetarian,2026-09-29 23:00:00,2026-09-30 01:00:00,ambient,URGENT,2026-09-29 22:12:00,SYNTHETIC_DEMO
DON-02125,REST-TG13-108,Mahabubabad,Mixed Vegetables,vegetables,30,meals,non_vegetarian,2026-09-26 12:00:00,2026-09-26 17:00:00,ambient,AT_RISK,2026-09-26 11:39:00,SYNTHETIC_DEMO
DON-02126,REST-TG14-097,Mahabubnagar,Steamed Rice,rice,90,meals,non_vegetarian,2026-10-03 14:00:00,2026-10-03 17:00:00,hot_holding,URGENT,2026-10-03 13:16:00,SYNTHETIC_DEMO
DON-02127,REST-TG15-119,Mancherial,Dal,dal,93,meals,vegetarian,2026-09-28 02:00:00,2026-09-28 04:00:00,refrigerated,AT_RISK,2026-09-28 01:39:00,SYNTHETIC_DEMO
DON-02128,REST-TG16-023,Medak,Prepared Meal,cooked_meal,93,meals,egg,2026-09-28 06:00:00,2026-09-28 08:00:00,refrigerated,AT_RISK,2026-09-28 05:37:00,SYNTHETIC_DEMO
DON-02129,REST-TG17-016,Medchal-Malkajgiri,Veg Sandwich,sandwich,19,meals,egg,2026-10-02 08:00:00,2026-10-02 11:00:00,ambient,URGENT,2026-10-02 07:28:00,SYNTHETIC_DEMO
DON-02130,REST-TG18-049,Mulugu,Steamed Rice,rice,92,meals,vegetarian,2026-10-01 11:00:00,2026-10-01 15:00:00,refrigerated,AT_RISK,2026-10-01 10:17:00,SYNTHETIC_DEMO
DON-02131,REST-TG19-106,Nagarkurnool,Bakery Items,bakery,68,meals,vegetarian,2026-09-28 19:00:00,2026-09-28 23:00:00,hot_holding,AT_RISK,2026-09-28 18:15:00,SYNTHETIC_DEMO
DON-02132,REST-TG20-033,Nalgonda,Steamed Rice,rice,80,meals,egg,2026-09-30 18:00:00,2026-09-30 22:00:00,ambient,AVAILABLE,2026-09-30 17:01:00,SYNTHETIC_DEMO
DON-02133,REST-TG21-065,Narayanpet,Vegetable Pulao,pulao,84,meals,vegetarian,2026-09-27 16:00:00,2026-09-27 18:00:00,refrigerated,AVAILABLE,2026-09-27 15:34:00,SYNTHETIC_DEMO
DON-02134,REST-TG22-001,Nirmal,Vegetable Pulao,pulao,19,meals,vegan,2026-10-01 19:00:00,2026-10-01 22:00:00,refrigerated,RESCUED,2026-10-01 18:34:00,SYNTHETIC_DEMO
DON-02135,REST-TG23-110,Nizamabad,Dal,dal,76,meals,egg,2026-10-02 03:00:00,2026-10-02 11:00:00,ambient,AVAILABLE,2026-10-02 02:51:00,SYNTHETIC_DEMO
DON-02136,REST-TG24-060,Peddapalli,Mixed Vegetables,vegetables,18,meals,vegetarian,2026-09-26 08:00:00,2026-09-26 12:00:00,refrigerated,AVAILABLE,2026-09-26 07:52:00,SYNTHETIC_DEMO
DON-02137,REST-TG25-075,Rajanna Sircilla,Vegetable Biryani,biryani,25,meals,vegetarian,2026-09-27 00:00:00,2026-09-27 08:00:00,hot_holding,AT_RISK,2026-09-26 23:43:00,SYNTHETIC_DEMO
DON-02138,REST-TG26-115,Rangareddy,Bakery Items,bakery,27,meals,vegetarian,2026-09-30 06:00:00,2026-09-30 14:00:00,refrigerated,RESCUED,2026-09-30 05:51:00,SYNTHETIC_DEMO
DON-02139,REST-TG27-075,Sangareddy,Prepared Meal,cooked_meal,43,meals,vegan,2026-09-26 13:00:00,2026-09-26 21:00:00,ambient,RESCUED,2026-09-26 12:21:00,SYNTHETIC_DEMO
DON-02140,REST-TG28-020,Siddipet,Bakery Items,bakery,24,meals,vegetarian,2026-10-02 11:00:00,2026-10-02 17:00:00,ambient,AVAILABLE,2026-10-02 10:43:00,SYNTHETIC_DEMO
DON-02141,REST-TG29-081,Suryapet,Packaged Meals,packaged_food,21,meals,non_vegetarian,2026-09-29 12:00:00,2026-09-29 18:00:00,ambient,AVAILABLE,2026-09-29 11:25:00,SYNTHETIC_DEMO
DON-02142,REST-TG30-035,Vikarabad,Vegetable Pulao,pulao,49,meals,egg,2026-10-03 21:00:00,2026-10-04 03:00:00,ambient,URGENT,2026-10-03 20:43:00,SYNTHETIC_DEMO
DON-02143,REST-TG31-063,Wanaparthy,Fresh Bread,bread,65,meals,vegetarian,2026-10-03 00:00:00,2026-10-03 08:00:00,ambient,RESCUED,2026-10-02 23:03:00,SYNTHETIC_DEMO
DON-02144,REST-TG32-150,Warangal,Bakery Items,bakery,78,meals,egg,2026-09-30 06:00:00,2026-09-30 10:00:00,ambient,RESCUED,2026-09-30 05:25:00,SYNTHETIC_DEMO
DON-02145,REST-TG33-025,Yadadri Bhuvanagiri,Fresh Bread,bread,66,meals,vegetarian,2026-09-29 10:00:00,2026-09-29 14:00:00,refrigerated,AVAILABLE,2026-09-29 09:06:00,SYNTHETIC_DEMO
DON-02146,REST-TG01-101,Adilabad,Roti,roti,98,meals,non_vegetarian,2026-10-05 12:00:00,2026-10-05 17:00:00,refrigerated,RESCUED,2026-10-05 11:50:00,SYNTHETIC_DEMO
DON-02147,REST-TG02-061,Bhadradri Kothagudem,Veg Sandwich,sandwich,79,meals,vegan,2026-10-06 03:00:00,2026-10-06 07:00:00,hot_holding,AT_RISK,2026-10-06 02:37:00,SYNTHETIC_DEMO
DON-02148,REST-TG03-106,Hanumakonda,Fresh Bread,bread,88,meals,vegetarian,2026-09-26 14:00:00,2026-09-26 22:00:00,hot_holding,AVAILABLE,2026-09-26 13:44:00,SYNTHETIC_DEMO
DON-02149,REST-TG04-043,Hyderabad,Veg Sandwich,sandwich,31,meals,vegan,2026-10-03 01:00:00,2026-10-03 03:00:00,ambient,URGENT,2026-10-03 00:08:00,SYNTHETIC_DEMO
DON-02150,REST-TG05-021,Jagtial,Veg Sandwich,sandwich,42,meals,egg,2026-09-29 04:00:00,2026-09-29 12:00:00,hot_holding,AT_RISK,2026-09-29 03:12:00,SYNTHETIC_DEMO
DON-02151,REST-TG06-137,Jangaon,Bakery Items,bakery,31,meals,vegetarian,2026-10-04 00:00:00,2026-10-04 08:00:00,refrigerated,AT_RISK,2026-10-03 23:21:00,SYNTHETIC_DEMO
DON-02152,REST-TG07-069,Jayashankar Bhupalpally,Steamed Rice,rice,16,meals,vegetarian,2026-09-28 14:00:00,2026-09-28 20:00:00,ambient,AVAILABLE,2026-09-28 13:06:00,SYNTHETIC_DEMO
DON-02153,REST-TG08-098,Jogulamba Gadwal,Veg Sandwich,sandwich,87,meals,non_vegetarian,2026-10-01 03:00:00,2026-10-01 11:00:00,refrigerated,AVAILABLE,2026-10-01 02:22:00,SYNTHETIC_DEMO
DON-02154,REST-TG09-128,Kamareddy,Dal,dal,10,meals,vegetarian,2026-09-30 15:00:00,2026-09-30 18:00:00,hot_holding,AVAILABLE,2026-09-30 14:55:00,SYNTHETIC_DEMO
DON-02155,REST-TG10-041,Karimnagar,Vegetable Biryani,biryani,72,meals,vegetarian,2026-10-03 12:00:00,2026-10-03 17:00:00,hot_holding,AT_RISK,2026-10-03 11:02:00,SYNTHETIC_DEMO
DON-02156,REST-TG11-047,Khammam,Roti,roti,59,meals,vegan,2026-09-30 21:00:00,2026-10-01 01:00:00,refrigerated,URGENT,2026-09-30 20:07:00,SYNTHETIC_DEMO
DON-02157,REST-TG12-100,Kumuram Bheem,Veg Sandwich,sandwich,61,meals,vegetarian,2026-10-01 17:00:00,2026-10-02 01:00:00,refrigerated,AVAILABLE,2026-10-01 16:05:00,SYNTHETIC_DEMO
DON-02158,REST-TG13-033,Mahabubabad,Mixed Vegetables,vegetables,66,meals,vegetarian,2026-09-27 13:00:00,2026-09-27 17:00:00,refrigerated,AVAILABLE,2026-09-27 12:03:00,SYNTHETIC_DEMO
DON-02159,REST-TG14-149,Mahabubnagar,Roti,roti,58,meals,vegetarian,2026-09-28 23:00:00,2026-09-29 02:00:00,ambient,URGENT,2026-09-28 22:41:00,SYNTHETIC_DEMO
DON-02160,REST-TG15-124,Mancherial,Prepared Meal,cooked_meal,27,meals,vegetarian,2026-10-04 16:00:00,2026-10-04 20:00:00,hot_holding,RESCUED,2026-10-04 15:07:00,SYNTHETIC_DEMO
DON-02161,REST-TG16-110,Medak,Roti,roti,33,meals,vegetarian,2026-10-04 17:00:00,2026-10-04 21:00:00,ambient,AT_RISK,2026-10-04 16:08:00,SYNTHETIC_DEMO
DON-02162,REST-TG17-144,Medchal-Malkajgiri,Vegetable Pulao,pulao,32,meals,vegetarian,2026-09-30 22:00:00,2026-10-01 01:00:00,refrigerated,AT_RISK,2026-09-30 21:30:00,SYNTHETIC_DEMO
DON-02163,REST-TG18-073,Mulugu,Mixed Vegetables,vegetables,91,meals,egg,2026-09-27 20:00:00,2026-09-28 02:00:00,ambient,RESCUED,2026-09-27 19:13:00,SYNTHETIC_DEMO
DON-02164,REST-TG19-104,Nagarkurnool,Roti,roti,17,meals,vegetarian,2026-10-03 17:00:00,2026-10-03 22:00:00,hot_holding,AT_RISK,2026-10-03 16:39:00,SYNTHETIC_DEMO
DON-02165,REST-TG20-056,Nalgonda,Vegetable Biryani,biryani,90,meals,vegan,2026-09-29 12:00:00,2026-09-29 20:00:00,hot_holding,RESCUED,2026-09-29 11:28:00,SYNTHETIC_DEMO
DON-02166,REST-TG21-019,Narayanpet,Bakery Items,bakery,77,meals,vegetarian,2026-10-05 09:00:00,2026-10-05 13:00:00,ambient,AT_RISK,2026-10-05 08:46:00,SYNTHETIC_DEMO
DON-02167,REST-TG22-098,Nirmal,Dal,dal,58,meals,vegetarian,2026-09-27 00:00:00,2026-09-27 04:00:00,ambient,RESCUED,2026-09-26 23:23:00,SYNTHETIC_DEMO
DON-02168,REST-TG23-090,Nizamabad,Vegetable Biryani,biryani,50,meals,vegetarian,2026-10-06 07:00:00,2026-10-06 12:00:00,refrigerated,URGENT,2026-10-06 06:09:00,SYNTHETIC_DEMO
DON-02169,REST-TG24-150,Peddapalli,Fresh Fruit,fruits,41,meals,vegetarian,2026-10-03 13:00:00,2026-10-03 17:00:00,ambient,RESCUED,2026-10-03 12:52:00,SYNTHETIC_DEMO
DON-02170,REST-TG25-021,Rajanna Sircilla,Fresh Fruit,fruits,98,meals,vegan,2026-09-29 02:00:00,2026-09-29 04:00:00,hot_holding,AT_RISK,2026-09-29 01:11:00,SYNTHETIC_DEMO
DON-02171,REST-TG26-113,Rangareddy,Fresh Bread,bread,55,meals,vegetarian,2026-09-27 07:00:00,2026-09-27 12:00:00,refrigerated,AT_RISK,2026-09-27 06:39:00,SYNTHETIC_DEMO
DON-02172,REST-TG27-071,Sangareddy,Vegetable Biryani,biryani,61,meals,vegetarian,2026-09-28 22:00:00,2026-09-29 04:00:00,ambient,RESCUED,2026-09-28 21:45:00,SYNTHETIC_DEMO
DON-02173,REST-TG28-145,Siddipet,Prepared Meal,cooked_meal,42,meals,egg,2026-09-29 21:00:00,2026-09-30 03:00:00,ambient,AT_RISK,2026-09-29 20:19:00,SYNTHETIC_DEMO
DON-02174,REST-TG29-075,Suryapet,Mixed Vegetables,vegetables,26,meals,vegetarian,2026-09-30 16:00:00,2026-09-30 19:00:00,hot_holding,RESCUED,2026-09-30 15:25:00,SYNTHETIC_DEMO
DON-02175,REST-TG30-128,Vikarabad,Dal,dal,30,meals,non_vegetarian,2026-09-28 21:00:00,2026-09-29 00:00:00,hot_holding,RESCUED,2026-09-28 20:00:00,SYNTHETIC_DEMO
DON-02176,REST-TG31-098,Wanaparthy,Packaged Meals,packaged_food,41,meals,vegetarian,2026-10-05 21:00:00,2026-10-05 23:00:00,hot_holding,URGENT,2026-10-05 20:39:00,SYNTHETIC_DEMO
DON-02177,REST-TG32-053,Warangal,Prepared Meal,cooked_meal,46,meals,non_vegetarian,2026-10-03 18:00:00,2026-10-03 21:00:00,ambient,AT_RISK,2026-10-03 17:14:00,SYNTHETIC_DEMO
DON-02178,REST-TG33-117,Yadadri Bhuvanagiri,Mixed Vegetables,vegetables,81,meals,egg,2026-10-06 05:00:00,2026-10-06 10:00:00,ambient,AT_RISK,2026-10-06 04:00:00,SYNTHETIC_DEMO
DON-02179,REST-TG01-111,Adilabad,Packaged Meals,packaged_food,41,meals,egg,2026-10-01 07:00:00,2026-10-01 13:00:00,hot_holding,AVAILABLE,2026-10-01 06:11:00,SYNTHETIC_DEMO
DON-02180,REST-TG02-004,Bhadradri Kothagudem,Roti,roti,13,meals,vegetarian,2026-09-27 20:00:00,2026-09-28 00:00:00,hot_holding,URGENT,2026-09-27 19:09:00,SYNTHETIC_DEMO
DON-02181,REST-TG03-061,Hanumakonda,Prepared Meal,cooked_meal,95,meals,non_vegetarian,2026-10-04 19:00:00,2026-10-04 22:00:00,refrigerated,AT_RISK,2026-10-04 18:53:00,SYNTHETIC_DEMO
DON-02182,REST-TG04-015,Hyderabad,Veg Sandwich,sandwich,60,meals,vegetarian,2026-09-30 22:00:00,2026-10-01 00:00:00,ambient,AT_RISK,2026-09-30 21:09:00,SYNTHETIC_DEMO
DON-02183,REST-TG05-015,Jagtial,Vegetable Pulao,pulao,45,meals,vegetarian,2026-10-05 15:00:00,2026-10-05 23:00:00,ambient,AVAILABLE,2026-10-05 14:33:00,SYNTHETIC_DEMO
DON-02184,REST-TG06-139,Jangaon,Steamed Rice,rice,19,meals,non_vegetarian,2026-09-26 17:00:00,2026-09-26 21:00:00,refrigerated,AVAILABLE,2026-09-26 16:38:00,SYNTHETIC_DEMO
DON-02185,REST-TG07-016,Jayashankar Bhupalpally,Dal,dal,93,meals,non_vegetarian,2026-09-29 10:00:00,2026-09-29 18:00:00,refrigerated,URGENT,2026-09-29 09:01:00,SYNTHETIC_DEMO
DON-02186,REST-TG08-007,Jogulamba Gadwal,Vegetable Pulao,pulao,24,meals,non_vegetarian,2026-10-01 04:00:00,2026-10-01 06:00:00,refrigerated,URGENT,2026-10-01 03:44:00,SYNTHETIC_DEMO
DON-02187,REST-TG09-041,Kamareddy,Veg Sandwich,sandwich,70,meals,vegetarian,2026-09-28 15:00:00,2026-09-28 19:00:00,refrigerated,RESCUED,2026-09-28 14:34:00,SYNTHETIC_DEMO
DON-02188,REST-TG10-109,Karimnagar,Fresh Fruit,fruits,22,meals,non_vegetarian,2026-09-28 16:00:00,2026-09-29 00:00:00,ambient,AT_RISK,2026-09-28 15:30:00,SYNTHETIC_DEMO
DON-02189,REST-TG11-145,Khammam,Vegetable Biryani,biryani,11,meals,non_vegetarian,2026-10-04 06:00:00,2026-10-04 14:00:00,hot_holding,AVAILABLE,2026-10-04 05:51:00,SYNTHETIC_DEMO
DON-02190,REST-TG12-071,Kumuram Bheem,Steamed Rice,rice,68,meals,vegan,2026-09-29 17:00:00,2026-09-29 19:00:00,refrigerated,RESCUED,2026-09-29 16:19:00,SYNTHETIC_DEMO
DON-02191,REST-TG13-053,Mahabubabad,Veg Sandwich,sandwich,54,meals,vegetarian,2026-10-02 17:00:00,2026-10-03 01:00:00,refrigerated,URGENT,2026-10-02 16:43:00,SYNTHETIC_DEMO
DON-02192,REST-TG14-142,Mahabubnagar,Mixed Vegetables,vegetables,81,meals,non_vegetarian,2026-10-04 11:00:00,2026-10-04 15:00:00,ambient,AT_RISK,2026-10-04 10:24:00,SYNTHETIC_DEMO
DON-02193,REST-TG15-044,Mancherial,Packaged Meals,packaged_food,74,meals,vegetarian,2026-10-05 14:00:00,2026-10-05 16:00:00,ambient,URGENT,2026-10-05 13:17:00,SYNTHETIC_DEMO
DON-02194,REST-TG16-074,Medak,Vegetable Biryani,biryani,33,meals,vegetarian,2026-10-05 01:00:00,2026-10-05 09:00:00,refrigerated,AT_RISK,2026-10-05 00:43:00,SYNTHETIC_DEMO
DON-02195,REST-TG17-091,Medchal-Malkajgiri,Packaged Meals,packaged_food,51,meals,vegetarian,2026-10-02 00:00:00,2026-10-02 06:00:00,refrigerated,AT_RISK,2026-10-01 23:22:00,SYNTHETIC_DEMO
DON-02196,REST-TG18-025,Mulugu,Packaged Meals,packaged_food,34,meals,vegetarian,2026-10-04 01:00:00,2026-10-04 05:00:00,hot_holding,AVAILABLE,2026-10-04 00:40:00,SYNTHETIC_DEMO
DON-02197,REST-TG19-139,Nagarkurnool,Vegetable Pulao,pulao,31,meals,vegetarian,2026-09-27 19:00:00,2026-09-27 21:00:00,ambient,AT_RISK,2026-09-27 18:37:00,SYNTHETIC_DEMO
DON-02198,REST-TG20-027,Nalgonda,Fresh Bread,bread,88,meals,vegetarian,2026-10-03 12:00:00,2026-10-03 18:00:00,ambient,AT_RISK,2026-10-03 11:35:00,SYNTHETIC_DEMO
DON-02199,REST-TG21-070,Narayanpet,Vegetable Pulao,pulao,47,meals,non_vegetarian,2026-10-01 17:00:00,2026-10-01 21:00:00,refrigerated,AVAILABLE,2026-10-01 16:00:00,SYNTHETIC_DEMO
DON-02200,REST-TG22-053,Nirmal,Prepared Meal,cooked_meal,31,meals,vegetarian,2026-10-04 21:00:00,2026-10-05 05:00:00,hot_holding,AVAILABLE,2026-10-04 20:29:00,SYNTHETIC_DEMO
DON-02201,REST-TG23-052,Nizamabad,Vegetable Pulao,pulao,11,meals,vegetarian,2026-10-04 12:00:00,2026-10-04 20:00:00,hot_holding,AT_RISK,2026-10-04 11:03:00,SYNTHETIC_DEMO
DON-02202,REST-TG24-097,Peddapalli,Packaged Meals,packaged_food,55,meals,non_vegetarian,2026-10-02 18:00:00,2026-10-02 20:00:00,hot_holding,URGENT,2026-10-02 17:14:00,SYNTHETIC_DEMO
DON-02203,REST-TG25-041,Rajanna Sircilla,Steamed Rice,rice,81,meals,vegetarian,2026-10-02 10:00:00,2026-10-02 13:00:00,ambient,AT_RISK,2026-10-02 09:45:00,SYNTHETIC_DEMO
DON-02204,REST-TG26-106,Rangareddy,Fresh Bread,bread,13,meals,vegan,2026-09-28 01:00:00,2026-09-28 06:00:00,refrigerated,AT_RISK,2026-09-28 00:54:00,SYNTHETIC_DEMO
DON-02205,REST-TG27-053,Sangareddy,Steamed Rice,rice,14,meals,vegetarian,2026-10-06 00:00:00,2026-10-06 06:00:00,hot_holding,URGENT,2026-10-05 23:36:00,SYNTHETIC_DEMO
DON-02206,REST-TG28-087,Siddipet,Dal,dal,69,meals,vegetarian,2026-10-02 09:00:00,2026-10-02 13:00:00,ambient,AT_RISK,2026-10-02 08:24:00,SYNTHETIC_DEMO
DON-02207,REST-TG29-050,Suryapet,Veg Sandwich,sandwich,97,meals,vegetarian,2026-09-29 02:00:00,2026-09-29 04:00:00,hot_holding,URGENT,2026-09-29 01:41:00,SYNTHETIC_DEMO
DON-02208,REST-TG30-046,Vikarabad,Vegetable Pulao,pulao,21,meals,non_vegetarian,2026-09-30 17:00:00,2026-09-30 20:00:00,hot_holding,AVAILABLE,2026-09-30 16:34:00,SYNTHETIC_DEMO
DON-02209,REST-TG31-029,Wanaparthy,Mixed Vegetables,vegetables,71,meals,non_vegetarian,2026-09-26 22:00:00,2026-09-27 02:00:00,refrigerated,RESCUED,2026-09-26 21:17:00,SYNTHETIC_DEMO
DON-02210,REST-TG32-018,Warangal,Fresh Bread,bread,25,meals,vegetarian,2026-10-04 07:00:00,2026-10-04 12:00:00,ambient,AT_RISK,2026-10-04 06:30:00,SYNTHETIC_DEMO
DON-02211,REST-TG33-048,Yadadri Bhuvanagiri,Dal,dal,47,meals,vegetarian,2026-09-28 01:00:00,2026-09-28 06:00:00,ambient,RESCUED,2026-09-28 00:00:00,SYNTHETIC_DEMO
DON-02212,REST-TG01-056,Adilabad,Vegetable Biryani,biryani,64,meals,vegan,2026-10-04 10:00:00,2026-10-04 12:00:00,hot_holding,URGENT,2026-10-04 09:53:00,SYNTHETIC_DEMO
DON-02213,REST-TG02-098,Bhadradri Kothagudem,Mixed Vegetables,vegetables,100,meals,vegetarian,2026-10-02 06:00:00,2026-10-02 11:00:00,ambient,AVAILABLE,2026-10-02 05:54:00,SYNTHETIC_DEMO
DON-02214,REST-TG03-101,Hanumakonda,Bakery Items,bakery,45,meals,vegetarian,2026-09-29 19:00:00,2026-09-29 21:00:00,hot_holding,URGENT,2026-09-29 18:10:00,SYNTHETIC_DEMO
DON-02215,REST-TG04-069,Hyderabad,Prepared Meal,cooked_meal,94,meals,egg,2026-09-29 16:00:00,2026-09-29 21:00:00,hot_holding,AT_RISK,2026-09-29 15:20:00,SYNTHETIC_DEMO
DON-02216,REST-TG05-011,Jagtial,Steamed Rice,rice,65,meals,vegan,2026-09-27 12:00:00,2026-09-27 14:00:00,refrigerated,AT_RISK,2026-09-27 11:40:00,SYNTHETIC_DEMO
DON-02217,REST-TG06-080,Jangaon,Veg Sandwich,sandwich,85,meals,vegetarian,2026-10-05 20:00:00,2026-10-05 23:00:00,refrigerated,AVAILABLE,2026-10-05 19:42:00,SYNTHETIC_DEMO
DON-02218,REST-TG07-138,Jayashankar Bhupalpally,Prepared Meal,cooked_meal,97,meals,vegetarian,2026-09-28 11:00:00,2026-09-28 14:00:00,hot_holding,AT_RISK,2026-09-28 10:04:00,SYNTHETIC_DEMO
DON-02219,REST-TG08-112,Jogulamba Gadwal,Mixed Vegetables,vegetables,41,meals,vegetarian,2026-09-30 01:00:00,2026-09-30 09:00:00,refrigerated,RESCUED,2026-09-30 00:02:00,SYNTHETIC_DEMO
DON-02220,REST-TG09-057,Kamareddy,Prepared Meal,cooked_meal,94,meals,vegetarian,2026-10-04 16:00:00,2026-10-04 19:00:00,refrigerated,RESCUED,2026-10-04 15:40:00,SYNTHETIC_DEMO
DON-02221,REST-TG10-148,Karimnagar,Veg Sandwich,sandwich,20,meals,vegetarian,2026-10-03 09:00:00,2026-10-03 15:00:00,ambient,AT_RISK,2026-10-03 08:45:00,SYNTHETIC_DEMO
DON-02222,REST-TG11-119,Khammam,Fresh Fruit,fruits,24,meals,egg,2026-09-29 00:00:00,2026-09-29 03:00:00,ambient,AVAILABLE,2026-09-28 23:40:00,SYNTHETIC_DEMO
DON-02223,REST-TG12-101,Kumuram Bheem,Prepared Meal,cooked_meal,30,meals,egg,2026-09-29 11:00:00,2026-09-29 17:00:00,ambient,AVAILABLE,2026-09-29 10:21:00,SYNTHETIC_DEMO
DON-02224,REST-TG13-096,Mahabubabad,Vegetable Pulao,pulao,12,meals,vegetarian,2026-09-30 08:00:00,2026-09-30 13:00:00,refrigerated,RESCUED,2026-09-30 07:24:00,SYNTHETIC_DEMO
DON-02225,REST-TG14-030,Mahabubnagar,Veg Sandwich,sandwich,87,meals,vegetarian,2026-10-04 23:00:00,2026-10-05 07:00:00,hot_holding,AVAILABLE,2026-10-04 22:17:00,SYNTHETIC_DEMO
DON-02226,REST-TG15-016,Mancherial,Steamed Rice,rice,82,meals,non_vegetarian,2026-09-26 20:00:00,2026-09-27 04:00:00,refrigerated,RESCUED,2026-09-26 19:54:00,SYNTHETIC_DEMO
DON-02227,REST-TG16-064,Medak,Prepared Meal,cooked_meal,49,meals,vegetarian,2026-09-28 06:00:00,2026-09-28 10:00:00,ambient,URGENT,2026-09-28 05:48:00,SYNTHETIC_DEMO
DON-02228,REST-TG17-124,Medchal-Malkajgiri,Fresh Fruit,fruits,92,meals,egg,2026-10-05 15:00:00,2026-10-05 19:00:00,hot_holding,AT_RISK,2026-10-05 14:14:00,SYNTHETIC_DEMO
DON-02229,REST-TG18-012,Mulugu,Mixed Vegetables,vegetables,34,meals,vegetarian,2026-09-29 09:00:00,2026-09-29 14:00:00,refrigerated,RESCUED,2026-09-29 08:39:00,SYNTHETIC_DEMO
DON-02230,REST-TG19-129,Nagarkurnool,Prepared Meal,cooked_meal,34,meals,vegetarian,2026-09-30 23:00:00,2026-10-01 03:00:00,refrigerated,RESCUED,2026-09-30 22:08:00,SYNTHETIC_DEMO
DON-02231,REST-TG20-043,Nalgonda,Mixed Vegetables,vegetables,87,meals,vegetarian,2026-09-30 12:00:00,2026-09-30 18:00:00,ambient,AVAILABLE,2026-09-30 11:20:00,SYNTHETIC_DEMO
DON-02232,REST-TG21-108,Narayanpet,Mixed Vegetables,vegetables,75,meals,vegetarian,2026-09-28 17:00:00,2026-09-28 23:00:00,refrigerated,RESCUED,2026-09-28 16:20:00,SYNTHETIC_DEMO
DON-02233,REST-TG22-148,Nirmal,Fresh Bread,bread,82,meals,vegetarian,2026-09-30 00:00:00,2026-09-30 05:00:00,ambient,AVAILABLE,2026-09-29 23:07:00,SYNTHETIC_DEMO
DON-02234,REST-TG23-085,Nizamabad,Veg Sandwich,sandwich,83,meals,non_vegetarian,2026-09-28 12:00:00,2026-09-28 20:00:00,ambient,AT_RISK,2026-09-28 11:39:00,SYNTHETIC_DEMO
DON-02235,REST-TG24-105,Peddapalli,Prepared Meal,cooked_meal,13,meals,vegan,2026-09-27 04:00:00,2026-09-27 12:00:00,ambient,AVAILABLE,2026-09-27 03:24:00,SYNTHETIC_DEMO
DON-02236,REST-TG25-120,Rajanna Sircilla,Roti,roti,74,meals,vegetarian,2026-09-29 00:00:00,2026-09-29 05:00:00,hot_holding,AVAILABLE,2026-09-28 23:12:00,SYNTHETIC_DEMO
DON-02237,REST-TG26-048,Rangareddy,Veg Sandwich,sandwich,78,meals,egg,2026-09-26 15:00:00,2026-09-26 20:00:00,refrigerated,AVAILABLE,2026-09-26 14:33:00,SYNTHETIC_DEMO
DON-02238,REST-TG27-035,Sangareddy,Fresh Fruit,fruits,62,meals,non_vegetarian,2026-10-01 05:00:00,2026-10-01 10:00:00,refrigerated,AT_RISK,2026-10-01 04:34:00,SYNTHETIC_DEMO
DON-02239,REST-TG28-047,Siddipet,Packaged Meals,packaged_food,72,meals,vegetarian,2026-09-26 15:00:00,2026-09-26 23:00:00,refrigerated,AT_RISK,2026-09-26 14:47:00,SYNTHETIC_DEMO
DON-02240,REST-TG29-001,Suryapet,Vegetable Pulao,pulao,46,meals,vegetarian,2026-10-03 16:00:00,2026-10-03 18:00:00,ambient,AT_RISK,2026-10-03 15:39:00,SYNTHETIC_DEMO
DON-02241,REST-TG30-018,Vikarabad,Prepared Meal,cooked_meal,92,meals,vegetarian,2026-10-02 16:00:00,2026-10-02 19:00:00,refrigerated,AVAILABLE,2026-10-02 15:07:00,SYNTHETIC_DEMO
DON-02242,REST-TG31-121,Wanaparthy,Prepared Meal,cooked_meal,83,meals,vegan,2026-09-29 14:00:00,2026-09-29 20:00:00,ambient,AVAILABLE,2026-09-29 13:42:00,SYNTHETIC_DEMO
DON-02243,REST-TG32-148,Warangal,Vegetable Pulao,pulao,59,meals,non_vegetarian,2026-10-03 12:00:00,2026-10-03 15:00:00,ambient,AT_RISK,2026-10-03 11:20:00,SYNTHETIC_DEMO
DON-02244,REST-TG33-031,Yadadri Bhuvanagiri,Dal,dal,74,meals,vegan,2026-09-27 14:00:00,2026-09-27 20:00:00,ambient,RESCUED,2026-09-27 13:37:00,SYNTHETIC_DEMO
DON-02245,REST-TG01-108,Adilabad,Fresh Fruit,fruits,86,meals,vegan,2026-09-27 22:00:00,2026-09-28 04:00:00,refrigerated,AT_RISK,2026-09-27 21:43:00,SYNTHETIC_DEMO
DON-02246,REST-TG02-114,Bhadradri Kothagudem,Vegetable Biryani,biryani,75,meals,vegetarian,2026-09-29 11:00:00,2026-09-29 14:00:00,hot_holding,AT_RISK,2026-09-29 10:42:00,SYNTHETIC_DEMO
DON-02247,REST-TG03-095,Hanumakonda,Prepared Meal,cooked_meal,90,meals,non_vegetarian,2026-09-27 22:00:00,2026-09-28 03:00:00,ambient,RESCUED,2026-09-27 21:18:00,SYNTHETIC_DEMO
DON-02248,REST-TG04-063,Hyderabad,Mixed Vegetables,vegetables,83,meals,vegetarian,2026-10-05 21:00:00,2026-10-06 03:00:00,hot_holding,AVAILABLE,2026-10-05 20:19:00,SYNTHETIC_DEMO
DON-02249,REST-TG05-091,Jagtial,Fresh Fruit,fruits,92,meals,vegetarian,2026-09-29 07:00:00,2026-09-29 12:00:00,ambient,URGENT,2026-09-29 06:43:00,SYNTHETIC_DEMO
DON-02250,REST-TG06-035,Jangaon,Bakery Items,bakery,48,meals,vegetarian,2026-10-04 01:00:00,2026-10-04 04:00:00,ambient,AVAILABLE,2026-10-04 00:52:00,SYNTHETIC_DEMO
DON-02251,REST-TG07-015,Jayashankar Bhupalpally,Veg Sandwich,sandwich,46,meals,vegetarian,2026-09-26 18:00:00,2026-09-26 23:00:00,ambient,URGENT,2026-09-26 17:03:00,SYNTHETIC_DEMO
DON-02252,REST-TG08-039,Jogulamba Gadwal,Mixed Vegetables,vegetables,16,meals,vegetarian,2026-10-04 10:00:00,2026-10-04 13:00:00,ambient,URGENT,2026-10-04 09:38:00,SYNTHETIC_DEMO
DON-02253,REST-TG09-070,Kamareddy,Packaged Meals,packaged_food,33,meals,vegetarian,2026-09-27 19:00:00,2026-09-28 00:00:00,hot_holding,AVAILABLE,2026-09-27 18:18:00,SYNTHETIC_DEMO
DON-02254,REST-TG10-081,Karimnagar,Fresh Bread,bread,75,meals,egg,2026-10-01 05:00:00,2026-10-01 10:00:00,refrigerated,AVAILABLE,2026-10-01 04:03:00,SYNTHETIC_DEMO
DON-02255,REST-TG11-103,Khammam,Roti,roti,74,meals,vegetarian,2026-10-02 04:00:00,2026-10-02 07:00:00,hot_holding,AT_RISK,2026-10-02 03:12:00,SYNTHETIC_DEMO
DON-02256,REST-TG12-146,Kumuram Bheem,Fresh Bread,bread,57,meals,non_vegetarian,2026-09-29 18:00:00,2026-09-29 20:00:00,ambient,AT_RISK,2026-09-29 17:45:00,SYNTHETIC_DEMO
DON-02257,REST-TG13-103,Mahabubabad,Fresh Fruit,fruits,46,meals,vegetarian,2026-10-04 11:00:00,2026-10-04 14:00:00,refrigerated,AVAILABLE,2026-10-04 10:31:00,SYNTHETIC_DEMO
DON-02258,REST-TG14-133,Mahabubnagar,Roti,roti,30,meals,non_vegetarian,2026-09-28 13:00:00,2026-09-28 16:00:00,ambient,AVAILABLE,2026-09-28 12:16:00,SYNTHETIC_DEMO
DON-02259,REST-TG15-104,Mancherial,Steamed Rice,rice,82,meals,non_vegetarian,2026-09-26 16:00:00,2026-09-26 18:00:00,ambient,RESCUED,2026-09-26 15:23:00,SYNTHETIC_DEMO
DON-02260,REST-TG16-027,Medak,Dal,dal,80,meals,vegetarian,2026-10-06 06:00:00,2026-10-06 10:00:00,hot_holding,URGENT,2026-10-06 05:49:00,SYNTHETIC_DEMO
DON-02261,REST-TG17-125,Medchal-Malkajgiri,Veg Sandwich,sandwich,91,meals,vegetarian,2026-09-29 23:00:00,2026-09-30 03:00:00,ambient,AT_RISK,2026-09-29 22:45:00,SYNTHETIC_DEMO
DON-02262,REST-TG18-026,Mulugu,Prepared Meal,cooked_meal,31,meals,non_vegetarian,2026-10-03 00:00:00,2026-10-03 05:00:00,refrigerated,RESCUED,2026-10-02 23:21:00,SYNTHETIC_DEMO
DON-02263,REST-TG19-011,Nagarkurnool,Packaged Meals,packaged_food,31,meals,vegetarian,2026-10-04 13:00:00,2026-10-04 16:00:00,refrigerated,AT_RISK,2026-10-04 12:16:00,SYNTHETIC_DEMO
DON-02264,REST-TG20-055,Nalgonda,Steamed Rice,rice,10,meals,vegetarian,2026-09-29 04:00:00,2026-09-29 09:00:00,refrigerated,RESCUED,2026-09-29 03:08:00,SYNTHETIC_DEMO
DON-02265,REST-TG21-142,Narayanpet,Roti,roti,28,meals,vegetarian,2026-09-29 03:00:00,2026-09-29 08:00:00,refrigerated,RESCUED,2026-09-29 02:09:00,SYNTHETIC_DEMO
DON-02266,REST-TG22-012,Nirmal,Veg Sandwich,sandwich,67,meals,vegetarian,2026-09-30 06:00:00,2026-09-30 14:00:00,refrigerated,URGENT,2026-09-30 05:10:00,SYNTHETIC_DEMO
DON-02267,REST-TG23-148,Nizamabad,Roti,roti,11,meals,vegetarian,2026-10-02 17:00:00,2026-10-03 01:00:00,hot_holding,RESCUED,2026-10-02 16:05:00,SYNTHETIC_DEMO
DON-02268,REST-TG24-145,Peddapalli,Packaged Meals,packaged_food,55,meals,vegetarian,2026-09-28 15:00:00,2026-09-28 23:00:00,hot_holding,AVAILABLE,2026-09-28 14:40:00,SYNTHETIC_DEMO
DON-02269,REST-TG25-101,Rajanna Sircilla,Veg Sandwich,sandwich,56,meals,non_vegetarian,2026-09-29 14:00:00,2026-09-29 17:00:00,refrigerated,AT_RISK,2026-09-29 13:16:00,SYNTHETIC_DEMO
DON-02270,REST-TG26-063,Rangareddy,Fresh Bread,bread,40,meals,vegan,2026-09-28 19:00:00,2026-09-29 01:00:00,refrigerated,RESCUED,2026-09-28 18:05:00,SYNTHETIC_DEMO
DON-02271,REST-TG27-101,Sangareddy,Vegetable Pulao,pulao,49,meals,vegetarian,2026-09-30 19:00:00,2026-09-30 22:00:00,hot_holding,URGENT,2026-09-30 18:43:00,SYNTHETIC_DEMO
DON-02272,REST-TG28-075,Siddipet,Bakery Items,bakery,50,meals,vegetarian,2026-10-05 05:00:00,2026-10-05 11:00:00,hot_holding,RESCUED,2026-10-05 04:25:00,SYNTHETIC_DEMO
DON-02273,REST-TG29-080,Suryapet,Fresh Fruit,fruits,24,meals,vegetarian,2026-10-02 06:00:00,2026-10-02 10:00:00,ambient,RESCUED,2026-10-02 05:47:00,SYNTHETIC_DEMO
DON-02274,REST-TG30-113,Vikarabad,Vegetable Biryani,biryani,86,meals,vegetarian,2026-10-05 17:00:00,2026-10-05 21:00:00,ambient,RESCUED,2026-10-05 16:16:00,SYNTHETIC_DEMO
DON-02275,REST-TG31-023,Wanaparthy,Veg Sandwich,sandwich,70,meals,non_vegetarian,2026-10-03 09:00:00,2026-10-03 17:00:00,ambient,AVAILABLE,2026-10-03 08:49:00,SYNTHETIC_DEMO
DON-02276,REST-TG32-071,Warangal,Vegetable Biryani,biryani,10,meals,vegetarian,2026-10-05 06:00:00,2026-10-05 14:00:00,ambient,RESCUED,2026-10-05 05:17:00,SYNTHETIC_DEMO
DON-02277,REST-TG33-084,Yadadri Bhuvanagiri,Vegetable Biryani,biryani,12,meals,vegetarian,2026-09-29 13:00:00,2026-09-29 17:00:00,ambient,AVAILABLE,2026-09-29 12:02:00,SYNTHETIC_DEMO
DON-02278,REST-TG01-086,Adilabad,Roti,roti,41,meals,vegetarian,2026-09-30 17:00:00,2026-09-30 21:00:00,ambient,RESCUED,2026-09-30 16:35:00,SYNTHETIC_DEMO
DON-02279,REST-TG02-017,Bhadradri Kothagudem,Roti,roti,11,meals,vegetarian,2026-09-29 16:00:00,2026-09-29 18:00:00,ambient,RESCUED,2026-09-29 15:19:00,SYNTHETIC_DEMO
DON-02280,REST-TG03-045,Hanumakonda,Fresh Bread,bread,30,meals,vegetarian,2026-10-01 04:00:00,2026-10-01 08:00:00,ambient,AT_RISK,2026-10-01 03:25:00,SYNTHETIC_DEMO
DON-02281,REST-TG04-065,Hyderabad,Prepared Meal,cooked_meal,11,meals,vegetarian,2026-09-30 22:00:00,2026-10-01 04:00:00,refrigerated,RESCUED,2026-09-30 21:51:00,SYNTHETIC_DEMO
DON-02282,REST-TG05-072,Jagtial,Roti,roti,89,meals,vegetarian,2026-10-04 11:00:00,2026-10-04 17:00:00,refrigerated,AVAILABLE,2026-10-04 10:04:00,SYNTHETIC_DEMO
DON-02283,REST-TG06-022,Jangaon,Fresh Fruit,fruits,96,meals,vegetarian,2026-10-02 02:00:00,2026-10-02 07:00:00,ambient,RESCUED,2026-10-02 01:18:00,SYNTHETIC_DEMO
DON-02284,REST-TG07-027,Jayashankar Bhupalpally,Fresh Bread,bread,74,meals,vegetarian,2026-09-30 22:00:00,2026-10-01 03:00:00,ambient,AT_RISK,2026-09-30 21:15:00,SYNTHETIC_DEMO
DON-02285,REST-TG08-006,Jogulamba Gadwal,Steamed Rice,rice,99,meals,non_vegetarian,2026-09-30 09:00:00,2026-09-30 15:00:00,ambient,URGENT,2026-09-30 08:28:00,SYNTHETIC_DEMO
DON-02286,REST-TG09-050,Kamareddy,Fresh Fruit,fruits,35,meals,egg,2026-10-05 13:00:00,2026-10-05 19:00:00,hot_holding,AT_RISK,2026-10-05 12:45:00,SYNTHETIC_DEMO
DON-02287,REST-TG10-141,Karimnagar,Dal,dal,12,meals,vegetarian,2026-09-29 20:00:00,2026-09-29 23:00:00,ambient,AT_RISK,2026-09-29 19:43:00,SYNTHETIC_DEMO
DON-02288,REST-TG11-082,Khammam,Steamed Rice,rice,93,meals,vegetarian,2026-10-05 20:00:00,2026-10-06 00:00:00,hot_holding,AVAILABLE,2026-10-05 19:12:00,SYNTHETIC_DEMO
DON-02289,REST-TG12-114,Kumuram Bheem,Roti,roti,35,meals,vegetarian,2026-10-05 13:00:00,2026-10-05 18:00:00,hot_holding,AT_RISK,2026-10-05 12:19:00,SYNTHETIC_DEMO
DON-02290,REST-TG13-015,Mahabubabad,Fresh Fruit,fruits,22,meals,non_vegetarian,2026-10-01 20:00:00,2026-10-02 04:00:00,refrigerated,AVAILABLE,2026-10-01 19:50:00,SYNTHETIC_DEMO
DON-02291,REST-TG14-079,Mahabubnagar,Fresh Bread,bread,94,meals,vegetarian,2026-09-29 17:00:00,2026-09-29 22:00:00,ambient,AVAILABLE,2026-09-29 16:10:00,SYNTHETIC_DEMO
DON-02292,REST-TG15-065,Mancherial,Veg Sandwich,sandwich,84,meals,non_vegetarian,2026-10-04 19:00:00,2026-10-04 23:00:00,hot_holding,RESCUED,2026-10-04 18:24:00,SYNTHETIC_DEMO
DON-02293,REST-TG16-087,Medak,Dal,dal,75,meals,vegetarian,2026-09-29 16:00:00,2026-09-29 21:00:00,ambient,AT_RISK,2026-09-29 15:27:00,SYNTHETIC_DEMO
DON-02294,REST-TG17-137,Medchal-Malkajgiri,Bakery Items,bakery,48,meals,vegetarian,2026-09-26 20:00:00,2026-09-27 02:00:00,ambient,AT_RISK,2026-09-26 19:49:00,SYNTHETIC_DEMO
DON-02295,REST-TG18-002,Mulugu,Prepared Meal,cooked_meal,91,meals,egg,2026-09-29 08:00:00,2026-09-29 12:00:00,ambient,AVAILABLE,2026-09-29 07:50:00,SYNTHETIC_DEMO
DON-02296,REST-TG19-077,Nagarkurnool,Steamed Rice,rice,73,meals,non_vegetarian,2026-09-29 07:00:00,2026-09-29 15:00:00,ambient,AVAILABLE,2026-09-29 06:28:00,SYNTHETIC_DEMO
DON-02297,REST-TG20-080,Nalgonda,Veg Sandwich,sandwich,83,meals,non_vegetarian,2026-10-01 21:00:00,2026-10-02 05:00:00,ambient,RESCUED,2026-10-01 20:48:00,SYNTHETIC_DEMO
DON-02298,REST-TG21-033,Narayanpet,Vegetable Biryani,biryani,21,meals,vegetarian,2026-10-05 14:00:00,2026-10-05 22:00:00,refrigerated,RESCUED,2026-10-05 13:17:00,SYNTHETIC_DEMO
DON-02299,REST-TG22-062,Nirmal,Prepared Meal,cooked_meal,10,meals,non_vegetarian,2026-09-27 09:00:00,2026-09-27 13:00:00,hot_holding,AVAILABLE,2026-09-27 08:25:00,SYNTHETIC_DEMO
DON-02300,REST-TG23-082,Nizamabad,Fresh Bread,bread,29,meals,vegetarian,2026-09-27 02:00:00,2026-09-27 05:00:00,ambient,URGENT,2026-09-27 01:14:00,SYNTHETIC_DEMO
DON-02301,REST-TG24-059,Peddapalli,Mixed Vegetables,vegetables,92,meals,vegetarian,2026-09-27 05:00:00,2026-09-27 09:00:00,refrigerated,AVAILABLE,2026-09-27 04:03:00,SYNTHETIC_DEMO
DON-02302,REST-TG25-038,Rajanna Sircilla,Packaged Meals,packaged_food,72,meals,non_vegetarian,2026-10-01 11:00:00,2026-10-01 16:00:00,refrigerated,AT_RISK,2026-10-01 10:52:00,SYNTHETIC_DEMO
DON-02303,REST-TG26-119,Rangareddy,Veg Sandwich,sandwich,21,meals,vegetarian,2026-10-02 10:00:00,2026-10-02 14:00:00,hot_holding,URGENT,2026-10-02 09:38:00,SYNTHETIC_DEMO
DON-02304,REST-TG27-088,Sangareddy,Packaged Meals,packaged_food,41,meals,vegetarian,2026-10-02 09:00:00,2026-10-02 17:00:00,hot_holding,AVAILABLE,2026-10-02 08:07:00,SYNTHETIC_DEMO
DON-02305,REST-TG28-124,Siddipet,Fresh Bread,bread,75,meals,vegetarian,2026-10-06 03:00:00,2026-10-06 11:00:00,ambient,AVAILABLE,2026-10-06 02:35:00,SYNTHETIC_DEMO
DON-02306,REST-TG29-118,Suryapet,Vegetable Biryani,biryani,41,meals,egg,2026-09-27 21:00:00,2026-09-28 02:00:00,ambient,URGENT,2026-09-27 20:11:00,SYNTHETIC_DEMO
DON-02307,REST-TG30-021,Vikarabad,Steamed Rice,rice,76,meals,vegetarian,2026-10-03 22:00:00,2026-10-04 01:00:00,hot_holding,AT_RISK,2026-10-03 21:01:00,SYNTHETIC_DEMO
DON-02308,REST-TG31-066,Wanaparthy,Mixed Vegetables,vegetables,92,meals,vegetarian,2026-09-27 10:00:00,2026-09-27 18:00:00,hot_holding,URGENT,2026-09-27 09:45:00,SYNTHETIC_DEMO
DON-02309,REST-TG32-038,Warangal,Bakery Items,bakery,78,meals,vegetarian,2026-09-28 06:00:00,2026-09-28 12:00:00,ambient,RESCUED,2026-09-28 05:07:00,SYNTHETIC_DEMO
DON-02310,REST-TG33-006,Yadadri Bhuvanagiri,Prepared Meal,cooked_meal,80,meals,vegan,2026-10-02 03:00:00,2026-10-02 05:00:00,hot_holding,AT_RISK,2026-10-02 02:49:00,SYNTHETIC_DEMO
DON-02311,REST-TG01-045,Adilabad,Bakery Items,bakery,45,meals,vegetarian,2026-10-05 00:00:00,2026-10-05 02:00:00,ambient,AVAILABLE,2026-10-04 23:38:00,SYNTHETIC_DEMO
DON-02312,REST-TG02-144,Bhadradri Kothagudem,Bakery Items,bakery,72,meals,vegetarian,2026-10-02 01:00:00,2026-10-02 04:00:00,ambient,AVAILABLE,2026-10-02 00:25:00,SYNTHETIC_DEMO
DON-02313,REST-TG03-134,Hanumakonda,Bakery Items,bakery,42,meals,vegetarian,2026-10-04 05:00:00,2026-10-04 07:00:00,hot_holding,AT_RISK,2026-10-04 04:08:00,SYNTHETIC_DEMO
DON-02314,REST-TG04-002,Hyderabad,Packaged Meals,packaged_food,60,meals,vegetarian,2026-09-27 00:00:00,2026-09-27 06:00:00,hot_holding,AVAILABLE,2026-09-26 23:27:00,SYNTHETIC_DEMO
DON-02315,REST-TG05-029,Jagtial,Steamed Rice,rice,61,meals,egg,2026-09-26 19:00:00,2026-09-26 21:00:00,refrigerated,AT_RISK,2026-09-26 18:03:00,SYNTHETIC_DEMO
DON-02316,REST-TG06-026,Jangaon,Dal,dal,87,meals,vegetarian,2026-10-04 10:00:00,2026-10-04 15:00:00,refrigerated,AVAILABLE,2026-10-04 09:30:00,SYNTHETIC_DEMO
DON-02317,REST-TG07-001,Jayashankar Bhupalpally,Steamed Rice,rice,27,meals,vegetarian,2026-09-28 12:00:00,2026-09-28 14:00:00,refrigerated,AT_RISK,2026-09-28 11:07:00,SYNTHETIC_DEMO
DON-02318,REST-TG08-106,Jogulamba Gadwal,Dal,dal,53,meals,vegetarian,2026-09-27 13:00:00,2026-09-27 15:00:00,refrigerated,AT_RISK,2026-09-27 12:50:00,SYNTHETIC_DEMO
DON-02319,REST-TG09-011,Kamareddy,Prepared Meal,cooked_meal,84,meals,vegetarian,2026-09-28 23:00:00,2026-09-29 05:00:00,refrigerated,AVAILABLE,2026-09-28 22:06:00,SYNTHETIC_DEMO
DON-02320,REST-TG10-091,Karimnagar,Steamed Rice,rice,80,meals,vegetarian,2026-10-04 21:00:00,2026-10-05 02:00:00,hot_holding,AVAILABLE,2026-10-04 20:12:00,SYNTHETIC_DEMO
DON-02321,REST-TG11-099,Khammam,Roti,roti,46,meals,vegetarian,2026-09-26 12:00:00,2026-09-26 16:00:00,refrigerated,AVAILABLE,2026-09-26 11:22:00,SYNTHETIC_DEMO
DON-02322,REST-TG12-084,Kumuram Bheem,Vegetable Pulao,pulao,66,meals,egg,2026-10-02 17:00:00,2026-10-03 01:00:00,hot_holding,AVAILABLE,2026-10-02 16:08:00,SYNTHETIC_DEMO
DON-02323,REST-TG13-014,Mahabubabad,Veg Sandwich,sandwich,23,meals,vegetarian,2026-10-01 20:00:00,2026-10-01 22:00:00,hot_holding,RESCUED,2026-10-01 19:31:00,SYNTHETIC_DEMO
DON-02324,REST-TG14-093,Mahabubnagar,Veg Sandwich,sandwich,77,meals,vegetarian,2026-10-02 22:00:00,2026-10-03 01:00:00,ambient,AT_RISK,2026-10-02 21:01:00,SYNTHETIC_DEMO
DON-02325,REST-TG15-100,Mancherial,Vegetable Biryani,biryani,64,meals,non_vegetarian,2026-09-28 19:00:00,2026-09-29 03:00:00,refrigerated,AVAILABLE,2026-09-28 18:23:00,SYNTHETIC_DEMO
DON-02326,REST-TG16-050,Medak,Fresh Fruit,fruits,11,meals,non_vegetarian,2026-10-05 04:00:00,2026-10-05 06:00:00,refrigerated,URGENT,2026-10-05 03:18:00,SYNTHETIC_DEMO
DON-02327,REST-TG17-006,Medchal-Malkajgiri,Bakery Items,bakery,99,meals,vegan,2026-10-03 22:00:00,2026-10-04 06:00:00,refrigerated,AT_RISK,2026-10-03 21:41:00,SYNTHETIC_DEMO
DON-02328,REST-TG18-128,Mulugu,Mixed Vegetables,vegetables,61,meals,vegetarian,2026-09-27 08:00:00,2026-09-27 12:00:00,refrigerated,AT_RISK,2026-09-27 07:15:00,SYNTHETIC_DEMO
DON-02329,REST-TG19-065,Nagarkurnool,Steamed Rice,rice,62,meals,vegetarian,2026-09-30 19:00:00,2026-09-30 23:00:00,ambient,AVAILABLE,2026-09-30 18:37:00,SYNTHETIC_DEMO
DON-02330,REST-TG20-064,Nalgonda,Roti,roti,84,meals,vegan,2026-10-02 01:00:00,2026-10-02 09:00:00,refrigerated,AT_RISK,2026-10-02 00:29:00,SYNTHETIC_DEMO
DON-02331,REST-TG21-050,Narayanpet,Prepared Meal,cooked_meal,73,meals,vegetarian,2026-10-04 19:00:00,2026-10-05 00:00:00,refrigerated,AVAILABLE,2026-10-04 18:30:00,SYNTHETIC_DEMO
DON-02332,REST-TG22-150,Nirmal,Mixed Vegetables,vegetables,30,meals,vegan,2026-09-26 12:00:00,2026-09-26 18:00:00,refrigerated,RESCUED,2026-09-26 11:41:00,SYNTHETIC_DEMO
DON-02333,REST-TG23-077,Nizamabad,Fresh Fruit,fruits,98,meals,egg,2026-10-04 16:00:00,2026-10-04 22:00:00,refrigerated,RESCUED,2026-10-04 15:53:00,SYNTHETIC_DEMO
DON-02334,REST-TG24-046,Peddapalli,Vegetable Pulao,pulao,10,meals,vegetarian,2026-10-04 13:00:00,2026-10-04 21:00:00,refrigerated,AT_RISK,2026-10-04 12:14:00,SYNTHETIC_DEMO
DON-02335,REST-TG25-067,Rajanna Sircilla,Dal,dal,29,meals,non_vegetarian,2026-09-27 01:00:00,2026-09-27 09:00:00,ambient,AVAILABLE,2026-09-27 00:43:00,SYNTHETIC_DEMO
DON-02336,REST-TG26-073,Rangareddy,Prepared Meal,cooked_meal,59,meals,vegetarian,2026-10-04 17:00:00,2026-10-04 21:00:00,hot_holding,AVAILABLE,2026-10-04 16:31:00,SYNTHETIC_DEMO
DON-02337,REST-TG27-083,Sangareddy,Vegetable Pulao,pulao,55,meals,vegetarian,2026-10-04 19:00:00,2026-10-05 01:00:00,hot_holding,URGENT,2026-10-04 18:52:00,SYNTHETIC_DEMO
DON-02338,REST-TG28-005,Siddipet,Mixed Vegetables,vegetables,80,meals,vegetarian,2026-10-01 17:00:00,2026-10-01 21:00:00,ambient,RESCUED,2026-10-01 16:55:00,SYNTHETIC_DEMO
DON-02339,REST-TG29-010,Suryapet,Bakery Items,bakery,71,meals,vegan,2026-10-01 07:00:00,2026-10-01 12:00:00,ambient,AT_RISK,2026-10-01 06:07:00,SYNTHETIC_DEMO
DON-02340,REST-TG30-019,Vikarabad,Fresh Fruit,fruits,12,meals,vegan,2026-09-30 16:00:00,2026-10-01 00:00:00,refrigerated,AVAILABLE,2026-09-30 15:25:00,SYNTHETIC_DEMO
DON-02341,REST-TG31-054,Wanaparthy,Mixed Vegetables,vegetables,71,meals,vegetarian,2026-10-01 07:00:00,2026-10-01 09:00:00,ambient,URGENT,2026-10-01 06:18:00,SYNTHETIC_DEMO
DON-02342,REST-TG32-040,Warangal,Vegetable Pulao,pulao,99,meals,vegetarian,2026-09-29 06:00:00,2026-09-29 14:00:00,hot_holding,AVAILABLE,2026-09-29 05:48:00,SYNTHETIC_DEMO
DON-02343,REST-TG33-021,Yadadri Bhuvanagiri,Steamed Rice,rice,67,meals,vegan,2026-10-04 16:00:00,2026-10-04 20:00:00,ambient,AT_RISK,2026-10-04 15:13:00,SYNTHETIC_DEMO
DON-02344,REST-TG01-080,Adilabad,Bakery Items,bakery,98,meals,non_vegetarian,2026-10-02 11:00:00,2026-10-02 19:00:00,ambient,AVAILABLE,2026-10-02 10:29:00,SYNTHETIC_DEMO
DON-02345,REST-TG02-124,Bhadradri Kothagudem,Roti,roti,73,meals,non_vegetarian,2026-09-30 14:00:00,2026-09-30 22:00:00,refrigerated,URGENT,2026-09-30 13:03:00,SYNTHETIC_DEMO
DON-02346,REST-TG03-056,Hanumakonda,Fresh Bread,bread,89,meals,vegan,2026-09-28 23:00:00,2026-09-29 01:00:00,refrigerated,RESCUED,2026-09-28 22:08:00,SYNTHETIC_DEMO
DON-02347,REST-TG04-024,Hyderabad,Vegetable Pulao,pulao,22,meals,vegetarian,2026-09-29 22:00:00,2026-09-30 00:00:00,hot_holding,AT_RISK,2026-09-29 21:16:00,SYNTHETIC_DEMO
DON-02348,REST-TG05-101,Jagtial,Veg Sandwich,sandwich,59,meals,vegetarian,2026-10-06 04:00:00,2026-10-06 12:00:00,hot_holding,RESCUED,2026-10-06 03:48:00,SYNTHETIC_DEMO
DON-02349,REST-TG06-043,Jangaon,Mixed Vegetables,vegetables,80,meals,vegan,2026-09-29 06:00:00,2026-09-29 11:00:00,ambient,RESCUED,2026-09-29 05:16:00,SYNTHETIC_DEMO
DON-02350,REST-TG07-127,Jayashankar Bhupalpally,Mixed Vegetables,vegetables,62,meals,non_vegetarian,2026-09-27 09:00:00,2026-09-27 17:00:00,refrigerated,AVAILABLE,2026-09-27 08:44:00,SYNTHETIC_DEMO
DON-02351,REST-TG08-140,Jogulamba Gadwal,Packaged Meals,packaged_food,91,meals,vegetarian,2026-10-06 00:00:00,2026-10-06 03:00:00,ambient,AT_RISK,2026-10-05 23:16:00,SYNTHETIC_DEMO
DON-02352,REST-TG09-114,Kamareddy,Vegetable Pulao,pulao,69,meals,vegetarian,2026-09-27 18:00:00,2026-09-28 00:00:00,refrigerated,AT_RISK,2026-09-27 17:53:00,SYNTHETIC_DEMO
DON-02353,REST-TG10-103,Karimnagar,Vegetable Biryani,biryani,42,meals,non_vegetarian,2026-09-30 03:00:00,2026-09-30 07:00:00,hot_holding,AVAILABLE,2026-09-30 02:13:00,SYNTHETIC_DEMO
DON-02354,REST-TG11-080,Khammam,Veg Sandwich,sandwich,89,meals,non_vegetarian,2026-10-02 04:00:00,2026-10-02 09:00:00,refrigerated,RESCUED,2026-10-02 03:27:00,SYNTHETIC_DEMO
DON-02355,REST-TG12-150,Kumuram Bheem,Vegetable Pulao,pulao,65,meals,non_vegetarian,2026-09-28 11:00:00,2026-09-28 15:00:00,hot_holding,URGENT,2026-09-28 10:35:00,SYNTHETIC_DEMO
DON-02356,REST-TG13-080,Mahabubabad,Veg Sandwich,sandwich,37,meals,vegetarian,2026-10-03 19:00:00,2026-10-03 21:00:00,refrigerated,AT_RISK,2026-10-03 18:47:00,SYNTHETIC_DEMO
DON-02357,REST-TG14-046,Mahabubnagar,Dal,dal,57,meals,non_vegetarian,2026-09-28 01:00:00,2026-09-28 03:00:00,hot_holding,RESCUED,2026-09-28 00:51:00,SYNTHETIC_DEMO
DON-02358,REST-TG15-079,Mancherial,Vegetable Biryani,biryani,14,meals,egg,2026-09-27 08:00:00,2026-09-27 16:00:00,hot_holding,AT_RISK,2026-09-27 07:13:00,SYNTHETIC_DEMO
DON-02359,REST-TG16-035,Medak,Packaged Meals,packaged_food,83,meals,vegetarian,2026-10-03 08:00:00,2026-10-03 16:00:00,ambient,AT_RISK,2026-10-03 07:55:00,SYNTHETIC_DEMO
DON-02360,REST-TG17-008,Medchal-Malkajgiri,Veg Sandwich,sandwich,51,meals,non_vegetarian,2026-09-29 02:00:00,2026-09-29 05:00:00,refrigerated,AVAILABLE,2026-09-29 01:21:00,SYNTHETIC_DEMO
DON-02361,REST-TG18-086,Mulugu,Steamed Rice,rice,85,meals,egg,2026-10-06 07:00:00,2026-10-06 13:00:00,hot_holding,RESCUED,2026-10-06 06:45:00,SYNTHETIC_DEMO
DON-02362,REST-TG19-143,Nagarkurnool,Prepared Meal,cooked_meal,47,meals,vegan,2026-10-02 20:00:00,2026-10-03 02:00:00,hot_holding,AT_RISK,2026-10-02 19:16:00,SYNTHETIC_DEMO
DON-02363,REST-TG20-034,Nalgonda,Veg Sandwich,sandwich,64,meals,vegetarian,2026-10-04 17:00:00,2026-10-04 19:00:00,refrigerated,AT_RISK,2026-10-04 16:54:00,SYNTHETIC_DEMO
DON-02364,REST-TG21-108,Narayanpet,Steamed Rice,rice,49,meals,vegetarian,2026-10-01 15:00:00,2026-10-01 23:00:00,refrigerated,AT_RISK,2026-10-01 14:48:00,SYNTHETIC_DEMO
DON-02365,REST-TG22-128,Nirmal,Fresh Fruit,fruits,10,meals,vegetarian,2026-10-02 21:00:00,2026-10-03 01:00:00,refrigerated,AT_RISK,2026-10-02 20:27:00,SYNTHETIC_DEMO
DON-02366,REST-TG23-130,Nizamabad,Veg Sandwich,sandwich,61,meals,vegan,2026-10-05 15:00:00,2026-10-05 20:00:00,refrigerated,AVAILABLE,2026-10-05 14:37:00,SYNTHETIC_DEMO
DON-02367,REST-TG24-129,Peddapalli,Fresh Bread,bread,49,meals,vegetarian,2026-09-27 07:00:00,2026-09-27 12:00:00,hot_holding,RESCUED,2026-09-27 06:54:00,SYNTHETIC_DEMO
DON-02368,REST-TG25-113,Rajanna Sircilla,Mixed Vegetables,vegetables,30,meals,vegetarian,2026-09-26 19:00:00,2026-09-27 00:00:00,refrigerated,AVAILABLE,2026-09-26 18:55:00,SYNTHETIC_DEMO
DON-02369,REST-TG26-022,Rangareddy,Dal,dal,62,meals,vegetarian,2026-09-26 13:00:00,2026-09-26 18:00:00,refrigerated,AVAILABLE,2026-09-26 12:30:00,SYNTHETIC_DEMO
DON-02370,REST-TG27-044,Sangareddy,Vegetable Pulao,pulao,80,meals,vegan,2026-10-03 20:00:00,2026-10-03 22:00:00,hot_holding,URGENT,2026-10-03 19:35:00,SYNTHETIC_DEMO
DON-02371,REST-TG28-033,Siddipet,Mixed Vegetables,vegetables,13,meals,non_vegetarian,2026-10-04 14:00:00,2026-10-04 17:00:00,refrigerated,URGENT,2026-10-04 13:22:00,SYNTHETIC_DEMO
DON-02372,REST-TG29-024,Suryapet,Vegetable Biryani,biryani,77,meals,vegetarian,2026-09-26 18:00:00,2026-09-26 23:00:00,ambient,AT_RISK,2026-09-26 17:45:00,SYNTHETIC_DEMO
DON-02373,REST-TG30-137,Vikarabad,Bakery Items,bakery,49,meals,egg,2026-09-29 06:00:00,2026-09-29 14:00:00,hot_holding,AT_RISK,2026-09-29 05:17:00,SYNTHETIC_DEMO
DON-02374,REST-TG31-087,Wanaparthy,Vegetable Pulao,pulao,25,meals,vegan,2026-10-03 18:00:00,2026-10-03 21:00:00,ambient,URGENT,2026-10-03 17:17:00,SYNTHETIC_DEMO
DON-02375,REST-TG32-077,Warangal,Vegetable Pulao,pulao,67,meals,vegetarian,2026-09-27 05:00:00,2026-09-27 10:00:00,refrigerated,RESCUED,2026-09-27 04:47:00,SYNTHETIC_DEMO
DON-02376,REST-TG33-098,Yadadri Bhuvanagiri,Dal,dal,38,meals,vegetarian,2026-10-01 09:00:00,2026-10-01 17:00:00,hot_holding,AVAILABLE,2026-10-01 08:31:00,SYNTHETIC_DEMO
DON-02377,REST-TG01-064,Adilabad,Mixed Vegetables,vegetables,10,meals,egg,2026-10-02 03:00:00,2026-10-02 05:00:00,ambient,AVAILABLE,2026-10-02 02:55:00,SYNTHETIC_DEMO
DON-02378,REST-TG02-126,Bhadradri Kothagudem,Vegetable Biryani,biryani,68,meals,non_vegetarian,2026-09-28 12:00:00,2026-09-28 14:00:00,ambient,RESCUED,2026-09-28 11:33:00,SYNTHETIC_DEMO
DON-02379,REST-TG03-141,Hanumakonda,Fresh Bread,bread,95,meals,non_vegetarian,2026-10-04 04:00:00,2026-10-04 09:00:00,refrigerated,AVAILABLE,2026-10-04 03:14:00,SYNTHETIC_DEMO
DON-02380,REST-TG04-079,Hyderabad,Bakery Items,bakery,47,meals,vegan,2026-10-02 20:00:00,2026-10-02 23:00:00,hot_holding,AT_RISK,2026-10-02 19:40:00,SYNTHETIC_DEMO
DON-02381,REST-TG05-076,Jagtial,Mixed Vegetables,vegetables,83,meals,non_vegetarian,2026-10-01 01:00:00,2026-10-01 07:00:00,refrigerated,URGENT,2026-10-01 00:43:00,SYNTHETIC_DEMO
DON-02382,REST-TG06-108,Jangaon,Veg Sandwich,sandwich,32,meals,vegetarian,2026-09-26 17:00:00,2026-09-27 01:00:00,hot_holding,AT_RISK,2026-09-26 16:36:00,SYNTHETIC_DEMO
DON-02383,REST-TG07-087,Jayashankar Bhupalpally,Vegetable Biryani,biryani,71,meals,egg,2026-10-03 02:00:00,2026-10-03 04:00:00,hot_holding,AVAILABLE,2026-10-03 01:49:00,SYNTHETIC_DEMO
DON-02384,REST-TG08-148,Jogulamba Gadwal,Veg Sandwich,sandwich,88,meals,vegetarian,2026-10-04 01:00:00,2026-10-04 04:00:00,refrigerated,URGENT,2026-10-04 00:05:00,SYNTHETIC_DEMO
DON-02385,REST-TG09-075,Kamareddy,Dal,dal,96,meals,non_vegetarian,2026-10-05 02:00:00,2026-10-05 08:00:00,ambient,AT_RISK,2026-10-05 01:17:00,SYNTHETIC_DEMO
DON-02386,REST-TG10-145,Karimnagar,Mixed Vegetables,vegetables,96,meals,vegan,2026-09-30 16:00:00,2026-09-30 22:00:00,ambient,AVAILABLE,2026-09-30 15:12:00,SYNTHETIC_DEMO
DON-02387,REST-TG11-112,Khammam,Veg Sandwich,sandwich,77,meals,vegetarian,2026-09-26 16:00:00,2026-09-27 00:00:00,hot_holding,RESCUED,2026-09-26 15:05:00,SYNTHETIC_DEMO
DON-02388,REST-TG12-013,Kumuram Bheem,Packaged Meals,packaged_food,38,meals,vegetarian,2026-10-02 22:00:00,2026-10-03 04:00:00,refrigerated,AVAILABLE,2026-10-02 21:48:00,SYNTHETIC_DEMO
DON-02389,REST-TG13-069,Mahabubabad,Bakery Items,bakery,10,meals,vegetarian,2026-09-30 23:00:00,2026-10-01 02:00:00,hot_holding,AT_RISK,2026-09-30 22:54:00,SYNTHETIC_DEMO
DON-02390,REST-TG14-099,Mahabubnagar,Steamed Rice,rice,15,meals,non_vegetarian,2026-09-27 03:00:00,2026-09-27 11:00:00,hot_holding,AT_RISK,2026-09-27 02:09:00,SYNTHETIC_DEMO
DON-02391,REST-TG15-124,Mancherial,Fresh Fruit,fruits,85,meals,vegan,2026-09-27 22:00:00,2026-09-28 03:00:00,ambient,RESCUED,2026-09-27 21:21:00,SYNTHETIC_DEMO
DON-02392,REST-TG16-006,Medak,Roti,roti,49,meals,vegetarian,2026-10-02 17:00:00,2026-10-02 23:00:00,refrigerated,AT_RISK,2026-10-02 16:41:00,SYNTHETIC_DEMO
DON-02393,REST-TG17-072,Medchal-Malkajgiri,Veg Sandwich,sandwich,81,meals,non_vegetarian,2026-10-03 03:00:00,2026-10-03 05:00:00,refrigerated,AT_RISK,2026-10-03 02:36:00,SYNTHETIC_DEMO
DON-02394,REST-TG18-143,Mulugu,Roti,roti,15,meals,vegetarian,2026-10-02 21:00:00,2026-10-03 03:00:00,refrigerated,AT_RISK,2026-10-02 20:07:00,SYNTHETIC_DEMO
DON-02395,REST-TG19-147,Nagarkurnool,Dal,dal,32,meals,egg,2026-10-03 19:00:00,2026-10-04 00:00:00,refrigerated,AT_RISK,2026-10-03 18:26:00,SYNTHETIC_DEMO
DON-02396,REST-TG20-115,Nalgonda,Veg Sandwich,sandwich,62,meals,vegan,2026-09-28 23:00:00,2026-09-29 01:00:00,refrigerated,AVAILABLE,2026-09-28 22:46:00,SYNTHETIC_DEMO
DON-02397,REST-TG21-136,Narayanpet,Vegetable Biryani,biryani,24,meals,vegetarian,2026-09-29 21:00:00,2026-09-30 00:00:00,hot_holding,URGENT,2026-09-29 20:25:00,SYNTHETIC_DEMO
DON-02398,REST-TG22-084,Nirmal,Mixed Vegetables,vegetables,17,meals,egg,2026-09-27 15:00:00,2026-09-27 19:00:00,ambient,AT_RISK,2026-09-27 14:47:00,SYNTHETIC_DEMO
DON-02399,REST-TG23-093,Nizamabad,Vegetable Pulao,pulao,76,meals,vegetarian,2026-09-27 11:00:00,2026-09-27 17:00:00,refrigerated,URGENT,2026-09-27 10:24:00,SYNTHETIC_DEMO
DON-02400,REST-TG24-131,Peddapalli,Mixed Vegetables,vegetables,74,meals,vegetarian,2026-10-05 06:00:00,2026-10-05 10:00:00,ambient,AVAILABLE,2026-10-05 05:50:00,SYNTHETIC_DEMO
DON-02401,REST-TG25-069,Rajanna Sircilla,Dal,dal,44,meals,egg,2026-10-04 11:00:00,2026-10-04 13:00:00,ambient,URGENT,2026-10-04 10:32:00,SYNTHETIC_DEMO
DON-02402,REST-TG26-046,Rangareddy,Vegetable Biryani,biryani,49,meals,non_vegetarian,2026-10-01 07:00:00,2026-10-01 15:00:00,refrigerated,AVAILABLE,2026-10-01 06:18:00,SYNTHETIC_DEMO
DON-02403,REST-TG27-046,Sangareddy,Mixed Vegetables,vegetables,88,meals,vegan,2026-09-30 12:00:00,2026-09-30 14:00:00,ambient,URGENT,2026-09-30 11:27:00,SYNTHETIC_DEMO
DON-02404,REST-TG28-141,Siddipet,Prepared Meal,cooked_meal,17,meals,egg,2026-09-28 18:00:00,2026-09-29 00:00:00,ambient,AVAILABLE,2026-09-28 17:07:00,SYNTHETIC_DEMO
DON-02405,REST-TG29-141,Suryapet,Fresh Fruit,fruits,70,meals,vegetarian,2026-09-29 12:00:00,2026-09-29 18:00:00,refrigerated,RESCUED,2026-09-29 11:05:00,SYNTHETIC_DEMO
DON-02406,REST-TG30-121,Vikarabad,Dal,dal,83,meals,egg,2026-09-30 20:00:00,2026-09-30 23:00:00,ambient,AT_RISK,2026-09-30 19:18:00,SYNTHETIC_DEMO
DON-02407,REST-TG31-035,Wanaparthy,Mixed Vegetables,vegetables,60,meals,egg,2026-09-29 11:00:00,2026-09-29 13:00:00,hot_holding,AT_RISK,2026-09-29 10:49:00,SYNTHETIC_DEMO
DON-02408,REST-TG32-140,Warangal,Prepared Meal,cooked_meal,15,meals,vegan,2026-10-02 23:00:00,2026-10-03 04:00:00,refrigerated,AVAILABLE,2026-10-02 22:43:00,SYNTHETIC_DEMO
DON-02409,REST-TG33-050,Yadadri Bhuvanagiri,Veg Sandwich,sandwich,88,meals,vegetarian,2026-10-05 08:00:00,2026-10-05 11:00:00,refrigerated,AVAILABLE,2026-10-05 07:36:00,SYNTHETIC_DEMO
DON-02410,REST-TG01-135,Adilabad,Roti,roti,10,meals,vegetarian,2026-10-04 04:00:00,2026-10-04 07:00:00,hot_holding,AT_RISK,2026-10-04 03:01:00,SYNTHETIC_DEMO
DON-02411,REST-TG02-054,Bhadradri Kothagudem,Packaged Meals,packaged_food,12,meals,vegetarian,2026-09-30 16:00:00,2026-09-30 22:00:00,hot_holding,AVAILABLE,2026-09-30 15:10:00,SYNTHETIC_DEMO
DON-02412,REST-TG03-122,Hanumakonda,Bakery Items,bakery,66,meals,vegan,2026-10-04 01:00:00,2026-10-04 03:00:00,refrigerated,AVAILABLE,2026-10-04 00:41:00,SYNTHETIC_DEMO
DON-02413,REST-TG04-023,Hyderabad,Bakery Items,bakery,95,meals,non_vegetarian,2026-10-04 10:00:00,2026-10-04 13:00:00,refrigerated,AT_RISK,2026-10-04 09:12:00,SYNTHETIC_DEMO
DON-02414,REST-TG05-009,Jagtial,Steamed Rice,rice,88,meals,non_vegetarian,2026-09-29 05:00:00,2026-09-29 07:00:00,ambient,AT_RISK,2026-09-29 04:44:00,SYNTHETIC_DEMO
DON-02415,REST-TG06-132,Jangaon,Packaged Meals,packaged_food,89,meals,vegetarian,2026-10-02 00:00:00,2026-10-02 05:00:00,refrigerated,AT_RISK,2026-10-01 23:27:00,SYNTHETIC_DEMO
DON-02416,REST-TG07-030,Jayashankar Bhupalpally,Packaged Meals,packaged_food,15,meals,vegetarian,2026-10-02 00:00:00,2026-10-02 02:00:00,refrigerated,AVAILABLE,2026-10-01 23:46:00,SYNTHETIC_DEMO
DON-02417,REST-TG08-035,Jogulamba Gadwal,Vegetable Biryani,biryani,95,meals,non_vegetarian,2026-09-28 09:00:00,2026-09-28 13:00:00,hot_holding,URGENT,2026-09-28 08:26:00,SYNTHETIC_DEMO
DON-02418,REST-TG09-002,Kamareddy,Prepared Meal,cooked_meal,31,meals,vegetarian,2026-09-29 04:00:00,2026-09-29 06:00:00,refrigerated,AT_RISK,2026-09-29 03:38:00,SYNTHETIC_DEMO
DON-02419,REST-TG10-004,Karimnagar,Veg Sandwich,sandwich,97,meals,non_vegetarian,2026-09-27 05:00:00,2026-09-27 13:00:00,hot_holding,AT_RISK,2026-09-27 04:00:00,SYNTHETIC_DEMO
DON-02420,REST-TG11-148,Khammam,Roti,roti,88,meals,vegetarian,2026-10-03 23:00:00,2026-10-04 07:00:00,ambient,RESCUED,2026-10-03 22:14:00,SYNTHETIC_DEMO
DON-02421,REST-TG12-009,Kumuram Bheem,Bakery Items,bakery,13,meals,vegetarian,2026-10-02 14:00:00,2026-10-02 16:00:00,ambient,AT_RISK,2026-10-02 13:05:00,SYNTHETIC_DEMO
DON-02422,REST-TG13-052,Mahabubabad,Vegetable Biryani,biryani,64,meals,vegetarian,2026-10-02 08:00:00,2026-10-02 11:00:00,ambient,AT_RISK,2026-10-02 07:42:00,SYNTHETIC_DEMO
DON-02423,REST-TG14-068,Mahabubnagar,Roti,roti,50,meals,vegetarian,2026-09-29 12:00:00,2026-09-29 17:00:00,hot_holding,URGENT,2026-09-29 11:26:00,SYNTHETIC_DEMO
DON-02424,REST-TG15-069,Mancherial,Fresh Bread,bread,61,meals,vegetarian,2026-10-05 13:00:00,2026-10-05 18:00:00,ambient,AVAILABLE,2026-10-05 12:44:00,SYNTHETIC_DEMO
DON-02425,REST-TG16-150,Medak,Mixed Vegetables,vegetables,47,meals,vegetarian,2026-10-04 13:00:00,2026-10-04 17:00:00,refrigerated,AVAILABLE,2026-10-04 12:16:00,SYNTHETIC_DEMO
DON-02426,REST-TG17-033,Medchal-Malkajgiri,Fresh Fruit,fruits,69,meals,vegetarian,2026-10-02 21:00:00,2026-10-03 05:00:00,ambient,AT_RISK,2026-10-02 20:28:00,SYNTHETIC_DEMO
DON-02427,REST-TG18-101,Mulugu,Dal,dal,39,meals,vegetarian,2026-09-26 10:00:00,2026-09-26 14:00:00,refrigerated,AT_RISK,2026-09-26 09:06:00,SYNTHETIC_DEMO
DON-02428,REST-TG19-142,Nagarkurnool,Vegetable Biryani,biryani,67,meals,non_vegetarian,2026-09-30 10:00:00,2026-09-30 13:00:00,refrigerated,AVAILABLE,2026-09-30 09:09:00,SYNTHETIC_DEMO
DON-02429,REST-TG20-001,Nalgonda,Fresh Bread,bread,17,meals,egg,2026-09-27 08:00:00,2026-09-27 12:00:00,hot_holding,URGENT,2026-09-27 07:39:00,SYNTHETIC_DEMO
DON-02430,REST-TG21-147,Narayanpet,Fresh Bread,bread,26,meals,vegetarian,2026-10-01 05:00:00,2026-10-01 11:00:00,refrigerated,AT_RISK,2026-10-01 04:33:00,SYNTHETIC_DEMO
DON-02431,REST-TG22-130,Nirmal,Dal,dal,28,meals,vegan,2026-09-29 12:00:00,2026-09-29 18:00:00,refrigerated,AVAILABLE,2026-09-29 11:39:00,SYNTHETIC_DEMO
DON-02432,REST-TG23-024,Nizamabad,Fresh Bread,bread,24,meals,vegetarian,2026-09-30 15:00:00,2026-09-30 19:00:00,hot_holding,AT_RISK,2026-09-30 14:18:00,SYNTHETIC_DEMO
DON-02433,REST-TG24-145,Peddapalli,Vegetable Biryani,biryani,10,meals,vegetarian,2026-10-05 02:00:00,2026-10-05 07:00:00,hot_holding,AVAILABLE,2026-10-05 01:40:00,SYNTHETIC_DEMO
DON-02434,REST-TG25-100,Rajanna Sircilla,Packaged Meals,packaged_food,71,meals,non_vegetarian,2026-10-02 01:00:00,2026-10-02 04:00:00,refrigerated,RESCUED,2026-10-02 00:47:00,SYNTHETIC_DEMO
DON-02435,REST-TG26-109,Rangareddy,Fresh Bread,bread,90,meals,vegetarian,2026-09-29 19:00:00,2026-09-29 23:00:00,hot_holding,AVAILABLE,2026-09-29 18:30:00,SYNTHETIC_DEMO
DON-02436,REST-TG27-082,Sangareddy,Mixed Vegetables,vegetables,37,meals,non_vegetarian,2026-09-28 10:00:00,2026-09-28 15:00:00,refrigerated,AVAILABLE,2026-09-28 09:53:00,SYNTHETIC_DEMO
DON-02437,REST-TG28-149,Siddipet,Vegetable Biryani,biryani,29,meals,non_vegetarian,2026-09-27 14:00:00,2026-09-27 22:00:00,refrigerated,AVAILABLE,2026-09-27 13:46:00,SYNTHETIC_DEMO
DON-02438,REST-TG29-023,Suryapet,Packaged Meals,packaged_food,36,meals,vegetarian,2026-10-02 11:00:00,2026-10-02 15:00:00,hot_holding,AT_RISK,2026-10-02 10:06:00,SYNTHETIC_DEMO
DON-02439,REST-TG30-032,Vikarabad,Mixed Vegetables,vegetables,96,meals,vegetarian,2026-10-02 00:00:00,2026-10-02 03:00:00,ambient,AT_RISK,2026-10-01 23:12:00,SYNTHETIC_DEMO
DON-02440,REST-TG31-043,Wanaparthy,Mixed Vegetables,vegetables,68,meals,egg,2026-10-04 17:00:00,2026-10-04 19:00:00,ambient,AT_RISK,2026-10-04 16:16:00,SYNTHETIC_DEMO
DON-02441,REST-TG32-116,Warangal,Fresh Bread,bread,54,meals,vegetarian,2026-10-01 08:00:00,2026-10-01 12:00:00,hot_holding,AT_RISK,2026-10-01 07:24:00,SYNTHETIC_DEMO
DON-02442,REST-TG33-120,Yadadri Bhuvanagiri,Prepared Meal,cooked_meal,72,meals,vegan,2026-10-02 12:00:00,2026-10-02 17:00:00,refrigerated,AT_RISK,2026-10-02 11:52:00,SYNTHETIC_DEMO
DON-02443,REST-TG01-037,Adilabad,Dal,dal,84,meals,vegetarian,2026-09-30 06:00:00,2026-09-30 08:00:00,refrigerated,AT_RISK,2026-09-30 05:09:00,SYNTHETIC_DEMO
DON-02444,REST-TG02-040,Bhadradri Kothagudem,Steamed Rice,rice,31,meals,vegetarian,2026-09-29 21:00:00,2026-09-30 01:00:00,refrigerated,AVAILABLE,2026-09-29 20:41:00,SYNTHETIC_DEMO
DON-02445,REST-TG03-049,Hanumakonda,Veg Sandwich,sandwich,37,meals,vegetarian,2026-10-04 14:00:00,2026-10-04 18:00:00,hot_holding,RESCUED,2026-10-04 13:11:00,SYNTHETIC_DEMO
DON-02446,REST-TG04-058,Hyderabad,Mixed Vegetables,vegetables,93,meals,vegan,2026-09-29 12:00:00,2026-09-29 16:00:00,refrigerated,AT_RISK,2026-09-29 11:36:00,SYNTHETIC_DEMO
DON-02447,REST-TG05-093,Jagtial,Fresh Bread,bread,11,meals,vegetarian,2026-10-06 03:00:00,2026-10-06 05:00:00,ambient,AT_RISK,2026-10-06 02:29:00,SYNTHETIC_DEMO
DON-02448,REST-TG06-096,Jangaon,Vegetable Pulao,pulao,81,meals,vegetarian,2026-10-02 17:00:00,2026-10-02 22:00:00,hot_holding,RESCUED,2026-10-02 16:39:00,SYNTHETIC_DEMO
DON-02449,REST-TG07-019,Jayashankar Bhupalpally,Fresh Bread,bread,74,meals,vegetarian,2026-10-04 00:00:00,2026-10-04 04:00:00,ambient,AT_RISK,2026-10-03 23:52:00,SYNTHETIC_DEMO
DON-02450,REST-TG08-042,Jogulamba Gadwal,Veg Sandwich,sandwich,90,meals,vegetarian,2026-09-30 20:00:00,2026-10-01 01:00:00,hot_holding,AVAILABLE,2026-09-30 19:00:00,SYNTHETIC_DEMO
DON-02451,REST-TG09-063,Kamareddy,Packaged Meals,packaged_food,26,meals,vegetarian,2026-09-26 13:00:00,2026-09-26 16:00:00,refrigerated,RESCUED,2026-09-26 12:41:00,SYNTHETIC_DEMO
DON-02452,REST-TG10-116,Karimnagar,Fresh Bread,bread,79,meals,vegetarian,2026-09-26 20:00:00,2026-09-27 02:00:00,refrigerated,AT_RISK,2026-09-26 19:54:00,SYNTHETIC_DEMO
DON-02453,REST-TG11-056,Khammam,Roti,roti,76,meals,non_vegetarian,2026-10-04 00:00:00,2026-10-04 04:00:00,ambient,AVAILABLE,2026-10-03 23:43:00,SYNTHETIC_DEMO
DON-02454,REST-TG12-089,Kumuram Bheem,Prepared Meal,cooked_meal,56,meals,vegan,2026-09-29 16:00:00,2026-09-29 19:00:00,ambient,URGENT,2026-09-29 15:55:00,SYNTHETIC_DEMO
DON-02455,REST-TG13-066,Mahabubabad,Mixed Vegetables,vegetables,18,meals,vegetarian,2026-09-27 22:00:00,2026-09-28 06:00:00,refrigerated,AVAILABLE,2026-09-27 21:08:00,SYNTHETIC_DEMO
DON-02456,REST-TG14-045,Mahabubnagar,Mixed Vegetables,vegetables,47,meals,vegetarian,2026-10-03 08:00:00,2026-10-03 10:00:00,ambient,URGENT,2026-10-03 07:07:00,SYNTHETIC_DEMO
DON-02457,REST-TG15-072,Mancherial,Bakery Items,bakery,17,meals,vegan,2026-10-04 14:00:00,2026-10-04 22:00:00,ambient,AT_RISK,2026-10-04 13:55:00,SYNTHETIC_DEMO
DON-02458,REST-TG16-028,Medak,Vegetable Pulao,pulao,27,meals,vegetarian,2026-10-06 06:00:00,2026-10-06 08:00:00,hot_holding,AVAILABLE,2026-10-06 05:33:00,SYNTHETIC_DEMO
DON-02459,REST-TG17-091,Medchal-Malkajgiri,Veg Sandwich,sandwich,32,meals,vegan,2026-10-06 05:00:00,2026-10-06 08:00:00,refrigerated,AVAILABLE,2026-10-06 04:14:00,SYNTHETIC_DEMO
DON-02460,REST-TG18-084,Mulugu,Prepared Meal,cooked_meal,71,meals,vegetarian,2026-10-05 08:00:00,2026-10-05 14:00:00,ambient,AT_RISK,2026-10-05 07:29:00,SYNTHETIC_DEMO
DON-02461,REST-TG19-110,Nagarkurnool,Packaged Meals,packaged_food,18,meals,non_vegetarian,2026-09-30 04:00:00,2026-09-30 10:00:00,hot_holding,RESCUED,2026-09-30 03:45:00,SYNTHETIC_DEMO
DON-02462,REST-TG20-130,Nalgonda,Veg Sandwich,sandwich,95,meals,egg,2026-09-29 04:00:00,2026-09-29 06:00:00,refrigerated,AVAILABLE,2026-09-29 03:46:00,SYNTHETIC_DEMO
DON-02463,REST-TG21-125,Narayanpet,Veg Sandwich,sandwich,25,meals,egg,2026-09-26 22:00:00,2026-09-27 02:00:00,refrigerated,AT_RISK,2026-09-26 21:37:00,SYNTHETIC_DEMO
DON-02464,REST-TG22-098,Nirmal,Vegetable Biryani,biryani,34,meals,vegan,2026-09-28 17:00:00,2026-09-28 21:00:00,hot_holding,AT_RISK,2026-09-28 16:12:00,SYNTHETIC_DEMO
DON-02465,REST-TG23-141,Nizamabad,Fresh Bread,bread,36,meals,vegetarian,2026-09-30 19:00:00,2026-10-01 01:00:00,refrigerated,RESCUED,2026-09-30 18:14:00,SYNTHETIC_DEMO
DON-02466,REST-TG24-147,Peddapalli,Fresh Bread,bread,12,meals,egg,2026-09-28 15:00:00,2026-09-28 18:00:00,refrigerated,AVAILABLE,2026-09-28 14:13:00,SYNTHETIC_DEMO
DON-02467,REST-TG25-108,Rajanna Sircilla,Bakery Items,bakery,61,meals,vegan,2026-10-03 04:00:00,2026-10-03 12:00:00,hot_holding,AVAILABLE,2026-10-03 03:51:00,SYNTHETIC_DEMO
DON-02468,REST-TG26-028,Rangareddy,Roti,roti,36,meals,non_vegetarian,2026-09-28 01:00:00,2026-09-28 05:00:00,ambient,AT_RISK,2026-09-28 00:16:00,SYNTHETIC_DEMO
DON-02469,REST-TG27-009,Sangareddy,Dal,dal,34,meals,non_vegetarian,2026-10-03 08:00:00,2026-10-03 16:00:00,refrigerated,AVAILABLE,2026-10-03 07:22:00,SYNTHETIC_DEMO
DON-02470,REST-TG28-130,Siddipet,Vegetable Pulao,pulao,38,meals,egg,2026-10-01 20:00:00,2026-10-02 04:00:00,ambient,RESCUED,2026-10-01 19:31:00,SYNTHETIC_DEMO
DON-02471,REST-TG29-118,Suryapet,Fresh Fruit,fruits,45,meals,vegetarian,2026-09-29 01:00:00,2026-09-29 05:00:00,ambient,AVAILABLE,2026-09-29 00:40:00,SYNTHETIC_DEMO
DON-02472,REST-TG30-022,Vikarabad,Packaged Meals,packaged_food,59,meals,vegetarian,2026-10-04 21:00:00,2026-10-05 05:00:00,refrigerated,AVAILABLE,2026-10-04 20:14:00,SYNTHETIC_DEMO
DON-02473,REST-TG31-029,Wanaparthy,Fresh Bread,bread,39,meals,vegetarian,2026-09-29 02:00:00,2026-09-29 04:00:00,hot_holding,AT_RISK,2026-09-29 01:38:00,SYNTHETIC_DEMO
DON-02474,REST-TG32-044,Warangal,Dal,dal,30,meals,non_vegetarian,2026-10-02 19:00:00,2026-10-03 01:00:00,refrigerated,AT_RISK,2026-10-02 18:02:00,SYNTHETIC_DEMO
DON-02475,REST-TG33-125,Yadadri Bhuvanagiri,Dal,dal,22,meals,vegetarian,2026-09-29 21:00:00,2026-09-30 01:00:00,hot_holding,AVAILABLE,2026-09-29 20:21:00,SYNTHETIC_DEMO
DON-02476,REST-TG01-048,Adilabad,Prepared Meal,cooked_meal,45,meals,egg,2026-10-02 09:00:00,2026-10-02 12:00:00,refrigerated,AT_RISK,2026-10-02 08:44:00,SYNTHETIC_DEMO
DON-02477,REST-TG02-148,Bhadradri Kothagudem,Dal,dal,29,meals,egg,2026-10-01 17:00:00,2026-10-01 21:00:00,refrigerated,RESCUED,2026-10-01 16:37:00,SYNTHETIC_DEMO
DON-02478,REST-TG03-049,Hanumakonda,Steamed Rice,rice,84,meals,vegetarian,2026-09-26 19:00:00,2026-09-27 03:00:00,ambient,AVAILABLE,2026-09-26 18:10:00,SYNTHETIC_DEMO
DON-02479,REST-TG04-140,Hyderabad,Prepared Meal,cooked_meal,93,meals,vegetarian,2026-09-26 16:00:00,2026-09-26 19:00:00,hot_holding,URGENT,2026-09-26 15:55:00,SYNTHETIC_DEMO
DON-02480,REST-TG05-006,Jagtial,Roti,roti,30,meals,vegan,2026-10-04 13:00:00,2026-10-04 19:00:00,refrigerated,AVAILABLE,2026-10-04 12:31:00,SYNTHETIC_DEMO
DON-02481,REST-TG06-150,Jangaon,Fresh Fruit,fruits,32,meals,vegetarian,2026-10-05 20:00:00,2026-10-06 01:00:00,refrigerated,AT_RISK,2026-10-05 19:48:00,SYNTHETIC_DEMO
DON-02482,REST-TG07-066,Jayashankar Bhupalpally,Steamed Rice,rice,49,meals,vegetarian,2026-09-30 10:00:00,2026-09-30 16:00:00,ambient,AVAILABLE,2026-09-30 09:08:00,SYNTHETIC_DEMO
DON-02483,REST-TG08-018,Jogulamba Gadwal,Bakery Items,bakery,56,meals,vegetarian,2026-09-30 04:00:00,2026-09-30 12:00:00,refrigerated,RESCUED,2026-09-30 03:19:00,SYNTHETIC_DEMO
DON-02484,REST-TG09-006,Kamareddy,Veg Sandwich,sandwich,40,meals,egg,2026-10-01 22:00:00,2026-10-02 04:00:00,hot_holding,URGENT,2026-10-01 21:09:00,SYNTHETIC_DEMO
DON-02485,REST-TG10-068,Karimnagar,Fresh Bread,bread,75,meals,egg,2026-10-02 01:00:00,2026-10-02 03:00:00,refrigerated,AVAILABLE,2026-10-02 00:51:00,SYNTHETIC_DEMO
DON-02486,REST-TG11-100,Khammam,Bakery Items,bakery,73,meals,vegetarian,2026-09-28 10:00:00,2026-09-28 12:00:00,ambient,AVAILABLE,2026-09-28 09:01:00,SYNTHETIC_DEMO
DON-02487,REST-TG12-112,Kumuram Bheem,Packaged Meals,packaged_food,70,meals,vegetarian,2026-10-05 21:00:00,2026-10-06 05:00:00,hot_holding,AVAILABLE,2026-10-05 20:17:00,SYNTHETIC_DEMO
DON-02488,REST-TG13-067,Mahabubabad,Roti,roti,92,meals,non_vegetarian,2026-09-28 13:00:00,2026-09-28 15:00:00,refrigerated,RESCUED,2026-09-28 12:46:00,SYNTHETIC_DEMO
DON-02489,REST-TG14-107,Mahabubnagar,Packaged Meals,packaged_food,97,meals,vegetarian,2026-09-29 22:00:00,2026-09-30 00:00:00,hot_holding,AT_RISK,2026-09-29 21:01:00,SYNTHETIC_DEMO
DON-02490,REST-TG15-078,Mancherial,Vegetable Biryani,biryani,61,meals,vegetarian,2026-10-05 20:00:00,2026-10-06 01:00:00,refrigerated,AT_RISK,2026-10-05 19:31:00,SYNTHETIC_DEMO
DON-02491,REST-TG16-066,Medak,Dal,dal,26,meals,vegetarian,2026-10-03 21:00:00,2026-10-04 02:00:00,refrigerated,AT_RISK,2026-10-03 20:02:00,SYNTHETIC_DEMO
DON-02492,REST-TG17-122,Medchal-Malkajgiri,Packaged Meals,packaged_food,21,meals,non_vegetarian,2026-09-27 11:00:00,2026-09-27 14:00:00,refrigerated,AVAILABLE,2026-09-27 10:42:00,SYNTHETIC_DEMO
DON-02493,REST-TG18-150,Mulugu,Packaged Meals,packaged_food,100,meals,vegetarian,2026-09-26 17:00:00,2026-09-26 19:00:00,ambient,AVAILABLE,2026-09-26 16:11:00,SYNTHETIC_DEMO
DON-02494,REST-TG19-088,Nagarkurnool,Veg Sandwich,sandwich,30,meals,vegetarian,2026-10-01 11:00:00,2026-10-01 15:00:00,hot_holding,AVAILABLE,2026-10-01 10:31:00,SYNTHETIC_DEMO
DON-02495,REST-TG20-076,Nalgonda,Mixed Vegetables,vegetables,30,meals,vegetarian,2026-10-01 12:00:00,2026-10-01 20:00:00,ambient,AT_RISK,2026-10-01 11:10:00,SYNTHETIC_DEMO
DON-02496,REST-TG21-092,Narayanpet,Mixed Vegetables,vegetables,95,meals,non_vegetarian,2026-09-30 20:00:00,2026-10-01 00:00:00,hot_holding,AVAILABLE,2026-09-30 19:42:00,SYNTHETIC_DEMO
DON-02497,REST-TG22-050,Nirmal,Vegetable Biryani,biryani,38,meals,vegetarian,2026-09-29 18:00:00,2026-09-29 20:00:00,refrigerated,RESCUED,2026-09-29 17:00:00,SYNTHETIC_DEMO
DON-02498,REST-TG23-146,Nizamabad,Packaged Meals,packaged_food,55,meals,non_vegetarian,2026-10-03 02:00:00,2026-10-03 05:00:00,refrigerated,URGENT,2026-10-03 01:40:00,SYNTHETIC_DEMO
DON-02499,REST-TG24-132,Peddapalli,Packaged Meals,packaged_food,42,meals,vegetarian,2026-10-03 13:00:00,2026-10-03 18:00:00,ambient,AVAILABLE,2026-10-03 12:37:00,SYNTHETIC_DEMO
DON-02500,REST-TG25-150,Rajanna Sircilla,Prepared Meal,cooked_meal,19,meals,vegetarian,2026-10-05 03:00:00,2026-10-05 07:00:00,hot_holding,AVAILABLE,2026-10-05 02:22:00,SYNTHETIC_DEMO
DON-02501,REST-TG26-022,Rangareddy,Packaged Meals,packaged_food,95,meals,vegetarian,2026-10-04 17:00:00,2026-10-05 01:00:00,refrigerated,AT_RISK,2026-10-04 16:05:00,SYNTHETIC_DEMO
DON-02502,REST-TG27-043,Sangareddy,Veg Sandwich,sandwich,86,meals,vegetarian,2026-09-28 15:00:00,2026-09-28 21:00:00,refrigerated,URGENT,2026-09-28 14:05:00,SYNTHETIC_DEMO
DON-02503,REST-TG28-079,Siddipet,Fresh Fruit,fruits,84,meals,vegetarian,2026-10-06 02:00:00,2026-10-06 04:00:00,hot_holding,AT_RISK,2026-10-06 01:55:00,SYNTHETIC_DEMO
DON-02504,REST-TG29-067,Suryapet,Roti,roti,53,meals,vegan,2026-09-26 12:00:00,2026-09-26 18:00:00,hot_holding,AVAILABLE,2026-09-26 11:30:00,SYNTHETIC_DEMO
DON-02505,REST-TG30-118,Vikarabad,Bakery Items,bakery,41,meals,vegetarian,2026-09-26 18:00:00,2026-09-27 00:00:00,refrigerated,AVAILABLE,2026-09-26 17:47:00,SYNTHETIC_DEMO
DON-02506,REST-TG31-097,Wanaparthy,Vegetable Pulao,pulao,13,meals,vegetarian,2026-10-06 04:00:00,2026-10-06 07:00:00,refrigerated,AVAILABLE,2026-10-06 03:15:00,SYNTHETIC_DEMO
DON-02507,REST-TG32-103,Warangal,Roti,roti,21,meals,vegetarian,2026-10-02 16:00:00,2026-10-02 18:00:00,hot_holding,URGENT,2026-10-02 15:11:00,SYNTHETIC_DEMO
DON-02508,REST-TG33-120,Yadadri Bhuvanagiri,Vegetable Pulao,pulao,40,meals,non_vegetarian,2026-10-06 06:00:00,2026-10-06 08:00:00,refrigerated,AT_RISK,2026-10-06 05:14:00,SYNTHETIC_DEMO
DON-02509,REST-TG01-003,Adilabad,Bakery Items,bakery,41,meals,non_vegetarian,2026-10-01 04:00:00,2026-10-01 06:00:00,ambient,URGENT,2026-10-01 03:08:00,SYNTHETIC_DEMO
DON-02510,REST-TG02-040,Bhadradri Kothagudem,Fresh Bread,bread,17,meals,egg,2026-10-05 19:00:00,2026-10-05 21:00:00,ambient,AT_RISK,2026-10-05 18:38:00,SYNTHETIC_DEMO
DON-02511,REST-TG03-149,Hanumakonda,Packaged Meals,packaged_food,53,meals,vegan,2026-10-05 15:00:00,2026-10-05 18:00:00,refrigerated,AT_RISK,2026-10-05 14:17:00,SYNTHETIC_DEMO
DON-02512,REST-TG04-088,Hyderabad,Roti,roti,42,meals,vegetarian,2026-09-26 10:00:00,2026-09-26 18:00:00,ambient,RESCUED,2026-09-26 09:17:00,SYNTHETIC_DEMO
DON-02513,REST-TG05-057,Jagtial,Prepared Meal,cooked_meal,88,meals,vegetarian,2026-09-30 02:00:00,2026-09-30 05:00:00,refrigerated,URGENT,2026-09-30 01:00:00,SYNTHETIC_DEMO
DON-02514,REST-TG06-103,Jangaon,Roti,roti,92,meals,egg,2026-10-01 03:00:00,2026-10-01 07:00:00,hot_holding,AVAILABLE,2026-10-01 02:52:00,SYNTHETIC_DEMO
DON-02515,REST-TG07-084,Jayashankar Bhupalpally,Vegetable Biryani,biryani,19,meals,vegetarian,2026-09-27 18:00:00,2026-09-27 23:00:00,hot_holding,URGENT,2026-09-27 17:17:00,SYNTHETIC_DEMO
DON-02516,REST-TG08-004,Jogulamba Gadwal,Veg Sandwich,sandwich,30,meals,vegetarian,2026-10-04 15:00:00,2026-10-04 18:00:00,refrigerated,AVAILABLE,2026-10-04 14:52:00,SYNTHETIC_DEMO
DON-02517,REST-TG09-084,Kamareddy,Roti,roti,10,meals,vegetarian,2026-10-02 04:00:00,2026-10-02 10:00:00,ambient,AVAILABLE,2026-10-02 03:10:00,SYNTHETIC_DEMO
DON-02518,REST-TG10-118,Karimnagar,Vegetable Pulao,pulao,53,meals,vegetarian,2026-09-27 00:00:00,2026-09-27 08:00:00,hot_holding,AT_RISK,2026-09-26 23:04:00,SYNTHETIC_DEMO
DON-02519,REST-TG11-105,Khammam,Vegetable Biryani,biryani,86,meals,non_vegetarian,2026-10-01 02:00:00,2026-10-01 05:00:00,ambient,AVAILABLE,2026-10-01 01:09:00,SYNTHETIC_DEMO
DON-02520,REST-TG12-115,Kumuram Bheem,Dal,dal,46,meals,vegetarian,2026-09-27 13:00:00,2026-09-27 15:00:00,hot_holding,AT_RISK,2026-09-27 12:33:00,SYNTHETIC_DEMO
DON-02521,REST-TG13-076,Mahabubabad,Prepared Meal,cooked_meal,40,meals,vegetarian,2026-09-26 16:00:00,2026-09-26 20:00:00,hot_holding,AVAILABLE,2026-09-26 15:28:00,SYNTHETIC_DEMO
DON-02522,REST-TG14-103,Mahabubnagar,Vegetable Biryani,biryani,89,meals,vegan,2026-10-02 06:00:00,2026-10-02 11:00:00,hot_holding,AT_RISK,2026-10-02 05:51:00,SYNTHETIC_DEMO
DON-02523,REST-TG15-101,Mancherial,Mixed Vegetables,vegetables,71,meals,vegetarian,2026-10-03 17:00:00,2026-10-03 22:00:00,hot_holding,RESCUED,2026-10-03 16:36:00,SYNTHETIC_DEMO
DON-02524,REST-TG16-133,Medak,Packaged Meals,packaged_food,82,meals,vegetarian,2026-09-29 20:00:00,2026-09-29 22:00:00,hot_holding,AT_RISK,2026-09-29 19:36:00,SYNTHETIC_DEMO
DON-02525,REST-TG17-123,Medchal-Malkajgiri,Dal,dal,72,meals,vegetarian,2026-10-05 13:00:00,2026-10-05 15:00:00,ambient,AT_RISK,2026-10-05 12:36:00,SYNTHETIC_DEMO
DON-02526,REST-TG18-073,Mulugu,Dal,dal,58,meals,non_vegetarian,2026-10-03 04:00:00,2026-10-03 10:00:00,refrigerated,AT_RISK,2026-10-03 03:33:00,SYNTHETIC_DEMO
DON-02527,REST-TG19-073,Nagarkurnool,Prepared Meal,cooked_meal,37,meals,vegetarian,2026-09-27 00:00:00,2026-09-27 04:00:00,ambient,AT_RISK,2026-09-26 23:04:00,SYNTHETIC_DEMO
DON-02528,REST-TG20-023,Nalgonda,Prepared Meal,cooked_meal,98,meals,vegetarian,2026-10-04 23:00:00,2026-10-05 04:00:00,refrigerated,AT_RISK,2026-10-04 22:42:00,SYNTHETIC_DEMO
DON-02529,REST-TG21-124,Narayanpet,Veg Sandwich,sandwich,12,meals,egg,2026-10-02 17:00:00,2026-10-03 01:00:00,ambient,RESCUED,2026-10-02 16:13:00,SYNTHETIC_DEMO
DON-02530,REST-TG22-039,Nirmal,Prepared Meal,cooked_meal,85,meals,egg,2026-09-30 08:00:00,2026-09-30 14:00:00,refrigerated,RESCUED,2026-09-30 07:53:00,SYNTHETIC_DEMO
DON-02531,REST-TG23-124,Nizamabad,Fresh Fruit,fruits,89,meals,non_vegetarian,2026-10-04 01:00:00,2026-10-04 07:00:00,refrigerated,AVAILABLE,2026-10-04 00:12:00,SYNTHETIC_DEMO
DON-02532,REST-TG24-045,Peddapalli,Mixed Vegetables,vegetables,84,meals,non_vegetarian,2026-10-04 06:00:00,2026-10-04 08:00:00,ambient,AT_RISK,2026-10-04 05:18:00,SYNTHETIC_DEMO
DON-02533,REST-TG25-130,Rajanna Sircilla,Veg Sandwich,sandwich,65,meals,vegetarian,2026-09-27 17:00:00,2026-09-27 22:00:00,refrigerated,AT_RISK,2026-09-27 16:00:00,SYNTHETIC_DEMO
DON-02534,REST-TG26-108,Rangareddy,Veg Sandwich,sandwich,24,meals,vegetarian,2026-10-04 23:00:00,2026-10-05 01:00:00,hot_holding,AT_RISK,2026-10-04 22:20:00,SYNTHETIC_DEMO
DON-02535,REST-TG27-008,Sangareddy,Vegetable Biryani,biryani,16,meals,vegetarian,2026-10-03 14:00:00,2026-10-03 20:00:00,refrigerated,AT_RISK,2026-10-03 13:21:00,SYNTHETIC_DEMO
DON-02536,REST-TG28-048,Siddipet,Mixed Vegetables,vegetables,34,meals,vegetarian,2026-10-04 16:00:00,2026-10-04 20:00:00,ambient,AVAILABLE,2026-10-04 15:34:00,SYNTHETIC_DEMO
DON-02537,REST-TG29-030,Suryapet,Steamed Rice,rice,44,meals,non_vegetarian,2026-10-02 11:00:00,2026-10-02 17:00:00,hot_holding,AVAILABLE,2026-10-02 10:46:00,SYNTHETIC_DEMO
DON-02538,REST-TG30-104,Vikarabad,Steamed Rice,rice,23,meals,vegetarian,2026-09-29 04:00:00,2026-09-29 07:00:00,hot_holding,RESCUED,2026-09-29 03:34:00,SYNTHETIC_DEMO
DON-02539,REST-TG31-067,Wanaparthy,Dal,dal,78,meals,non_vegetarian,2026-09-27 05:00:00,2026-09-27 07:00:00,ambient,AT_RISK,2026-09-27 04:55:00,SYNTHETIC_DEMO
DON-02540,REST-TG32-117,Warangal,Fresh Bread,bread,28,meals,vegetarian,2026-09-28 08:00:00,2026-09-28 11:00:00,ambient,URGENT,2026-09-28 07:23:00,SYNTHETIC_DEMO
DON-02541,REST-TG33-011,Yadadri Bhuvanagiri,Steamed Rice,rice,58,meals,vegan,2026-09-27 20:00:00,2026-09-28 04:00:00,hot_holding,URGENT,2026-09-27 19:52:00,SYNTHETIC_DEMO
DON-02542,REST-TG01-115,Adilabad,Bakery Items,bakery,82,meals,non_vegetarian,2026-10-02 16:00:00,2026-10-02 22:00:00,refrigerated,AVAILABLE,2026-10-02 15:33:00,SYNTHETIC_DEMO
DON-02543,REST-TG02-095,Bhadradri Kothagudem,Bakery Items,bakery,51,meals,vegetarian,2026-10-04 13:00:00,2026-10-04 16:00:00,ambient,AT_RISK,2026-10-04 12:51:00,SYNTHETIC_DEMO
DON-02544,REST-TG03-150,Hanumakonda,Fresh Bread,bread,18,meals,egg,2026-10-01 15:00:00,2026-10-01 18:00:00,ambient,AVAILABLE,2026-10-01 14:27:00,SYNTHETIC_DEMO
DON-02545,REST-TG04-108,Hyderabad,Packaged Meals,packaged_food,66,meals,vegetarian,2026-10-02 20:00:00,2026-10-03 00:00:00,refrigerated,AVAILABLE,2026-10-02 19:00:00,SYNTHETIC_DEMO
DON-02546,REST-TG05-005,Jagtial,Vegetable Biryani,biryani,75,meals,vegetarian,2026-10-02 20:00:00,2026-10-03 04:00:00,ambient,RESCUED,2026-10-02 19:24:00,SYNTHETIC_DEMO
DON-02547,REST-TG06-134,Jangaon,Bakery Items,bakery,67,meals,vegetarian,2026-10-01 14:00:00,2026-10-01 22:00:00,refrigerated,RESCUED,2026-10-01 13:44:00,SYNTHETIC_DEMO
DON-02548,REST-TG07-117,Jayashankar Bhupalpally,Steamed Rice,rice,80,meals,egg,2026-10-04 22:00:00,2026-10-05 01:00:00,refrigerated,AT_RISK,2026-10-04 21:37:00,SYNTHETIC_DEMO
DON-02549,REST-TG08-088,Jogulamba Gadwal,Dal,dal,82,meals,non_vegetarian,2026-09-28 03:00:00,2026-09-28 05:00:00,hot_holding,AT_RISK,2026-09-28 02:50:00,SYNTHETIC_DEMO
DON-02550,REST-TG09-062,Kamareddy,Mixed Vegetables,vegetables,42,meals,vegan,2026-09-28 13:00:00,2026-09-28 18:00:00,ambient,AT_RISK,2026-09-28 12:03:00,SYNTHETIC_DEMO
DON-02551,REST-TG10-112,Karimnagar,Fresh Fruit,fruits,15,meals,vegetarian,2026-10-05 14:00:00,2026-10-05 16:00:00,hot_holding,AT_RISK,2026-10-05 13:11:00,SYNTHETIC_DEMO
DON-02552,REST-TG11-091,Khammam,Roti,roti,91,meals,vegan,2026-10-05 05:00:00,2026-10-05 11:00:00,ambient,AVAILABLE,2026-10-05 04:00:00,SYNTHETIC_DEMO
DON-02553,REST-TG12-130,Kumuram Bheem,Vegetable Biryani,biryani,54,meals,vegetarian,2026-09-28 19:00:00,2026-09-28 21:00:00,hot_holding,AVAILABLE,2026-09-28 18:52:00,SYNTHETIC_DEMO
DON-02554,REST-TG13-014,Mahabubabad,Prepared Meal,cooked_meal,59,meals,vegetarian,2026-09-26 23:00:00,2026-09-27 07:00:00,hot_holding,AT_RISK,2026-09-26 22:15:00,SYNTHETIC_DEMO
DON-02555,REST-TG14-084,Mahabubnagar,Dal,dal,92,meals,vegetarian,2026-10-05 09:00:00,2026-10-05 11:00:00,refrigerated,AT_RISK,2026-10-05 08:40:00,SYNTHETIC_DEMO
DON-02556,REST-TG15-019,Mancherial,Veg Sandwich,sandwich,43,meals,vegetarian,2026-10-04 14:00:00,2026-10-04 17:00:00,hot_holding,URGENT,2026-10-04 13:18:00,SYNTHETIC_DEMO
DON-02557,REST-TG16-013,Medak,Veg Sandwich,sandwich,51,meals,vegan,2026-09-29 00:00:00,2026-09-29 02:00:00,hot_holding,URGENT,2026-09-28 23:39:00,SYNTHETIC_DEMO
DON-02558,REST-TG17-118,Medchal-Malkajgiri,Veg Sandwich,sandwich,85,meals,vegan,2026-10-05 04:00:00,2026-10-05 06:00:00,refrigerated,AT_RISK,2026-10-05 03:23:00,SYNTHETIC_DEMO
DON-02559,REST-TG18-074,Mulugu,Packaged Meals,packaged_food,77,meals,egg,2026-10-04 22:00:00,2026-10-05 00:00:00,hot_holding,AVAILABLE,2026-10-04 21:16:00,SYNTHETIC_DEMO
DON-02560,REST-TG19-081,Nagarkurnool,Prepared Meal,cooked_meal,15,meals,vegetarian,2026-10-04 22:00:00,2026-10-05 02:00:00,hot_holding,AT_RISK,2026-10-04 21:24:00,SYNTHETIC_DEMO
DON-02561,REST-TG20-002,Nalgonda,Veg Sandwich,sandwich,28,meals,vegetarian,2026-09-27 08:00:00,2026-09-27 16:00:00,hot_holding,AT_RISK,2026-09-27 07:51:00,SYNTHETIC_DEMO
DON-02562,REST-TG21-006,Narayanpet,Fresh Fruit,fruits,15,meals,vegetarian,2026-10-02 06:00:00,2026-10-02 09:00:00,ambient,AVAILABLE,2026-10-02 05:55:00,SYNTHETIC_DEMO
DON-02563,REST-TG22-102,Nirmal,Roti,roti,36,meals,vegetarian,2026-10-03 06:00:00,2026-10-03 11:00:00,refrigerated,RESCUED,2026-10-03 05:43:00,SYNTHETIC_DEMO
DON-02564,REST-TG23-038,Nizamabad,Steamed Rice,rice,96,meals,non_vegetarian,2026-10-02 17:00:00,2026-10-02 21:00:00,hot_holding,AT_RISK,2026-10-02 16:52:00,SYNTHETIC_DEMO
DON-02565,REST-TG24-092,Peddapalli,Roti,roti,87,meals,non_vegetarian,2026-09-30 06:00:00,2026-09-30 09:00:00,refrigerated,AT_RISK,2026-09-30 05:26:00,SYNTHETIC_DEMO
DON-02566,REST-TG25-120,Rajanna Sircilla,Vegetable Biryani,biryani,28,meals,vegan,2026-10-04 18:00:00,2026-10-05 00:00:00,hot_holding,RESCUED,2026-10-04 17:27:00,SYNTHETIC_DEMO
DON-02567,REST-TG26-095,Rangareddy,Prepared Meal,cooked_meal,14,meals,vegetarian,2026-10-03 14:00:00,2026-10-03 17:00:00,hot_holding,AT_RISK,2026-10-03 13:51:00,SYNTHETIC_DEMO
DON-02568,REST-TG27-057,Sangareddy,Fresh Fruit,fruits,50,meals,non_vegetarian,2026-10-05 08:00:00,2026-10-05 16:00:00,ambient,AVAILABLE,2026-10-05 07:20:00,SYNTHETIC_DEMO
DON-02569,REST-TG28-031,Siddipet,Dal,dal,54,meals,vegetarian,2026-10-02 01:00:00,2026-10-02 05:00:00,refrigerated,RESCUED,2026-10-02 00:50:00,SYNTHETIC_DEMO
DON-02570,REST-TG29-123,Suryapet,Vegetable Biryani,biryani,70,meals,vegetarian,2026-09-27 21:00:00,2026-09-28 05:00:00,refrigerated,AVAILABLE,2026-09-27 20:18:00,SYNTHETIC_DEMO
DON-02571,REST-TG30-137,Vikarabad,Bakery Items,bakery,32,meals,non_vegetarian,2026-09-30 03:00:00,2026-09-30 05:00:00,hot_holding,RESCUED,2026-09-30 02:24:00,SYNTHETIC_DEMO
DON-02572,REST-TG31-108,Wanaparthy,Roti,roti,64,meals,vegetarian,2026-09-27 00:00:00,2026-09-27 06:00:00,refrigerated,AT_RISK,2026-09-26 23:15:00,SYNTHETIC_DEMO
DON-02573,REST-TG32-139,Warangal,Packaged Meals,packaged_food,96,meals,vegetarian,2026-10-02 00:00:00,2026-10-02 06:00:00,refrigerated,AT_RISK,2026-10-01 23:14:00,SYNTHETIC_DEMO
DON-02574,REST-TG33-129,Yadadri Bhuvanagiri,Prepared Meal,cooked_meal,85,meals,non_vegetarian,2026-10-06 00:00:00,2026-10-06 06:00:00,hot_holding,AVAILABLE,2026-10-05 23:02:00,SYNTHETIC_DEMO
DON-02575,REST-TG01-126,Adilabad,Prepared Meal,cooked_meal,47,meals,vegetarian,2026-10-02 20:00:00,2026-10-03 00:00:00,hot_holding,AVAILABLE,2026-10-02 19:51:00,SYNTHETIC_DEMO
DON-02576,REST-TG02-093,Bhadradri Kothagudem,Roti,roti,98,meals,vegetarian,2026-09-30 02:00:00,2026-09-30 07:00:00,refrigerated,RESCUED,2026-09-30 01:23:00,SYNTHETIC_DEMO
DON-02577,REST-TG03-056,Hanumakonda,Vegetable Pulao,pulao,43,meals,egg,2026-10-02 02:00:00,2026-10-02 06:00:00,hot_holding,AVAILABLE,2026-10-02 01:41:00,SYNTHETIC_DEMO
DON-02578,REST-TG04-110,Hyderabad,Steamed Rice,rice,29,meals,vegetarian,2026-10-04 16:00:00,2026-10-05 00:00:00,hot_holding,RESCUED,2026-10-04 15:01:00,SYNTHETIC_DEMO
DON-02579,REST-TG05-088,Jagtial,Prepared Meal,cooked_meal,80,meals,non_vegetarian,2026-09-27 02:00:00,2026-09-27 05:00:00,hot_holding,AVAILABLE,2026-09-27 01:47:00,SYNTHETIC_DEMO
DON-02580,REST-TG06-127,Jangaon,Steamed Rice,rice,58,meals,vegetarian,2026-10-01 05:00:00,2026-10-01 09:00:00,ambient,AT_RISK,2026-10-01 04:08:00,SYNTHETIC_DEMO
DON-02581,REST-TG07-043,Jayashankar Bhupalpally,Veg Sandwich,sandwich,27,meals,egg,2026-10-05 05:00:00,2026-10-05 08:00:00,ambient,AVAILABLE,2026-10-05 04:24:00,SYNTHETIC_DEMO
DON-02582,REST-TG08-025,Jogulamba Gadwal,Vegetable Pulao,pulao,63,meals,vegetarian,2026-10-03 21:00:00,2026-10-04 03:00:00,refrigerated,RESCUED,2026-10-03 20:10:00,SYNTHETIC_DEMO
DON-02583,REST-TG09-001,Kamareddy,Mixed Vegetables,vegetables,56,meals,egg,2026-10-05 15:00:00,2026-10-05 21:00:00,refrigerated,AVAILABLE,2026-10-05 14:53:00,SYNTHETIC_DEMO
DON-02584,REST-TG10-101,Karimnagar,Veg Sandwich,sandwich,39,meals,vegetarian,2026-09-28 22:00:00,2026-09-29 01:00:00,hot_holding,AT_RISK,2026-09-28 21:31:00,SYNTHETIC_DEMO
DON-02585,REST-TG11-045,Khammam,Bakery Items,bakery,12,meals,vegetarian,2026-10-01 09:00:00,2026-10-01 15:00:00,ambient,AVAILABLE,2026-10-01 08:35:00,SYNTHETIC_DEMO
DON-02586,REST-TG12-119,Kumuram Bheem,Fresh Bread,bread,87,meals,vegan,2026-10-05 04:00:00,2026-10-05 10:00:00,refrigerated,URGENT,2026-10-05 03:46:00,SYNTHETIC_DEMO
DON-02587,REST-TG13-015,Mahabubabad,Mixed Vegetables,vegetables,17,meals,vegetarian,2026-10-02 09:00:00,2026-10-02 15:00:00,refrigerated,RESCUED,2026-10-02 08:43:00,SYNTHETIC_DEMO
DON-02588,REST-TG14-007,Mahabubnagar,Fresh Fruit,fruits,70,meals,vegan,2026-10-05 18:00:00,2026-10-05 21:00:00,hot_holding,AVAILABLE,2026-10-05 17:19:00,SYNTHETIC_DEMO
DON-02589,REST-TG15-081,Mancherial,Fresh Bread,bread,11,meals,non_vegetarian,2026-09-26 11:00:00,2026-09-26 19:00:00,hot_holding,AT_RISK,2026-09-26 10:12:00,SYNTHETIC_DEMO
DON-02590,REST-TG16-098,Medak,Steamed Rice,rice,39,meals,vegetarian,2026-10-05 19:00:00,2026-10-06 00:00:00,hot_holding,AT_RISK,2026-10-05 18:09:00,SYNTHETIC_DEMO
DON-02591,REST-TG17-054,Medchal-Malkajgiri,Prepared Meal,cooked_meal,54,meals,vegetarian,2026-09-30 08:00:00,2026-09-30 12:00:00,ambient,RESCUED,2026-09-30 07:29:00,SYNTHETIC_DEMO
DON-02592,REST-TG18-063,Mulugu,Packaged Meals,packaged_food,22,meals,vegetarian,2026-10-04 02:00:00,2026-10-04 04:00:00,ambient,AT_RISK,2026-10-04 01:48:00,SYNTHETIC_DEMO
DON-02593,REST-TG19-105,Nagarkurnool,Packaged Meals,packaged_food,36,meals,vegetarian,2026-09-27 10:00:00,2026-09-27 15:00:00,ambient,AT_RISK,2026-09-27 09:00:00,SYNTHETIC_DEMO
DON-02594,REST-TG20-056,Nalgonda,Prepared Meal,cooked_meal,43,meals,vegetarian,2026-10-03 09:00:00,2026-10-03 11:00:00,refrigerated,AT_RISK,2026-10-03 08:00:00,SYNTHETIC_DEMO
DON-02595,REST-TG21-089,Narayanpet,Dal,dal,53,meals,non_vegetarian,2026-09-30 16:00:00,2026-09-30 22:00:00,hot_holding,AT_RISK,2026-09-30 15:25:00,SYNTHETIC_DEMO
DON-02596,REST-TG22-140,Nirmal,Vegetable Biryani,biryani,100,meals,vegetarian,2026-10-02 16:00:00,2026-10-02 20:00:00,hot_holding,URGENT,2026-10-02 15:40:00,SYNTHETIC_DEMO
DON-02597,REST-TG23-128,Nizamabad,Veg Sandwich,sandwich,16,meals,egg,2026-10-05 03:00:00,2026-10-05 07:00:00,hot_holding,AT_RISK,2026-10-05 02:21:00,SYNTHETIC_DEMO
DON-02598,REST-TG24-044,Peddapalli,Bakery Items,bakery,57,meals,vegetarian,2026-10-05 01:00:00,2026-10-05 03:00:00,refrigerated,URGENT,2026-10-05 00:36:00,SYNTHETIC_DEMO
DON-02599,REST-TG25-075,Rajanna Sircilla,Mixed Vegetables,vegetables,82,meals,vegan,2026-09-28 11:00:00,2026-09-28 19:00:00,refrigerated,AVAILABLE,2026-09-28 10:55:00,SYNTHETIC_DEMO
DON-02600,REST-TG26-005,Rangareddy,Veg Sandwich,sandwich,99,meals,egg,2026-09-30 20:00:00,2026-10-01 02:00:00,ambient,AT_RISK,2026-09-30 19:15:00,SYNTHETIC_DEMO
DON-02601,REST-TG27-081,Sangareddy,Packaged Meals,packaged_food,42,meals,egg,2026-09-26 15:00:00,2026-09-26 23:00:00,ambient,AT_RISK,2026-09-26 14:18:00,SYNTHETIC_DEMO
DON-02602,REST-TG28-035,Siddipet,Fresh Bread,bread,19,meals,vegetarian,2026-10-03 13:00:00,2026-10-03 19:00:00,hot_holding,AT_RISK,2026-10-03 12:26:00,SYNTHETIC_DEMO
DON-02603,REST-TG29-048,Suryapet,Steamed Rice,rice,58,meals,non_vegetarian,2026-10-04 18:00:00,2026-10-04 21:00:00,ambient,RESCUED,2026-10-04 17:52:00,SYNTHETIC_DEMO
DON-02604,REST-TG30-010,Vikarabad,Fresh Bread,bread,12,meals,vegetarian,2026-10-04 10:00:00,2026-10-04 15:00:00,refrigerated,RESCUED,2026-10-04 09:35:00,SYNTHETIC_DEMO
DON-02605,REST-TG31-022,Wanaparthy,Veg Sandwich,sandwich,54,meals,non_vegetarian,2026-10-05 17:00:00,2026-10-05 23:00:00,refrigerated,AT_RISK,2026-10-05 16:37:00,SYNTHETIC_DEMO
DON-02606,REST-TG32-098,Warangal,Vegetable Pulao,pulao,39,meals,vegetarian,2026-09-27 06:00:00,2026-09-27 14:00:00,hot_holding,AT_RISK,2026-09-27 05:42:00,SYNTHETIC_DEMO
DON-02607,REST-TG33-138,Yadadri Bhuvanagiri,Steamed Rice,rice,97,meals,vegetarian,2026-10-05 13:00:00,2026-10-05 21:00:00,refrigerated,RESCUED,2026-10-05 12:34:00,SYNTHETIC_DEMO
DON-02608,REST-TG01-130,Adilabad,Fresh Fruit,fruits,10,meals,vegetarian,2026-10-03 07:00:00,2026-10-03 10:00:00,refrigerated,AVAILABLE,2026-10-03 06:18:00,SYNTHETIC_DEMO
DON-02609,REST-TG02-136,Bhadradri Kothagudem,Mixed Vegetables,vegetables,37,meals,vegetarian,2026-10-05 11:00:00,2026-10-05 19:00:00,ambient,AT_RISK,2026-10-05 10:14:00,SYNTHETIC_DEMO
DON-02610,REST-TG03-117,Hanumakonda,Vegetable Biryani,biryani,88,meals,egg,2026-10-01 11:00:00,2026-10-01 19:00:00,refrigerated,URGENT,2026-10-01 10:45:00,SYNTHETIC_DEMO
DON-02611,REST-TG04-141,Hyderabad,Fresh Bread,bread,89,meals,vegetarian,2026-09-27 18:00:00,2026-09-27 23:00:00,ambient,RESCUED,2026-09-27 17:20:00,SYNTHETIC_DEMO
DON-02612,REST-TG05-060,Jagtial,Roti,roti,24,meals,egg,2026-09-29 11:00:00,2026-09-29 16:00:00,refrigerated,RESCUED,2026-09-29 10:21:00,SYNTHETIC_DEMO
DON-02613,REST-TG06-083,Jangaon,Packaged Meals,packaged_food,97,meals,vegan,2026-09-30 12:00:00,2026-09-30 20:00:00,refrigerated,RESCUED,2026-09-30 11:45:00,SYNTHETIC_DEMO
DON-02614,REST-TG07-046,Jayashankar Bhupalpally,Roti,roti,95,meals,vegan,2026-09-29 23:00:00,2026-09-30 04:00:00,refrigerated,URGENT,2026-09-29 22:07:00,SYNTHETIC_DEMO
DON-02615,REST-TG08-118,Jogulamba Gadwal,Fresh Fruit,fruits,80,meals,vegetarian,2026-09-30 13:00:00,2026-09-30 15:00:00,ambient,AVAILABLE,2026-09-30 12:33:00,SYNTHETIC_DEMO
DON-02616,REST-TG09-149,Kamareddy,Vegetable Pulao,pulao,62,meals,vegetarian,2026-10-04 00:00:00,2026-10-04 08:00:00,ambient,URGENT,2026-10-03 23:55:00,SYNTHETIC_DEMO
DON-02617,REST-TG10-134,Karimnagar,Vegetable Biryani,biryani,69,meals,vegetarian,2026-09-29 17:00:00,2026-09-29 19:00:00,hot_holding,AT_RISK,2026-09-29 16:35:00,SYNTHETIC_DEMO
DON-02618,REST-TG11-126,Khammam,Fresh Fruit,fruits,36,meals,non_vegetarian,2026-10-06 04:00:00,2026-10-06 06:00:00,hot_holding,AVAILABLE,2026-10-06 03:09:00,SYNTHETIC_DEMO
DON-02619,REST-TG12-078,Kumuram Bheem,Packaged Meals,packaged_food,50,meals,non_vegetarian,2026-09-29 00:00:00,2026-09-29 04:00:00,refrigerated,AT_RISK,2026-09-28 23:38:00,SYNTHETIC_DEMO
DON-02620,REST-TG13-149,Mahabubabad,Bakery Items,bakery,98,meals,vegetarian,2026-10-01 04:00:00,2026-10-01 09:00:00,ambient,AT_RISK,2026-10-01 03:35:00,SYNTHETIC_DEMO
DON-02621,REST-TG14-004,Mahabubnagar,Vegetable Pulao,pulao,73,meals,non_vegetarian,2026-09-27 23:00:00,2026-09-28 01:00:00,hot_holding,URGENT,2026-09-27 22:26:00,SYNTHETIC_DEMO
DON-02622,REST-TG15-129,Mancherial,Veg Sandwich,sandwich,65,meals,vegetarian,2026-10-06 03:00:00,2026-10-06 08:00:00,hot_holding,AVAILABLE,2026-10-06 02:05:00,SYNTHETIC_DEMO
DON-02623,REST-TG16-037,Medak,Fresh Bread,bread,58,meals,non_vegetarian,2026-10-01 20:00:00,2026-10-02 00:00:00,ambient,URGENT,2026-10-01 19:47:00,SYNTHETIC_DEMO
DON-02624,REST-TG17-036,Medchal-Malkajgiri,Fresh Bread,bread,99,meals,non_vegetarian,2026-10-03 13:00:00,2026-10-03 21:00:00,ambient,AT_RISK,2026-10-03 12:49:00,SYNTHETIC_DEMO
DON-02625,REST-TG18-121,Mulugu,Vegetable Biryani,biryani,19,meals,non_vegetarian,2026-09-27 04:00:00,2026-09-27 12:00:00,ambient,URGENT,2026-09-27 03:25:00,SYNTHETIC_DEMO
DON-02626,REST-TG19-084,Nagarkurnool,Roti,roti,64,meals,vegetarian,2026-10-05 14:00:00,2026-10-05 20:00:00,hot_holding,RESCUED,2026-10-05 13:16:00,SYNTHETIC_DEMO
DON-02627,REST-TG20-149,Nalgonda,Dal,dal,70,meals,vegan,2026-09-27 17:00:00,2026-09-27 23:00:00,refrigerated,AVAILABLE,2026-09-27 16:49:00,SYNTHETIC_DEMO
DON-02628,REST-TG21-025,Narayanpet,Fresh Fruit,fruits,99,meals,vegetarian,2026-10-03 11:00:00,2026-10-03 14:00:00,refrigerated,AT_RISK,2026-10-03 10:17:00,SYNTHETIC_DEMO
DON-02629,REST-TG22-022,Nirmal,Steamed Rice,rice,17,meals,vegetarian,2026-10-02 00:00:00,2026-10-02 03:00:00,hot_holding,RESCUED,2026-10-01 23:16:00,SYNTHETIC_DEMO
DON-02630,REST-TG23-076,Nizamabad,Bakery Items,bakery,31,meals,egg,2026-09-27 22:00:00,2026-09-28 01:00:00,ambient,AT_RISK,2026-09-27 21:02:00,SYNTHETIC_DEMO
DON-02631,REST-TG24-106,Peddapalli,Vegetable Pulao,pulao,99,meals,vegan,2026-10-02 22:00:00,2026-10-03 04:00:00,ambient,AT_RISK,2026-10-02 21:01:00,SYNTHETIC_DEMO
DON-02632,REST-TG25-145,Rajanna Sircilla,Fresh Bread,bread,92,meals,vegetarian,2026-09-26 18:00:00,2026-09-27 00:00:00,hot_holding,AVAILABLE,2026-09-26 17:38:00,SYNTHETIC_DEMO
DON-02633,REST-TG26-081,Rangareddy,Prepared Meal,cooked_meal,94,meals,vegan,2026-10-02 05:00:00,2026-10-02 10:00:00,hot_holding,RESCUED,2026-10-02 04:06:00,SYNTHETIC_DEMO
DON-02634,REST-TG27-011,Sangareddy,Bakery Items,bakery,64,meals,vegetarian,2026-10-01 09:00:00,2026-10-01 14:00:00,hot_holding,AVAILABLE,2026-10-01 08:40:00,SYNTHETIC_DEMO
DON-02635,REST-TG28-118,Siddipet,Dal,dal,94,meals,vegetarian,2026-10-04 04:00:00,2026-10-04 12:00:00,refrigerated,RESCUED,2026-10-04 03:49:00,SYNTHETIC_DEMO
DON-02636,REST-TG29-075,Suryapet,Fresh Bread,bread,62,meals,non_vegetarian,2026-09-27 23:00:00,2026-09-28 05:00:00,hot_holding,URGENT,2026-09-27 22:49:00,SYNTHETIC_DEMO
DON-02637,REST-TG30-068,Vikarabad,Fresh Fruit,fruits,74,meals,vegetarian,2026-10-01 03:00:00,2026-10-01 11:00:00,ambient,AVAILABLE,2026-10-01 02:51:00,SYNTHETIC_DEMO
DON-02638,REST-TG31-101,Wanaparthy,Veg Sandwich,sandwich,81,meals,vegetarian,2026-09-30 14:00:00,2026-09-30 18:00:00,refrigerated,AT_RISK,2026-09-30 13:00:00,SYNTHETIC_DEMO
DON-02639,REST-TG32-103,Warangal,Fresh Bread,bread,60,meals,vegan,2026-09-30 14:00:00,2026-09-30 18:00:00,refrigerated,AVAILABLE,2026-09-30 13:49:00,SYNTHETIC_DEMO
DON-02640,REST-TG33-109,Yadadri Bhuvanagiri,Fresh Fruit,fruits,22,meals,vegetarian,2026-10-04 12:00:00,2026-10-04 14:00:00,hot_holding,URGENT,2026-10-04 11:38:00,SYNTHETIC_DEMO
DON-02641,REST-TG01-018,Adilabad,Bakery Items,bakery,55,meals,vegetarian,2026-10-04 05:00:00,2026-10-04 09:00:00,ambient,URGENT,2026-10-04 04:03:00,SYNTHETIC_DEMO
DON-02642,REST-TG02-133,Bhadradri Kothagudem,Vegetable Biryani,biryani,100,meals,vegetarian,2026-10-03 00:00:00,2026-10-03 02:00:00,ambient,URGENT,2026-10-02 23:44:00,SYNTHETIC_DEMO
DON-02643,REST-TG03-037,Hanumakonda,Bakery Items,bakery,46,meals,non_vegetarian,2026-10-01 06:00:00,2026-10-01 12:00:00,refrigerated,AVAILABLE,2026-10-01 05:04:00,SYNTHETIC_DEMO
DON-02644,REST-TG04-133,Hyderabad,Fresh Bread,bread,37,meals,non_vegetarian,2026-10-03 11:00:00,2026-10-03 19:00:00,hot_holding,AVAILABLE,2026-10-03 10:54:00,SYNTHETIC_DEMO
DON-02645,REST-TG05-069,Jagtial,Prepared Meal,cooked_meal,39,meals,vegetarian,2026-10-02 22:00:00,2026-10-03 02:00:00,ambient,AVAILABLE,2026-10-02 21:18:00,SYNTHETIC_DEMO
DON-02646,REST-TG06-037,Jangaon,Prepared Meal,cooked_meal,99,meals,vegetarian,2026-10-02 06:00:00,2026-10-02 11:00:00,hot_holding,URGENT,2026-10-02 05:44:00,SYNTHETIC_DEMO
DON-02647,REST-TG07-095,Jayashankar Bhupalpally,Veg Sandwich,sandwich,53,meals,vegetarian,2026-09-29 20:00:00,2026-09-30 00:00:00,ambient,RESCUED,2026-09-29 19:27:00,SYNTHETIC_DEMO
DON-02648,REST-TG08-036,Jogulamba Gadwal,Fresh Fruit,fruits,46,meals,non_vegetarian,2026-10-04 18:00:00,2026-10-04 20:00:00,ambient,AT_RISK,2026-10-04 17:21:00,SYNTHETIC_DEMO
DON-02649,REST-TG09-001,Kamareddy,Roti,roti,79,meals,vegetarian,2026-10-03 06:00:00,2026-10-03 09:00:00,hot_holding,AVAILABLE,2026-10-03 05:04:00,SYNTHETIC_DEMO
DON-02650,REST-TG10-104,Karimnagar,Dal,dal,86,meals,vegetarian,2026-10-04 12:00:00,2026-10-04 16:00:00,refrigerated,AT_RISK,2026-10-04 11:45:00,SYNTHETIC_DEMO
DON-02651,REST-TG11-090,Khammam,Veg Sandwich,sandwich,97,meals,vegetarian,2026-09-30 10:00:00,2026-09-30 15:00:00,refrigerated,URGENT,2026-09-30 09:50:00,SYNTHETIC_DEMO
DON-02652,REST-TG12-084,Kumuram Bheem,Veg Sandwich,sandwich,86,meals,vegetarian,2026-09-29 23:00:00,2026-09-30 07:00:00,refrigerated,AVAILABLE,2026-09-29 22:33:00,SYNTHETIC_DEMO
DON-02653,REST-TG13-143,Mahabubabad,Dal,dal,58,meals,vegan,2026-09-30 13:00:00,2026-09-30 21:00:00,refrigerated,AT_RISK,2026-09-30 12:01:00,SYNTHETIC_DEMO
DON-02654,REST-TG14-040,Mahabubnagar,Vegetable Biryani,biryani,67,meals,vegetarian,2026-10-05 16:00:00,2026-10-06 00:00:00,hot_holding,RESCUED,2026-10-05 15:34:00,SYNTHETIC_DEMO
DON-02655,REST-TG15-082,Mancherial,Vegetable Pulao,pulao,83,meals,non_vegetarian,2026-10-03 01:00:00,2026-10-03 07:00:00,refrigerated,AVAILABLE,2026-10-03 00:34:00,SYNTHETIC_DEMO
DON-02656,REST-TG16-138,Medak,Steamed Rice,rice,74,meals,vegetarian,2026-09-30 01:00:00,2026-09-30 03:00:00,hot_holding,AVAILABLE,2026-09-30 00:04:00,SYNTHETIC_DEMO
DON-02657,REST-TG17-119,Medchal-Malkajgiri,Fresh Bread,bread,51,meals,vegetarian,2026-10-02 07:00:00,2026-10-02 15:00:00,refrigerated,URGENT,2026-10-02 06:06:00,SYNTHETIC_DEMO
DON-02658,REST-TG18-100,Mulugu,Vegetable Biryani,biryani,20,meals,non_vegetarian,2026-10-01 12:00:00,2026-10-01 15:00:00,ambient,AVAILABLE,2026-10-01 11:21:00,SYNTHETIC_DEMO
DON-02659,REST-TG19-043,Nagarkurnool,Prepared Meal,cooked_meal,15,meals,egg,2026-10-02 08:00:00,2026-10-02 16:00:00,ambient,AVAILABLE,2026-10-02 07:32:00,SYNTHETIC_DEMO
DON-02660,REST-TG20-090,Nalgonda,Roti,roti,82,meals,vegetarian,2026-10-01 07:00:00,2026-10-01 13:00:00,ambient,AVAILABLE,2026-10-01 06:21:00,SYNTHETIC_DEMO
DON-02661,REST-TG21-012,Narayanpet,Bakery Items,bakery,77,meals,non_vegetarian,2026-10-01 04:00:00,2026-10-01 08:00:00,refrigerated,RESCUED,2026-10-01 03:27:00,SYNTHETIC_DEMO
DON-02662,REST-TG22-127,Nirmal,Mixed Vegetables,vegetables,30,meals,vegetarian,2026-09-30 01:00:00,2026-09-30 04:00:00,hot_holding,AT_RISK,2026-09-30 00:49:00,SYNTHETIC_DEMO
DON-02663,REST-TG23-133,Nizamabad,Mixed Vegetables,vegetables,24,meals,vegetarian,2026-09-28 11:00:00,2026-09-28 19:00:00,hot_holding,AT_RISK,2026-09-28 10:47:00,SYNTHETIC_DEMO
DON-02664,REST-TG24-124,Peddapalli,Veg Sandwich,sandwich,53,meals,vegetarian,2026-10-05 05:00:00,2026-10-05 13:00:00,ambient,RESCUED,2026-10-05 04:00:00,SYNTHETIC_DEMO
DON-02665,REST-TG25-112,Rajanna Sircilla,Packaged Meals,packaged_food,37,meals,vegetarian,2026-10-04 22:00:00,2026-10-05 04:00:00,ambient,AT_RISK,2026-10-04 21:01:00,SYNTHETIC_DEMO
DON-02666,REST-TG26-090,Rangareddy,Vegetable Pulao,pulao,39,meals,non_vegetarian,2026-09-27 19:00:00,2026-09-28 00:00:00,hot_holding,AT_RISK,2026-09-27 18:07:00,SYNTHETIC_DEMO
DON-02667,REST-TG27-067,Sangareddy,Fresh Bread,bread,35,meals,vegetarian,2026-10-01 10:00:00,2026-10-01 18:00:00,hot_holding,AVAILABLE,2026-10-01 09:44:00,SYNTHETIC_DEMO
DON-02668,REST-TG28-020,Siddipet,Fresh Bread,bread,38,meals,vegetarian,2026-09-30 08:00:00,2026-09-30 14:00:00,hot_holding,AT_RISK,2026-09-30 07:53:00,SYNTHETIC_DEMO
DON-02669,REST-TG29-120,Suryapet,Bakery Items,bakery,73,meals,egg,2026-10-02 11:00:00,2026-10-02 17:00:00,hot_holding,AVAILABLE,2026-10-02 10:06:00,SYNTHETIC_DEMO
DON-02670,REST-TG30-098,Vikarabad,Dal,dal,75,meals,vegan,2026-09-29 16:00:00,2026-09-29 18:00:00,ambient,RESCUED,2026-09-29 15:47:00,SYNTHETIC_DEMO
DON-02671,REST-TG31-081,Wanaparthy,Dal,dal,59,meals,vegetarian,2026-09-29 16:00:00,2026-09-29 19:00:00,hot_holding,AT_RISK,2026-09-29 15:06:00,SYNTHETIC_DEMO
DON-02672,REST-TG32-100,Warangal,Mixed Vegetables,vegetables,50,meals,vegetarian,2026-09-28 00:00:00,2026-09-28 03:00:00,hot_holding,RESCUED,2026-09-27 23:47:00,SYNTHETIC_DEMO
DON-02673,REST-TG33-080,Yadadri Bhuvanagiri,Dal,dal,40,meals,vegan,2026-09-28 06:00:00,2026-09-28 10:00:00,hot_holding,AT_RISK,2026-09-28 05:33:00,SYNTHETIC_DEMO
DON-02674,REST-TG01-042,Adilabad,Prepared Meal,cooked_meal,57,meals,vegetarian,2026-10-01 11:00:00,2026-10-01 15:00:00,hot_holding,RESCUED,2026-10-01 10:25:00,SYNTHETIC_DEMO
DON-02675,REST-TG02-086,Bhadradri Kothagudem,Vegetable Pulao,pulao,91,meals,non_vegetarian,2026-10-05 14:00:00,2026-10-05 18:00:00,refrigerated,RESCUED,2026-10-05 13:13:00,SYNTHETIC_DEMO
DON-02676,REST-TG03-124,Hanumakonda,Prepared Meal,cooked_meal,67,meals,non_vegetarian,2026-10-04 09:00:00,2026-10-04 11:00:00,refrigerated,URGENT,2026-10-04 08:52:00,SYNTHETIC_DEMO
DON-02677,REST-TG04-123,Hyderabad,Prepared Meal,cooked_meal,99,meals,vegetarian,2026-10-04 20:00:00,2026-10-05 00:00:00,ambient,URGENT,2026-10-04 19:27:00,SYNTHETIC_DEMO
DON-02678,REST-TG05-062,Jagtial,Steamed Rice,rice,83,meals,vegetarian,2026-09-29 00:00:00,2026-09-29 06:00:00,hot_holding,RESCUED,2026-09-28 23:36:00,SYNTHETIC_DEMO
DON-02679,REST-TG06-081,Jangaon,Roti,roti,84,meals,egg,2026-09-29 09:00:00,2026-09-29 14:00:00,ambient,RESCUED,2026-09-29 08:04:00,SYNTHETIC_DEMO
DON-02680,REST-TG07-081,Jayashankar Bhupalpally,Mixed Vegetables,vegetables,82,meals,vegetarian,2026-10-03 03:00:00,2026-10-03 11:00:00,hot_holding,AVAILABLE,2026-10-03 02:46:00,SYNTHETIC_DEMO
DON-02681,REST-TG08-135,Jogulamba Gadwal,Steamed Rice,rice,90,meals,vegetarian,2026-09-27 10:00:00,2026-09-27 18:00:00,refrigerated,AVAILABLE,2026-09-27 09:00:00,SYNTHETIC_DEMO
DON-02682,REST-TG09-129,Kamareddy,Mixed Vegetables,vegetables,75,meals,vegetarian,2026-09-30 08:00:00,2026-09-30 11:00:00,hot_holding,URGENT,2026-09-30 07:01:00,SYNTHETIC_DEMO
DON-02683,REST-TG10-074,Karimnagar,Bakery Items,bakery,77,meals,vegetarian,2026-09-30 19:00:00,2026-09-30 21:00:00,ambient,AT_RISK,2026-09-30 18:43:00,SYNTHETIC_DEMO
DON-02684,REST-TG11-033,Khammam,Bakery Items,bakery,83,meals,vegetarian,2026-09-28 17:00:00,2026-09-28 22:00:00,refrigerated,AVAILABLE,2026-09-28 16:03:00,SYNTHETIC_DEMO
DON-02685,REST-TG12-038,Kumuram Bheem,Vegetable Biryani,biryani,34,meals,vegetarian,2026-10-04 00:00:00,2026-10-04 06:00:00,refrigerated,URGENT,2026-10-03 23:29:00,SYNTHETIC_DEMO
DON-02686,REST-TG13-148,Mahabubabad,Vegetable Pulao,pulao,56,meals,vegetarian,2026-10-05 17:00:00,2026-10-05 19:00:00,ambient,RESCUED,2026-10-05 16:53:00,SYNTHETIC_DEMO
DON-02687,REST-TG14-065,Mahabubnagar,Bakery Items,bakery,54,meals,non_vegetarian,2026-10-04 13:00:00,2026-10-04 17:00:00,refrigerated,AT_RISK,2026-10-04 12:10:00,SYNTHETIC_DEMO
DON-02688,REST-TG15-017,Mancherial,Fresh Fruit,fruits,47,meals,vegetarian,2026-10-03 07:00:00,2026-10-03 09:00:00,hot_holding,AT_RISK,2026-10-03 06:09:00,SYNTHETIC_DEMO
DON-02689,REST-TG16-121,Medak,Vegetable Pulao,pulao,35,meals,vegetarian,2026-09-30 00:00:00,2026-09-30 08:00:00,ambient,RESCUED,2026-09-29 23:12:00,SYNTHETIC_DEMO
DON-02690,REST-TG17-095,Medchal-Malkajgiri,Bakery Items,bakery,56,meals,egg,2026-10-03 08:00:00,2026-10-03 13:00:00,ambient,URGENT,2026-10-03 07:07:00,SYNTHETIC_DEMO
DON-02691,REST-TG18-080,Mulugu,Steamed Rice,rice,34,meals,egg,2026-09-28 15:00:00,2026-09-28 20:00:00,ambient,AT_RISK,2026-09-28 14:30:00,SYNTHETIC_DEMO
DON-02692,REST-TG19-047,Nagarkurnool,Vegetable Pulao,pulao,44,meals,vegetarian,2026-09-28 20:00:00,2026-09-28 23:00:00,hot_holding,AT_RISK,2026-09-28 19:51:00,SYNTHETIC_DEMO
DON-02693,REST-TG20-064,Nalgonda,Vegetable Pulao,pulao,24,meals,non_vegetarian,2026-09-27 19:00:00,2026-09-27 21:00:00,hot_holding,URGENT,2026-09-27 18:43:00,SYNTHETIC_DEMO
DON-02694,REST-TG21-025,Narayanpet,Fresh Fruit,fruits,73,meals,vegetarian,2026-10-03 05:00:00,2026-10-03 09:00:00,hot_holding,RESCUED,2026-10-03 04:17:00,SYNTHETIC_DEMO
DON-02695,REST-TG22-003,Nirmal,Vegetable Pulao,pulao,63,meals,vegetarian,2026-09-28 22:00:00,2026-09-29 00:00:00,hot_holding,AT_RISK,2026-09-28 21:43:00,SYNTHETIC_DEMO
DON-02696,REST-TG23-028,Nizamabad,Prepared Meal,cooked_meal,59,meals,vegetarian,2026-09-30 08:00:00,2026-09-30 14:00:00,refrigerated,URGENT,2026-09-30 07:13:00,SYNTHETIC_DEMO
DON-02697,REST-TG24-078,Peddapalli,Fresh Fruit,fruits,93,meals,vegan,2026-10-04 20:00:00,2026-10-04 22:00:00,refrigerated,AVAILABLE,2026-10-04 19:37:00,SYNTHETIC_DEMO
DON-02698,REST-TG25-035,Rajanna Sircilla,Fresh Fruit,fruits,96,meals,non_vegetarian,2026-09-30 23:00:00,2026-10-01 01:00:00,ambient,AT_RISK,2026-09-30 22:35:00,SYNTHETIC_DEMO
DON-02699,REST-TG26-025,Rangareddy,Veg Sandwich,sandwich,10,meals,non_vegetarian,2026-10-06 05:00:00,2026-10-06 10:00:00,hot_holding,URGENT,2026-10-06 04:25:00,SYNTHETIC_DEMO
DON-02700,REST-TG27-081,Sangareddy,Mixed Vegetables,vegetables,73,meals,non_vegetarian,2026-10-05 15:00:00,2026-10-05 20:00:00,hot_holding,AT_RISK,2026-10-05 14:17:00,SYNTHETIC_DEMO
DON-02701,REST-TG28-144,Siddipet,Prepared Meal,cooked_meal,33,meals,vegetarian,2026-10-04 16:00:00,2026-10-04 22:00:00,ambient,AT_RISK,2026-10-04 15:20:00,SYNTHETIC_DEMO
DON-02702,REST-TG29-076,Suryapet,Mixed Vegetables,vegetables,79,meals,vegetarian,2026-10-03 15:00:00,2026-10-03 18:00:00,refrigerated,AVAILABLE,2026-10-03 14:52:00,SYNTHETIC_DEMO
DON-02703,REST-TG30-022,Vikarabad,Fresh Bread,bread,84,meals,vegetarian,2026-09-29 03:00:00,2026-09-29 07:00:00,refrigerated,AVAILABLE,2026-09-29 02:27:00,SYNTHETIC_DEMO
DON-02704,REST-TG31-058,Wanaparthy,Fresh Bread,bread,21,meals,vegetarian,2026-09-29 00:00:00,2026-09-29 06:00:00,hot_holding,AVAILABLE,2026-09-28 23:37:00,SYNTHETIC_DEMO
DON-02705,REST-TG32-117,Warangal,Prepared Meal,cooked_meal,43,meals,vegetarian,2026-09-30 10:00:00,2026-09-30 15:00:00,refrigerated,AVAILABLE,2026-09-30 09:32:00,SYNTHETIC_DEMO
DON-02706,REST-TG33-011,Yadadri Bhuvanagiri,Dal,dal,13,meals,vegetarian,2026-10-05 23:00:00,2026-10-06 01:00:00,ambient,AT_RISK,2026-10-05 22:08:00,SYNTHETIC_DEMO
DON-02707,REST-TG01-075,Adilabad,Fresh Fruit,fruits,87,meals,non_vegetarian,2026-10-05 01:00:00,2026-10-05 07:00:00,ambient,RESCUED,2026-10-05 00:11:00,SYNTHETIC_DEMO
DON-02708,REST-TG02-061,Bhadradri Kothagudem,Vegetable Biryani,biryani,36,meals,vegetarian,2026-10-03 20:00:00,2026-10-04 01:00:00,refrigerated,AVAILABLE,2026-10-03 19:17:00,SYNTHETIC_DEMO
DON-02709,REST-TG03-140,Hanumakonda,Prepared Meal,cooked_meal,40,meals,vegetarian,2026-09-30 12:00:00,2026-09-30 20:00:00,refrigerated,AT_RISK,2026-09-30 11:35:00,SYNTHETIC_DEMO
DON-02710,REST-TG04-082,Hyderabad,Mixed Vegetables,vegetables,49,meals,non_vegetarian,2026-09-27 07:00:00,2026-09-27 10:00:00,hot_holding,AVAILABLE,2026-09-27 06:38:00,SYNTHETIC_DEMO
DON-02711,REST-TG05-118,Jagtial,Fresh Bread,bread,96,meals,non_vegetarian,2026-10-05 17:00:00,2026-10-06 01:00:00,refrigerated,AVAILABLE,2026-10-05 16:38:00,SYNTHETIC_DEMO
DON-02712,REST-TG06-127,Jangaon,Roti,roti,91,meals,vegetarian,2026-09-30 06:00:00,2026-09-30 09:00:00,ambient,URGENT,2026-09-30 05:40:00,SYNTHETIC_DEMO
DON-02713,REST-TG07-145,Jayashankar Bhupalpally,Dal,dal,82,meals,non_vegetarian,2026-10-03 05:00:00,2026-10-03 10:00:00,ambient,AVAILABLE,2026-10-03 04:26:00,SYNTHETIC_DEMO
DON-02714,REST-TG08-040,Jogulamba Gadwal,Steamed Rice,rice,47,meals,non_vegetarian,2026-09-27 17:00:00,2026-09-27 23:00:00,refrigerated,AVAILABLE,2026-09-27 16:45:00,SYNTHETIC_DEMO
DON-02715,REST-TG09-056,Kamareddy,Mixed Vegetables,vegetables,67,meals,vegan,2026-09-28 16:00:00,2026-09-28 18:00:00,ambient,URGENT,2026-09-28 15:33:00,SYNTHETIC_DEMO
DON-02716,REST-TG10-108,Karimnagar,Roti,roti,73,meals,vegetarian,2026-09-28 18:00:00,2026-09-28 23:00:00,ambient,AT_RISK,2026-09-28 17:43:00,SYNTHETIC_DEMO
DON-02717,REST-TG11-032,Khammam,Fresh Fruit,fruits,52,meals,vegetarian,2026-10-02 12:00:00,2026-10-02 20:00:00,hot_holding,AT_RISK,2026-10-02 11:43:00,SYNTHETIC_DEMO
DON-02718,REST-TG12-132,Kumuram Bheem,Vegetable Pulao,pulao,74,meals,vegetarian,2026-09-29 21:00:00,2026-09-30 00:00:00,hot_holding,AVAILABLE,2026-09-29 20:37:00,SYNTHETIC_DEMO
DON-02719,REST-TG13-074,Mahabubabad,Roti,roti,80,meals,egg,2026-10-01 07:00:00,2026-10-01 13:00:00,refrigerated,RESCUED,2026-10-01 06:03:00,SYNTHETIC_DEMO
DON-02720,REST-TG14-028,Mahabubnagar,Dal,dal,15,meals,non_vegetarian,2026-10-01 00:00:00,2026-10-01 04:00:00,refrigerated,AVAILABLE,2026-09-30 23:08:00,SYNTHETIC_DEMO
DON-02721,REST-TG15-058,Mancherial,Veg Sandwich,sandwich,87,meals,vegetarian,2026-10-05 00:00:00,2026-10-05 06:00:00,hot_holding,AVAILABLE,2026-10-04 23:19:00,SYNTHETIC_DEMO
DON-02722,REST-TG16-133,Medak,Vegetable Pulao,pulao,98,meals,vegetarian,2026-10-03 15:00:00,2026-10-03 23:00:00,refrigerated,AVAILABLE,2026-10-03 14:25:00,SYNTHETIC_DEMO
DON-02723,REST-TG17-031,Medchal-Malkajgiri,Dal,dal,96,meals,vegetarian,2026-09-29 03:00:00,2026-09-29 06:00:00,hot_holding,AT_RISK,2026-09-29 02:32:00,SYNTHETIC_DEMO
DON-02724,REST-TG18-140,Mulugu,Roti,roti,50,meals,vegetarian,2026-10-03 04:00:00,2026-10-03 08:00:00,refrigerated,AVAILABLE,2026-10-03 03:40:00,SYNTHETIC_DEMO
DON-02725,REST-TG19-094,Nagarkurnool,Steamed Rice,rice,25,meals,vegetarian,2026-10-03 14:00:00,2026-10-03 19:00:00,ambient,AVAILABLE,2026-10-03 13:33:00,SYNTHETIC_DEMO
DON-02726,REST-TG20-030,Nalgonda,Roti,roti,16,meals,vegetarian,2026-09-28 21:00:00,2026-09-29 03:00:00,hot_holding,URGENT,2026-09-28 20:10:00,SYNTHETIC_DEMO
DON-02727,REST-TG21-054,Narayanpet,Bakery Items,bakery,88,meals,vegetarian,2026-10-03 13:00:00,2026-10-03 16:00:00,ambient,AT_RISK,2026-10-03 12:37:00,SYNTHETIC_DEMO
DON-02728,REST-TG22-026,Nirmal,Fresh Bread,bread,59,meals,non_vegetarian,2026-09-30 14:00:00,2026-09-30 19:00:00,refrigerated,RESCUED,2026-09-30 13:46:00,SYNTHETIC_DEMO
DON-02729,REST-TG23-007,Nizamabad,Roti,roti,24,meals,vegetarian,2026-09-30 09:00:00,2026-09-30 13:00:00,hot_holding,AT_RISK,2026-09-30 08:05:00,SYNTHETIC_DEMO
DON-02730,REST-TG24-093,Peddapalli,Vegetable Pulao,pulao,84,meals,vegetarian,2026-10-03 14:00:00,2026-10-03 20:00:00,ambient,AT_RISK,2026-10-03 13:13:00,SYNTHETIC_DEMO
DON-02731,REST-TG25-126,Rajanna Sircilla,Fresh Bread,bread,46,meals,vegetarian,2026-09-28 09:00:00,2026-09-28 15:00:00,ambient,RESCUED,2026-09-28 08:12:00,SYNTHETIC_DEMO
DON-02732,REST-TG26-053,Rangareddy,Dal,dal,44,meals,vegetarian,2026-09-30 18:00:00,2026-09-30 20:00:00,hot_holding,URGENT,2026-09-30 17:51:00,SYNTHETIC_DEMO
DON-02733,REST-TG27-132,Sangareddy,Vegetable Pulao,pulao,64,meals,vegetarian,2026-09-29 11:00:00,2026-09-29 15:00:00,refrigerated,URGENT,2026-09-29 10:00:00,SYNTHETIC_DEMO
DON-02734,REST-TG28-060,Siddipet,Fresh Fruit,fruits,14,meals,vegetarian,2026-09-28 06:00:00,2026-09-28 11:00:00,hot_holding,URGENT,2026-09-28 05:01:00,SYNTHETIC_DEMO
DON-02735,REST-TG29-034,Suryapet,Dal,dal,80,meals,non_vegetarian,2026-09-30 09:00:00,2026-09-30 17:00:00,ambient,AVAILABLE,2026-09-30 08:27:00,SYNTHETIC_DEMO
DON-02736,REST-TG30-066,Vikarabad,Steamed Rice,rice,81,meals,vegetarian,2026-10-05 07:00:00,2026-10-05 15:00:00,refrigerated,AT_RISK,2026-10-05 06:02:00,SYNTHETIC_DEMO
DON-02737,REST-TG31-003,Wanaparthy,Fresh Bread,bread,80,meals,vegetarian,2026-10-06 05:00:00,2026-10-06 13:00:00,hot_holding,AT_RISK,2026-10-06 04:23:00,SYNTHETIC_DEMO
DON-02738,REST-TG32-133,Warangal,Dal,dal,18,meals,non_vegetarian,2026-09-27 04:00:00,2026-09-27 07:00:00,ambient,RESCUED,2026-09-27 03:07:00,SYNTHETIC_DEMO
DON-02739,REST-TG33-041,Yadadri Bhuvanagiri,Steamed Rice,rice,86,meals,vegetarian,2026-09-27 10:00:00,2026-09-27 15:00:00,ambient,AVAILABLE,2026-09-27 09:48:00,SYNTHETIC_DEMO
DON-02740,REST-TG01-071,Adilabad,Vegetable Biryani,biryani,18,meals,vegetarian,2026-09-28 21:00:00,2026-09-29 01:00:00,refrigerated,URGENT,2026-09-28 20:54:00,SYNTHETIC_DEMO
DON-02741,REST-TG02-024,Bhadradri Kothagudem,Dal,dal,20,meals,non_vegetarian,2026-10-03 13:00:00,2026-10-03 19:00:00,refrigerated,AT_RISK,2026-10-03 12:23:00,SYNTHETIC_DEMO
DON-02742,REST-TG03-126,Hanumakonda,Fresh Fruit,fruits,65,meals,vegetarian,2026-10-03 06:00:00,2026-10-03 08:00:00,hot_holding,URGENT,2026-10-03 05:03:00,SYNTHETIC_DEMO
DON-02743,REST-TG04-028,Hyderabad,Veg Sandwich,sandwich,73,meals,vegetarian,2026-10-04 16:00:00,2026-10-04 21:00:00,hot_holding,AT_RISK,2026-10-04 15:51:00,SYNTHETIC_DEMO
DON-02744,REST-TG05-058,Jagtial,Fresh Fruit,fruits,20,meals,vegetarian,2026-10-04 11:00:00,2026-10-04 13:00:00,hot_holding,AVAILABLE,2026-10-04 10:12:00,SYNTHETIC_DEMO
DON-02745,REST-TG06-131,Jangaon,Mixed Vegetables,vegetables,76,meals,vegan,2026-10-04 19:00:00,2026-10-05 03:00:00,refrigerated,AT_RISK,2026-10-04 18:36:00,SYNTHETIC_DEMO
DON-02746,REST-TG07-022,Jayashankar Bhupalpally,Vegetable Pulao,pulao,60,meals,vegetarian,2026-10-02 02:00:00,2026-10-02 05:00:00,hot_holding,AVAILABLE,2026-10-02 01:31:00,SYNTHETIC_DEMO
DON-02747,REST-TG08-117,Jogulamba Gadwal,Vegetable Pulao,pulao,69,meals,vegetarian,2026-10-02 22:00:00,2026-10-03 00:00:00,ambient,AVAILABLE,2026-10-02 21:43:00,SYNTHETIC_DEMO
DON-02748,REST-TG09-088,Kamareddy,Veg Sandwich,sandwich,50,meals,egg,2026-09-26 12:00:00,2026-09-26 17:00:00,ambient,AVAILABLE,2026-09-26 11:09:00,SYNTHETIC_DEMO
DON-02749,REST-TG10-137,Karimnagar,Steamed Rice,rice,18,meals,vegetarian,2026-10-04 19:00:00,2026-10-05 00:00:00,ambient,AT_RISK,2026-10-04 18:25:00,SYNTHETIC_DEMO
DON-02750,REST-TG11-079,Khammam,Veg Sandwich,sandwich,16,meals,vegetarian,2026-10-05 19:00:00,2026-10-05 23:00:00,ambient,AT_RISK,2026-10-05 18:45:00,SYNTHETIC_DEMO
DON-02751,REST-TG12-016,Kumuram Bheem,Packaged Meals,packaged_food,56,meals,vegan,2026-09-30 22:00:00,2026-10-01 04:00:00,refrigerated,AVAILABLE,2026-09-30 21:40:00,SYNTHETIC_DEMO
DON-02752,REST-TG13-080,Mahabubabad,Dal,dal,12,meals,vegetarian,2026-10-01 23:00:00,2026-10-02 07:00:00,hot_holding,AVAILABLE,2026-10-01 22:21:00,SYNTHETIC_DEMO
DON-02753,REST-TG14-116,Mahabubnagar,Fresh Fruit,fruits,22,meals,non_vegetarian,2026-10-01 18:00:00,2026-10-01 23:00:00,ambient,AVAILABLE,2026-10-01 17:54:00,SYNTHETIC_DEMO
DON-02754,REST-TG15-149,Mancherial,Roti,roti,91,meals,vegan,2026-10-04 15:00:00,2026-10-04 23:00:00,hot_holding,RESCUED,2026-10-04 14:06:00,SYNTHETIC_DEMO
DON-02755,REST-TG16-088,Medak,Mixed Vegetables,vegetables,13,meals,vegetarian,2026-10-01 08:00:00,2026-10-01 16:00:00,hot_holding,AVAILABLE,2026-10-01 07:47:00,SYNTHETIC_DEMO
DON-02756,REST-TG17-067,Medchal-Malkajgiri,Veg Sandwich,sandwich,40,meals,vegetarian,2026-10-05 08:00:00,2026-10-05 11:00:00,ambient,AT_RISK,2026-10-05 07:34:00,SYNTHETIC_DEMO
DON-02757,REST-TG18-004,Mulugu,Fresh Bread,bread,38,meals,vegetarian,2026-09-26 21:00:00,2026-09-27 01:00:00,hot_holding,AVAILABLE,2026-09-26 20:51:00,SYNTHETIC_DEMO
DON-02758,REST-TG19-092,Nagarkurnool,Prepared Meal,cooked_meal,61,meals,vegetarian,2026-09-28 07:00:00,2026-09-28 15:00:00,refrigerated,AVAILABLE,2026-09-28 06:26:00,SYNTHETIC_DEMO
DON-02759,REST-TG20-046,Nalgonda,Fresh Fruit,fruits,21,meals,vegetarian,2026-09-27 11:00:00,2026-09-27 19:00:00,ambient,AT_RISK,2026-09-27 10:20:00,SYNTHETIC_DEMO
DON-02760,REST-TG21-127,Narayanpet,Fresh Bread,bread,66,meals,vegetarian,2026-09-27 20:00:00,2026-09-27 22:00:00,hot_holding,AVAILABLE,2026-09-27 19:09:00,SYNTHETIC_DEMO
DON-02761,REST-TG22-126,Nirmal,Fresh Fruit,fruits,65,meals,vegan,2026-09-27 09:00:00,2026-09-27 15:00:00,hot_holding,AVAILABLE,2026-09-27 08:17:00,SYNTHETIC_DEMO
DON-02762,REST-TG23-021,Nizamabad,Fresh Bread,bread,46,meals,non_vegetarian,2026-10-02 19:00:00,2026-10-02 22:00:00,hot_holding,RESCUED,2026-10-02 18:41:00,SYNTHETIC_DEMO
DON-02763,REST-TG24-040,Peddapalli,Roti,roti,77,meals,vegan,2026-10-03 22:00:00,2026-10-04 06:00:00,ambient,AVAILABLE,2026-10-03 21:51:00,SYNTHETIC_DEMO
DON-02764,REST-TG25-058,Rajanna Sircilla,Vegetable Pulao,pulao,52,meals,vegetarian,2026-09-30 19:00:00,2026-09-30 21:00:00,refrigerated,RESCUED,2026-09-30 18:35:00,SYNTHETIC_DEMO
DON-02765,REST-TG26-143,Rangareddy,Mixed Vegetables,vegetables,59,meals,vegetarian,2026-10-01 05:00:00,2026-10-01 10:00:00,hot_holding,AVAILABLE,2026-10-01 04:33:00,SYNTHETIC_DEMO
DON-02766,REST-TG27-024,Sangareddy,Vegetable Pulao,pulao,41,meals,vegan,2026-09-26 14:00:00,2026-09-26 19:00:00,refrigerated,AT_RISK,2026-09-26 13:32:00,SYNTHETIC_DEMO
DON-02767,REST-TG28-133,Siddipet,Fresh Fruit,fruits,79,meals,non_vegetarian,2026-10-02 01:00:00,2026-10-02 03:00:00,refrigerated,AT_RISK,2026-10-02 00:41:00,SYNTHETIC_DEMO
DON-02768,REST-TG29-089,Suryapet,Bakery Items,bakery,70,meals,vegetarian,2026-10-02 02:00:00,2026-10-02 06:00:00,hot_holding,AVAILABLE,2026-10-02 01:04:00,SYNTHETIC_DEMO
DON-02769,REST-TG30-046,Vikarabad,Mixed Vegetables,vegetables,59,meals,vegetarian,2026-09-29 07:00:00,2026-09-29 09:00:00,refrigerated,URGENT,2026-09-29 06:30:00,SYNTHETIC_DEMO
DON-02770,REST-TG31-025,Wanaparthy,Prepared Meal,cooked_meal,68,meals,vegetarian,2026-09-29 03:00:00,2026-09-29 09:00:00,ambient,AVAILABLE,2026-09-29 02:12:00,SYNTHETIC_DEMO
DON-02771,REST-TG32-082,Warangal,Vegetable Biryani,biryani,93,meals,vegetarian,2026-09-27 19:00:00,2026-09-27 21:00:00,hot_holding,AVAILABLE,2026-09-27 18:32:00,SYNTHETIC_DEMO
DON-02772,REST-TG33-080,Yadadri Bhuvanagiri,Vegetable Pulao,pulao,69,meals,vegetarian,2026-10-04 20:00:00,2026-10-05 04:00:00,ambient,AT_RISK,2026-10-04 19:29:00,SYNTHETIC_DEMO
DON-02773,REST-TG01-028,Adilabad,Dal,dal,24,meals,vegetarian,2026-09-29 10:00:00,2026-09-29 15:00:00,hot_holding,AT_RISK,2026-09-29 09:14:00,SYNTHETIC_DEMO
DON-02774,REST-TG02-002,Bhadradri Kothagudem,Vegetable Biryani,biryani,35,meals,vegetarian,2026-10-05 04:00:00,2026-10-05 08:00:00,hot_holding,AT_RISK,2026-10-05 03:31:00,SYNTHETIC_DEMO
DON-02775,REST-TG03-086,Hanumakonda,Mixed Vegetables,vegetables,14,meals,vegetarian,2026-09-27 05:00:00,2026-09-27 10:00:00,refrigerated,AVAILABLE,2026-09-27 04:07:00,SYNTHETIC_DEMO
DON-02776,REST-TG04-075,Hyderabad,Veg Sandwich,sandwich,89,meals,vegetarian,2026-10-04 05:00:00,2026-10-04 13:00:00,hot_holding,AT_RISK,2026-10-04 04:53:00,SYNTHETIC_DEMO
DON-02777,REST-TG05-054,Jagtial,Fresh Bread,bread,67,meals,non_vegetarian,2026-10-06 05:00:00,2026-10-06 07:00:00,refrigerated,AT_RISK,2026-10-06 04:30:00,SYNTHETIC_DEMO
DON-02778,REST-TG06-094,Jangaon,Prepared Meal,cooked_meal,25,meals,vegetarian,2026-10-06 00:00:00,2026-10-06 03:00:00,hot_holding,AT_RISK,2026-10-05 23:23:00,SYNTHETIC_DEMO
DON-02779,REST-TG07-023,Jayashankar Bhupalpally,Mixed Vegetables,vegetables,42,meals,vegetarian,2026-10-03 13:00:00,2026-10-03 19:00:00,ambient,AVAILABLE,2026-10-03 12:43:00,SYNTHETIC_DEMO
DON-02780,REST-TG08-149,Jogulamba Gadwal,Dal,dal,83,meals,vegetarian,2026-09-27 17:00:00,2026-09-27 19:00:00,refrigerated,AVAILABLE,2026-09-27 16:51:00,SYNTHETIC_DEMO
DON-02781,REST-TG09-034,Kamareddy,Fresh Bread,bread,54,meals,non_vegetarian,2026-10-01 06:00:00,2026-10-01 12:00:00,refrigerated,AVAILABLE,2026-10-01 05:49:00,SYNTHETIC_DEMO
DON-02782,REST-TG10-100,Karimnagar,Steamed Rice,rice,95,meals,vegetarian,2026-10-06 00:00:00,2026-10-06 08:00:00,refrigerated,RESCUED,2026-10-05 23:47:00,SYNTHETIC_DEMO
DON-02783,REST-TG11-041,Khammam,Packaged Meals,packaged_food,54,meals,non_vegetarian,2026-10-01 07:00:00,2026-10-01 10:00:00,ambient,RESCUED,2026-10-01 06:42:00,SYNTHETIC_DEMO
DON-02784,REST-TG12-062,Kumuram Bheem,Vegetable Biryani,biryani,24,meals,non_vegetarian,2026-09-28 15:00:00,2026-09-28 19:00:00,refrigerated,AT_RISK,2026-09-28 14:26:00,SYNTHETIC_DEMO
DON-02785,REST-TG13-016,Mahabubabad,Mixed Vegetables,vegetables,73,meals,non_vegetarian,2026-10-01 12:00:00,2026-10-01 20:00:00,ambient,AVAILABLE,2026-10-01 11:46:00,SYNTHETIC_DEMO
DON-02786,REST-TG14-048,Mahabubnagar,Fresh Fruit,fruits,62,meals,vegetarian,2026-10-04 10:00:00,2026-10-04 18:00:00,hot_holding,RESCUED,2026-10-04 09:12:00,SYNTHETIC_DEMO
DON-02787,REST-TG15-020,Mancherial,Fresh Fruit,fruits,51,meals,vegetarian,2026-10-01 03:00:00,2026-10-01 09:00:00,refrigerated,AVAILABLE,2026-10-01 02:05:00,SYNTHETIC_DEMO
DON-02788,REST-TG16-057,Medak,Fresh Bread,bread,32,meals,vegetarian,2026-09-30 10:00:00,2026-09-30 16:00:00,ambient,AVAILABLE,2026-09-30 09:08:00,SYNTHETIC_DEMO
DON-02789,REST-TG17-144,Medchal-Malkajgiri,Fresh Bread,bread,59,meals,non_vegetarian,2026-10-05 21:00:00,2026-10-06 05:00:00,hot_holding,AT_RISK,2026-10-05 20:06:00,SYNTHETIC_DEMO
DON-02790,REST-TG18-118,Mulugu,Mixed Vegetables,vegetables,12,meals,vegetarian,2026-09-27 08:00:00,2026-09-27 13:00:00,hot_holding,RESCUED,2026-09-27 07:53:00,SYNTHETIC_DEMO
DON-02791,REST-TG19-139,Nagarkurnool,Veg Sandwich,sandwich,10,meals,non_vegetarian,2026-10-05 19:00:00,2026-10-05 21:00:00,ambient,AVAILABLE,2026-10-05 18:29:00,SYNTHETIC_DEMO
DON-02792,REST-TG20-048,Nalgonda,Steamed Rice,rice,67,meals,vegetarian,2026-10-05 13:00:00,2026-10-05 18:00:00,hot_holding,AT_RISK,2026-10-05 12:02:00,SYNTHETIC_DEMO
DON-02793,REST-TG21-134,Narayanpet,Vegetable Pulao,pulao,20,meals,egg,2026-10-01 06:00:00,2026-10-01 14:00:00,refrigerated,URGENT,2026-10-01 05:42:00,SYNTHETIC_DEMO
DON-02794,REST-TG22-122,Nirmal,Roti,roti,25,meals,egg,2026-10-04 14:00:00,2026-10-04 18:00:00,refrigerated,AT_RISK,2026-10-04 13:33:00,SYNTHETIC_DEMO
DON-02795,REST-TG23-061,Nizamabad,Fresh Bread,bread,67,meals,vegetarian,2026-09-28 08:00:00,2026-09-28 10:00:00,refrigerated,AVAILABLE,2026-09-28 07:31:00,SYNTHETIC_DEMO
DON-02796,REST-TG24-052,Peddapalli,Vegetable Pulao,pulao,64,meals,vegetarian,2026-10-04 16:00:00,2026-10-04 21:00:00,refrigerated,AVAILABLE,2026-10-04 15:53:00,SYNTHETIC_DEMO
DON-02797,REST-TG25-084,Rajanna Sircilla,Mixed Vegetables,vegetables,51,meals,non_vegetarian,2026-10-05 19:00:00,2026-10-05 21:00:00,ambient,URGENT,2026-10-05 18:31:00,SYNTHETIC_DEMO
DON-02798,REST-TG26-067,Rangareddy,Fresh Fruit,fruits,76,meals,non_vegetarian,2026-10-01 12:00:00,2026-10-01 14:00:00,hot_holding,AT_RISK,2026-10-01 11:05:00,SYNTHETIC_DEMO
DON-02799,REST-TG27-148,Sangareddy,Roti,roti,85,meals,egg,2026-10-04 20:00:00,2026-10-04 23:00:00,hot_holding,AT_RISK,2026-10-04 19:25:00,SYNTHETIC_DEMO
DON-02800,REST-TG28-035,Siddipet,Mixed Vegetables,vegetables,48,meals,vegetarian,2026-10-01 06:00:00,2026-10-01 12:00:00,refrigerated,RESCUED,2026-10-01 05:09:00,SYNTHETIC_DEMO
DON-02801,REST-TG29-022,Suryapet,Packaged Meals,packaged_food,10,meals,non_vegetarian,2026-10-03 10:00:00,2026-10-03 12:00:00,refrigerated,AT_RISK,2026-10-03 09:50:00,SYNTHETIC_DEMO
DON-02802,REST-TG30-101,Vikarabad,Dal,dal,77,meals,vegetarian,2026-09-30 03:00:00,2026-09-30 05:00:00,refrigerated,URGENT,2026-09-30 02:28:00,SYNTHETIC_DEMO
DON-02803,REST-TG31-126,Wanaparthy,Vegetable Pulao,pulao,15,meals,non_vegetarian,2026-10-01 19:00:00,2026-10-02 00:00:00,ambient,AVAILABLE,2026-10-01 18:19:00,SYNTHETIC_DEMO
DON-02804,REST-TG32-131,Warangal,Mixed Vegetables,vegetables,41,meals,vegetarian,2026-10-01 09:00:00,2026-10-01 14:00:00,hot_holding,AT_RISK,2026-10-01 08:54:00,SYNTHETIC_DEMO
DON-02805,REST-TG33-039,Yadadri Bhuvanagiri,Vegetable Pulao,pulao,25,meals,vegetarian,2026-09-27 17:00:00,2026-09-27 19:00:00,hot_holding,AT_RISK,2026-09-27 16:47:00,SYNTHETIC_DEMO
DON-02806,REST-TG01-010,Adilabad,Fresh Fruit,fruits,69,meals,vegetarian,2026-09-28 06:00:00,2026-09-28 12:00:00,hot_holding,URGENT,2026-09-28 05:39:00,SYNTHETIC_DEMO
DON-02807,REST-TG02-040,Bhadradri Kothagudem,Prepared Meal,cooked_meal,82,meals,vegetarian,2026-09-26 16:00:00,2026-09-27 00:00:00,refrigerated,AVAILABLE,2026-09-26 15:26:00,SYNTHETIC_DEMO
DON-02808,REST-TG03-147,Hanumakonda,Fresh Fruit,fruits,97,meals,egg,2026-10-01 16:00:00,2026-10-02 00:00:00,hot_holding,RESCUED,2026-10-01 15:54:00,SYNTHETIC_DEMO
DON-02809,REST-TG04-114,Hyderabad,Fresh Fruit,fruits,78,meals,vegetarian,2026-09-30 19:00:00,2026-10-01 01:00:00,ambient,AVAILABLE,2026-09-30 18:24:00,SYNTHETIC_DEMO
DON-02810,REST-TG05-109,Jagtial,Vegetable Biryani,biryani,43,meals,vegetarian,2026-09-29 22:00:00,2026-09-30 01:00:00,ambient,RESCUED,2026-09-29 21:40:00,SYNTHETIC_DEMO
DON-02811,REST-TG06-025,Jangaon,Vegetable Biryani,biryani,15,meals,egg,2026-09-27 22:00:00,2026-09-28 04:00:00,refrigerated,AT_RISK,2026-09-27 21:05:00,SYNTHETIC_DEMO
DON-02812,REST-TG07-032,Jayashankar Bhupalpally,Veg Sandwich,sandwich,61,meals,vegetarian,2026-09-29 06:00:00,2026-09-29 14:00:00,hot_holding,RESCUED,2026-09-29 05:39:00,SYNTHETIC_DEMO
DON-02813,REST-TG08-075,Jogulamba Gadwal,Roti,roti,12,meals,egg,2026-10-01 07:00:00,2026-10-01 13:00:00,hot_holding,AVAILABLE,2026-10-01 06:12:00,SYNTHETIC_DEMO
DON-02814,REST-TG09-065,Kamareddy,Bakery Items,bakery,92,meals,vegan,2026-09-27 01:00:00,2026-09-27 07:00:00,refrigerated,AT_RISK,2026-09-27 00:47:00,SYNTHETIC_DEMO
DON-02815,REST-TG10-146,Karimnagar,Vegetable Pulao,pulao,41,meals,non_vegetarian,2026-10-03 17:00:00,2026-10-03 22:00:00,hot_holding,AT_RISK,2026-10-03 16:09:00,SYNTHETIC_DEMO
DON-02816,REST-TG11-138,Khammam,Vegetable Pulao,pulao,66,meals,vegetarian,2026-09-29 19:00:00,2026-09-30 03:00:00,hot_holding,AVAILABLE,2026-09-29 18:06:00,SYNTHETIC_DEMO
DON-02817,REST-TG12-076,Kumuram Bheem,Vegetable Biryani,biryani,13,meals,egg,2026-09-27 16:00:00,2026-09-27 22:00:00,ambient,RESCUED,2026-09-27 15:12:00,SYNTHETIC_DEMO
DON-02818,REST-TG13-149,Mahabubabad,Prepared Meal,cooked_meal,82,meals,vegetarian,2026-09-28 11:00:00,2026-09-28 16:00:00,hot_holding,RESCUED,2026-09-28 10:45:00,SYNTHETIC_DEMO
DON-02819,REST-TG14-138,Mahabubnagar,Fresh Fruit,fruits,43,meals,vegetarian,2026-10-03 20:00:00,2026-10-03 22:00:00,refrigerated,URGENT,2026-10-03 19:45:00,SYNTHETIC_DEMO
DON-02820,REST-TG15-006,Mancherial,Mixed Vegetables,vegetables,68,meals,vegan,2026-09-28 14:00:00,2026-09-28 19:00:00,refrigerated,URGENT,2026-09-28 13:30:00,SYNTHETIC_DEMO
DON-02821,REST-TG16-021,Medak,Veg Sandwich,sandwich,49,meals,vegetarian,2026-10-05 06:00:00,2026-10-05 08:00:00,refrigerated,URGENT,2026-10-05 05:49:00,SYNTHETIC_DEMO
DON-02822,REST-TG17-041,Medchal-Malkajgiri,Fresh Bread,bread,97,meals,egg,2026-09-26 09:00:00,2026-09-26 17:00:00,hot_holding,AVAILABLE,2026-09-26 08:46:00,SYNTHETIC_DEMO
DON-02823,REST-TG18-027,Mulugu,Fresh Fruit,fruits,30,meals,vegetarian,2026-10-04 06:00:00,2026-10-04 08:00:00,ambient,AT_RISK,2026-10-04 05:17:00,SYNTHETIC_DEMO
DON-02824,REST-TG19-061,Nagarkurnool,Veg Sandwich,sandwich,32,meals,vegetarian,2026-09-30 06:00:00,2026-09-30 10:00:00,ambient,AT_RISK,2026-09-30 05:10:00,SYNTHETIC_DEMO
DON-02825,REST-TG20-023,Nalgonda,Fresh Fruit,fruits,63,meals,vegan,2026-09-26 16:00:00,2026-09-27 00:00:00,refrigerated,URGENT,2026-09-26 15:28:00,SYNTHETIC_DEMO
DON-02826,REST-TG21-030,Narayanpet,Fresh Fruit,fruits,76,meals,egg,2026-10-02 15:00:00,2026-10-02 19:00:00,hot_holding,RESCUED,2026-10-02 14:31:00,SYNTHETIC_DEMO
DON-02827,REST-TG22-029,Nirmal,Fresh Fruit,fruits,83,meals,egg,2026-09-27 20:00:00,2026-09-28 00:00:00,ambient,RESCUED,2026-09-27 19:09:00,SYNTHETIC_DEMO
DON-02828,REST-TG23-024,Nizamabad,Vegetable Biryani,biryani,63,meals,vegetarian,2026-09-28 03:00:00,2026-09-28 05:00:00,refrigerated,AT_RISK,2026-09-28 02:46:00,SYNTHETIC_DEMO
DON-02829,REST-TG24-091,Peddapalli,Bakery Items,bakery,30,meals,vegetarian,2026-10-03 13:00:00,2026-10-03 21:00:00,refrigerated,AVAILABLE,2026-10-03 12:24:00,SYNTHETIC_DEMO
DON-02830,REST-TG25-019,Rajanna Sircilla,Prepared Meal,cooked_meal,48,meals,vegetarian,2026-09-28 08:00:00,2026-09-28 16:00:00,hot_holding,AT_RISK,2026-09-28 07:31:00,SYNTHETIC_DEMO
DON-02831,REST-TG26-051,Rangareddy,Prepared Meal,cooked_meal,83,meals,non_vegetarian,2026-09-27 16:00:00,2026-09-28 00:00:00,hot_holding,AT_RISK,2026-09-27 15:30:00,SYNTHETIC_DEMO
DON-02832,REST-TG27-049,Sangareddy,Vegetable Biryani,biryani,30,meals,vegetarian,2026-10-04 07:00:00,2026-10-04 09:00:00,hot_holding,URGENT,2026-10-04 06:33:00,SYNTHETIC_DEMO
DON-02833,REST-TG28-119,Siddipet,Fresh Fruit,fruits,33,meals,vegetarian,2026-10-06 01:00:00,2026-10-06 05:00:00,ambient,URGENT,2026-10-06 00:09:00,SYNTHETIC_DEMO
DON-02834,REST-TG29-117,Suryapet,Steamed Rice,rice,15,meals,vegetarian,2026-09-27 20:00:00,2026-09-28 01:00:00,ambient,URGENT,2026-09-27 19:18:00,SYNTHETIC_DEMO
DON-02835,REST-TG30-127,Vikarabad,Bakery Items,bakery,40,meals,vegetarian,2026-09-26 12:00:00,2026-09-26 18:00:00,hot_holding,RESCUED,2026-09-26 11:26:00,SYNTHETIC_DEMO
DON-02836,REST-TG31-073,Wanaparthy,Mixed Vegetables,vegetables,16,meals,vegetarian,2026-09-30 12:00:00,2026-09-30 15:00:00,ambient,AT_RISK,2026-09-30 11:39:00,SYNTHETIC_DEMO
DON-02837,REST-TG32-142,Warangal,Packaged Meals,packaged_food,20,meals,non_vegetarian,2026-10-06 00:00:00,2026-10-06 05:00:00,refrigerated,RESCUED,2026-10-05 23:26:00,SYNTHETIC_DEMO
DON-02838,REST-TG33-033,Yadadri Bhuvanagiri,Mixed Vegetables,vegetables,98,meals,vegetarian,2026-09-26 21:00:00,2026-09-27 01:00:00,ambient,AT_RISK,2026-09-26 20:39:00,SYNTHETIC_DEMO
DON-02839,REST-TG01-070,Adilabad,Prepared Meal,cooked_meal,96,meals,vegetarian,2026-10-02 10:00:00,2026-10-02 13:00:00,ambient,AVAILABLE,2026-10-02 09:48:00,SYNTHETIC_DEMO
DON-02840,REST-TG02-028,Bhadradri Kothagudem,Vegetable Pulao,pulao,20,meals,vegetarian,2026-09-27 08:00:00,2026-09-27 16:00:00,refrigerated,AT_RISK,2026-09-27 07:46:00,SYNTHETIC_DEMO
DON-02841,REST-TG03-055,Hanumakonda,Dal,dal,21,meals,vegetarian,2026-10-02 16:00:00,2026-10-02 21:00:00,hot_holding,AT_RISK,2026-10-02 15:05:00,SYNTHETIC_DEMO
DON-02842,REST-TG04-135,Hyderabad,Mixed Vegetables,vegetables,52,meals,egg,2026-10-04 15:00:00,2026-10-04 19:00:00,refrigerated,AVAILABLE,2026-10-04 14:07:00,SYNTHETIC_DEMO
DON-02843,REST-TG05-065,Jagtial,Bakery Items,bakery,11,meals,non_vegetarian,2026-09-28 15:00:00,2026-09-28 18:00:00,refrigerated,AT_RISK,2026-09-28 14:51:00,SYNTHETIC_DEMO
DON-02844,REST-TG06-027,Jangaon,Bakery Items,bakery,94,meals,non_vegetarian,2026-09-29 16:00:00,2026-09-29 21:00:00,ambient,AVAILABLE,2026-09-29 15:38:00,SYNTHETIC_DEMO
DON-02845,REST-TG07-067,Jayashankar Bhupalpally,Bakery Items,bakery,20,meals,egg,2026-09-30 21:00:00,2026-09-30 23:00:00,hot_holding,AVAILABLE,2026-09-30 20:10:00,SYNTHETIC_DEMO
DON-02846,REST-TG08-097,Jogulamba Gadwal,Roti,roti,36,meals,vegetarian,2026-10-03 10:00:00,2026-10-03 15:00:00,refrigerated,RESCUED,2026-10-03 09:45:00,SYNTHETIC_DEMO
DON-02847,REST-TG09-114,Kamareddy,Vegetable Pulao,pulao,89,meals,vegetarian,2026-10-03 19:00:00,2026-10-03 21:00:00,hot_holding,AVAILABLE,2026-10-03 18:43:00,SYNTHETIC_DEMO
DON-02848,REST-TG10-052,Karimnagar,Veg Sandwich,sandwich,77,meals,non_vegetarian,2026-09-30 10:00:00,2026-09-30 14:00:00,hot_holding,AVAILABLE,2026-09-30 09:29:00,SYNTHETIC_DEMO
DON-02849,REST-TG11-104,Khammam,Bakery Items,bakery,84,meals,non_vegetarian,2026-10-04 18:00:00,2026-10-04 23:00:00,ambient,AT_RISK,2026-10-04 17:49:00,SYNTHETIC_DEMO
DON-02850,REST-TG12-050,Kumuram Bheem,Fresh Bread,bread,52,meals,vegetarian,2026-10-04 15:00:00,2026-10-04 21:00:00,ambient,AVAILABLE,2026-10-04 14:49:00,SYNTHETIC_DEMO
DON-02851,REST-TG13-002,Mahabubabad,Packaged Meals,packaged_food,95,meals,non_vegetarian,2026-09-28 07:00:00,2026-09-28 10:00:00,refrigerated,RESCUED,2026-09-28 06:33:00,SYNTHETIC_DEMO
DON-02852,REST-TG14-087,Mahabubnagar,Vegetable Pulao,pulao,51,meals,egg,2026-10-04 04:00:00,2026-10-04 06:00:00,hot_holding,AT_RISK,2026-10-04 03:16:00,SYNTHETIC_DEMO
DON-02853,REST-TG15-023,Mancherial,Steamed Rice,rice,94,meals,vegan,2026-09-29 09:00:00,2026-09-29 17:00:00,hot_holding,URGENT,2026-09-29 08:46:00,SYNTHETIC_DEMO
DON-02854,REST-TG16-078,Medak,Prepared Meal,cooked_meal,92,meals,non_vegetarian,2026-10-04 12:00:00,2026-10-04 20:00:00,hot_holding,URGENT,2026-10-04 11:31:00,SYNTHETIC_DEMO
DON-02855,REST-TG17-145,Medchal-Malkajgiri,Mixed Vegetables,vegetables,38,meals,vegan,2026-09-30 03:00:00,2026-09-30 09:00:00,refrigerated,URGENT,2026-09-30 02:43:00,SYNTHETIC_DEMO
DON-02856,REST-TG18-074,Mulugu,Mixed Vegetables,vegetables,60,meals,vegetarian,2026-09-30 20:00:00,2026-10-01 01:00:00,hot_holding,RESCUED,2026-09-30 19:06:00,SYNTHETIC_DEMO
DON-02857,REST-TG19-062,Nagarkurnool,Prepared Meal,cooked_meal,27,meals,vegetarian,2026-10-04 23:00:00,2026-10-05 04:00:00,ambient,AVAILABLE,2026-10-04 22:39:00,SYNTHETIC_DEMO
DON-02858,REST-TG20-084,Nalgonda,Mixed Vegetables,vegetables,48,meals,vegetarian,2026-10-02 10:00:00,2026-10-02 18:00:00,ambient,RESCUED,2026-10-02 09:47:00,SYNTHETIC_DEMO
DON-02859,REST-TG21-069,Narayanpet,Vegetable Pulao,pulao,21,meals,non_vegetarian,2026-09-28 06:00:00,2026-09-28 11:00:00,ambient,AVAILABLE,2026-09-28 05:38:00,SYNTHETIC_DEMO
DON-02860,REST-TG22-006,Nirmal,Roti,roti,31,meals,egg,2026-10-01 16:00:00,2026-10-02 00:00:00,refrigerated,RESCUED,2026-10-01 15:41:00,SYNTHETIC_DEMO
DON-02861,REST-TG23-036,Nizamabad,Vegetable Biryani,biryani,76,meals,non_vegetarian,2026-10-04 09:00:00,2026-10-04 17:00:00,hot_holding,AVAILABLE,2026-10-04 08:08:00,SYNTHETIC_DEMO
DON-02862,REST-TG24-128,Peddapalli,Bakery Items,bakery,75,meals,vegetarian,2026-09-29 07:00:00,2026-09-29 10:00:00,ambient,AT_RISK,2026-09-29 06:01:00,SYNTHETIC_DEMO
DON-02863,REST-TG25-022,Rajanna Sircilla,Vegetable Biryani,biryani,40,meals,vegetarian,2026-10-03 20:00:00,2026-10-03 22:00:00,refrigerated,AVAILABLE,2026-10-03 19:37:00,SYNTHETIC_DEMO
DON-02864,REST-TG26-039,Rangareddy,Packaged Meals,packaged_food,68,meals,egg,2026-09-27 07:00:00,2026-09-27 10:00:00,ambient,AT_RISK,2026-09-27 06:00:00,SYNTHETIC_DEMO
DON-02865,REST-TG27-008,Sangareddy,Packaged Meals,packaged_food,92,meals,vegetarian,2026-09-29 21:00:00,2026-09-30 00:00:00,hot_holding,RESCUED,2026-09-29 20:54:00,SYNTHETIC_DEMO
DON-02866,REST-TG28-121,Siddipet,Bakery Items,bakery,97,meals,vegetarian,2026-09-27 01:00:00,2026-09-27 05:00:00,ambient,URGENT,2026-09-27 00:40:00,SYNTHETIC_DEMO
DON-02867,REST-TG29-029,Suryapet,Vegetable Pulao,pulao,21,meals,vegetarian,2026-09-27 23:00:00,2026-09-28 04:00:00,hot_holding,AVAILABLE,2026-09-27 22:34:00,SYNTHETIC_DEMO
DON-02868,REST-TG30-148,Vikarabad,Fresh Bread,bread,70,meals,vegan,2026-09-27 23:00:00,2026-09-28 03:00:00,refrigerated,AT_RISK,2026-09-27 22:44:00,SYNTHETIC_DEMO
DON-02869,REST-TG31-012,Wanaparthy,Vegetable Biryani,biryani,15,meals,vegan,2026-09-26 10:00:00,2026-09-26 15:00:00,hot_holding,URGENT,2026-09-26 09:37:00,SYNTHETIC_DEMO
DON-02870,REST-TG32-122,Warangal,Steamed Rice,rice,73,meals,vegetarian,2026-09-29 07:00:00,2026-09-29 09:00:00,hot_holding,AT_RISK,2026-09-29 06:32:00,SYNTHETIC_DEMO
DON-02871,REST-TG33-062,Yadadri Bhuvanagiri,Fresh Fruit,fruits,30,meals,vegetarian,2026-10-04 04:00:00,2026-10-04 06:00:00,hot_holding,AT_RISK,2026-10-04 03:52:00,SYNTHETIC_DEMO
DON-02872,REST-TG01-028,Adilabad,Dal,dal,21,meals,vegetarian,2026-10-05 04:00:00,2026-10-05 07:00:00,hot_holding,AVAILABLE,2026-10-05 03:46:00,SYNTHETIC_DEMO
DON-02873,REST-TG02-037,Bhadradri Kothagudem,Veg Sandwich,sandwich,61,meals,vegetarian,2026-10-05 07:00:00,2026-10-05 13:00:00,refrigerated,AVAILABLE,2026-10-05 06:24:00,SYNTHETIC_DEMO
DON-02874,REST-TG03-024,Hanumakonda,Veg Sandwich,sandwich,36,meals,vegetarian,2026-09-28 06:00:00,2026-09-28 08:00:00,ambient,URGENT,2026-09-28 05:46:00,SYNTHETIC_DEMO
DON-02875,REST-TG04-122,Hyderabad,Roti,roti,78,meals,vegetarian,2026-10-03 12:00:00,2026-10-03 16:00:00,ambient,AVAILABLE,2026-10-03 11:07:00,SYNTHETIC_DEMO
DON-02876,REST-TG05-086,Jagtial,Steamed Rice,rice,11,meals,vegetarian,2026-10-02 12:00:00,2026-10-02 15:00:00,refrigerated,AT_RISK,2026-10-02 11:53:00,SYNTHETIC_DEMO
DON-02877,REST-TG06-021,Jangaon,Fresh Fruit,fruits,66,meals,vegetarian,2026-10-02 11:00:00,2026-10-02 13:00:00,hot_holding,AT_RISK,2026-10-02 10:43:00,SYNTHETIC_DEMO
DON-02878,REST-TG07-039,Jayashankar Bhupalpally,Veg Sandwich,sandwich,98,meals,egg,2026-10-04 11:00:00,2026-10-04 19:00:00,ambient,AT_RISK,2026-10-04 10:29:00,SYNTHETIC_DEMO
DON-02879,REST-TG08-100,Jogulamba Gadwal,Packaged Meals,packaged_food,93,meals,vegan,2026-10-01 01:00:00,2026-10-01 06:00:00,hot_holding,AVAILABLE,2026-10-01 00:03:00,SYNTHETIC_DEMO
DON-02880,REST-TG09-123,Kamareddy,Roti,roti,13,meals,vegetarian,2026-09-29 01:00:00,2026-09-29 06:00:00,ambient,AT_RISK,2026-09-29 00:27:00,SYNTHETIC_DEMO
DON-02881,REST-TG10-041,Karimnagar,Vegetable Pulao,pulao,70,meals,egg,2026-10-06 01:00:00,2026-10-06 09:00:00,hot_holding,RESCUED,2026-10-06 00:14:00,SYNTHETIC_DEMO
DON-02882,REST-TG11-126,Khammam,Vegetable Biryani,biryani,25,meals,vegetarian,2026-09-28 22:00:00,2026-09-29 04:00:00,hot_holding,AVAILABLE,2026-09-28 21:40:00,SYNTHETIC_DEMO
DON-02883,REST-TG12-145,Kumuram Bheem,Fresh Bread,bread,41,meals,non_vegetarian,2026-09-28 01:00:00,2026-09-28 09:00:00,ambient,AVAILABLE,2026-09-28 00:52:00,SYNTHETIC_DEMO
DON-02884,REST-TG13-080,Mahabubabad,Vegetable Biryani,biryani,57,meals,vegan,2026-10-06 03:00:00,2026-10-06 05:00:00,hot_holding,RESCUED,2026-10-06 02:35:00,SYNTHETIC_DEMO
DON-02885,REST-TG14-113,Mahabubnagar,Vegetable Pulao,pulao,25,meals,non_vegetarian,2026-09-30 15:00:00,2026-09-30 18:00:00,ambient,URGENT,2026-09-30 14:37:00,SYNTHETIC_DEMO
DON-02886,REST-TG15-101,Mancherial,Steamed Rice,rice,43,meals,vegetarian,2026-10-04 20:00:00,2026-10-05 02:00:00,ambient,AT_RISK,2026-10-04 19:28:00,SYNTHETIC_DEMO
DON-02887,REST-TG16-132,Medak,Dal,dal,49,meals,non_vegetarian,2026-10-04 14:00:00,2026-10-04 20:00:00,refrigerated,AT_RISK,2026-10-04 13:06:00,SYNTHETIC_DEMO
DON-02888,REST-TG17-093,Medchal-Malkajgiri,Steamed Rice,rice,81,meals,vegetarian,2026-10-01 11:00:00,2026-10-01 13:00:00,refrigerated,AT_RISK,2026-10-01 10:52:00,SYNTHETIC_DEMO
DON-02889,REST-TG18-035,Mulugu,Steamed Rice,rice,72,meals,egg,2026-10-06 00:00:00,2026-10-06 08:00:00,refrigerated,RESCUED,2026-10-05 23:19:00,SYNTHETIC_DEMO
DON-02890,REST-TG19-070,Nagarkurnool,Veg Sandwich,sandwich,83,meals,vegan,2026-10-04 05:00:00,2026-10-04 07:00:00,hot_holding,URGENT,2026-10-04 04:07:00,SYNTHETIC_DEMO
DON-02891,REST-TG20-041,Nalgonda,Fresh Bread,bread,38,meals,vegetarian,2026-10-02 15:00:00,2026-10-02 20:00:00,hot_holding,RESCUED,2026-10-02 14:35:00,SYNTHETIC_DEMO
DON-02892,REST-TG21-132,Narayanpet,Veg Sandwich,sandwich,13,meals,vegetarian,2026-09-27 14:00:00,2026-09-27 22:00:00,hot_holding,AVAILABLE,2026-09-27 13:49:00,SYNTHETIC_DEMO
DON-02893,REST-TG22-081,Nirmal,Packaged Meals,packaged_food,15,meals,vegetarian,2026-10-02 13:00:00,2026-10-02 16:00:00,refrigerated,AT_RISK,2026-10-02 12:35:00,SYNTHETIC_DEMO
DON-02894,REST-TG23-114,Nizamabad,Bakery Items,bakery,49,meals,vegetarian,2026-09-28 16:00:00,2026-09-28 19:00:00,ambient,AT_RISK,2026-09-28 15:05:00,SYNTHETIC_DEMO
DON-02895,REST-TG24-027,Peddapalli,Dal,dal,87,meals,non_vegetarian,2026-09-27 00:00:00,2026-09-27 08:00:00,ambient,RESCUED,2026-09-26 23:04:00,SYNTHETIC_DEMO
DON-02896,REST-TG25-106,Rajanna Sircilla,Roti,roti,63,meals,vegetarian,2026-10-05 00:00:00,2026-10-05 04:00:00,refrigerated,URGENT,2026-10-04 23:18:00,SYNTHETIC_DEMO
DON-02897,REST-TG26-101,Rangareddy,Roti,roti,95,meals,vegan,2026-10-02 09:00:00,2026-10-02 17:00:00,refrigerated,AT_RISK,2026-10-02 08:20:00,SYNTHETIC_DEMO
DON-02898,REST-TG27-037,Sangareddy,Veg Sandwich,sandwich,84,meals,vegan,2026-10-03 17:00:00,2026-10-03 22:00:00,hot_holding,AVAILABLE,2026-10-03 16:51:00,SYNTHETIC_DEMO
DON-02899,REST-TG28-104,Siddipet,Fresh Bread,bread,64,meals,non_vegetarian,2026-09-28 18:00:00,2026-09-28 22:00:00,refrigerated,URGENT,2026-09-28 17:49:00,SYNTHETIC_DEMO
DON-02900,REST-TG29-072,Suryapet,Roti,roti,86,meals,vegan,2026-09-27 15:00:00,2026-09-27 17:00:00,ambient,URGENT,2026-09-27 14:45:00,SYNTHETIC_DEMO
DON-02901,REST-TG30-093,Vikarabad,Bakery Items,bakery,64,meals,vegetarian,2026-09-27 02:00:00,2026-09-27 10:00:00,refrigerated,AT_RISK,2026-09-27 01:11:00,SYNTHETIC_DEMO
DON-02902,REST-TG31-007,Wanaparthy,Mixed Vegetables,vegetables,48,meals,vegan,2026-10-01 00:00:00,2026-10-01 06:00:00,refrigerated,AVAILABLE,2026-09-30 23:03:00,SYNTHETIC_DEMO
DON-02903,REST-TG32-132,Warangal,Steamed Rice,rice,33,meals,vegetarian,2026-10-01 16:00:00,2026-10-01 22:00:00,refrigerated,RESCUED,2026-10-01 15:55:00,SYNTHETIC_DEMO
DON-02904,REST-TG33-122,Yadadri Bhuvanagiri,Packaged Meals,packaged_food,30,meals,vegetarian,2026-10-03 20:00:00,2026-10-03 22:00:00,refrigerated,RESCUED,2026-10-03 19:46:00,SYNTHETIC_DEMO
DON-02905,REST-TG01-096,Adilabad,Mixed Vegetables,vegetables,22,meals,non_vegetarian,2026-10-03 12:00:00,2026-10-03 17:00:00,refrigerated,RESCUED,2026-10-03 11:00:00,SYNTHETIC_DEMO
DON-02906,REST-TG02-071,Bhadradri Kothagudem,Dal,dal,39,meals,non_vegetarian,2026-09-28 19:00:00,2026-09-29 01:00:00,refrigerated,AVAILABLE,2026-09-28 18:33:00,SYNTHETIC_DEMO
DON-02907,REST-TG03-113,Hanumakonda,Dal,dal,76,meals,vegetarian,2026-09-26 21:00:00,2026-09-27 05:00:00,hot_holding,RESCUED,2026-09-26 20:40:00,SYNTHETIC_DEMO
DON-02908,REST-TG04-006,Hyderabad,Prepared Meal,cooked_meal,48,meals,vegetarian,2026-09-26 23:00:00,2026-09-27 01:00:00,ambient,AT_RISK,2026-09-26 22:26:00,SYNTHETIC_DEMO
DON-02909,REST-TG05-137,Jagtial,Prepared Meal,cooked_meal,90,meals,vegan,2026-10-04 04:00:00,2026-10-04 12:00:00,ambient,RESCUED,2026-10-04 03:09:00,SYNTHETIC_DEMO
DON-02910,REST-TG06-075,Jangaon,Prepared Meal,cooked_meal,72,meals,vegetarian,2026-09-30 12:00:00,2026-09-30 16:00:00,ambient,RESCUED,2026-09-30 11:40:00,SYNTHETIC_DEMO
DON-02911,REST-TG07-020,Jayashankar Bhupalpally,Veg Sandwich,sandwich,88,meals,vegetarian,2026-09-29 14:00:00,2026-09-29 22:00:00,refrigerated,URGENT,2026-09-29 13:04:00,SYNTHETIC_DEMO
DON-02912,REST-TG08-067,Jogulamba Gadwal,Roti,roti,94,meals,vegetarian,2026-09-29 02:00:00,2026-09-29 07:00:00,ambient,AT_RISK,2026-09-29 01:06:00,SYNTHETIC_DEMO
DON-02913,REST-TG09-034,Kamareddy,Roti,roti,31,meals,vegetarian,2026-10-01 23:00:00,2026-10-02 01:00:00,refrigerated,RESCUED,2026-10-01 22:47:00,SYNTHETIC_DEMO
DON-02914,REST-TG10-015,Karimnagar,Mixed Vegetables,vegetables,90,meals,vegetarian,2026-10-06 00:00:00,2026-10-06 02:00:00,ambient,AVAILABLE,2026-10-05 23:33:00,SYNTHETIC_DEMO
DON-02915,REST-TG11-078,Khammam,Vegetable Pulao,pulao,28,meals,vegetarian,2026-10-06 04:00:00,2026-10-06 09:00:00,hot_holding,AT_RISK,2026-10-06 03:50:00,SYNTHETIC_DEMO
DON-02916,REST-TG12-120,Kumuram Bheem,Dal,dal,22,meals,vegetarian,2026-09-26 19:00:00,2026-09-27 01:00:00,hot_holding,URGENT,2026-09-26 18:50:00,SYNTHETIC_DEMO
DON-02917,REST-TG13-061,Mahabubabad,Steamed Rice,rice,98,meals,vegetarian,2026-09-29 03:00:00,2026-09-29 09:00:00,hot_holding,AT_RISK,2026-09-29 02:10:00,SYNTHETIC_DEMO
DON-02918,REST-TG14-074,Mahabubnagar,Veg Sandwich,sandwich,98,meals,vegetarian,2026-10-01 14:00:00,2026-10-01 18:00:00,hot_holding,AT_RISK,2026-10-01 13:13:00,SYNTHETIC_DEMO
DON-02919,REST-TG15-034,Mancherial,Veg Sandwich,sandwich,82,meals,vegetarian,2026-09-28 15:00:00,2026-09-28 23:00:00,ambient,RESCUED,2026-09-28 14:23:00,SYNTHETIC_DEMO
DON-02920,REST-TG16-001,Medak,Packaged Meals,packaged_food,73,meals,vegan,2026-09-29 10:00:00,2026-09-29 16:00:00,hot_holding,RESCUED,2026-09-29 09:52:00,SYNTHETIC_DEMO
DON-02921,REST-TG17-102,Medchal-Malkajgiri,Vegetable Pulao,pulao,92,meals,vegetarian,2026-10-06 00:00:00,2026-10-06 06:00:00,refrigerated,RESCUED,2026-10-05 23:10:00,SYNTHETIC_DEMO
DON-02922,REST-TG18-102,Mulugu,Fresh Fruit,fruits,76,meals,vegetarian,2026-10-04 08:00:00,2026-10-04 11:00:00,refrigerated,URGENT,2026-10-04 07:13:00,SYNTHETIC_DEMO
DON-02923,REST-TG19-123,Nagarkurnool,Fresh Bread,bread,79,meals,vegetarian,2026-10-01 05:00:00,2026-10-01 08:00:00,ambient,RESCUED,2026-10-01 04:02:00,SYNTHETIC_DEMO
DON-02924,REST-TG20-139,Nalgonda,Prepared Meal,cooked_meal,31,meals,vegan,2026-09-30 09:00:00,2026-09-30 15:00:00,ambient,RESCUED,2026-09-30 08:29:00,SYNTHETIC_DEMO
DON-02925,REST-TG21-058,Narayanpet,Mixed Vegetables,vegetables,100,meals,vegan,2026-09-28 23:00:00,2026-09-29 07:00:00,hot_holding,AT_RISK,2026-09-28 22:22:00,SYNTHETIC_DEMO
DON-02926,REST-TG22-109,Nirmal,Vegetable Biryani,biryani,79,meals,vegetarian,2026-10-04 00:00:00,2026-10-04 06:00:00,refrigerated,AT_RISK,2026-10-03 23:21:00,SYNTHETIC_DEMO
DON-02927,REST-TG23-114,Nizamabad,Vegetable Biryani,biryani,79,meals,non_vegetarian,2026-09-30 09:00:00,2026-09-30 15:00:00,ambient,AVAILABLE,2026-09-30 08:36:00,SYNTHETIC_DEMO
DON-02928,REST-TG24-116,Peddapalli,Mixed Vegetables,vegetables,55,meals,vegetarian,2026-09-26 11:00:00,2026-09-26 17:00:00,hot_holding,AVAILABLE,2026-09-26 10:45:00,SYNTHETIC_DEMO
DON-02929,REST-TG25-090,Rajanna Sircilla,Dal,dal,36,meals,non_vegetarian,2026-09-30 22:00:00,2026-10-01 03:00:00,hot_holding,AT_RISK,2026-09-30 21:40:00,SYNTHETIC_DEMO
DON-02930,REST-TG26-032,Rangareddy,Prepared Meal,cooked_meal,79,meals,vegan,2026-09-26 19:00:00,2026-09-27 03:00:00,ambient,RESCUED,2026-09-26 18:27:00,SYNTHETIC_DEMO
DON-02931,REST-TG27-005,Sangareddy,Packaged Meals,packaged_food,53,meals,egg,2026-10-04 00:00:00,2026-10-04 02:00:00,refrigerated,AT_RISK,2026-10-03 23:08:00,SYNTHETIC_DEMO
DON-02932,REST-TG28-073,Siddipet,Bakery Items,bakery,26,meals,vegetarian,2026-09-28 05:00:00,2026-09-28 13:00:00,refrigerated,AVAILABLE,2026-09-28 04:20:00,SYNTHETIC_DEMO
DON-02933,REST-TG29-132,Suryapet,Veg Sandwich,sandwich,31,meals,egg,2026-10-04 17:00:00,2026-10-04 19:00:00,ambient,AT_RISK,2026-10-04 16:35:00,SYNTHETIC_DEMO
DON-02934,REST-TG30-057,Vikarabad,Fresh Bread,bread,61,meals,non_vegetarian,2026-10-01 05:00:00,2026-10-01 13:00:00,refrigerated,AT_RISK,2026-10-01 04:43:00,SYNTHETIC_DEMO
DON-02935,REST-TG31-001,Wanaparthy,Veg Sandwich,sandwich,27,meals,vegetarian,2026-09-29 18:00:00,2026-09-29 22:00:00,hot_holding,AVAILABLE,2026-09-29 17:33:00,SYNTHETIC_DEMO
DON-02936,REST-TG32-003,Warangal,Roti,roti,48,meals,non_vegetarian,2026-10-05 01:00:00,2026-10-05 09:00:00,refrigerated,RESCUED,2026-10-05 00:01:00,SYNTHETIC_DEMO
DON-02937,REST-TG33-013,Yadadri Bhuvanagiri,Fresh Fruit,fruits,25,meals,vegetarian,2026-09-27 07:00:00,2026-09-27 11:00:00,refrigerated,AVAILABLE,2026-09-27 06:40:00,SYNTHETIC_DEMO
DON-02938,REST-TG01-109,Adilabad,Veg Sandwich,sandwich,11,meals,egg,2026-10-02 15:00:00,2026-10-02 19:00:00,refrigerated,AT_RISK,2026-10-02 14:24:00,SYNTHETIC_DEMO
DON-02939,REST-TG02-118,Bhadradri Kothagudem,Bakery Items,bakery,47,meals,vegan,2026-10-02 19:00:00,2026-10-03 01:00:00,refrigerated,RESCUED,2026-10-02 18:41:00,SYNTHETIC_DEMO
DON-02940,REST-TG03-109,Hanumakonda,Vegetable Pulao,pulao,56,meals,vegetarian,2026-10-01 22:00:00,2026-10-02 03:00:00,ambient,AVAILABLE,2026-10-01 21:20:00,SYNTHETIC_DEMO
DON-02941,REST-TG04-019,Hyderabad,Vegetable Biryani,biryani,79,meals,non_vegetarian,2026-09-27 05:00:00,2026-09-27 11:00:00,ambient,AVAILABLE,2026-09-27 04:29:00,SYNTHETIC_DEMO
DON-02942,REST-TG05-063,Jagtial,Veg Sandwich,sandwich,62,meals,vegetarian,2026-09-30 19:00:00,2026-10-01 00:00:00,hot_holding,AVAILABLE,2026-09-30 18:48:00,SYNTHETIC_DEMO
DON-02943,REST-TG06-038,Jangaon,Dal,dal,50,meals,vegetarian,2026-09-26 10:00:00,2026-09-26 18:00:00,refrigerated,URGENT,2026-09-26 09:43:00,SYNTHETIC_DEMO
DON-02944,REST-TG07-123,Jayashankar Bhupalpally,Mixed Vegetables,vegetables,33,meals,vegetarian,2026-09-30 01:00:00,2026-09-30 04:00:00,ambient,RESCUED,2026-09-30 00:50:00,SYNTHETIC_DEMO
DON-02945,REST-TG08-058,Jogulamba Gadwal,Fresh Fruit,fruits,51,meals,vegetarian,2026-10-06 00:00:00,2026-10-06 03:00:00,ambient,AT_RISK,2026-10-05 23:10:00,SYNTHETIC_DEMO
DON-02946,REST-TG09-061,Kamareddy,Vegetable Biryani,biryani,80,meals,vegetarian,2026-10-04 19:00:00,2026-10-04 21:00:00,hot_holding,AT_RISK,2026-10-04 18:27:00,SYNTHETIC_DEMO
DON-02947,REST-TG10-041,Karimnagar,Vegetable Pulao,pulao,30,meals,vegetarian,2026-10-06 05:00:00,2026-10-06 11:00:00,hot_holding,AT_RISK,2026-10-06 04:10:00,SYNTHETIC_DEMO
DON-02948,REST-TG11-086,Khammam,Fresh Fruit,fruits,85,meals,non_vegetarian,2026-09-29 09:00:00,2026-09-29 12:00:00,ambient,AT_RISK,2026-09-29 08:52:00,SYNTHETIC_DEMO
DON-02949,REST-TG12-102,Kumuram Bheem,Mixed Vegetables,vegetables,74,meals,vegetarian,2026-09-29 17:00:00,2026-09-29 21:00:00,refrigerated,AT_RISK,2026-09-29 16:10:00,SYNTHETIC_DEMO
DON-02950,REST-TG13-103,Mahabubabad,Vegetable Pulao,pulao,57,meals,non_vegetarian,2026-09-30 16:00:00,2026-09-30 22:00:00,hot_holding,AVAILABLE,2026-09-30 15:34:00,SYNTHETIC_DEMO
DON-02951,REST-TG14-093,Mahabubnagar,Dal,dal,23,meals,non_vegetarian,2026-10-02 05:00:00,2026-10-02 09:00:00,hot_holding,AVAILABLE,2026-10-02 04:40:00,SYNTHETIC_DEMO
DON-02952,REST-TG15-041,Mancherial,Veg Sandwich,sandwich,62,meals,vegan,2026-09-29 08:00:00,2026-09-29 14:00:00,hot_holding,AVAILABLE,2026-09-29 07:18:00,SYNTHETIC_DEMO
DON-02953,REST-TG16-073,Medak,Roti,roti,87,meals,non_vegetarian,2026-09-30 13:00:00,2026-09-30 18:00:00,refrigerated,AT_RISK,2026-09-30 12:29:00,SYNTHETIC_DEMO
DON-02954,REST-TG17-017,Medchal-Malkajgiri,Mixed Vegetables,vegetables,77,meals,non_vegetarian,2026-10-01 23:00:00,2026-10-02 07:00:00,hot_holding,AT_RISK,2026-10-01 22:17:00,SYNTHETIC_DEMO
DON-02955,REST-TG18-085,Mulugu,Vegetable Biryani,biryani,55,meals,vegetarian,2026-10-02 23:00:00,2026-10-03 03:00:00,hot_holding,AVAILABLE,2026-10-02 22:53:00,SYNTHETIC_DEMO
DON-02956,REST-TG19-137,Nagarkurnool,Fresh Bread,bread,17,meals,vegetarian,2026-09-28 05:00:00,2026-09-28 09:00:00,refrigerated,AT_RISK,2026-09-28 04:48:00,SYNTHETIC_DEMO
DON-02957,REST-TG20-085,Nalgonda,Veg Sandwich,sandwich,89,meals,vegetarian,2026-10-03 10:00:00,2026-10-03 16:00:00,ambient,AT_RISK,2026-10-03 09:28:00,SYNTHETIC_DEMO
DON-02958,REST-TG21-012,Narayanpet,Fresh Bread,bread,50,meals,vegan,2026-09-28 03:00:00,2026-09-28 08:00:00,refrigerated,AVAILABLE,2026-09-28 02:22:00,SYNTHETIC_DEMO
DON-02959,REST-TG22-041,Nirmal,Fresh Fruit,fruits,88,meals,vegetarian,2026-10-04 02:00:00,2026-10-04 07:00:00,refrigerated,AT_RISK,2026-10-04 01:21:00,SYNTHETIC_DEMO
DON-02960,REST-TG23-144,Nizamabad,Packaged Meals,packaged_food,60,meals,vegetarian,2026-09-28 21:00:00,2026-09-29 00:00:00,refrigerated,RESCUED,2026-09-28 20:32:00,SYNTHETIC_DEMO
DON-02961,REST-TG24-017,Peddapalli,Vegetable Pulao,pulao,44,meals,vegetarian,2026-10-02 11:00:00,2026-10-02 14:00:00,hot_holding,RESCUED,2026-10-02 10:33:00,SYNTHETIC_DEMO
DON-02962,REST-TG25-040,Rajanna Sircilla,Bakery Items,bakery,26,meals,vegetarian,2026-10-01 03:00:00,2026-10-01 11:00:00,ambient,AVAILABLE,2026-10-01 02:23:00,SYNTHETIC_DEMO
DON-02963,REST-TG26-139,Rangareddy,Fresh Bread,bread,38,meals,egg,2026-10-03 13:00:00,2026-10-03 18:00:00,hot_holding,AVAILABLE,2026-10-03 12:20:00,SYNTHETIC_DEMO
DON-02964,REST-TG27-056,Sangareddy,Fresh Fruit,fruits,93,meals,non_vegetarian,2026-09-30 04:00:00,2026-09-30 08:00:00,ambient,AVAILABLE,2026-09-30 03:39:00,SYNTHETIC_DEMO
DON-02965,REST-TG28-045,Siddipet,Packaged Meals,packaged_food,30,meals,vegetarian,2026-10-04 04:00:00,2026-10-04 07:00:00,ambient,AT_RISK,2026-10-04 03:35:00,SYNTHETIC_DEMO
DON-02966,REST-TG29-041,Suryapet,Packaged Meals,packaged_food,78,meals,egg,2026-10-05 02:00:00,2026-10-05 08:00:00,refrigerated,AT_RISK,2026-10-05 01:10:00,SYNTHETIC_DEMO
DON-02967,REST-TG30-142,Vikarabad,Steamed Rice,rice,84,meals,egg,2026-10-01 06:00:00,2026-10-01 10:00:00,refrigerated,AVAILABLE,2026-10-01 05:30:00,SYNTHETIC_DEMO
DON-02968,REST-TG31-044,Wanaparthy,Prepared Meal,cooked_meal,97,meals,vegetarian,2026-10-03 00:00:00,2026-10-03 08:00:00,ambient,URGENT,2026-10-02 23:05:00,SYNTHETIC_DEMO
DON-02969,REST-TG32-093,Warangal,Fresh Fruit,fruits,13,meals,vegan,2026-10-06 00:00:00,2026-10-06 04:00:00,ambient,AVAILABLE,2026-10-05 23:47:00,SYNTHETIC_DEMO
DON-02970,REST-TG33-005,Yadadri Bhuvanagiri,Vegetable Biryani,biryani,91,meals,vegan,2026-10-04 22:00:00,2026-10-05 00:00:00,refrigerated,AT_RISK,2026-10-04 21:35:00,SYNTHETIC_DEMO
DON-02971,REST-TG01-091,Adilabad,Bakery Items,bakery,77,meals,non_vegetarian,2026-10-01 20:00:00,2026-10-02 00:00:00,refrigerated,AT_RISK,2026-10-01 19:01:00,SYNTHETIC_DEMO
DON-02972,REST-TG02-018,Bhadradri Kothagudem,Steamed Rice,rice,13,meals,egg,2026-09-27 08:00:00,2026-09-27 12:00:00,refrigerated,AT_RISK,2026-09-27 07:14:00,SYNTHETIC_DEMO
DON-02973,REST-TG03-061,Hanumakonda,Prepared Meal,cooked_meal,82,meals,vegetarian,2026-09-28 11:00:00,2026-09-28 17:00:00,hot_holding,AT_RISK,2026-09-28 10:03:00,SYNTHETIC_DEMO
DON-02974,REST-TG04-075,Hyderabad,Vegetable Pulao,pulao,94,meals,non_vegetarian,2026-09-30 00:00:00,2026-09-30 03:00:00,ambient,AT_RISK,2026-09-29 23:39:00,SYNTHETIC_DEMO
DON-02975,REST-TG05-110,Jagtial,Bakery Items,bakery,67,meals,vegan,2026-10-01 03:00:00,2026-10-01 06:00:00,hot_holding,RESCUED,2026-10-01 02:04:00,SYNTHETIC_DEMO
DON-02976,REST-TG06-028,Jangaon,Vegetable Biryani,biryani,74,meals,vegetarian,2026-10-01 12:00:00,2026-10-01 15:00:00,hot_holding,AT_RISK,2026-10-01 11:45:00,SYNTHETIC_DEMO
DON-02977,REST-TG07-145,Jayashankar Bhupalpally,Fresh Bread,bread,81,meals,non_vegetarian,2026-09-28 05:00:00,2026-09-28 10:00:00,refrigerated,AVAILABLE,2026-09-28 04:20:00,SYNTHETIC_DEMO
DON-02978,REST-TG08-125,Jogulamba Gadwal,Fresh Fruit,fruits,12,meals,non_vegetarian,2026-09-27 01:00:00,2026-09-27 03:00:00,hot_holding,AT_RISK,2026-09-27 00:14:00,SYNTHETIC_DEMO
DON-02979,REST-TG09-038,Kamareddy,Prepared Meal,cooked_meal,35,meals,egg,2026-09-26 20:00:00,2026-09-27 04:00:00,refrigerated,AVAILABLE,2026-09-26 19:47:00,SYNTHETIC_DEMO
DON-02980,REST-TG10-080,Karimnagar,Prepared Meal,cooked_meal,71,meals,vegan,2026-09-26 09:00:00,2026-09-26 13:00:00,hot_holding,AT_RISK,2026-09-26 08:25:00,SYNTHETIC_DEMO
DON-02981,REST-TG11-113,Khammam,Packaged Meals,packaged_food,99,meals,non_vegetarian,2026-09-26 11:00:00,2026-09-26 17:00:00,hot_holding,RESCUED,2026-09-26 10:17:00,SYNTHETIC_DEMO
DON-02982,REST-TG12-067,Kumuram Bheem,Fresh Fruit,fruits,96,meals,vegetarian,2026-10-02 02:00:00,2026-10-02 06:00:00,ambient,AVAILABLE,2026-10-02 01:40:00,SYNTHETIC_DEMO
DON-02983,REST-TG13-114,Mahabubabad,Bakery Items,bakery,67,meals,egg,2026-10-05 22:00:00,2026-10-06 00:00:00,refrigerated,AVAILABLE,2026-10-05 21:44:00,SYNTHETIC_DEMO
DON-02984,REST-TG14-099,Mahabubnagar,Vegetable Pulao,pulao,43,meals,vegetarian,2026-10-02 19:00:00,2026-10-03 03:00:00,ambient,URGENT,2026-10-02 18:15:00,SYNTHETIC_DEMO
DON-02985,REST-TG15-033,Mancherial,Fresh Fruit,fruits,96,meals,vegetarian,2026-10-02 16:00:00,2026-10-02 22:00:00,ambient,AT_RISK,2026-10-02 15:05:00,SYNTHETIC_DEMO
DON-02986,REST-TG16-070,Medak,Fresh Fruit,fruits,20,meals,vegetarian,2026-10-04 11:00:00,2026-10-04 13:00:00,refrigerated,AVAILABLE,2026-10-04 10:00:00,SYNTHETIC_DEMO
DON-02987,REST-TG17-145,Medchal-Malkajgiri,Mixed Vegetables,vegetables,42,meals,vegetarian,2026-09-30 14:00:00,2026-09-30 16:00:00,ambient,AVAILABLE,2026-09-30 13:51:00,SYNTHETIC_DEMO
DON-02988,REST-TG18-030,Mulugu,Packaged Meals,packaged_food,75,meals,vegetarian,2026-10-01 13:00:00,2026-10-01 19:00:00,hot_holding,URGENT,2026-10-01 12:31:00,SYNTHETIC_DEMO
DON-02989,REST-TG19-093,Nagarkurnool,Fresh Fruit,fruits,67,meals,vegetarian,2026-10-01 14:00:00,2026-10-01 16:00:00,refrigerated,AT_RISK,2026-10-01 13:37:00,SYNTHETIC_DEMO
DON-02990,REST-TG20-017,Nalgonda,Fresh Bread,bread,47,meals,vegetarian,2026-09-29 10:00:00,2026-09-29 14:00:00,refrigerated,URGENT,2026-09-29 09:26:00,SYNTHETIC_DEMO
DON-02991,REST-TG21-068,Narayanpet,Vegetable Biryani,biryani,52,meals,vegetarian,2026-10-05 00:00:00,2026-10-05 02:00:00,refrigerated,AVAILABLE,2026-10-04 23:34:00,SYNTHETIC_DEMO
DON-02992,REST-TG22-010,Nirmal,Bakery Items,bakery,58,meals,vegetarian,2026-10-02 13:00:00,2026-10-02 16:00:00,ambient,AT_RISK,2026-10-02 12:48:00,SYNTHETIC_DEMO
DON-02993,REST-TG23-110,Nizamabad,Fresh Bread,bread,86,meals,vegetarian,2026-10-05 11:00:00,2026-10-05 14:00:00,hot_holding,URGENT,2026-10-05 10:03:00,SYNTHETIC_DEMO
DON-02994,REST-TG24-034,Peddapalli,Steamed Rice,rice,19,meals,vegan,2026-10-05 05:00:00,2026-10-05 08:00:00,hot_holding,AVAILABLE,2026-10-05 04:21:00,SYNTHETIC_DEMO
DON-02995,REST-TG25-061,Rajanna Sircilla,Fresh Fruit,fruits,74,meals,vegetarian,2026-09-28 18:00:00,2026-09-28 22:00:00,hot_holding,URGENT,2026-09-28 17:26:00,SYNTHETIC_DEMO
DON-02996,REST-TG26-081,Rangareddy,Packaged Meals,packaged_food,58,meals,vegetarian,2026-09-26 20:00:00,2026-09-27 04:00:00,hot_holding,RESCUED,2026-09-26 19:37:00,SYNTHETIC_DEMO
DON-02997,REST-TG27-038,Sangareddy,Dal,dal,14,meals,vegetarian,2026-09-29 18:00:00,2026-09-29 22:00:00,refrigerated,AVAILABLE,2026-09-29 17:54:00,SYNTHETIC_DEMO
DON-02998,REST-TG28-077,Siddipet,Packaged Meals,packaged_food,48,meals,vegetarian,2026-09-28 08:00:00,2026-09-28 12:00:00,ambient,AT_RISK,2026-09-28 07:23:00,SYNTHETIC_DEMO
DON-02999,REST-TG29-008,Suryapet,Dal,dal,84,meals,non_vegetarian,2026-10-02 07:00:00,2026-10-02 09:00:00,hot_holding,RESCUED,2026-10-02 06:06:00,SYNTHETIC_DEMO
DON-03000,REST-TG30-006,Vikarabad,Steamed Rice,rice,28,meals,vegetarian,2026-10-01 21:00:00,2026-10-02 03:00:00,refrigerated,AT_RISK,2026-10-01 20:04:00,SYNTHETIC_DEMO
