recipient_id,name,type,address,district,state,pincode,latitude,longitude,capacity,current_demand,accepted_food_types,operating_hours,verified,data_status
REC-TG01-001,FOODLINK Demo Recipient Adilabad 01,SHELTER,"Demo Service Area, Adilabad, Telangana",Adilabad,Telangana,507738,19.617301,78.56577,54,13,fruits|rice|biryani,08:00-21:00,True,SYNTHETIC_DEMO
REC-TG01-002,FOODLINK Demo Recipient Adilabad 02,COMMUNITY_KITCHEN,"Demo Service Area, Adilabad, Telangana",Adilabad,Telangana,507174,19.663344,78.493613,236,188,vegetables|bakery|biryani,08:00-21:00,True,SYNTHETIC_DEMO
REC-TG01-003,FOODLINK Demo Recipient Adilabad 03,FOOD_BANK,"Demo Service Area, Adilabad, Telangana",Adilabad,Telangana,508226,19.685138,78.493332,139,21,vegetables|dal|cooked_meal,08:00-21:00,False,SYNTHETIC_DEMO
REC-TG01-004,FOODLINK Demo Recipient Adilabad 04,NGO_MEAL_CENTER,"Demo Service Area, Adilabad, Telangana",Adilabad,Telangana,501652,19.633458,78.587014,201,155,bakery|dal|packaged_food,08:00-21:00,False,SYNTHETIC_DEMO
REC-TG01-005,FOODLINK Demo Recipient Adilabad 05,CHILD_CARE_INSTITUTION,"Demo Service Area, Adilabad, Telangana",Adilabad,Telangana,504666,19.680545,78.550573,128,98,fruits|packaged_food|roti,08:00-21:00,False,SYNTHETIC_DEMO
REC-TG01-006,FOODLINK Demo Recipient Adilabad 06,SHELTER,"Demo Service Area, Adilabad, Telangana",Adilabad,Telangana,509054,19.691819,78.582804,118,50,packaged_food|bakery|rice,08:00-21:00,False,SYNTHETIC_DEMO
REC-TG01-007,FOODLINK Demo Recipient Adilabad 07,COMMUNITY_KITCHEN,"Demo Service Area, Adilabad, Telangana",Adilabad,Telangana,506697,19.697546,78.556442,182,142,bakery|packaged_food|dal,08:00-21:00,True,SYNTHETIC_DEMO
REC-TG01-008,FOODLINK Demo Recipient Adilabad 08,FOOD_BANK,"Demo Service Area, Adilabad, Telangana",Adilabad,Telangana,502395,19.674162,78.562551,108,77,packaged_food|cooked_meal|dal,08:00-21:00,True,SYNTHETIC_DEMO
REC-TG01-009,FOODLINK Demo Recipient Adilabad 09,NGO_MEAL_CENTER,"Demo Service Area, Adilabad, Telangana",Adilabad,Telangana,507050,19.649715,78.510833,157,84,cooked_meal|rice|vegetables,08:00-21:00,False,SYNTHETIC_DEMO
REC-TG01-010,FOODLINK Demo Recipient Adilabad 10,CHILD_CARE_INSTITUTION,"Demo Service Area, Adilabad, Telangana",Adilabad,Telangana,506543,19.588371,78.51693,211,105,pulao|vegetables|fruits,08:00-21:00,True,SYNTHETIC_DEMO
REC-TG01-011,FOODLINK Demo Recipient Adilabad 11,SHELTER,"Demo Service Area, Adilabad, Telangana",Adilabad,Telangana,503039,19.648407,78.511194,245,241,biryani|bread|bakery,08:00-21:00,False,SYNTHETIC_DEMO
REC-TG01-012,FOODLINK Demo Recipient Adilabad 12,COMMUNITY_KITCHEN,"Demo Service Area, Adilabad, Telangana",Adilabad,Telangana,508215,19.686472,78.538409,93,14,bakery|rice|sandwich,08:00-21:00,True,SYNTHETIC_DEMO
REC-TG01-013,FOODLINK Demo Recipient Adilabad 13,FOOD_BANK,"Demo Service Area, Adilabad, Telangana",Adilabad,Telangana,506642,19.650179,78.552555,299,103,bread|cooked_meal|rice,08:00-21:00,True,SYNTHETIC_DEMO
REC-TG01-014,FOODLINK Demo Recipient Adilabad 14,NGO_MEAL_CENTER,"Demo Service Area, Adilabad, Telangana",Adilabad,Telangana,506967,19.642977,78.532562,225,109,rice|dal|vegetables,08:00-21:00,False,SYNTHETIC_DEMO
REC-TG01-015,FOODLINK Demo Recipient Adilabad 15,CHILD_CARE_INSTITUTION,"Demo Service Area, Adilabad, Telangana",Adilabad,Telangana,503809,19.645052,78.528413,75,50,rice|bread|roti,08:00-21:00,False,SYNTHETIC_DEMO
REC-TG01-016,FOODLINK Demo Recipient Adilabad 16,SHELTER,"Demo Service Area, Adilabad, Telangana",Adilabad,Telangana,503662,19.623353,78.514983,290,265,roti|sandwich|bread,08:00-21:00,True,SYNTHETIC_DEMO
REC-TG01-017,FOODLINK Demo Recipient Adilabad 17,COMMUNITY_KITCHEN,"Demo Service Area, Adilabad, Telangana",Adilabad,Telangana,504493,19.654855,78.489249,243,114,rice|dal|vegetables,08:00-21:00,True,SYNTHETIC_DEMO
REC-TG01-018,FOODLINK Demo Recipient Adilabad 18,FOOD_BANK,"Demo Service Area, Adilabad, Telangana",Adilabad,Telangana,508085,19.637363,78.466927,112,69,cooked_meal|packaged_food|vegetables,08:00-21:00,False,SYNTHETIC_DEMO
REC-TG01-019,FOODLINK Demo Recipient Adilabad 19,NGO_MEAL_CENTER,"Demo Service Area, Adilabad, Telangana",Adilabad,Telangana,506272,19.73618,78.521229,113,75,packaged_food|cooked_meal|bakery,08:00-21:00,False,SYNTHETIC_DEMO
REC-TG01-020,FOODLINK Demo Recipient Adilabad 20,CHILD_CARE_INSTITUTION,"Demo Service Area, Adilabad, Telangana",Adilabad,Telangana,501882,19.680159,78.597849,163,60,fruits|dal|rice,08:00-21:00,True,SYNTHETIC_DEMO
REC-TG02-001,FOODLINK Demo Recipient Bhadradri Kothagudem 01,SHELTER,"Demo Service Area, Bhadradri Kothagudem, Telangana",Bhadradri Kothagudem,Telangana,505810,17.185349,80.179982,298,95,pulao|cooked_meal|rice,08:00-21:00,False,SYNTHETIC_DEMO
REC-TG02-002,FOODLINK Demo Recipient Bhadradri Kothagudem 02,COMMUNITY_KITCHEN,"Demo Service Area, Bhadradri Kothagudem, Telangana",Bhadradri Kothagudem,Telangana,500649,17.337153,80.282524,242,29,bakery|rice|roti,08:00-21:00,False,SYNTHETIC_DEMO
REC-TG02-003,FOODLINK Demo Recipient Bhadradri Kothagudem 03,FOOD_BANK,"Demo Service Area, Bhadradri Kothagudem, Telangana",Bhadradri Kothagudem,Telangana,502669,17.210718,80.132709,248,213,bakery|cooked_meal|bread,08:00-21:00,False,SYNTHETIC_DEMO
REC-TG02-004,FOODLINK Demo Recipient Bhadradri Kothagudem 04,NGO_MEAL_CENTER,"Demo Service Area, Bhadradri Kothagudem, Telangana",Bhadradri Kothagudem,Telangana,505427,17.200696,80.076039,272,46,sandwich|rice|fruits,08:00-21:00,True,SYNTHETIC_DEMO
REC-TG02-005,FOODLINK Demo Recipient Bhadradri Kothagudem 05,CHILD_CARE_INSTITUTION,"Demo Service Area, Bhadradri Kothagudem, Telangana",Bhadradri Kothagudem,Telangana,507269,17.253162,80.195623,227,143,roti|biryani|dal,08:00-21:00,False,SYNTHETIC_DEMO
REC-TG02-006,FOODLINK Demo Recipient Bhadradri Kothagudem 06,SHELTER,"Demo Service Area, Bhadradri Kothagudem, Telangana",Bhadradri Kothagudem,Telangana,505467,17.210338,80.189132,180,73,dal|bread|biryani,08:00-21:00,False,SYNTHETIC_DEMO
REC-TG02-007,FOODLINK Demo Recipient Bhadradri Kothagudem 07,COMMUNITY_KITCHEN,"Demo Service Area, Bhadradri Kothagudem, Telangana",Bhadradri Kothagudem,Telangana,505150,17.245466,80.121935,198,44,vegetables|cooked_meal|rice,08:00-21:00,True,SYNTHETIC_DEMO
REC-TG02-008,FOODLINK Demo Recipient Bhadradri Kothagudem 08,FOOD_BANK,"Demo Service Area, Bhadradri Kothagudem, Telangana",Bhadradri Kothagudem,Telangana,501515,17.318359,80.1586,298,267,rice|biryani|dal,08:00-21:00,False,SYNTHETIC_DEMO
REC-TG02-009,FOODLINK Demo Recipient Bhadradri Kothagudem 09,NGO_MEAL_CENTER,"Demo Service Area, Bhadradri Kothagudem, Telangana",Bhadradri Kothagudem,Telangana,507719,17.228808,80.201183,35,33,pulao|cooked_meal|packaged_food,08:00-21:00,False,SYNTHETIC_DEMO
REC-TG02-010,FOODLINK Demo Recipient Bhadradri Kothagudem 10,CHILD_CARE_INSTITUTION,"Demo Service Area, Bhadradri Kothagudem, Telangana",Bhadradri Kothagudem,Telangana,509476,17.321592,80.228965,283,76,rice|pulao|packaged_food,08:00-21:00,True,SYNTHETIC_DEMO
REC-TG02-011,FOODLINK Demo Recipient Bhadradri Kothagudem 11,SHELTER,"Demo Service Area, Bhadradri Kothagudem, Telangana",Bhadradri Kothagudem,Telangana,508744,17.310542,80.111137,225,225,sandwich|pulao|bread,08:00-21:00,False,SYNTHETIC_DEMO
REC-TG02-012,FOODLINK Demo Recipient Bhadradri Kothagudem 12,COMMUNITY_KITCHEN,"Demo Service Area, Bhadradri Kothagudem, Telangana",Bhadradri Kothagudem,Telangana,509342,17.310637,80.155476,68,10,sandwich|pulao|cooked_meal,08:00-21:00,True,SYNTHETIC_DEMO
REC-TG02-013,FOODLINK Demo Recipient Bhadradri Kothagudem 13,FOOD_BANK,"Demo Service Area, Bhadradri Kothagudem, Telangana",Bhadradri Kothagudem,Telangana,506941,17.192453,80.111883,281,245,pulao|cooked_meal|packaged_food,08:00-21:00,True,SYNTHETIC_DEMO
REC-TG02-014,FOODLINK Demo Recipient Bhadradri Kothagudem 14,NGO_MEAL_CENTER,"Demo Service Area, Bhadradri Kothagudem, Telangana",Bhadradri Kothagudem,Telangana,504337,17.269283,80.129612,65,16,dal|rice|bread,08:00-21:00,True,SYNTHETIC_DEMO
REC-TG02-015,FOODLINK Demo Recipient Bhadradri Kothagudem 15,CHILD_CARE_INSTITUTION,"Demo Service Area, Bhadradri Kothagudem, Telangana",Bhadradri Kothagudem,Telangana,509555,17.240347,80.120083,115,62,pulao|fruits|cooked_meal,08:00-21:00,True,SYNTHETIC_DEMO
REC-TG02-016,FOODLINK Demo Recipient Bhadradri Kothagudem 16,SHELTER,"Demo Service Area, Bhadradri Kothagudem, Telangana",Bhadradri Kothagudem,Telangana,507232,17.25757,80.264686,58,16,rice|fruits|biryani,08:00-21:00,True,SYNTHETIC_DEMO
REC-TG02-017,FOODLINK Demo Recipient Bhadradri Kothagudem 17,COMMUNITY_KITCHEN,"Demo Service Area, Bhadradri Kothagudem, Telangana",Bhadradri Kothagudem,Telangana,504673,17.220718,80.165602,147,101,dal|bread|rice,08:00-21:00,False,SYNTHETIC_DEMO
REC-TG02-018,FOODLINK Demo Recipient Bhadradri Kothagudem 18,FOOD_BANK,"Demo Service Area, Bhadradri Kothagudem, Telangana",Bhadradri Kothagudem,Telangana,503342,17.199491,80.127575,93,54,pulao|rice|bakery,08:00-21:00,True,SYNTHETIC_DEMO
REC-TG02-019,FOODLINK Demo Recipient Bhadradri Kothagudem 19,NGO_MEAL_CENTER,"Demo Service Area, Bhadradri Kothagudem, Telangana",Bhadradri Kothagudem,Telangana,508674,17.181283,80.247216,290,85,biryani|roti|packaged_food,08:00-21:00,True,SYNTHETIC_DEMO
REC-TG02-020,FOODLINK Demo Recipient Bhadradri Kothagudem 20,CHILD_CARE_INSTITUTION,"Demo Service Area, Bhadradri Kothagudem, Telangana",Bhadradri Kothagudem,Telangana,508815,17.230729,80.16677,58,13,bread|dal|rice,08:00-21:00,False,SYNTHETIC_DEMO
REC-TG03-001,FOODLINK Demo Recipient Hanumakonda 01,SHELTER,"Demo Service Area, Hanumakonda, Telangana",Hanumakonda,Telangana,509208,18.019564,79.563073,278,165,pulao|rice|vegetables,08:00-21:00,True,SYNTHETIC_DEMO
REC-TG03-002,FOODLINK Demo Recipient Hanumakonda 02,COMMUNITY_KITCHEN,"Demo Service Area, Hanumakonda, Telangana",Hanumakonda,Telangana,501948,17.97501,79.601219,45,16,vegetables|dal|sandwich,08:00-21:00,False,SYNTHETIC_DEMO
REC-TG03-003,FOODLINK Demo Recipient Hanumakonda 03,FOOD_BANK,"Demo Service Area, Hanumakonda, Telangana",Hanumakonda,Telangana,505044,18.000004,79.54753,296,163,vegetables|cooked_meal|biryani,08:00-21:00,False,SYNTHETIC_DEMO
REC-TG03-004,FOODLINK Demo Recipient Hanumakonda 04,NGO_MEAL_CENTER,"Demo Service Area, Hanumakonda, Telangana",Hanumakonda,Telangana,506425,18.017363,79.545662,97,60,cooked_meal|pulao|bakery,08:00-21:00,False,SYNTHETIC_DEMO
REC-TG03-005,FOODLINK Demo Recipient Hanumakonda 05,CHILD_CARE_INSTITUTION,"Demo Service Area, Hanumakonda, Telangana",Hanumakonda,Telangana,508333,18.011824,79.601606,55,41,cooked_meal|dal|roti,08:00-21:00,False,SYNTHETIC_DEMO
REC-TG03-006,FOODLINK Demo Recipient Hanumakonda 06,SHELTER,"Demo Service Area, Hanumakonda, Telangana",Hanumakonda,Telangana,503206,18.011867,79.582361,295,239,pulao|packaged_food|fruits,08:00-21:00,True,SYNTHETIC_DEMO
REC-TG03-007,FOODLINK Demo Recipient Hanumakonda 07,COMMUNITY_KITCHEN,"Demo Service Area, Hanumakonda, Telangana",Hanumakonda,Telangana,505141,18.066217,79.4645,117,94,sandwich|pulao|bread,08:00-21:00,False,SYNTHETIC_DEMO
REC-TG03-008,FOODLINK Demo Recipient Hanumakonda 08,FOOD_BANK,"Demo Service Area, Hanumakonda, Telangana",Hanumakonda,Telangana,504335,18.01476,79.657731,67,37,bread|fruits|bakery,08:00-21:00,False,SYNTHETIC_DEMO
REC-TG03-009,FOODLINK Demo Recipient Hanumakonda 09,NGO_MEAL_CENTER,"Demo Service Area, Hanumakonda, Telangana",Hanumakonda,Telangana,503794,17.95262,79.564949,147,119,sandwich|dal|roti,08:00-21:00,True,SYNTHETIC_DEMO
REC-TG03-010,FOODLINK Demo Recipient Hanumakonda 10,CHILD_CARE_INSTITUTION,"Demo Service Area, Hanumakonda, Telangana",Hanumakonda,Telangana,504604,18.078477,79.599755,118,68,biryani|fruits|packaged_food,08:00-21:00,True,SYNTHETIC_DEMO
REC-TG03-011,FOODLINK Demo Recipient Hanumakonda 11,SHELTER,"Demo Service Area, Hanumakonda, Telangana",Hanumakonda,Telangana,502881,18.044531,79.526976,49,33,vegetables|fruits|roti,08:00-21:00,True,SYNTHETIC_DEMO
REC-TG03-012,FOODLINK Demo Recipient Hanumakonda 12,COMMUNITY_KITCHEN,"Demo Service Area, Hanumakonda, Telangana",Hanumakonda,Telangana,506361,18.081929,79.612885,196,27,packaged_food|roti|vegetables,08:00-21:00,True,SYNTHETIC_DEMO
REC-TG03-013,FOODLINK Demo Recipient Hanumakonda 13,FOOD_BANK,"Demo Service Area, Hanumakonda, Telangana",Hanumakonda,Telangana,508008,18.068005,79.608689,75,75,roti|pulao|sandwich,08:00-21:00,True,SYNTHETIC_DEMO
REC-TG03-014,FOODLINK Demo Recipient Hanumakonda 14,NGO_MEAL_CENTER,"Demo Service Area, Hanumakonda, Telangana",Hanumakonda,Telangana,500501,18.01404,79.631989,189,27,cooked_meal|vegetables|fruits,08:00-21:00,True,SYNTHETIC_DEMO
REC-TG03-015,FOODLINK Demo Recipient Hanumakonda 15,CHILD_CARE_INSTITUTION,"Demo Service Area, Hanumakonda, Telangana",Hanumakonda,Telangana,507638,18.018625,79.652729,227,61,rice|vegetables|pulao,08:00-21:00,True,SYNTHETIC_DEMO
REC-TG03-016,FOODLINK Demo Recipient Hanumakonda 16,SHELTER,"Demo Service Area, Hanumakonda, Telangana",Hanumakonda,Telangana,507211,18.016576,79.618096,61,14,dal|packaged_food|biryani,08:00-21:00,False,SYNTHETIC_DEMO
REC-TG03-017,FOODLINK Demo Recipient Hanumakonda 17,COMMUNITY_KITCHEN,"Demo Service Area, Hanumakonda, Telangana",Hanumakonda,Telangana,508982,18.010548,79.592165,230,185,vegetables|pulao|bread,08:00-21:00,True,SYNTHETIC_DEMO
REC-TG03-018,FOODLINK Demo Recipient Hanumakonda 18,FOOD_BANK,"Demo Service Area, Hanumakonda, Telangana",Hanumakonda,Telangana,500862,17.952366,79.574375,70,67,rice|biryani|packaged_food,08:00-21:00,True,SYNTHETIC_DEMO
REC-TG03-019,FOODLINK Demo Recipient Hanumakonda 19,NGO_MEAL_CENTER,"Demo Service Area, Hanumakonda, Telangana",Hanumakonda,Telangana,507802,18.037997,79.580514,127,86,dal|cooked_meal|packaged_food,08:00-21:00,False,SYNTHETIC_DEMO
REC-TG03-020,FOODLINK Demo Recipient Hanumakonda 20,CHILD_CARE_INSTITUTION,"Demo Service Area, Hanumakonda, Telangana",Hanumakonda,Telangana,502709,17.990768,79.489841,62,55,bakery|fruits|cooked_meal,08:00-21:00,False,SYNTHETIC_DEMO
REC-TG04-001,FOODLINK Demo Recipient Hyderabad 01,SHELTER,"Demo Service Area, Hyderabad, Telangana",Hyderabad,Telangana,504542,17.312898,78.430376,55,54,bread|vegetables|bakery,08:00-21:00,True,SYNTHETIC_DEMO
REC-TG04-002,FOODLINK Demo Recipient Hyderabad 02,COMMUNITY_KITCHEN,"Demo Service Area, Hyderabad, Telangana",Hyderabad,Telangana,507381,17.321426,78.382745,278,220,packaged_food|dal|cooked_meal,08:00-21:00,True,SYNTHETIC_DEMO
REC-TG04-003,FOODLINK Demo Recipient Hyderabad 03,FOOD_BANK,"Demo Service Area, Hyderabad, Telangana",Hyderabad,Telangana,501064,17.391221,78.520906,41,31,dal|cooked_meal|packaged_food,08:00-21:00,False,SYNTHETIC_DEMO
REC-TG04-004,FOODLINK Demo Recipient Hyderabad 04,NGO_MEAL_CENTER,"Demo Service Area, Hyderabad, Telangana",Hyderabad,Telangana,508542,17.421924,78.468982,68,55,sandwich|roti|biryani,08:00-21:00,False,SYNTHETIC_DEMO
REC-TG04-005,FOODLINK Demo Recipient Hyderabad 05,CHILD_CARE_INSTITUTION,"Demo Service Area, Hyderabad, Telangana",Hyderabad,Telangana,500516,17.295312,78.428359,72,70,bread|roti|biryani,08:00-21:00,True,SYNTHETIC_DEMO
REC-TG04-006,FOODLINK Demo Recipient Hyderabad 06,SHELTER,"Demo Service Area, Hyderabad, Telangana",Hyderabad,Telangana,509680,17.393901,78.535715,247,230,dal|vegetables|packaged_food,08:00-21:00,False,SYNTHETIC_DEMO
REC-TG04-007,FOODLINK Demo Recipient Hyderabad 07,COMMUNITY_KITCHEN,"Demo Service Area, Hyderabad, Telangana",Hyderabad,Telangana,501249,17.380586,78.547611,60,37,roti|fruits|cooked_meal,08:00-21:00,True,SYNTHETIC_DEMO
REC-TG04-008,FOODLINK Demo Recipient Hyderabad 08,FOOD_BANK,"Demo Service Area, Hyderabad, Telangana",Hyderabad,Telangana,500530,17.368889,78.522861,229,52,vegetables|packaged_food|roti,08:00-21:00,False,SYNTHETIC_DEMO
REC-TG04-009,FOODLINK Demo Recipient Hyderabad 09,NGO_MEAL_CENTER,"Demo Service Area, Hyderabad, Telangana",Hyderabad,Telangana,506162,17.406361,78.480801,49,28,biryani|sandwich|bakery,08:00-21:00,True,SYNTHETIC_DEMO
REC-TG04-010,FOODLINK Demo Recipient Hyderabad 10,CHILD_CARE_INSTITUTION,"Demo Service Area, Hyderabad, Telangana",Hyderabad,Telangana,503763,17.355557,78.505955,79,78,roti|biryani|sandwich,08:00-21:00,False,SYNTHETIC_DEMO
REC-TG04-011,FOODLINK Demo Recipient Hyderabad 11,SHELTER,"Demo Service Area, Hyderabad, Telangana",Hyderabad,Telangana,509459,17.369575,78.420241,97,57,fruits|sandwich|biryani,08:00-21:00,False,SYNTHETIC_DEMO
REC-TG04-012,FOODLINK Demo Recipient Hyderabad 12,COMMUNITY_KITCHEN,"Demo Service Area, Hyderabad, Telangana",Hyderabad,Telangana,504616,17.400695,78.574496,70,41,pulao|roti|rice,08:00-21:00,False,SYNTHETIC_DEMO
REC-TG04-013,FOODLINK Demo Recipient Hyderabad 13,FOOD_BANK,"Demo Service Area, Hyderabad, Telangana",Hyderabad,Telangana,503046,17.346945,78.501688,55,28,roti|bakery|fruits,08:00-21:00,True,SYNTHETIC_DEMO
REC-TG04-014,FOODLINK Demo Recipient Hyderabad 14,NGO_MEAL_CENTER,"Demo Service Area, Hyderabad, Telangana",Hyderabad,Telangana,509490,17.334718,78.46606,88,56,vegetables|biryani|bakery,08:00-21:00,False,SYNTHETIC_DEMO
REC-TG04-015,FOODLINK Demo Recipient Hyderabad 15,CHILD_CARE_INSTITUTION,"Demo Service Area, Hyderabad, Telangana",Hyderabad,Telangana,505724,17.400647,78.468381,55,35,sandwich|fruits|roti,08:00-21:00,False,SYNTHETIC_DEMO
REC-TG04-016,FOODLINK Demo Recipient Hyderabad 16,SHELTER,"Demo Service Area, Hyderabad, Telangana",Hyderabad,Telangana,503426,17.333613,78.486985,243,138,vegetables|pulao|bread,08:00-21:00,True,SYNTHETIC_DEMO
REC-TG04-017,FOODLINK Demo Recipient Hyderabad 17,COMMUNITY_KITCHEN,"Demo Service Area, Hyderabad, Telangana",Hyderabad,Telangana,508863,17.411135,78.484145,181,136,biryani|dal|vegetables,08:00-21:00,True,SYNTHETIC_DEMO
REC-TG04-018,FOODLINK Demo Recipient Hyderabad 18,FOOD_BANK,"Demo Service Area, Hyderabad, Telangana",Hyderabad,Telangana,503838,17.412562,78.516651,256,132,dal|pulao|packaged_food,08:00-21:00,False,SYNTHETIC_DEMO
REC-TG04-019,FOODLINK Demo Recipient Hyderabad 19,NGO_MEAL_CENTER,"Demo Service Area, Hyderabad, Telangana",Hyderabad,Telangana,503340,17.37111,78.5288,183,21,sandwich|cooked_meal|dal,08:00-21:00,True,SYNTHETIC_DEMO
REC-TG04-020,FOODLINK Demo Recipient Hyderabad 20,CHILD_CARE_INSTITUTION,"Demo Service Area, Hyderabad, Telangana",Hyderabad,Telangana,504151,17.425283,78.454323,262,104,fruits|pulao|rice,08:00-21:00,True,SYNTHETIC_DEMO
REC-TG05-001,FOODLINK Demo Recipient Jagtial 01,SHELTER,"Demo Service Area, Jagtial, Telangana",Jagtial,Telangana,509953,18.81357,78.891419,50,41,rice|fruits|packaged_food,08:00-21:00,True,SYNTHETIC_DEMO
REC-TG05-002,FOODLINK Demo Recipient Jagtial 02,COMMUNITY_KITCHEN,"Demo Service Area, Jagtial, Telangana",Jagtial,Telangana,503335,18.829586,78.932109,203,12,rice|packaged_food|bakery,08:00-21:00,True,SYNTHETIC_DEMO
REC-TG05-003,FOODLINK Demo Recipient Jagtial 03,FOOD_BANK,"Demo Service Area, Jagtial, Telangana",Jagtial,Telangana,509890,18.750343,78.876654,279,226,rice|dal|sandwich,08:00-21:00,True,SYNTHETIC_DEMO
REC-TG05-004,FOODLINK Demo Recipient Jagtial 04,NGO_MEAL_CENTER,"Demo Service Area, Jagtial, Telangana",Jagtial,Telangana,503285,18.799917,78.92822,136,20,vegetables|pulao|bakery,08:00-21:00,False,SYNTHETIC_DEMO
REC-TG05-005,FOODLINK Demo Recipient Jagtial 05,CHILD_CARE_INSTITUTION,"Demo Service Area, Jagtial, Telangana",Jagtial,Telangana,509070,18.814355,78.846141,96,26,biryani|roti|vegetables,08:00-21:00,True,SYNTHETIC_DEMO
REC-TG05-006,FOODLINK Demo Recipient Jagtial 06,SHELTER,"Demo Service Area, Jagtial, Telangana",Jagtial,Telangana,500139,18.718109,78.87942,163,22,fruits|packaged_food|sandwich,08:00-21:00,True,SYNTHETIC_DEMO
REC-TG05-007,FOODLINK Demo Recipient Jagtial 07,COMMUNITY_KITCHEN,"Demo Service Area, Jagtial, Telangana",Jagtial,Telangana,507628,18.803152,78.871216,245,185,vegetables|dal|bakery,08:00-21:00,False,SYNTHETIC_DEMO
REC-TG05-008,FOODLINK Demo Recipient Jagtial 08,FOOD_BANK,"Demo Service Area, Jagtial, Telangana",Jagtial,Telangana,505312,18.885578,78.912681,160,126,bread|bakery|roti,08:00-21:00,True,SYNTHETIC_DEMO
REC-TG05-009,FOODLINK Demo Recipient Jagtial 09,NGO_MEAL_CENTER,"Demo Service Area, Jagtial, Telangana",Jagtial,Telangana,503405,18.754004,78.913419,134,134,sandwich|dal|fruits,08:00-21:00,False,SYNTHETIC_DEMO
REC-TG05-010,FOODLINK Demo Recipient Jagtial 10,CHILD_CARE_INSTITUTION,"Demo Service Area, Jagtial, Telangana",Jagtial,Telangana,503164,18.786816,78.887219,121,31,bakery|vegetables|fruits,08:00-21:00,True,SYNTHETIC_DEMO
REC-TG05-011,FOODLINK Demo Recipient Jagtial 11,SHELTER,"Demo Service Area, Jagtial, Telangana",Jagtial,Telangana,500073,18.805792,78.876114,183,101,fruits|sandwich|pulao,08:00-21:00,True,SYNTHETIC_DEMO
REC-TG05-012,FOODLINK Demo Recipient Jagtial 12,COMMUNITY_KITCHEN,"Demo Service Area, Jagtial, Telangana",Jagtial,Telangana,509846,18.810355,78.808154,159,124,roti|biryani|sandwich,08:00-21:00,True,SYNTHETIC_DEMO
REC-TG05-013,FOODLINK Demo Recipient Jagtial 13,FOOD_BANK,"Demo Service Area, Jagtial, Telangana",Jagtial,Telangana,501140,18.883878,78.863652,50,36,vegetables|sandwich|roti,08:00-21:00,False,SYNTHETIC_DEMO
REC-TG05-014,FOODLINK Demo Recipient Jagtial 14,NGO_MEAL_CENTER,"Demo Service Area, Jagtial, Telangana",Jagtial,Telangana,501539,18.875958,78.842271,296,92,biryani|cooked_meal|fruits,08:00-21:00,False,SYNTHETIC_DEMO
REC-TG05-015,FOODLINK Demo Recipient Jagtial 15,CHILD_CARE_INSTITUTION,"Demo Service Area, Jagtial, Telangana",Jagtial,Telangana,509854,18.804875,78.836727,267,72,dal|bakery|cooked_meal,08:00-21:00,False,SYNTHETIC_DEMO
REC-TG05-016,FOODLINK Demo Recipient Jagtial 16,SHELTER,"Demo Service Area, Jagtial, Telangana",Jagtial,Telangana,505403,18.818351,78.950932,180,147,biryani|pulao|cooked_meal,08:00-21:00,False,SYNTHETIC_DEMO
REC-TG05-017,FOODLINK Demo Recipient Jagtial 17,COMMUNITY_KITCHEN,"Demo Service Area, Jagtial, Telangana",Jagtial,Telangana,501092,18.804587,78.852532,129,88,sandwich|cooked_meal|roti,08:00-21:00,False,SYNTHETIC_DEMO
REC-TG05-018,FOODLINK Demo Recipient Jagtial 18,FOOD_BANK,"Demo Service Area, Jagtial, Telangana",Jagtial,Telangana,503817,18.766371,78.981903,247,21,vegetables|dal|biryani,08:00-21:00,True,SYNTHETIC_DEMO
REC-TG05-019,FOODLINK Demo Recipient Jagtial 19,NGO_MEAL_CENTER,"Demo Service Area, Jagtial, Telangana",Jagtial,Telangana,506772,18.815201,78.892595,101,74,fruits|pulao|packaged_food,08:00-21:00,False,SYNTHETIC_DEMO
REC-TG05-020,FOODLINK Demo Recipient Jagtial 20,CHILD_CARE_INSTITUTION,"Demo Service Area, Jagtial, Telangana",Jagtial,Telangana,505241,18.90872,78.898363,261,97,vegetables|sandwich|fruits,08:00-21:00,False,SYNTHETIC_DEMO
REC-TG06-001,FOODLINK Demo Recipient Jangaon 01,SHELTER,"Demo Service Area, Jangaon, Telangana",Jangaon,Telangana,508864,17.675898,79.17808,178,124,bread|packaged_food|bakery,08:00-21:00,True,SYNTHETIC_DEMO
REC-TG06-002,FOODLINK Demo Recipient Jangaon 02,COMMUNITY_KITCHEN,"Demo Service Area, Jangaon, Telangana",Jangaon,Telangana,506381,17.71082,79.14561,300,96,rice|fruits|biryani,08:00-21:00,True,SYNTHETIC_DEMO
REC-TG06-003,FOODLINK Demo Recipient Jangaon 03,FOOD_BANK,"Demo Service Area, Jangaon, Telangana",Jangaon,Telangana,505951,17.733398,79.134429,229,58,bread|rice|bakery,08:00-21:00,False,SYNTHETIC_DEMO
REC-TG06-004,FOODLINK Demo Recipient Jangaon 04,NGO_MEAL_CENTER,"Demo Service Area, Jangaon, Telangana",Jangaon,Telangana,503508,17.740373,79.112893,48,17,roti|dal|fruits,08:00-21:00,False,SYNTHETIC_DEMO
REC-TG06-005,FOODLINK Demo Recipient Jangaon 05,CHILD_CARE_INSTITUTION,"Demo Service Area, Jangaon, Telangana",Jangaon,Telangana,509591,17.72521,79.111391,270,265,roti|biryani|bread,08:00-21:00,True,SYNTHETIC_DEMO
REC-TG06-006,FOODLINK Demo Recipient Jangaon 06,SHELTER,"Demo Service Area, Jangaon, Telangana",Jangaon,Telangana,508907,17.702478,79.036587,118,109,sandwich|biryani|fruits,08:00-21:00,False,SYNTHETIC_DEMO
REC-TG06-007,FOODLINK Demo Recipient Jangaon 07,COMMUNITY_KITCHEN,"Demo Service Area, Jangaon, Telangana",Jangaon,Telangana,502413,17.763611,79.167721,261,97,bread|cooked_meal|packaged_food,08:00-21:00,False,SYNTHETIC_DEMO
REC-TG06-008,FOODLINK Demo Recipient Jangaon 08,FOOD_BANK,"Demo Service Area, Jangaon, Telangana",Jangaon,Telangana,505849,17.762755,79.180129,244,194,roti|dal|sandwich,08:00-21:00,True,SYNTHETIC_DEMO
REC-TG06-009,FOODLINK Demo Recipient Jangaon 09,NGO_MEAL_CENTER,"Demo Service Area, Jangaon, Telangana",Jangaon,Telangana,509024,17.706407,79.13044,212,44,vegetables|rice|bread,08:00-21:00,False,SYNTHETIC_DEMO
REC-TG06-010,FOODLINK Demo Recipient Jangaon 10,CHILD_CARE_INSTITUTION,"Demo Service Area, Jangaon, Telangana",Jangaon,Telangana,507794,17.714941,79.194842,288,153,roti|packaged_food|dal,08:00-21:00,False,SYNTHETIC_DEMO
REC-TG06-011,FOODLINK Demo Recipient Jangaon 11,SHELTER,"Demo Service Area, Jangaon, Telangana",Jangaon,Telangana,502460,17.682636,79.110818,43,18,packaged_food|bread|vegetables,08:00-21:00,True,SYNTHETIC_DEMO
REC-TG06-012,FOODLINK Demo Recipient Jangaon 12,COMMUNITY_KITCHEN,"Demo Service Area, Jangaon, Telangana",Jangaon,Telangana,506354,17.773213,79.108082,60,29,biryani|pulao|bakery,08:00-21:00,False,SYNTHETIC_DEMO
REC-TG06-013,FOODLINK Demo Recipient Jangaon 13,FOOD_BANK,"Demo Service Area, Jangaon, Telangana",Jangaon,Telangana,504165,17.725386,79.183575,92,44,cooked_meal|rice|packaged_food,08:00-21:00,False,SYNTHETIC_DEMO
REC-TG06-014,FOODLINK Demo Recipient Jangaon 14,NGO_MEAL_CENTER,"Demo Service Area, Jangaon, Telangana",Jangaon,Telangana,500292,17.756859,79.136207,162,60,dal|fruits|bakery,08:00-21:00,False,SYNTHETIC_DEMO
REC-TG06-015,FOODLINK Demo Recipient Jangaon 15,CHILD_CARE_INSTITUTION,"Demo Service Area, Jangaon, Telangana",Jangaon,Telangana,502424,17.658651,79.11047,191,70,bread|packaged_food|biryani,08:00-21:00,False,SYNTHETIC_DEMO
REC-TG06-016,FOODLINK Demo Recipient Jangaon 16,SHELTER,"Demo Service Area, Jangaon, Telangana",Jangaon,Telangana,504947,17.746152,79.154622,43,25,cooked_meal|bread|fruits,08:00-21:00,True,SYNTHETIC_DEMO
REC-TG06-017,FOODLINK Demo Recipient Jangaon 17,COMMUNITY_KITCHEN,"Demo Service Area, Jangaon, Telangana",Jangaon,Telangana,500092,17.761,79.188315,54,16,pulao|rice|sandwich,08:00-21:00,False,SYNTHETIC_DEMO
REC-TG06-018,FOODLINK Demo Recipient Jangaon 18,FOOD_BANK,"Demo Service Area, Jangaon, Telangana",Jangaon,Telangana,502306,17.642307,79.156457,184,113,fruits|biryani|dal,08:00-21:00,False,SYNTHETIC_DEMO
REC-TG06-019,FOODLINK Demo Recipient Jangaon 19,NGO_MEAL_CENTER,"Demo Service Area, Jangaon, Telangana",Jangaon,Telangana,507728,17.685809,79.152515,273,75,dal|fruits|vegetables,08:00-21:00,True,SYNTHETIC_DEMO
REC-TG06-020,FOODLINK Demo Recipient Jangaon 20,CHILD_CARE_INSTITUTION,"Demo Service Area, Jangaon, Telangana",Jangaon,Telangana,500794,17.684562,79.190476,296,113,rice|vegetables|packaged_food,08:00-21:00,False,SYNTHETIC_DEMO
REC-TG07-001,FOODLINK Demo Recipient Jayashankar Bhupalpally 01,SHELTER,"Demo Service Area, Jayashankar Bhupalpally, Telangana",Jayashankar Bhupalpally,Telangana,504139,18.471301,79.892661,169,147,bakery|cooked_meal|packaged_food,08:00-21:00,True,SYNTHETIC_DEMO
REC-TG07-002,FOODLINK Demo Recipient Jayashankar Bhupalpally 02,COMMUNITY_KITCHEN,"Demo Service Area, Jayashankar Bhupalpally, Telangana",Jayashankar Bhupalpally,Telangana,506590,18.513682,79.941805,74,57,bread|packaged_food|rice,08:00-21:00,True,SYNTHETIC_DEMO
REC-TG07-003,FOODLINK Demo Recipient Jayashankar Bhupalpally 03,FOOD_BANK,"Demo Service Area, Jayashankar Bhupalpally, Telangana",Jayashankar Bhupalpally,Telangana,501260,18.447126,79.814794,94,15,fruits|packaged_food|rice,08:00-21:00,False,SYNTHETIC_DEMO
REC-TG07-004,FOODLINK Demo Recipient Jayashankar Bhupalpally 04,NGO_MEAL_CENTER,"Demo Service Area, Jayashankar Bhupalpally, Telangana",Jayashankar Bhupalpally,Telangana,509240,18.51889,79.90424,31,10,rice|bread|fruits,08:00-21:00,True,SYNTHETIC_DEMO
REC-TG07-005,FOODLINK Demo Recipient Jayashankar Bhupalpally 05,CHILD_CARE_INSTITUTION,"Demo Service Area, Jayashankar Bhupalpally, Telangana",Jayashankar Bhupalpally,Telangana,505361,18.389291,79.857203,142,105,bakery|sandwich|cooked_meal,08:00-21:00,False,SYNTHETIC_DEMO
REC-TG07-006,FOODLINK Demo Recipient Jayashankar Bhupalpally 06,SHELTER,"Demo Service Area, Jayashankar Bhupalpally, Telangana",Jayashankar Bhupalpally,Telangana,509766,18.432479,79.908807,209,177,rice|biryani|roti,08:00-21:00,False,SYNTHETIC_DEMO
REC-TG07-007,FOODLINK Demo Recipient Jayashankar Bhupalpally 07,COMMUNITY_KITCHEN,"Demo Service Area, Jayashankar Bhupalpally, Telangana",Jayashankar Bhupalpally,Telangana,506107,18.389234,79.879507,197,151,fruits|vegetables|packaged_food,08:00-21:00,False,SYNTHETIC_DEMO
REC-TG07-008,FOODLINK Demo Recipient Jayashankar Bhupalpally 08,FOOD_BANK,"Demo Service Area, Jayashankar Bhupalpally, Telangana",Jayashankar Bhupalpally,Telangana,507175,18.42364,79.873775,235,232,cooked_meal|dal|pulao,08:00-21:00,True,SYNTHETIC_DEMO
REC-TG07-009,FOODLINK Demo Recipient Jayashankar Bhupalpally 09,NGO_MEAL_CENTER,"Demo Service Area, Jayashankar Bhupalpally, Telangana",Jayashankar Bhupalpally,Telangana,504079,18.409737,79.878015,145,99,packaged_food|bread|rice,08:00-21:00,False,SYNTHETIC_DEMO
REC-TG07-010,FOODLINK Demo Recipient Jayashankar Bhupalpally 10,CHILD_CARE_INSTITUTION,"Demo Service Area, Jayashankar Bhupalpally, Telangana",Jayashankar Bhupalpally,Telangana,502653,18.5027,79.811706,290,60,bread|vegetables|roti,08:00-21:00,True,SYNTHETIC_DEMO
REC-TG07-011,FOODLINK Demo Recipient Jayashankar Bhupalpally 11,SHELTER,"Demo Service Area, Jayashankar Bhupalpally, Telangana",Jayashankar Bhupalpally,Telangana,503790,18.432708,79.918639,205,137,sandwich|vegetables|dal,08:00-21:00,False,SYNTHETIC_DEMO
REC-TG07-012,FOODLINK Demo Recipient Jayashankar Bhupalpally 12,COMMUNITY_KITCHEN,"Demo Service Area, Jayashankar Bhupalpally, Telangana",Jayashankar Bhupalpally,Telangana,507785,18.40412,79.823754,58,54,rice|cooked_meal|vegetables,08:00-21:00,True,SYNTHETIC_DEMO
REC-TG07-013,FOODLINK Demo Recipient Jayashankar Bhupalpally 13,FOOD_BANK,"Demo Service Area, Jayashankar Bhupalpally, Telangana",Jayashankar Bhupalpally,Telangana,500231,18.523728,79.865601,153,125,pulao|sandwich|roti,08:00-21:00,True,SYNTHETIC_DEMO
REC-TG07-014,FOODLINK Demo Recipient Jayashankar Bhupalpally 14,NGO_MEAL_CENTER,"Demo Service Area, Jayashankar Bhupalpally, Telangana",Jayashankar Bhupalpally,Telangana,503480,18.476308,79.832173,116,75,cooked_meal|fruits|pulao,08:00-21:00,False,SYNTHETIC_DEMO
REC-TG07-015,FOODLINK Demo Recipient Jayashankar Bhupalpally 15,CHILD_CARE_INSTITUTION,"Demo Service Area, Jayashankar Bhupalpally, Telangana",Jayashankar Bhupalpally,Telangana,501967,18.439399,79.876536,48,39,pulao|bread|rice,08:00-21:00,False,SYNTHETIC_DEMO
REC-TG07-016,FOODLINK Demo Recipient Jayashankar Bhupalpally 16,SHELTER,"Demo Service Area, Jayashankar Bhupalpally, Telangana",Jayashankar Bhupalpally,Telangana,500236,18.393809,79.799097,121,116,packaged_food|bakery|sandwich,08:00-21:00,False,SYNTHETIC_DEMO
REC-TG07-017,FOODLINK Demo Recipient Jayashankar Bhupalpally 17,COMMUNITY_KITCHEN,"Demo Service Area, Jayashankar Bhupalpally, Telangana",Jayashankar Bhupalpally,Telangana,502020,18.377602,79.845688,159,18,vegetables|bread|bakery,08:00-21:00,False,SYNTHETIC_DEMO
REC-TG07-018,FOODLINK Demo Recipient Jayashankar Bhupalpally 18,FOOD_BANK,"Demo Service Area, Jayashankar Bhupalpally, Telangana",Jayashankar Bhupalpally,Telangana,500898,18.440835,79.778862,160,154,rice|biryani|packaged_food,08:00-21:00,False,SYNTHETIC_DEMO
REC-TG07-019,FOODLINK Demo Recipient Jayashankar Bhupalpally 19,NGO_MEAL_CENTER,"Demo Service Area, Jayashankar Bhupalpally, Telangana",Jayashankar Bhupalpally,Telangana,507647,18.436741,79.87415,114,21,dal|pulao|fruits,08:00-21:00,True,SYNTHETIC_DEMO
REC-TG07-020,FOODLINK Demo Recipient Jayashankar Bhupalpally 20,CHILD_CARE_INSTITUTION,"Demo Service Area, Jayashankar Bhupalpally, Telangana",Jayashankar Bhupalpally,Telangana,504100,18.494023,79.84459,49,15,bakery|rice|dal,08:00-21:00,True,SYNTHETIC_DEMO
REC-TG08-001,FOODLINK Demo Recipient Jogulamba Gadwal 01,SHELTER,"Demo Service Area, Jogulamba Gadwal, Telangana",Jogulamba Gadwal,Telangana,505423,16.216623,77.797336,139,69,rice|pulao|roti,08:00-21:00,True,SYNTHETIC_DEMO
REC-TG08-002,FOODLINK Demo Recipient Jogulamba Gadwal 02,COMMUNITY_KITCHEN,"Demo Service Area, Jogulamba Gadwal, Telangana",Jogulamba Gadwal,Telangana,507397,16.165896,77.813136,229,75,packaged_food|rice|cooked_meal,08:00-21:00,False,SYNTHETIC_DEMO
REC-TG08-003,FOODLINK Demo Recipient Jogulamba Gadwal 03,FOOD_BANK,"Demo Service Area, Jogulamba Gadwal, Telangana",Jogulamba Gadwal,Telangana,509414,16.327713,77.785456,193,143,bread|bakery|rice,08:00-21:00,True,SYNTHETIC_DEMO
REC-TG08-004,FOODLINK Demo Recipient Jogulamba Gadwal 04,NGO_MEAL_CENTER,"Demo Service Area, Jogulamba Gadwal, Telangana",Jogulamba Gadwal,Telangana,506506,16.260001,77.767602,78,38,packaged_food|sandwich|rice,08:00-21:00,True,SYNTHETIC_DEMO
REC-TG08-005,FOODLINK Demo Recipient Jogulamba Gadwal 05,CHILD_CARE_INSTITUTION,"Demo Service Area, Jogulamba Gadwal, Telangana",Jogulamba Gadwal,Telangana,503392,16.258824,77.856954,232,84,rice|bread|biryani,08:00-21:00,False,SYNTHETIC_DEMO
REC-TG08-006,FOODLINK Demo Recipient Jogulamba Gadwal 06,SHELTER,"Demo Service Area, Jogulamba Gadwal, Telangana",Jogulamba Gadwal,Telangana,500030,16.227523,77.880298,270,212,bakery|pulao|vegetables,08:00-21:00,False,SYNTHETIC_DEMO
REC-TG08-007,FOODLINK Demo Recipient Jogulamba Gadwal 07,COMMUNITY_KITCHEN,"Demo Service Area, Jogulamba Gadwal, Telangana",Jogulamba Gadwal,Telangana,501317,16.235271,77.815775,127,20,dal|pulao|bakery,08:00-21:00,False,SYNTHETIC_DEMO
REC-TG08-008,FOODLINK Demo Recipient Jogulamba Gadwal 08,FOOD_BANK,"Demo Service Area, Jogulamba Gadwal, Telangana",Jogulamba Gadwal,Telangana,509597,16.231046,77.837913,180,45,rice|bread|pulao,08:00-21:00,False,SYNTHETIC_DEMO
REC-TG08-009,FOODLINK Demo Recipient Jogulamba Gadwal 09,NGO_MEAL_CENTER,"Demo Service Area, Jogulamba Gadwal, Telangana",Jogulamba Gadwal,Telangana,506080,16.289014,77.808621,278,152,vegetables|sandwich|biryani,08:00-21:00,False,SYNTHETIC_DEMO
REC-TG08-010,FOODLINK Demo Recipient Jogulamba Gadwal 10,CHILD_CARE_INSTITUTION,"Demo Service Area, Jogulamba Gadwal, Telangana",Jogulamba Gadwal,Telangana,508168,16.157444,77.81593,251,189,packaged_food|pulao|roti,08:00-21:00,False,SYNTHETIC_DEMO
REC-TG08-011,FOODLINK Demo Recipient Jogulamba Gadwal 11,SHELTER,"Demo Service Area, Jogulamba Gadwal, Telangana",Jogulamba Gadwal,Telangana,503423,16.213219,77.896531,282,24,roti|sandwich|dal,08:00-21:00,False,SYNTHETIC_DEMO
REC-TG08-012,FOODLINK Demo Recipient Jogulamba Gadwal 12,COMMUNITY_KITCHEN,"Demo Service Area, Jogulamba Gadwal, Telangana",Jogulamba Gadwal,Telangana,505309,16.230062,77.793998,280,128,bread|roti|vegetables,08:00-21:00,False,SYNTHETIC_DEMO
REC-TG08-013,FOODLINK Demo Recipient Jogulamba Gadwal 13,FOOD_BANK,"Demo Service Area, Jogulamba Gadwal, Telangana",Jogulamba Gadwal,Telangana,504582,16.236558,77.782874,137,110,bakery|vegetables|fruits,08:00-21:00,True,SYNTHETIC_DEMO
REC-TG08-014,FOODLINK Demo Recipient Jogulamba Gadwal 14,NGO_MEAL_CENTER,"Demo Service Area, Jogulamba Gadwal, Telangana",Jogulamba Gadwal,Telangana,504138,16.284711,77.777045,116,87,fruits|cooked_meal|roti,08:00-21:00,True,SYNTHETIC_DEMO
REC-TG08-015,FOODLINK Demo Recipient Jogulamba Gadwal 15,CHILD_CARE_INSTITUTION,"Demo Service Area, Jogulamba Gadwal, Telangana",Jogulamba Gadwal,Telangana,503426,16.245327,77.828701,172,170,fruits|packaged_food|cooked_meal,08:00-21:00,False,SYNTHETIC_DEMO
REC-TG08-016,FOODLINK Demo Recipient Jogulamba Gadwal 16,SHELTER,"Demo Service Area, Jogulamba Gadwal, Telangana",Jogulamba Gadwal,Telangana,507463,16.262194,77.781982,271,206,roti|biryani|sandwich,08:00-21:00,True,SYNTHETIC_DEMO
REC-TG08-017,FOODLINK Demo Recipient Jogulamba Gadwal 17,COMMUNITY_KITCHEN,"Demo Service Area, Jogulamba Gadwal, Telangana",Jogulamba Gadwal,Telangana,503662,16.294166,77.790662,223,201,vegetables|packaged_food|rice,08:00-21:00,True,SYNTHETIC_DEMO
REC-TG08-018,FOODLINK Demo Recipient Jogulamba Gadwal 18,FOOD_BANK,"Demo Service Area, Jogulamba Gadwal, Telangana",Jogulamba Gadwal,Telangana,503304,16.232332,77.762782,275,121,vegetables|fruits|bakery,08:00-21:00,False,SYNTHETIC_DEMO
REC-TG08-019,FOODLINK Demo Recipient Jogulamba Gadwal 19,NGO_MEAL_CENTER,"Demo Service Area, Jogulamba Gadwal, Telangana",Jogulamba Gadwal,Telangana,500917,16.265154,77.778732,254,189,bread|fruits|cooked_meal,08:00-21:00,True,SYNTHETIC_DEMO
REC-TG08-020,FOODLINK Demo Recipient Jogulamba Gadwal 20,CHILD_CARE_INSTITUTION,"Demo Service Area, Jogulamba Gadwal, Telangana",Jogulamba Gadwal,Telangana,501623,16.160521,77.748573,83,67,biryani|sandwich|dal,08:00-21:00,False,SYNTHETIC_DEMO
REC-TG09-001,FOODLINK Demo Recipient Kamareddy 01,SHELTER,"Demo Service Area, Kamareddy, Telangana",Kamareddy,Telangana,501386,18.349387,78.357094,237,218,dal|packaged_food|biryani,08:00-21:00,True,SYNTHETIC_DEMO
REC-TG09-002,FOODLINK Demo Recipient Kamareddy 02,COMMUNITY_KITCHEN,"Demo Service Area, Kamareddy, Telangana",Kamareddy,Telangana,507690,18.223391,78.343423,220,211,cooked_meal|fruits|bread,08:00-21:00,True,SYNTHETIC_DEMO
REC-TG09-003,FOODLINK Demo Recipient Kamareddy 03,FOOD_BANK,"Demo Service Area, Kamareddy, Telangana",Kamareddy,Telangana,503996,18.298984,78.363632,170,96,bakery|sandwich|roti,08:00-21:00,False,SYNTHETIC_DEMO
REC-TG09-004,FOODLINK Demo Recipient Kamareddy 04,NGO_MEAL_CENTER,"Demo Service Area, Kamareddy, Telangana",Kamareddy,Telangana,501764,18.351983,78.298834,150,141,pulao|packaged_food|vegetables,08:00-21:00,True,SYNTHETIC_DEMO
REC-TG09-005,FOODLINK Demo Recipient Kamareddy 05,CHILD_CARE_INSTITUTION,"Demo Service Area, Kamareddy, Telangana",Kamareddy,Telangana,503340,18.282836,78.317605,250,240,dal|bread|roti,08:00-21:00,False,SYNTHETIC_DEMO
REC-TG09-006,FOODLINK Demo Recipient Kamareddy 06,SHELTER,"Demo Service Area, Kamareddy, Telangana",Kamareddy,Telangana,509966,18.326434,78.451831,231,179,packaged_food|vegetables|fruits,08:00-21:00,True,SYNTHETIC_DEMO
REC-TG09-007,FOODLINK Demo Recipient Kamareddy 07,COMMUNITY_KITCHEN,"Demo Service Area, Kamareddy, Telangana",Kamareddy,Telangana,502892,18.326826,78.361813,201,79,bakery|biryani|bread,08:00-21:00,False,SYNTHETIC_DEMO
REC-TG09-008,FOODLINK Demo Recipient Kamareddy 08,FOOD_BANK,"Demo Service Area, Kamareddy, Telangana",Kamareddy,Telangana,505709,18.318789,78.293562,263,52,packaged_food|bakery|rice,08:00-21:00,False,SYNTHETIC_DEMO
REC-TG09-009,FOODLINK Demo Recipient Kamareddy 09,NGO_MEAL_CENTER,"Demo Service Area, Kamareddy, Telangana",Kamareddy,Telangana,507742,18.271342,78.331482,219,104,bread|dal|biryani,08:00-21:00,False,SYNTHETIC_DEMO
REC-TG09-010,FOODLINK Demo Recipient Kamareddy 10,CHILD_CARE_INSTITUTION,"Demo Service Area, Kamareddy, Telangana",Kamareddy,Telangana,504010,18.295104,78.406389,144,93,pulao|cooked_meal|fruits,08:00-21:00,True,SYNTHETIC_DEMO
REC-TG09-011,FOODLINK Demo Recipient Kamareddy 11,SHELTER,"Demo Service Area, Kamareddy, Telangana",Kamareddy,Telangana,502706,18.326468,78.323425,97,49,dal|rice|sandwich,08:00-21:00,False,SYNTHETIC_DEMO
REC-TG09-012,FOODLINK Demo Recipient Kamareddy 12,COMMUNITY_KITCHEN,"Demo Service Area, Kamareddy, Telangana",Kamareddy,Telangana,505063,18.321883,78.377572,144,84,roti|sandwich|cooked_meal,08:00-21:00,True,SYNTHETIC_DEMO
REC-TG09-013,FOODLINK Demo Recipient Kamareddy 13,FOOD_BANK,"Demo Service Area, Kamareddy, Telangana",Kamareddy,Telangana,505164,18.392563,78.364055,38,13,bread|pulao|dal,08:00-21:00,False,SYNTHETIC_DEMO
REC-TG09-014,FOODLINK Demo Recipient Kamareddy 14,NGO_MEAL_CENTER,"Demo Service Area, Kamareddy, Telangana",Kamareddy,Telangana,502099,18.344885,78.29242,145,16,bread|packaged_food|pulao,08:00-21:00,True,SYNTHETIC_DEMO
REC-TG09-015,FOODLINK Demo Recipient Kamareddy 15,CHILD_CARE_INSTITUTION,"Demo Service Area, Kamareddy, Telangana",Kamareddy,Telangana,504166,18.35931,78.408733,283,205,vegetables|rice|packaged_food,08:00-21:00,False,SYNTHETIC_DEMO
REC-TG09-016,FOODLINK Demo Recipient Kamareddy 16,SHELTER,"Demo Service Area, Kamareddy, Telangana",Kamareddy,Telangana,505698,18.372516,78.325543,68,61,pulao|vegetables|bread,08:00-21:00,False,SYNTHETIC_DEMO
REC-TG09-017,FOODLINK Demo Recipient Kamareddy 17,COMMUNITY_KITCHEN,"Demo Service Area, Kamareddy, Telangana",Kamareddy,Telangana,500005,18.287758,78.331188,91,18,cooked_meal|bread|sandwich,08:00-21:00,False,SYNTHETIC_DEMO
REC-TG09-018,FOODLINK Demo Recipient Kamareddy 18,FOOD_BANK,"Demo Service Area, Kamareddy, Telangana",Kamareddy,Telangana,500263,18.227115,78.301561,75,19,roti|vegetables|pulao,08:00-21:00,False,SYNTHETIC_DEMO
REC-TG09-019,FOODLINK Demo Recipient Kamareddy 19,NGO_MEAL_CENTER,"Demo Service Area, Kamareddy, Telangana",Kamareddy,Telangana,503944,18.37948,78.344577,144,54,sandwich|fruits|biryani,08:00-21:00,True,SYNTHETIC_DEMO
REC-TG09-020,FOODLINK Demo Recipient Kamareddy 20,CHILD_CARE_INSTITUTION,"Demo Service Area, Kamareddy, Telangana",Kamareddy,Telangana,503091,18.23143,78.317357,155,63,pulao|packaged_food|fruits,08:00-21:00,False,SYNTHETIC_DEMO
REC-TG10-001,FOODLINK Demo Recipient Karimnagar 01,SHELTER,"Demo Service Area, Karimnagar, Telangana",Karimnagar,Telangana,501762,18.484457,79.175159,121,16,sandwich|bread|pulao,08:00-21:00,True,SYNTHETIC_DEMO
REC-TG10-002,FOODLINK Demo Recipient Karimnagar 02,COMMUNITY_KITCHEN,"Demo Service Area, Karimnagar, Telangana",Karimnagar,Telangana,501795,18.443578,79.12886,207,98,roti|dal|pulao,08:00-21:00,False,SYNTHETIC_DEMO
REC-TG10-003,FOODLINK Demo Recipient Karimnagar 03,FOOD_BANK,"Demo Service Area, Karimnagar, Telangana",Karimnagar,Telangana,502207,18.422253,79.117343,197,57,sandwich|cooked_meal|fruits,08:00-21:00,False,SYNTHETIC_DEMO
REC-TG10-004,FOODLINK Demo Recipient Karimnagar 04,NGO_MEAL_CENTER,"Demo Service Area, Karimnagar, Telangana",Karimnagar,Telangana,503709,18.420071,79.112439,254,184,dal|bakery|fruits,08:00-21:00,False,SYNTHETIC_DEMO
REC-TG10-005,FOODLINK Demo Recipient Karimnagar 05,CHILD_CARE_INSTITUTION,"Demo Service Area, Karimnagar, Telangana",Karimnagar,Telangana,504186,18.434782,79.056791,108,44,rice|vegetables|bakery,08:00-21:00,False,SYNTHETIC_DEMO
REC-TG10-006,FOODLINK Demo Recipient Karimnagar 06,SHELTER,"Demo Service Area, Karimnagar, Telangana",Karimnagar,Telangana,501624,18.477061,79.09279,171,60,cooked_meal|bakery|packaged_food,08:00-21:00,False,SYNTHETIC_DEMO
REC-TG10-007,FOODLINK Demo Recipient Karimnagar 07,COMMUNITY_KITCHEN,"Demo Service Area, Karimnagar, Telangana",Karimnagar,Telangana,508944,18.455041,79.156383,192,163,rice|packaged_food|vegetables,08:00-21:00,True,SYNTHETIC_DEMO
REC-TG10-008,FOODLINK Demo Recipient Karimnagar 08,FOOD_BANK,"Demo Service Area, Karimnagar, Telangana",Karimnagar,Telangana,504746,18.525621,79.217022,283,26,biryani|bakery|bread,08:00-21:00,False,SYNTHETIC_DEMO
REC-TG10-009,FOODLINK Demo Recipient Karimnagar 09,NGO_MEAL_CENTER,"Demo Service Area, Karimnagar, Telangana",Karimnagar,Telangana,500991,18.379086,79.106921,271,146,rice|pulao|cooked_meal,08:00-21:00,False,SYNTHETIC_DEMO
REC-TG10-010,FOODLINK Demo Recipient Karimnagar 10,CHILD_CARE_INSTITUTION,"Demo Service Area, Karimnagar, Telangana",Karimnagar,Telangana,503437,18.399022,79.231473,116,48,pulao|bread|biryani,08:00-21:00,False,SYNTHETIC_DEMO
REC-TG10-011,FOODLINK Demo Recipient Karimnagar 11,SHELTER,"Demo Service Area, Karimnagar, Telangana",Karimnagar,Telangana,508882,18.40649,79.009473,247,189,rice|pulao|cooked_meal,08:00-21:00,False,SYNTHETIC_DEMO
REC-TG10-012,FOODLINK Demo Recipient Karimnagar 12,COMMUNITY_KITCHEN,"Demo Service Area, Karimnagar, Telangana",Karimnagar,Telangana,501991,18.4366,79.186875,63,56,vegetables|fruits|rice,08:00-21:00,False,SYNTHETIC_DEMO
REC-TG10-013,FOODLINK Demo Recipient Karimnagar 13,FOOD_BANK,"Demo Service Area, Karimnagar, Telangana",Karimnagar,Telangana,504012,18.471392,79.102851,86,16,roti|vegetables|dal,08:00-21:00,True,SYNTHETIC_DEMO
REC-TG10-014,FOODLINK Demo Recipient Karimnagar 14,NGO_MEAL_CENTER,"Demo Service Area, Karimnagar, Telangana",Karimnagar,Telangana,503260,18.442493,79.143515,295,152,vegetables|fruits|sandwich,08:00-21:00,False,SYNTHETIC_DEMO
REC-TG10-015,FOODLINK Demo Recipient Karimnagar 15,CHILD_CARE_INSTITUTION,"Demo Service Area, Karimnagar, Telangana",Karimnagar,Telangana,501931,18.508435,79.186264,88,12,fruits|vegetables|bakery,08:00-21:00,False,SYNTHETIC_DEMO
REC-TG10-016,FOODLINK Demo Recipient Karimnagar 16,SHELTER,"Demo Service Area, Karimnagar, Telangana",Karimnagar,Telangana,508005,18.420053,79.047454,146,96,bakery|dal|sandwich,08:00-21:00,False,SYNTHETIC_DEMO
REC-TG10-017,FOODLINK Demo Recipient Karimnagar 17,COMMUNITY_KITCHEN,"Demo Service Area, Karimnagar, Telangana",Karimnagar,Telangana,505678,18.402739,79.142389,292,109,bakery|vegetables|bread,08:00-21:00,False,SYNTHETIC_DEMO
REC-TG10-018,FOODLINK Demo Recipient Karimnagar 18,FOOD_BANK,"Demo Service Area, Karimnagar, Telangana",Karimnagar,Telangana,505320,18.4169,79.17377,132,21,roti|bakery|dal,08:00-21:00,True,SYNTHETIC_DEMO
REC-TG10-019,FOODLINK Demo Recipient Karimnagar 19,NGO_MEAL_CENTER,"Demo Service Area, Karimnagar, Telangana",Karimnagar,Telangana,507554,18.433403,79.091177,235,229,sandwich|rice|dal,08:00-21:00,True,SYNTHETIC_DEMO
REC-TG10-020,FOODLINK Demo Recipient Karimnagar 20,CHILD_CARE_INSTITUTION,"Demo Service Area, Karimnagar, Telangana",Karimnagar,Telangana,506565,18.421727,79.145587,44,43,pulao|fruits|dal,08:00-21:00,False,SYNTHETIC_DEMO
REC-TG11-001,FOODLINK Demo Recipient Khammam 01,SHELTER,"Demo Service Area, Khammam, Telangana",Khammam,Telangana,506803,17.263666,80.141589,283,101,rice|roti|sandwich,08:00-21:00,False,SYNTHETIC_DEMO
REC-TG11-002,FOODLINK Demo Recipient Khammam 02,COMMUNITY_KITCHEN,"Demo Service Area, Khammam, Telangana",Khammam,Telangana,504521,17.25857,80.091712,156,10,packaged_food|pulao|dal,08:00-21:00,True,SYNTHETIC_DEMO
REC-TG11-003,FOODLINK Demo Recipient Khammam 03,FOOD_BANK,"Demo Service Area, Khammam, Telangana",Khammam,Telangana,502703,17.227543,80.133644,45,15,fruits|biryani|bakery,08:00-21:00,False,SYNTHETIC_DEMO
REC-TG11-004,FOODLINK Demo Recipient Khammam 04,NGO_MEAL_CENTER,"Demo Service Area, Khammam, Telangana",Khammam,Telangana,507917,17.195214,80.107959,291,251,fruits|dal|roti,08:00-21:00,False,SYNTHETIC_DEMO
REC-TG11-005,FOODLINK Demo Recipient Khammam 05,CHILD_CARE_INSTITUTION,"Demo Service Area, Khammam, Telangana",Khammam,Telangana,508108,17.281223,80.1401,135,90,packaged_food|dal|sandwich,08:00-21:00,True,SYNTHETIC_DEMO
REC-TG11-006,FOODLINK Demo Recipient Khammam 06,SHELTER,"Demo Service Area, Khammam, Telangana",Khammam,Telangana,501277,17.1942,80.187606,130,60,cooked_meal|dal|biryani,08:00-21:00,False,SYNTHETIC_DEMO
REC-TG11-007,FOODLINK Demo Recipient Khammam 07,COMMUNITY_KITCHEN,"Demo Service Area, Khammam, Telangana",Khammam,Telangana,508742,17.238168,80.168322,227,120,packaged_food|bakery|roti,08:00-21:00,True,SYNTHETIC_DEMO
REC-TG11-008,FOODLINK Demo Recipient Khammam 08,FOOD_BANK,"Demo Service Area, Khammam, Telangana",Khammam,Telangana,501135,17.17697,80.161695,211,86,vegetables|pulao|roti,08:00-21:00,False,SYNTHETIC_DEMO
REC-TG11-009,FOODLINK Demo Recipient Khammam 09,NGO_MEAL_CENTER,"Demo Service Area, Khammam, Telangana",Khammam,Telangana,501396,17.280691,80.066891,151,36,vegetables|pulao|cooked_meal,08:00-21:00,False,SYNTHETIC_DEMO
REC-TG11-010,FOODLINK Demo Recipient Khammam 10,CHILD_CARE_INSTITUTION,"Demo Service Area, Khammam, Telangana",Khammam,Telangana,504148,17.268385,80.181005,249,243,pulao|dal|roti,08:00-21:00,False,SYNTHETIC_DEMO
REC-TG11-011,FOODLINK Demo Recipient Khammam 11,SHELTER,"Demo Service Area, Khammam, Telangana",Khammam,Telangana,504310,17.267055,80.127698,66,31,pulao|dal|vegetables,08:00-21:00,False,SYNTHETIC_DEMO
REC-TG11-012,FOODLINK Demo Recipient Khammam 12,COMMUNITY_KITCHEN,"Demo Service Area, Khammam, Telangana",Khammam,Telangana,505450,17.242388,80.14002,221,73,bread|roti|dal,08:00-21:00,False,SYNTHETIC_DEMO
REC-TG11-013,FOODLINK Demo Recipient Khammam 13,FOOD_BANK,"Demo Service Area, Khammam, Telangana",Khammam,Telangana,500598,17.333383,80.172378,106,80,vegetables|cooked_meal|roti,08:00-21:00,True,SYNTHETIC_DEMO
REC-TG11-014,FOODLINK Demo Recipient Khammam 14,NGO_MEAL_CENTER,"Demo Service Area, Khammam, Telangana",Khammam,Telangana,507927,17.288534,80.073406,137,66,dal|bread|biryani,08:00-21:00,False,SYNTHETIC_DEMO
REC-TG11-015,FOODLINK Demo Recipient Khammam 15,CHILD_CARE_INSTITUTION,"Demo Service Area, Khammam, Telangana",Khammam,Telangana,509642,17.307088,80.207454,83,19,dal|vegetables|sandwich,08:00-21:00,True,SYNTHETIC_DEMO
REC-TG11-016,FOODLINK Demo Recipient Khammam 16,SHELTER,"Demo Service Area, Khammam, Telangana",Khammam,Telangana,503619,17.246207,80.167804,258,244,bread|bakery|fruits,08:00-21:00,True,SYNTHETIC_DEMO
REC-TG11-017,FOODLINK Demo Recipient Khammam 17,COMMUNITY_KITCHEN,"Demo Service Area, Khammam, Telangana",Khammam,Telangana,509717,17.302472,80.022383,88,46,dal|pulao|bakery,08:00-21:00,False,SYNTHETIC_DEMO
REC-TG11-018,FOODLINK Demo Recipient Khammam 18,FOOD_BANK,"Demo Service Area, Khammam, Telangana",Khammam,Telangana,501140,17.198404,80.166538,136,21,sandwich|bakery|biryani,08:00-21:00,True,SYNTHETIC_DEMO
REC-TG11-019,FOODLINK Demo Recipient Khammam 19,NGO_MEAL_CENTER,"Demo Service Area, Khammam, Telangana",Khammam,Telangana,500351,17.2681,80.067195,53,22,dal|biryani|roti,08:00-21:00,True,SYNTHETIC_DEMO
REC-TG11-020,FOODLINK Demo Recipient Khammam 20,CHILD_CARE_INSTITUTION,"Demo Service Area, Khammam, Telangana",Khammam,Telangana,508710,17.300514,80.136821,283,277,rice|pulao|bread,08:00-21:00,False,SYNTHETIC_DEMO
REC-TG12-001,FOODLINK Demo Recipient Kumuram Bheem 01,SHELTER,"Demo Service Area, Kumuram Bheem, Telangana",Kumuram Bheem,Telangana,505685,19.373116,79.318429,70,50,fruits|biryani|packaged_food,08:00-21:00,True,SYNTHETIC_DEMO
REC-TG12-002,FOODLINK Demo Recipient Kumuram Bheem 02,COMMUNITY_KITCHEN,"Demo Service Area, Kumuram Bheem, Telangana",Kumuram Bheem,Telangana,506518,19.418342,79.350656,197,172,cooked_meal|vegetables|rice,08:00-21:00,False,SYNTHETIC_DEMO
REC-TG12-003,FOODLINK Demo Recipient Kumuram Bheem 03,FOOD_BANK,"Demo Service Area, Kumuram Bheem, Telangana",Kumuram Bheem,Telangana,509455,19.362861,79.279325,198,33,biryani|vegetables|bakery,08:00-21:00,False,SYNTHETIC_DEMO
REC-TG12-004,FOODLINK Demo Recipient Kumuram Bheem 04,NGO_MEAL_CENTER,"Demo Service Area, Kumuram Bheem, Telangana",Kumuram Bheem,Telangana,501741,19.398699,79.330552,207,143,pulao|roti|sandwich,08:00-21:00,True,SYNTHETIC_DEMO
REC-TG12-005,FOODLINK Demo Recipient Kumuram Bheem 05,CHILD_CARE_INSTITUTION,"Demo Service Area, Kumuram Bheem, Telangana",Kumuram Bheem,Telangana,501878,19.322531,79.215504,236,130,cooked_meal|vegetables|fruits,08:00-21:00,False,SYNTHETIC_DEMO
REC-TG12-006,FOODLINK Demo Recipient Kumuram Bheem 06,SHELTER,"Demo Service Area, Kumuram Bheem, Telangana",Kumuram Bheem,Telangana,500989,19.412038,79.259192,299,151,packaged_food|dal|cooked_meal,08:00-21:00,False,SYNTHETIC_DEMO
REC-TG12-007,FOODLINK Demo Recipient Kumuram Bheem 07,COMMUNITY_KITCHEN,"Demo Service Area, Kumuram Bheem, Telangana",Kumuram Bheem,Telangana,506375,19.374652,79.39376,225,13,vegetables|roti|bakery,08:00-21:00,True,SYNTHETIC_DEMO
REC-TG12-008,FOODLINK Demo Recipient Kumuram Bheem 08,FOOD_BANK,"Demo Service Area, Kumuram Bheem, Telangana",Kumuram Bheem,Telangana,508010,19.356865,79.271314,46,40,vegetables|dal|bakery,08:00-21:00,True,SYNTHETIC_DEMO
REC-TG12-009,FOODLINK Demo Recipient Kumuram Bheem 09,NGO_MEAL_CENTER,"Demo Service Area, Kumuram Bheem, Telangana",Kumuram Bheem,Telangana,506310,19.441939,79.305179,238,188,roti|fruits|pulao,08:00-21:00,True,SYNTHETIC_DEMO
REC-TG12-010,FOODLINK Demo Recipient Kumuram Bheem 10,CHILD_CARE_INSTITUTION,"Demo Service Area, Kumuram Bheem, Telangana",Kumuram Bheem,Telangana,506290,19.363412,79.231212,145,120,fruits|vegetables|bakery,08:00-21:00,True,SYNTHETIC_DEMO
REC-TG12-011,FOODLINK Demo Recipient Kumuram Bheem 11,SHELTER,"Demo Service Area, Kumuram Bheem, Telangana",Kumuram Bheem,Telangana,501311,19.412227,79.288496,124,23,biryani|sandwich|roti,08:00-21:00,True,SYNTHETIC_DEMO
REC-TG12-012,FOODLINK Demo Recipient Kumuram Bheem 12,COMMUNITY_KITCHEN,"Demo Service Area, Kumuram Bheem, Telangana",Kumuram Bheem,Telangana,500997,19.34402,79.365863,60,58,pulao|bread|roti,08:00-21:00,True,SYNTHETIC_DEMO
REC-TG12-013,FOODLINK Demo Recipient Kumuram Bheem 13,FOOD_BANK,"Demo Service Area, Kumuram Bheem, Telangana",Kumuram Bheem,Telangana,507604,19.396592,79.252673,227,173,packaged_food|bread|vegetables,08:00-21:00,False,SYNTHETIC_DEMO
REC-TG12-014,FOODLINK Demo Recipient Kumuram Bheem 14,NGO_MEAL_CENTER,"Demo Service Area, Kumuram Bheem, Telangana",Kumuram Bheem,Telangana,502483,19.360579,79.261086,104,39,sandwich|rice|packaged_food,08:00-21:00,False,SYNTHETIC_DEMO
REC-TG12-015,FOODLINK Demo Recipient Kumuram Bheem 15,CHILD_CARE_INSTITUTION,"Demo Service Area, Kumuram Bheem, Telangana",Kumuram Bheem,Telangana,507821,19.309846,79.321139,95,27,roti|dal|bakery,08:00-21:00,False,SYNTHETIC_DEMO
REC-TG12-016,FOODLINK Demo Recipient Kumuram Bheem 16,SHELTER,"Demo Service Area, Kumuram Bheem, Telangana",Kumuram Bheem,Telangana,501816,19.352072,79.311542,127,30,biryani|sandwich|roti,08:00-21:00,False,SYNTHETIC_DEMO
REC-TG12-017,FOODLINK Demo Recipient Kumuram Bheem 17,COMMUNITY_KITCHEN,"Demo Service Area, Kumuram Bheem, Telangana",Kumuram Bheem,Telangana,502727,19.364656,79.313766,79,59,dal|bread|bakery,08:00-21:00,True,SYNTHETIC_DEMO
REC-TG12-018,FOODLINK Demo Recipient Kumuram Bheem 18,FOOD_BANK,"Demo Service Area, Kumuram Bheem, Telangana",Kumuram Bheem,Telangana,500590,19.420641,79.274917,236,221,dal|cooked_meal|sandwich,08:00-21:00,True,SYNTHETIC_DEMO
REC-TG12-019,FOODLINK Demo Recipient Kumuram Bheem 19,NGO_MEAL_CENTER,"Demo Service Area, Kumuram Bheem, Telangana",Kumuram Bheem,Telangana,508896,19.353123,79.269999,149,60,packaged_food|bakery|cooked_meal,08:00-21:00,True,SYNTHETIC_DEMO
REC-TG12-020,FOODLINK Demo Recipient Kumuram Bheem 20,CHILD_CARE_INSTITUTION,"Demo Service Area, Kumuram Bheem, Telangana",Kumuram Bheem,Telangana,504686,19.386591,79.303023,159,84,sandwich|fruits|pulao,08:00-21:00,False,SYNTHETIC_DEMO
REC-TG13-001,FOODLINK Demo Recipient Mahabubabad 01,SHELTER,"Demo Service Area, Mahabubabad, Telangana",Mahabubabad,Telangana,502251,17.630715,79.926069,223,174,roti|sandwich|dal,08:00-21:00,False,SYNTHETIC_DEMO
REC-TG13-002,FOODLINK Demo Recipient Mahabubabad 02,COMMUNITY_KITCHEN,"Demo Service Area, Mahabubabad, Telangana",Mahabubabad,Telangana,501281,17.592277,80.063373,115,52,fruits|vegetables|roti,08:00-21:00,True,SYNTHETIC_DEMO
REC-TG13-003,FOODLINK Demo Recipient Mahabubabad 03,FOOD_BANK,"Demo Service Area, Mahabubabad, Telangana",Mahabubabad,Telangana,502962,17.614798,79.931482,196,149,fruits|cooked_meal|pulao,08:00-21:00,False,SYNTHETIC_DEMO
REC-TG13-004,FOODLINK Demo Recipient Mahabubabad 04,NGO_MEAL_CENTER,"Demo Service Area, Mahabubabad, Telangana",Mahabubabad,Telangana,500031,17.564213,80.036719,256,178,pulao|packaged_food|biryani,08:00-21:00,True,SYNTHETIC_DEMO
REC-TG13-005,FOODLINK Demo Recipient Mahabubabad 05,CHILD_CARE_INSTITUTION,"Demo Service Area, Mahabubabad, Telangana",Mahabubabad,Telangana,501400,17.560254,79.950393,238,106,biryani|bread|roti,08:00-21:00,True,SYNTHETIC_DEMO
REC-TG13-006,FOODLINK Demo Recipient Mahabubabad 06,SHELTER,"Demo Service Area, Mahabubabad, Telangana",Mahabubabad,Telangana,500053,17.525581,80.003131,101,49,sandwich|packaged_food|pulao,08:00-21:00,False,SYNTHETIC_DEMO
REC-TG13-007,FOODLINK Demo Recipient Mahabubabad 07,COMMUNITY_KITCHEN,"Demo Service Area, Mahabubabad, Telangana",Mahabubabad,Telangana,508350,17.540192,80.003324,229,135,bread|vegetables|pulao,08:00-21:00,False,SYNTHETIC_DEMO
REC-TG13-008,FOODLINK Demo Recipient Mahabubabad 08,FOOD_BANK,"Demo Service Area, Mahabubabad, Telangana",Mahabubabad,Telangana,508974,17.621759,79.970362,86,49,bakery|rice|pulao,08:00-21:00,False,SYNTHETIC_DEMO
REC-TG13-009,FOODLINK Demo Recipient Mahabubabad 09,NGO_MEAL_CENTER,"Demo Service Area, Mahabubabad, Telangana",Mahabubabad,Telangana,501888,17.552675,79.981501,94,46,bakery|roti|packaged_food,08:00-21:00,True,SYNTHETIC_DEMO
REC-TG13-010,FOODLINK Demo Recipient Mahabubabad 10,CHILD_CARE_INSTITUTION,"Demo Service Area, Mahabubabad, Telangana",Mahabubabad,Telangana,501342,17.617364,80.016438,217,214,cooked_meal|roti|biryani,08:00-21:00,True,SYNTHETIC_DEMO
REC-TG13-011,FOODLINK Demo Recipient Mahabubabad 11,SHELTER,"Demo Service Area, Mahabubabad, Telangana",Mahabubabad,Telangana,507544,17.647971,80.058904,53,15,pulao|biryani|rice,08:00-21:00,False,SYNTHETIC_DEMO
REC-TG13-012,FOODLINK Demo Recipient Mahabubabad 12,COMMUNITY_KITCHEN,"Demo Service Area, Mahabubabad, Telangana",Mahabubabad,Telangana,501922,17.587204,79.984729,108,88,biryani|sandwich|fruits,08:00-21:00,False,SYNTHETIC_DEMO
REC-TG13-013,FOODLINK Demo Recipient Mahabubabad 13,FOOD_BANK,"Demo Service Area, Mahabubabad, Telangana",Mahabubabad,Telangana,501350,17.566487,80.025946,104,98,roti|biryani|bakery,08:00-21:00,False,SYNTHETIC_DEMO
REC-TG13-014,FOODLINK Demo Recipient Mahabubabad 14,NGO_MEAL_CENTER,"Demo Service Area, Mahabubabad, Telangana",Mahabubabad,Telangana,500850,17.599095,80.036283,39,14,rice|biryani|bakery,08:00-21:00,True,SYNTHETIC_DEMO
REC-TG13-015,FOODLINK Demo Recipient Mahabubabad 15,CHILD_CARE_INSTITUTION,"Demo Service Area, Mahabubabad, Telangana",Mahabubabad,Telangana,508482,17.66857,80.018878,97,85,bread|vegetables|packaged_food,08:00-21:00,True,SYNTHETIC_DEMO
REC-TG13-016,FOODLINK Demo Recipient Mahabubabad 16,SHELTER,"Demo Service Area, Mahabubabad, Telangana",Mahabubabad,Telangana,506024,17.609738,80.050803,235,38,pulao|rice|packaged_food,08:00-21:00,True,SYNTHETIC_DEMO
REC-TG13-017,FOODLINK Demo Recipient Mahabubabad 17,COMMUNITY_KITCHEN,"Demo Service Area, Mahabubabad, Telangana",Mahabubabad,Telangana,505274,17.5308,80.024637,80,21,bread|sandwich|fruits,08:00-21:00,True,SYNTHETIC_DEMO
REC-TG13-018,FOODLINK Demo Recipient Mahabubabad 18,FOOD_BANK,"Demo Service Area, Mahabubabad, Telangana",Mahabubabad,Telangana,503086,17.591637,80.054629,94,52,packaged_food|bakery|dal,08:00-21:00,True,SYNTHETIC_DEMO
REC-TG13-019,FOODLINK Demo Recipient Mahabubabad 19,NGO_MEAL_CENTER,"Demo Service Area, Mahabubabad, Telangana",Mahabubabad,Telangana,502467,17.621133,79.984647,246,69,vegetables|biryani|packaged_food,08:00-21:00,False,SYNTHETIC_DEMO
REC-TG13-020,FOODLINK Demo Recipient Mahabubabad 20,CHILD_CARE_INSTITUTION,"Demo Service Area, Mahabubabad, Telangana",Mahabubabad,Telangana,500079,17.602788,80.109413,290,212,bread|bakery|roti,08:00-21:00,False,SYNTHETIC_DEMO
REC-TG14-001,FOODLINK Demo Recipient Mahabubnagar 01,SHELTER,"Demo Service Area, Mahabubnagar, Telangana",Mahabubnagar,Telangana,509865,16.71747,77.995079,49,34,packaged_food|bread|rice,08:00-21:00,True,SYNTHETIC_DEMO
REC-TG14-002,FOODLINK Demo Recipient Mahabubnagar 02,COMMUNITY_KITCHEN,"Demo Service Area, Mahabubnagar, Telangana",Mahabubnagar,Telangana,506100,16.754881,78.005251,133,131,pulao|biryani|packaged_food,08:00-21:00,True,SYNTHETIC_DEMO
REC-TG14-003,FOODLINK Demo Recipient Mahabubnagar 03,FOOD_BANK,"Demo Service Area, Mahabubnagar, Telangana",Mahabubnagar,Telangana,506584,16.716129,77.972373,109,55,packaged_food|roti|biryani,08:00-21:00,True,SYNTHETIC_DEMO
REC-TG14-004,FOODLINK Demo Recipient Mahabubnagar 04,NGO_MEAL_CENTER,"Demo Service Area, Mahabubnagar, Telangana",Mahabubnagar,Telangana,504743,16.77761,77.960776,164,18,roti|sandwich|cooked_meal,08:00-21:00,True,SYNTHETIC_DEMO
REC-TG14-005,FOODLINK Demo Recipient Mahabubnagar 05,CHILD_CARE_INSTITUTION,"Demo Service Area, Mahabubnagar, Telangana",Mahabubnagar,Telangana,500508,16.678036,77.922812,265,67,packaged_food|roti|sandwich,08:00-21:00,True,SYNTHETIC_DEMO
REC-TG14-006,FOODLINK Demo Recipient Mahabubnagar 06,SHELTER,"Demo Service Area, Mahabubnagar, Telangana",Mahabubnagar,Telangana,504094,16.855657,77.906803,173,137,cooked_meal|bakery|pulao,08:00-21:00,True,SYNTHETIC_DEMO
REC-TG14-007,FOODLINK Demo Recipient Mahabubnagar 07,COMMUNITY_KITCHEN,"Demo Service Area, Mahabubnagar, Telangana",Mahabubnagar,Telangana,506354,16.644158,77.995657,59,15,vegetables|rice|bakery,08:00-21:00,False,SYNTHETIC_DEMO
REC-TG14-008,FOODLINK Demo Recipient Mahabubnagar 08,FOOD_BANK,"Demo Service Area, Mahabubnagar, Telangana",Mahabubnagar,Telangana,500173,16.722657,77.882592,84,76,fruits|rice|dal,08:00-21:00,True,SYNTHETIC_DEMO
REC-TG14-009,FOODLINK Demo Recipient Mahabubnagar 09,NGO_MEAL_CENTER,"Demo Service Area, Mahabubnagar, Telangana",Mahabubnagar,Telangana,509028,16.722534,77.961221,75,64,bread|biryani|rice,08:00-21:00,False,SYNTHETIC_DEMO
REC-TG14-010,FOODLINK Demo Recipient Mahabubnagar 10,CHILD_CARE_INSTITUTION,"Demo Service Area, Mahabubnagar, Telangana",Mahabubnagar,Telangana,503803,16.835333,78.035731,62,13,cooked_meal|rice|fruits,08:00-21:00,True,SYNTHETIC_DEMO
REC-TG14-011,FOODLINK Demo Recipient Mahabubnagar 11,SHELTER,"Demo Service Area, Mahabubnagar, Telangana",Mahabubnagar,Telangana,507743,16.750489,77.980911,53,23,fruits|bakery|pulao,08:00-21:00,False,SYNTHETIC_DEMO
REC-TG14-012,FOODLINK Demo Recipient Mahabubnagar 12,COMMUNITY_KITCHEN,"Demo Service Area, Mahabubnagar, Telangana",Mahabubnagar,Telangana,507045,16.687225,77.97647,151,59,packaged_food|dal|bakery,08:00-21:00,False,SYNTHETIC_DEMO
REC-TG14-013,FOODLINK Demo Recipient Mahabubnagar 13,FOOD_BANK,"Demo Service Area, Mahabubnagar, Telangana",Mahabubnagar,Telangana,502463,16.771596,77.925969,234,224,sandwich|fruits|roti,08:00-21:00,True,SYNTHETIC_DEMO
REC-TG14-014,FOODLINK Demo Recipient Mahabubnagar 14,NGO_MEAL_CENTER,"Demo Service Area, Mahabubnagar, Telangana",Mahabubnagar,Telangana,502065,16.788979,77.950147,237,80,rice|roti|fruits,08:00-21:00,True,SYNTHETIC_DEMO
REC-TG14-015,FOODLINK Demo Recipient Mahabubnagar 15,CHILD_CARE_INSTITUTION,"Demo Service Area, Mahabubnagar, Telangana",Mahabubnagar,Telangana,502898,16.777096,78.061947,97,49,rice|fruits|sandwich,08:00-21:00,False,SYNTHETIC_DEMO
REC-TG14-016,FOODLINK Demo Recipient Mahabubnagar 16,SHELTER,"Demo Service Area, Mahabubnagar, Telangana",Mahabubnagar,Telangana,506173,16.720446,77.937428,217,150,cooked_meal|sandwich|bakery,08:00-21:00,False,SYNTHETIC_DEMO
REC-TG14-017,FOODLINK Demo Recipient Mahabubnagar 17,COMMUNITY_KITCHEN,"Demo Service Area, Mahabubnagar, Telangana",Mahabubnagar,Telangana,502223,16.707501,78.111431,299,233,biryani|pulao|dal,08:00-21:00,False,SYNTHETIC_DEMO
REC-TG14-018,FOODLINK Demo Recipient Mahabubnagar 18,FOOD_BANK,"Demo Service Area, Mahabubnagar, Telangana",Mahabubnagar,Telangana,509608,16.825574,78.035378,236,117,sandwich|pulao|roti,08:00-21:00,True,SYNTHETIC_DEMO
REC-TG14-019,FOODLINK Demo Recipient Mahabubnagar 19,NGO_MEAL_CENTER,"Demo Service Area, Mahabubnagar, Telangana",Mahabubnagar,Telangana,506019,16.814606,78.021414,203,89,vegetables|pulao|sandwich,08:00-21:00,False,SYNTHETIC_DEMO
REC-TG14-020,FOODLINK Demo Recipient Mahabubnagar 20,CHILD_CARE_INSTITUTION,"Demo Service Area, Mahabubnagar, Telangana",Mahabubnagar,Telangana,505573,16.798713,77.913359,163,82,rice|pulao|vegetables,08:00-21:00,False,SYNTHETIC_DEMO
REC-TG15-001,FOODLINK Demo Recipient Mancherial 01,SHELTER,"Demo Service Area, Mancherial, Telangana",Mancherial,Telangana,500005,18.887923,79.445566,189,106,cooked_meal|roti|sandwich,08:00-21:00,True,SYNTHETIC_DEMO
REC-TG15-002,FOODLINK Demo Recipient Mancherial 02,COMMUNITY_KITCHEN,"Demo Service Area, Mancherial, Telangana",Mancherial,Telangana,501055,18.855664,79.457313,71,68,bakery|rice|bread,08:00-21:00,False,SYNTHETIC_DEMO
REC-TG15-003,FOODLINK Demo Recipient Mancherial 03,FOOD_BANK,"Demo Service Area, Mancherial, Telangana",Mancherial,Telangana,507595,18.789159,79.480567,108,103,vegetables|dal|rice,08:00-21:00,False,SYNTHETIC_DEMO
REC-TG15-004,FOODLINK Demo Recipient Mancherial 04,NGO_MEAL_CENTER,"Demo Service Area, Mancherial, Telangana",Mancherial,Telangana,508069,18.887921,79.45878,300,75,fruits|sandwich|biryani,08:00-21:00,True,SYNTHETIC_DEMO
REC-TG15-005,FOODLINK Demo Recipient Mancherial 05,CHILD_CARE_INSTITUTION,"Demo Service Area, Mancherial, Telangana",Mancherial,Telangana,509901,18.897379,79.447363,32,26,bakery|pulao|packaged_food,08:00-21:00,False,SYNTHETIC_DEMO
REC-TG15-006,FOODLINK Demo Recipient Mancherial 06,SHELTER,"Demo Service Area, Mancherial, Telangana",Mancherial,Telangana,506680,18.905921,79.497824,173,146,biryani|roti|vegetables,08:00-21:00,True,SYNTHETIC_DEMO
REC-TG15-007,FOODLINK Demo Recipient Mancherial 07,COMMUNITY_KITCHEN,"Demo Service Area, Mancherial, Telangana",Mancherial,Telangana,507983,18.878183,79.40882,187,123,fruits|cooked_meal|vegetables,08:00-21:00,True,SYNTHETIC_DEMO
REC-TG15-008,FOODLINK Demo Recipient Mancherial 08,FOOD_BANK,"Demo Service Area, Mancherial, Telangana",Mancherial,Telangana,504125,18.942123,79.418569,202,88,bread|fruits|bakery,08:00-21:00,False,SYNTHETIC_DEMO
REC-TG15-009,FOODLINK Demo Recipient Mancherial 09,NGO_MEAL_CENTER,"Demo Service Area, Mancherial, Telangana",Mancherial,Telangana,508504,18.816637,79.367402,174,27,roti|fruits|sandwich,08:00-21:00,True,SYNTHETIC_DEMO
REC-TG15-010,FOODLINK Demo Recipient Mancherial 10,CHILD_CARE_INSTITUTION,"Demo Service Area, Mancherial, Telangana",Mancherial,Telangana,501119,18.886008,79.44563,115,28,pulao|cooked_meal|fruits,08:00-21:00,True,SYNTHETIC_DEMO
REC-TG15-011,FOODLINK Demo Recipient Mancherial 11,SHELTER,"Demo Service Area, Mancherial, Telangana",Mancherial,Telangana,500217,18.922568,79.476802,248,134,biryani|fruits|vegetables,08:00-21:00,False,SYNTHETIC_DEMO
REC-TG15-012,FOODLINK Demo Recipient Mancherial 12,COMMUNITY_KITCHEN,"Demo Service Area, Mancherial, Telangana",Mancherial,Telangana,504518,18.888645,79.466175,49,42,rice|vegetables|sandwich,08:00-21:00,True,SYNTHETIC_DEMO
REC-TG15-013,FOODLINK Demo Recipient Mancherial 13,FOOD_BANK,"Demo Service Area, Mancherial, Telangana",Mancherial,Telangana,501500,18.914837,79.433819,214,38,sandwich|biryani|pulao,08:00-21:00,True,SYNTHETIC_DEMO
REC-TG15-014,FOODLINK Demo Recipient Mancherial 14,NGO_MEAL_CENTER,"Demo Service Area, Mancherial, Telangana",Mancherial,Telangana,505594,18.957001,79.52324,163,56,biryani|packaged_food|sandwich,08:00-21:00,False,SYNTHETIC_DEMO
REC-TG15-015,FOODLINK Demo Recipient Mancherial 15,CHILD_CARE_INSTITUTION,"Demo Service Area, Mancherial, Telangana",Mancherial,Telangana,507113,18.880165,79.368745,160,92,fruits|sandwich|biryani,08:00-21:00,True,SYNTHETIC_DEMO
REC-TG15-016,FOODLINK Demo Recipient Mancherial 16,SHELTER,"Demo Service Area, Mancherial, Telangana",Mancherial,Telangana,502215,18.921703,79.423857,249,180,roti|packaged_food|fruits,08:00-21:00,False,SYNTHETIC_DEMO
REC-TG15-017,FOODLINK Demo Recipient Mancherial 17,COMMUNITY_KITCHEN,"Demo Service Area, Mancherial, Telangana",Mancherial,Telangana,502235,18.805804,79.479486,264,31,rice|dal|roti,08:00-21:00,False,SYNTHETIC_DEMO
REC-TG15-018,FOODLINK Demo Recipient Mancherial 18,FOOD_BANK,"Demo Service Area, Mancherial, Telangana",Mancherial,Telangana,506085,18.869749,79.48696,84,79,fruits|roti|vegetables,08:00-21:00,True,SYNTHETIC_DEMO
REC-TG15-019,FOODLINK Demo Recipient Mancherial 19,NGO_MEAL_CENTER,"Demo Service Area, Mancherial, Telangana",Mancherial,Telangana,509701,18.895196,79.42398,223,50,cooked_meal|packaged_food|vegetables,08:00-21:00,False,SYNTHETIC_DEMO
REC-TG15-020,FOODLINK Demo Recipient Mancherial 20,CHILD_CARE_INSTITUTION,"Demo Service Area, Mancherial, Telangana",Mancherial,Telangana,509381,18.847878,79.505241,196,124,vegetables|rice|sandwich,08:00-21:00,False,SYNTHETIC_DEMO
REC-TG16-001,FOODLINK Demo Recipient Medak 01,SHELTER,"Demo Service Area, Medak, Telangana",Medak,Telangana,507297,17.958532,78.310805,220,162,vegetables|roti|bread,08:00-21:00,False,SYNTHETIC_DEMO
REC-TG16-002,FOODLINK Demo Recipient Medak 02,COMMUNITY_KITCHEN,"Demo Service Area, Medak, Telangana",Medak,Telangana,500233,18.077959,78.182638,228,90,sandwich|vegetables|pulao,08:00-21:00,True,SYNTHETIC_DEMO
REC-TG16-003,FOODLINK Demo Recipient Medak 03,FOOD_BANK,"Demo Service Area, Medak, Telangana",Medak,Telangana,502152,18.11719,78.258502,56,19,packaged_food|biryani|roti,08:00-21:00,False,SYNTHETIC_DEMO
REC-TG16-004,FOODLINK Demo Recipient Medak 04,NGO_MEAL_CENTER,"Demo Service Area, Medak, Telangana",Medak,Telangana,501240,17.989744,78.161884,281,80,pulao|rice|vegetables,08:00-21:00,True,SYNTHETIC_DEMO
REC-TG16-005,FOODLINK Demo Recipient Medak 05,CHILD_CARE_INSTITUTION,"Demo Service Area, Medak, Telangana",Medak,Telangana,503397,18.005795,78.350043,262,200,bread|sandwich|rice,08:00-21:00,False,SYNTHETIC_DEMO
REC-TG16-006,FOODLINK Demo Recipient Medak 06,SHELTER,"Demo Service Area, Medak, Telangana",Medak,Telangana,507311,17.998896,78.300863,259,140,bread|packaged_food|roti,08:00-21:00,False,SYNTHETIC_DEMO
REC-TG16-007,FOODLINK Demo Recipient Medak 07,COMMUNITY_KITCHEN,"Demo Service Area, Medak, Telangana",Medak,Telangana,508850,18.016178,78.24781,125,41,biryani|packaged_food|rice,08:00-21:00,True,SYNTHETIC_DEMO
REC-TG16-008,FOODLINK Demo Recipient Medak 08,FOOD_BANK,"Demo Service Area, Medak, Telangana",Medak,Telangana,504546,18.025629,78.295844,107,23,roti|bread|vegetables,08:00-21:00,False,SYNTHETIC_DEMO
REC-TG16-009,FOODLINK Demo Recipient Medak 09,NGO_MEAL_CENTER,"Demo Service Area, Medak, Telangana",Medak,Telangana,506143,17.984684,78.294644,215,166,cooked_meal|rice|bakery,08:00-21:00,False,SYNTHETIC_DEMO
REC-TG16-010,FOODLINK Demo Recipient Medak 10,CHILD_CARE_INSTITUTION,"Demo Service Area, Medak, Telangana",Medak,Telangana,503236,18.01978,78.261397,153,66,biryani|packaged_food|vegetables,08:00-21:00,False,SYNTHETIC_DEMO
REC-TG16-011,FOODLINK Demo Recipient Medak 11,SHELTER,"Demo Service Area, Medak, Telangana",Medak,Telangana,505150,18.010475,78.223717,201,151,rice|roti|dal,08:00-21:00,False,SYNTHETIC_DEMO
REC-TG16-012,FOODLINK Demo Recipient Medak 12,COMMUNITY_KITCHEN,"Demo Service Area, Medak, Telangana",Medak,Telangana,509798,18.048954,78.27764,36,26,fruits|sandwich|packaged_food,08:00-21:00,True,SYNTHETIC_DEMO
REC-TG16-013,FOODLINK Demo Recipient Medak 13,FOOD_BANK,"Demo Service Area, Medak, Telangana",Medak,Telangana,509809,18.024662,78.230036,296,285,roti|vegetables|rice,08:00-21:00,False,SYNTHETIC_DEMO
REC-TG16-014,FOODLINK Demo Recipient Medak 14,NGO_MEAL_CENTER,"Demo Service Area, Medak, Telangana",Medak,Telangana,501900,17.995008,78.313495,297,14,cooked_meal|vegetables|bread,08:00-21:00,True,SYNTHETIC_DEMO
REC-TG16-015,FOODLINK Demo Recipient Medak 15,CHILD_CARE_INSTITUTION,"Demo Service Area, Medak, Telangana",Medak,Telangana,504748,18.044541,78.33156,108,107,packaged_food|fruits|biryani,08:00-21:00,True,SYNTHETIC_DEMO
REC-TG16-016,FOODLINK Demo Recipient Medak 16,SHELTER,"Demo Service Area, Medak, Telangana",Medak,Telangana,500083,18.045661,78.224451,144,135,dal|roti|biryani,08:00-21:00,True,SYNTHETIC_DEMO
REC-TG16-017,FOODLINK Demo Recipient Medak 17,COMMUNITY_KITCHEN,"Demo Service Area, Medak, Telangana",Medak,Telangana,504482,18.070432,78.142915,74,66,bread|roti|fruits,08:00-21:00,False,SYNTHETIC_DEMO
REC-TG16-018,FOODLINK Demo Recipient Medak 18,FOOD_BANK,"Demo Service Area, Medak, Telangana",Medak,Telangana,507067,18.027139,78.265119,80,31,biryani|vegetables|packaged_food,08:00-21:00,False,SYNTHETIC_DEMO
REC-TG16-019,FOODLINK Demo Recipient Medak 19,NGO_MEAL_CENTER,"Demo Service Area, Medak, Telangana",Medak,Telangana,506747,18.058257,78.301519,167,73,packaged_food|bread|roti,08:00-21:00,True,SYNTHETIC_DEMO
REC-TG16-020,FOODLINK Demo Recipient Medak 20,CHILD_CARE_INSTITUTION,"Demo Service Area, Medak, Telangana",Medak,Telangana,501010,18.07472,78.282407,127,110,cooked_meal|vegetables|dal,08:00-21:00,False,SYNTHETIC_DEMO
REC-TG17-001,FOODLINK Demo Recipient Medchal-Malkajgiri 01,SHELTER,"Demo Service Area, Medchal-Malkajgiri, Telangana",Medchal-Malkajgiri,Telangana,504945,17.682153,78.608585,182,127,rice|bread|sandwich,08:00-21:00,True,SYNTHETIC_DEMO
REC-TG17-002,FOODLINK Demo Recipient Medchal-Malkajgiri 02,COMMUNITY_KITCHEN,"Demo Service Area, Medchal-Malkajgiri, Telangana",Medchal-Malkajgiri,Telangana,502262,17.602878,78.43082,283,176,fruits|vegetables|roti,08:00-21:00,False,SYNTHETIC_DEMO
REC-TG17-003,FOODLINK Demo Recipient Medchal-Malkajgiri 03,FOOD_BANK,"Demo Service Area, Medchal-Malkajgiri, Telangana",Medchal-Malkajgiri,Telangana,505191,17.616094,78.472221,60,32,cooked_meal|bread|fruits,08:00-21:00,True,SYNTHETIC_DEMO
REC-TG17-004,FOODLINK Demo Recipient Medchal-Malkajgiri 04,NGO_MEAL_CENTER,"Demo Service Area, Medchal-Malkajgiri, Telangana",Medchal-Malkajgiri,Telangana,502587,17.566689,78.391001,101,13,roti|dal|bread,08:00-21:00,False,SYNTHETIC_DEMO
REC-TG17-005,FOODLINK Demo Recipient Medchal-Malkajgiri 05,CHILD_CARE_INSTITUTION,"Demo Service Area, Medchal-Malkajgiri, Telangana",Medchal-Malkajgiri,Telangana,501929,17.628449,78.482419,103,102,roti|pulao|bread,08:00-21:00,True,SYNTHETIC_DEMO
REC-TG17-006,FOODLINK Demo Recipient Medchal-Malkajgiri 06,SHELTER,"Demo Service Area, Medchal-Malkajgiri, Telangana",Medchal-Malkajgiri,Telangana,502259,17.63713,78.526008,36,15,bread|cooked_meal|roti,08:00-21:00,True,SYNTHETIC_DEMO
REC-TG17-007,FOODLINK Demo Recipient Medchal-Malkajgiri 07,COMMUNITY_KITCHEN,"Demo Service Area, Medchal-Malkajgiri, Telangana",Medchal-Malkajgiri,Telangana,503145,17.651052,78.48878,282,210,vegetables|roti|packaged_food,08:00-21:00,False,SYNTHETIC_DEMO
REC-TG17-008,FOODLINK Demo Recipient Medchal-Malkajgiri 08,FOOD_BANK,"Demo Service Area, Medchal-Malkajgiri, Telangana",Medchal-Malkajgiri,Telangana,507142,17.669187,78.443796,237,193,rice|bakery|pulao,08:00-21:00,True,SYNTHETIC_DEMO
REC-TG17-009,FOODLINK Demo Recipient Medchal-Malkajgiri 09,NGO_MEAL_CENTER,"Demo Service Area, Medchal-Malkajgiri, Telangana",Medchal-Malkajgiri,Telangana,500932,17.597878,78.514734,39,30,sandwich|packaged_food|dal,08:00-21:00,True,SYNTHETIC_DEMO
REC-TG17-010,FOODLINK Demo Recipient Medchal-Malkajgiri 10,CHILD_CARE_INSTITUTION,"Demo Service Area, Medchal-Malkajgiri, Telangana",Medchal-Malkajgiri,Telangana,503479,17.639512,78.49757,262,34,sandwich|packaged_food|cooked_meal,08:00-21:00,False,SYNTHETIC_DEMO
REC-TG17-011,FOODLINK Demo Recipient Medchal-Malkajgiri 11,SHELTER,"Demo Service Area, Medchal-Malkajgiri, Telangana",Medchal-Malkajgiri,Telangana,503926,17.618336,78.482821,293,62,dal|biryani|roti,08:00-21:00,True,SYNTHETIC_DEMO
REC-TG17-012,FOODLINK Demo Recipient Medchal-Malkajgiri 12,COMMUNITY_KITCHEN,"Demo Service Area, Medchal-Malkajgiri, Telangana",Medchal-Malkajgiri,Telangana,507403,17.593589,78.483045,118,64,cooked_meal|vegetables|bread,08:00-21:00,False,SYNTHETIC_DEMO
REC-TG17-013,FOODLINK Demo Recipient Medchal-Malkajgiri 13,FOOD_BANK,"Demo Service Area, Medchal-Malkajgiri, Telangana",Medchal-Malkajgiri,Telangana,505657,17.649003,78.528081,194,188,pulao|sandwich|biryani,08:00-21:00,False,SYNTHETIC_DEMO
REC-TG17-014,FOODLINK Demo Recipient Medchal-Malkajgiri 14,NGO_MEAL_CENTER,"Demo Service Area, Medchal-Malkajgiri, Telangana",Medchal-Malkajgiri,Telangana,505782,17.614181,78.491202,292,247,rice|vegetables|biryani,08:00-21:00,True,SYNTHETIC_DEMO
REC-TG17-015,FOODLINK Demo Recipient Medchal-Malkajgiri 15,CHILD_CARE_INSTITUTION,"Demo Service Area, Medchal-Malkajgiri, Telangana",Medchal-Malkajgiri,Telangana,502634,17.615052,78.601679,115,47,bakery|packaged_food|vegetables,08:00-21:00,False,SYNTHETIC_DEMO
REC-TG17-016,FOODLINK Demo Recipient Medchal-Malkajgiri 16,SHELTER,"Demo Service Area, Medchal-Malkajgiri, Telangana",Medchal-Malkajgiri,Telangana,501806,17.613603,78.485731,192,159,cooked_meal|biryani|roti,08:00-21:00,False,SYNTHETIC_DEMO
REC-TG17-017,FOODLINK Demo Recipient Medchal-Malkajgiri 17,COMMUNITY_KITCHEN,"Demo Service Area, Medchal-Malkajgiri, Telangana",Medchal-Malkajgiri,Telangana,509369,17.640093,78.507043,138,43,bread|sandwich|rice,08:00-21:00,False,SYNTHETIC_DEMO
REC-TG17-018,FOODLINK Demo Recipient Medchal-Malkajgiri 18,FOOD_BANK,"Demo Service Area, Medchal-Malkajgiri, Telangana",Medchal-Malkajgiri,Telangana,504709,17.587522,78.538552,149,31,biryani|vegetables|dal,08:00-21:00,False,SYNTHETIC_DEMO
REC-TG17-019,FOODLINK Demo Recipient Medchal-Malkajgiri 19,NGO_MEAL_CENTER,"Demo Service Area, Medchal-Malkajgiri, Telangana",Medchal-Malkajgiri,Telangana,501140,17.553085,78.446773,273,100,roti|bread|bakery,08:00-21:00,True,SYNTHETIC_DEMO
REC-TG17-020,FOODLINK Demo Recipient Medchal-Malkajgiri 20,CHILD_CARE_INSTITUTION,"Demo Service Area, Medchal-Malkajgiri, Telangana",Medchal-Malkajgiri,Telangana,503076,17.645077,78.482326,142,35,pulao|sandwich|bakery,08:00-21:00,False,SYNTHETIC_DEMO
REC-TG18-001,FOODLINK Demo Recipient Mulugu 01,SHELTER,"Demo Service Area, Mulugu, Telangana",Mulugu,Telangana,506536,18.283451,79.953549,61,33,cooked_meal|packaged_food|pulao,08:00-21:00,False,SYNTHETIC_DEMO
REC-TG18-002,FOODLINK Demo Recipient Mulugu 02,COMMUNITY_KITCHEN,"Demo Service Area, Mulugu, Telangana",Mulugu,Telangana,504881,18.166921,80.033492,267,45,pulao|vegetables|packaged_food,08:00-21:00,False,SYNTHETIC_DEMO
REC-TG18-003,FOODLINK Demo Recipient Mulugu 03,FOOD_BANK,"Demo Service Area, Mulugu, Telangana",Mulugu,Telangana,503688,18.189656,79.950785,157,37,bread|sandwich|rice,08:00-21:00,False,SYNTHETIC_DEMO
REC-TG18-004,FOODLINK Demo Recipient Mulugu 04,NGO_MEAL_CENTER,"Demo Service Area, Mulugu, Telangana",Mulugu,Telangana,502444,18.163721,79.935041,135,53,bread|cooked_meal|bakery,08:00-21:00,True,SYNTHETIC_DEMO
REC-TG18-005,FOODLINK Demo Recipient Mulugu 05,CHILD_CARE_INSTITUTION,"Demo Service Area, Mulugu, Telangana",Mulugu,Telangana,505219,18.167473,79.962695,111,45,cooked_meal|sandwich|vegetables,08:00-21:00,True,SYNTHETIC_DEMO
REC-TG18-006,FOODLINK Demo Recipient Mulugu 06,SHELTER,"Demo Service Area, Mulugu, Telangana",Mulugu,Telangana,508003,18.268024,79.904011,297,142,rice|cooked_meal|packaged_food,08:00-21:00,True,SYNTHETIC_DEMO
REC-TG18-007,FOODLINK Demo Recipient Mulugu 07,COMMUNITY_KITCHEN,"Demo Service Area, Mulugu, Telangana",Mulugu,Telangana,507233,18.12115,79.947171,51,48,fruits|dal|bakery,08:00-21:00,True,SYNTHETIC_DEMO
REC-TG18-008,FOODLINK Demo Recipient Mulugu 08,FOOD_BANK,"Demo Service Area, Mulugu, Telangana",Mulugu,Telangana,500448,18.194791,79.969068,265,19,pulao|rice|dal,08:00-21:00,False,SYNTHETIC_DEMO
REC-TG18-009,FOODLINK Demo Recipient Mulugu 09,NGO_MEAL_CENTER,"Demo Service Area, Mulugu, Telangana",Mulugu,Telangana,501880,18.130089,80.014227,35,18,biryani|rice|sandwich,08:00-21:00,True,SYNTHETIC_DEMO
REC-TG18-010,FOODLINK Demo Recipient Mulugu 10,CHILD_CARE_INSTITUTION,"Demo Service Area, Mulugu, Telangana",Mulugu,Telangana,500832,18.174276,79.998322,237,55,pulao|rice|sandwich,08:00-21:00,False,SYNTHETIC_DEMO
REC-TG18-011,FOODLINK Demo Recipient Mulugu 11,SHELTER,"Demo Service Area, Mulugu, Telangana",Mulugu,Telangana,502990,18.160077,79.871802,194,124,cooked_meal|dal|pulao,08:00-21:00,True,SYNTHETIC_DEMO
REC-TG18-012,FOODLINK Demo Recipient Mulugu 12,COMMUNITY_KITCHEN,"Demo Service Area, Mulugu, Telangana",Mulugu,Telangana,503130,18.218382,79.835843,287,220,rice|bakery|packaged_food,08:00-21:00,True,SYNTHETIC_DEMO
REC-TG18-013,FOODLINK Demo Recipient Mulugu 13,FOOD_BANK,"Demo Service Area, Mulugu, Telangana",Mulugu,Telangana,504311,18.236806,79.967792,181,116,cooked_meal|dal|roti,08:00-21:00,False,SYNTHETIC_DEMO
REC-TG18-014,FOODLINK Demo Recipient Mulugu 14,NGO_MEAL_CENTER,"Demo Service Area, Mulugu, Telangana",Mulugu,Telangana,507621,18.223521,79.97038,78,34,rice|dal|packaged_food,08:00-21:00,True,SYNTHETIC_DEMO
REC-TG18-015,FOODLINK Demo Recipient Mulugu 15,CHILD_CARE_INSTITUTION,"Demo Service Area, Mulugu, Telangana",Mulugu,Telangana,500325,18.13893,79.971407,258,195,cooked_meal|pulao|bread,08:00-21:00,False,SYNTHETIC_DEMO
REC-TG18-016,FOODLINK Demo Recipient Mulugu 16,SHELTER,"Demo Service Area, Mulugu, Telangana",Mulugu,Telangana,501223,18.163406,79.853714,86,25,rice|packaged_food|fruits,08:00-21:00,True,SYNTHETIC_DEMO
REC-TG18-017,FOODLINK Demo Recipient Mulugu 17,COMMUNITY_KITCHEN,"Demo Service Area, Mulugu, Telangana",Mulugu,Telangana,501385,18.208635,79.959335,113,31,packaged_food|bakery|dal,08:00-21:00,True,SYNTHETIC_DEMO
REC-TG18-018,FOODLINK Demo Recipient Mulugu 18,FOOD_BANK,"Demo Service Area, Mulugu, Telangana",Mulugu,Telangana,503248,18.239367,79.997122,48,16,bread|dal|cooked_meal,08:00-21:00,False,SYNTHETIC_DEMO
REC-TG18-019,FOODLINK Demo Recipient Mulugu 19,NGO_MEAL_CENTER,"Demo Service Area, Mulugu, Telangana",Mulugu,Telangana,508624,18.15425,79.920167,298,96,cooked_meal|pulao|dal,08:00-21:00,True,SYNTHETIC_DEMO
REC-TG18-020,FOODLINK Demo Recipient Mulugu 20,CHILD_CARE_INSTITUTION,"Demo Service Area, Mulugu, Telangana",Mulugu,Telangana,504702,18.204621,79.920805,93,56,packaged_food|cooked_meal|vegetables,08:00-21:00,True,SYNTHETIC_DEMO
REC-TG19-001,FOODLINK Demo Recipient Nagarkurnool 01,SHELTER,"Demo Service Area, Nagarkurnool, Telangana",Nagarkurnool,Telangana,501501,16.519188,78.336566,138,47,roti|rice|bakery,08:00-21:00,True,SYNTHETIC_DEMO
REC-TG19-002,FOODLINK Demo Recipient Nagarkurnool 02,COMMUNITY_KITCHEN,"Demo Service Area, Nagarkurnool, Telangana",Nagarkurnool,Telangana,507631,16.500224,78.424547,215,64,pulao|bread|vegetables,08:00-21:00,False,SYNTHETIC_DEMO
REC-TG19-003,FOODLINK Demo Recipient Nagarkurnool 03,FOOD_BANK,"Demo Service Area, Nagarkurnool, Telangana",Nagarkurnool,Telangana,503054,16.482527,78.216748,218,18,roti|packaged_food|rice,08:00-21:00,True,SYNTHETIC_DEMO
REC-TG19-004,FOODLINK Demo Recipient Nagarkurnool 04,NGO_MEAL_CENTER,"Demo Service Area, Nagarkurnool, Telangana",Nagarkurnool,Telangana,504519,16.441405,78.254137,66,49,rice|fruits|bakery,08:00-21:00,False,SYNTHETIC_DEMO
REC-TG19-005,FOODLINK Demo Recipient Nagarkurnool 05,CHILD_CARE_INSTITUTION,"Demo Service Area, Nagarkurnool, Telangana",Nagarkurnool,Telangana,507621,16.606535,78.361554,110,43,sandwich|rice|cooked_meal,08:00-21:00,False,SYNTHETIC_DEMO
REC-TG19-006,FOODLINK Demo Recipient Nagarkurnool 06,SHELTER,"Demo Service Area, Nagarkurnool, Telangana",Nagarkurnool,Telangana,508442,16.473514,78.360528,234,90,roti|pulao|rice,08:00-21:00,False,SYNTHETIC_DEMO
REC-TG19-007,FOODLINK Demo Recipient Nagarkurnool 07,COMMUNITY_KITCHEN,"Demo Service Area, Nagarkurnool, Telangana",Nagarkurnool,Telangana,501239,16.515726,78.353319,166,44,sandwich|dal|roti,08:00-21:00,False,SYNTHETIC_DEMO
REC-TG19-008,FOODLINK Demo Recipient Nagarkurnool 08,FOOD_BANK,"Demo Service Area, Nagarkurnool, Telangana",Nagarkurnool,Telangana,502035,16.488754,78.33858,248,69,packaged_food|bread|fruits,08:00-21:00,True,SYNTHETIC_DEMO
REC-TG19-009,FOODLINK Demo Recipient Nagarkurnool 09,NGO_MEAL_CENTER,"Demo Service Area, Nagarkurnool, Telangana",Nagarkurnool,Telangana,509744,16.466148,78.345615,276,255,rice|bakery|bread,08:00-21:00,True,SYNTHETIC_DEMO
REC-TG19-010,FOODLINK Demo Recipient Nagarkurnool 10,CHILD_CARE_INSTITUTION,"Demo Service Area, Nagarkurnool, Telangana",Nagarkurnool,Telangana,501369,16.517501,78.27447,172,20,cooked_meal|biryani|dal,08:00-21:00,False,SYNTHETIC_DEMO
REC-TG19-011,FOODLINK Demo Recipient Nagarkurnool 11,SHELTER,"Demo Service Area, Nagarkurnool, Telangana",Nagarkurnool,Telangana,509001,16.372234,78.3467,71,13,sandwich|dal|fruits,08:00-21:00,False,SYNTHETIC_DEMO
REC-TG19-012,FOODLINK Demo Recipient Nagarkurnool 12,COMMUNITY_KITCHEN,"Demo Service Area, Nagarkurnool, Telangana",Nagarkurnool,Telangana,508917,16.413021,78.300734,254,185,sandwich|dal|biryani,08:00-21:00,True,SYNTHETIC_DEMO
REC-TG19-013,FOODLINK Demo Recipient Nagarkurnool 13,FOOD_BANK,"Demo Service Area, Nagarkurnool, Telangana",Nagarkurnool,Telangana,506642,16.532539,78.321975,81,37,vegetables|rice|dal,08:00-21:00,True,SYNTHETIC_DEMO
REC-TG19-014,FOODLINK Demo Recipient Nagarkurnool 14,NGO_MEAL_CENTER,"Demo Service Area, Nagarkurnool, Telangana",Nagarkurnool,Telangana,503377,16.429807,78.304114,176,90,bakery|pulao|roti,08:00-21:00,True,SYNTHETIC_DEMO
REC-TG19-015,FOODLINK Demo Recipient Nagarkurnool 15,CHILD_CARE_INSTITUTION,"Demo Service Area, Nagarkurnool, Telangana",Nagarkurnool,Telangana,506572,16.526109,78.336653,123,42,sandwich|packaged_food|pulao,08:00-21:00,False,SYNTHETIC_DEMO
REC-TG19-016,FOODLINK Demo Recipient Nagarkurnool 16,SHELTER,"Demo Service Area, Nagarkurnool, Telangana",Nagarkurnool,Telangana,507776,16.495083,78.308044,194,28,roti|dal|fruits,08:00-21:00,False,SYNTHETIC_DEMO
REC-TG19-017,FOODLINK Demo Recipient Nagarkurnool 17,COMMUNITY_KITCHEN,"Demo Service Area, Nagarkurnool, Telangana",Nagarkurnool,Telangana,505922,16.405375,78.259139,138,126,packaged_food|bakery|sandwich,08:00-21:00,False,SYNTHETIC_DEMO
REC-TG19-018,FOODLINK Demo Recipient Nagarkurnool 18,FOOD_BANK,"Demo Service Area, Nagarkurnool, Telangana",Nagarkurnool,Telangana,507270,16.377281,78.240246,121,59,pulao|bread|vegetables,08:00-21:00,False,SYNTHETIC_DEMO
REC-TG19-019,FOODLINK Demo Recipient Nagarkurnool 19,NGO_MEAL_CENTER,"Demo Service Area, Nagarkurnool, Telangana",Nagarkurnool,Telangana,501429,16.533021,78.41881,242,224,bakery|dal|fruits,08:00-21:00,True,SYNTHETIC_DEMO
REC-TG19-020,FOODLINK Demo Recipient Nagarkurnool 20,CHILD_CARE_INSTITUTION,"Demo Service Area, Nagarkurnool, Telangana",Nagarkurnool,Telangana,502258,16.436176,78.328611,58,26,packaged_food|roti|dal,08:00-21:00,False,SYNTHETIC_DEMO
REC-TG20-001,FOODLINK Demo Recipient Nalgonda 01,SHELTER,"Demo Service Area, Nalgonda, Telangana",Nalgonda,Telangana,506085,17.01326,79.280839,280,62,cooked_meal|roti|pulao,08:00-21:00,True,SYNTHETIC_DEMO
REC-TG20-002,FOODLINK Demo Recipient Nalgonda 02,COMMUNITY_KITCHEN,"Demo Service Area, Nalgonda, Telangana",Nalgonda,Telangana,509913,17.090786,79.30527,171,99,biryani|vegetables|fruits,08:00-21:00,True,SYNTHETIC_DEMO
REC-TG20-003,FOODLINK Demo Recipient Nalgonda 03,FOOD_BANK,"Demo Service Area, Nalgonda, Telangana",Nalgonda,Telangana,509504,17.09436,79.244321,239,204,cooked_meal|pulao|fruits,08:00-21:00,False,SYNTHETIC_DEMO
REC-TG20-004,FOODLINK Demo Recipient Nalgonda 04,NGO_MEAL_CENTER,"Demo Service Area, Nalgonda, Telangana",Nalgonda,Telangana,507805,17.102317,79.241193,174,115,bread|rice|packaged_food,08:00-21:00,False,SYNTHETIC_DEMO
REC-TG20-005,FOODLINK Demo Recipient Nalgonda 05,CHILD_CARE_INSTITUTION,"Demo Service Area, Nalgonda, Telangana",Nalgonda,Telangana,508365,17.050543,79.2149,115,106,biryani|vegetables|roti,08:00-21:00,False,SYNTHETIC_DEMO
REC-TG20-006,FOODLINK Demo Recipient Nalgonda 06,SHELTER,"Demo Service Area, Nalgonda, Telangana",Nalgonda,Telangana,508080,17.058226,79.247654,182,73,rice|bakery|pulao,08:00-21:00,True,SYNTHETIC_DEMO
REC-TG20-007,FOODLINK Demo Recipient Nalgonda 07,COMMUNITY_KITCHEN,"Demo Service Area, Nalgonda, Telangana",Nalgonda,Telangana,508290,17.059142,79.176977,286,180,packaged_food|fruits|vegetables,08:00-21:00,False,SYNTHETIC_DEMO
REC-TG20-008,FOODLINK Demo Recipient Nalgonda 08,FOOD_BANK,"Demo Service Area, Nalgonda, Telangana",Nalgonda,Telangana,509091,17.067285,79.266788,289,173,dal|bread|cooked_meal,08:00-21:00,True,SYNTHETIC_DEMO
REC-TG20-009,FOODLINK Demo Recipient Nalgonda 09,NGO_MEAL_CENTER,"Demo Service Area, Nalgonda, Telangana",Nalgonda,Telangana,504369,17.119498,79.268299,30,10,biryani|dal|bakery,08:00-21:00,True,SYNTHETIC_DEMO
REC-TG20-010,FOODLINK Demo Recipient Nalgonda 10,CHILD_CARE_INSTITUTION,"Demo Service Area, Nalgonda, Telangana",Nalgonda,Telangana,505500,17.156979,79.262906,109,64,bread|roti|sandwich,08:00-21:00,True,SYNTHETIC_DEMO
REC-TG20-011,FOODLINK Demo Recipient Nalgonda 11,SHELTER,"Demo Service Area, Nalgonda, Telangana",Nalgonda,Telangana,500250,17.068701,79.31379,298,262,cooked_meal|sandwich|packaged_food,08:00-21:00,False,SYNTHETIC_DEMO
REC-TG20-012,FOODLINK Demo Recipient Nalgonda 12,COMMUNITY_KITCHEN,"Demo Service Area, Nalgonda, Telangana",Nalgonda,Telangana,502481,17.098237,79.254579,232,125,cooked_meal|packaged_food|bakery,08:00-21:00,True,SYNTHETIC_DEMO
REC-TG20-013,FOODLINK Demo Recipient Nalgonda 13,FOOD_BANK,"Demo Service Area, Nalgonda, Telangana",Nalgonda,Telangana,509954,17.063068,79.242007,51,36,sandwich|dal|vegetables,08:00-21:00,False,SYNTHETIC_DEMO
REC-TG20-014,FOODLINK Demo Recipient Nalgonda 14,NGO_MEAL_CENTER,"Demo Service Area, Nalgonda, Telangana",Nalgonda,Telangana,502615,17.137703,79.258779,197,140,bakery|dal|biryani,08:00-21:00,False,SYNTHETIC_DEMO
REC-TG20-015,FOODLINK Demo Recipient Nalgonda 15,CHILD_CARE_INSTITUTION,"Demo Service Area, Nalgonda, Telangana",Nalgonda,Telangana,500038,17.040786,79.317106,125,33,biryani|vegetables|rice,08:00-21:00,True,SYNTHETIC_DEMO
REC-TG20-016,FOODLINK Demo Recipient Nalgonda 16,SHELTER,"Demo Service Area, Nalgonda, Telangana",Nalgonda,Telangana,506371,17.049626,79.315454,238,214,roti|vegetables|sandwich,08:00-21:00,False,SYNTHETIC_DEMO
REC-TG20-017,FOODLINK Demo Recipient Nalgonda 17,COMMUNITY_KITCHEN,"Demo Service Area, Nalgonda, Telangana",Nalgonda,Telangana,509424,17.079111,79.286748,283,239,fruits|vegetables|pulao,08:00-21:00,False,SYNTHETIC_DEMO
REC-TG20-018,FOODLINK Demo Recipient Nalgonda 18,FOOD_BANK,"Demo Service Area, Nalgonda, Telangana",Nalgonda,Telangana,501018,17.148429,79.190326,38,14,cooked_meal|sandwich|roti,08:00-21:00,True,SYNTHETIC_DEMO
REC-TG20-019,FOODLINK Demo Recipient Nalgonda 19,NGO_MEAL_CENTER,"Demo Service Area, Nalgonda, Telangana",Nalgonda,Telangana,508191,16.963674,79.285907,279,33,rice|vegetables|biryani,08:00-21:00,False,SYNTHETIC_DEMO
REC-TG20-020,FOODLINK Demo Recipient Nalgonda 20,CHILD_CARE_INSTITUTION,"Demo Service Area, Nalgonda, Telangana",Nalgonda,Telangana,505579,17.073653,79.270473,263,219,bakery|roti|dal,08:00-21:00,True,SYNTHETIC_DEMO
REC-TG21-001,FOODLINK Demo Recipient Narayanpet 01,SHELTER,"Demo Service Area, Narayanpet, Telangana",Narayanpet,Telangana,505711,16.756061,77.514778,274,101,cooked_meal|bread|pulao,08:00-21:00,True,SYNTHETIC_DEMO
REC-TG21-002,FOODLINK Demo Recipient Narayanpet 02,COMMUNITY_KITCHEN,"Demo Service Area, Narayanpet, Telangana",Narayanpet,Telangana,505887,16.755231,77.491705,52,31,biryani|fruits|vegetables,08:00-21:00,False,SYNTHETIC_DEMO
REC-TG21-003,FOODLINK Demo Recipient Narayanpet 03,FOOD_BANK,"Demo Service Area, Narayanpet, Telangana",Narayanpet,Telangana,502092,16.808755,77.4504,196,143,sandwich|dal|pulao,08:00-21:00,False,SYNTHETIC_DEMO
REC-TG21-004,FOODLINK Demo Recipient Narayanpet 04,NGO_MEAL_CENTER,"Demo Service Area, Narayanpet, Telangana",Narayanpet,Telangana,502647,16.750722,77.558457,263,83,cooked_meal|dal|packaged_food,08:00-21:00,True,SYNTHETIC_DEMO
REC-TG21-005,FOODLINK Demo Recipient Narayanpet 05,CHILD_CARE_INSTITUTION,"Demo Service Area, Narayanpet, Telangana",Narayanpet,Telangana,509929,16.768142,77.527085,48,25,sandwich|cooked_meal|vegetables,08:00-21:00,False,SYNTHETIC_DEMO
REC-TG21-006,FOODLINK Demo Recipient Narayanpet 06,SHELTER,"Demo Service Area, Narayanpet, Telangana",Narayanpet,Telangana,504090,16.793723,77.47053,136,81,bread|packaged_food|dal,08:00-21:00,False,SYNTHETIC_DEMO
REC-TG21-007,FOODLINK Demo Recipient Narayanpet 07,COMMUNITY_KITCHEN,"Demo Service Area, Narayanpet, Telangana",Narayanpet,Telangana,502459,16.706613,77.450322,183,78,packaged_food|fruits|cooked_meal,08:00-21:00,False,SYNTHETIC_DEMO
REC-TG21-008,FOODLINK Demo Recipient Narayanpet 08,FOOD_BANK,"Demo Service Area, Narayanpet, Telangana",Narayanpet,Telangana,503017,16.719866,77.47735,156,100,bread|bakery|vegetables,08:00-21:00,True,SYNTHETIC_DEMO
REC-TG21-009,FOODLINK Demo Recipient Narayanpet 09,NGO_MEAL_CENTER,"Demo Service Area, Narayanpet, Telangana",Narayanpet,Telangana,504720,16.712295,77.569582,62,13,bread|dal|sandwich,08:00-21:00,False,SYNTHETIC_DEMO
REC-TG21-010,FOODLINK Demo Recipient Narayanpet 10,CHILD_CARE_INSTITUTION,"Demo Service Area, Narayanpet, Telangana",Narayanpet,Telangana,500863,16.740019,77.555888,71,46,biryani|bread|packaged_food,08:00-21:00,False,SYNTHETIC_DEMO
REC-TG21-011,FOODLINK Demo Recipient Narayanpet 11,SHELTER,"Demo Service Area, Narayanpet, Telangana",Narayanpet,Telangana,505110,16.702619,77.492494,161,19,packaged_food|pulao|biryani,08:00-21:00,False,SYNTHETIC_DEMO
REC-TG21-012,FOODLINK Demo Recipient Narayanpet 12,COMMUNITY_KITCHEN,"Demo Service Area, Narayanpet, Telangana",Narayanpet,Telangana,508010,16.732186,77.485372,74,63,dal|roti|pulao,08:00-21:00,True,SYNTHETIC_DEMO
REC-TG21-013,FOODLINK Demo Recipient Narayanpet 13,FOOD_BANK,"Demo Service Area, Narayanpet, Telangana",Narayanpet,Telangana,503878,16.703377,77.451942,36,10,vegetables|roti|bakery,08:00-21:00,False,SYNTHETIC_DEMO
REC-TG21-014,FOODLINK Demo Recipient Narayanpet 14,NGO_MEAL_CENTER,"Demo Service Area, Narayanpet, Telangana",Narayanpet,Telangana,505583,16.85467,77.447418,76,53,biryani|dal|bread,08:00-21:00,True,SYNTHETIC_DEMO
REC-TG21-015,FOODLINK Demo Recipient Narayanpet 15,CHILD_CARE_INSTITUTION,"Demo Service Area, Narayanpet, Telangana",Narayanpet,Telangana,502263,16.746068,77.468634,290,123,cooked_meal|fruits|bakery,08:00-21:00,True,SYNTHETIC_DEMO
REC-TG21-016,FOODLINK Demo Recipient Narayanpet 16,SHELTER,"Demo Service Area, Narayanpet, Telangana",Narayanpet,Telangana,502516,16.715496,77.479368,248,94,packaged_food|biryani|roti,08:00-21:00,False,SYNTHETIC_DEMO
REC-TG21-017,FOODLINK Demo Recipient Narayanpet 17,COMMUNITY_KITCHEN,"Demo Service Area, Narayanpet, Telangana",Narayanpet,Telangana,503934,16.734788,77.494104,73,55,roti|fruits|biryani,08:00-21:00,True,SYNTHETIC_DEMO
REC-TG21-018,FOODLINK Demo Recipient Narayanpet 18,FOOD_BANK,"Demo Service Area, Narayanpet, Telangana",Narayanpet,Telangana,505933,16.736217,77.511447,103,53,biryani|rice|sandwich,08:00-21:00,False,SYNTHETIC_DEMO
REC-TG21-019,FOODLINK Demo Recipient Narayanpet 19,NGO_MEAL_CENTER,"Demo Service Area, Narayanpet, Telangana",Narayanpet,Telangana,508443,16.802479,77.485028,111,97,vegetables|dal|bread,08:00-21:00,True,SYNTHETIC_DEMO
REC-TG21-020,FOODLINK Demo Recipient Narayanpet 20,CHILD_CARE_INSTITUTION,"Demo Service Area, Narayanpet, Telangana",Narayanpet,Telangana,507707,16.73621,77.552908,80,45,sandwich|cooked_meal|fruits,08:00-21:00,False,SYNTHETIC_DEMO
REC-TG22-001,FOODLINK Demo Recipient Nirmal 01,SHELTER,"Demo Service Area, Nirmal, Telangana",Nirmal,Telangana,508819,19.080343,78.406961,183,98,fruits|packaged_food|vegetables,08:00-21:00,False,SYNTHETIC_DEMO
REC-TG22-002,FOODLINK Demo Recipient Nirmal 02,COMMUNITY_KITCHEN,"Demo Service Area, Nirmal, Telangana",Nirmal,Telangana,507510,19.135374,78.293958,206,191,cooked_meal|roti|sandwich,08:00-21:00,False,SYNTHETIC_DEMO
REC-TG22-003,FOODLINK Demo Recipient Nirmal 03,FOOD_BANK,"Demo Service Area, Nirmal, Telangana",Nirmal,Telangana,506752,19.114814,78.215232,54,22,dal|bread|rice,08:00-21:00,False,SYNTHETIC_DEMO
REC-TG22-004,FOODLINK Demo Recipient Nirmal 04,NGO_MEAL_CENTER,"Demo Service Area, Nirmal, Telangana",Nirmal,Telangana,502193,19.045491,78.337637,43,35,rice|roti|vegetables,08:00-21:00,False,SYNTHETIC_DEMO
REC-TG22-005,FOODLINK Demo Recipient Nirmal 05,CHILD_CARE_INSTITUTION,"Demo Service Area, Nirmal, Telangana",Nirmal,Telangana,501169,19.047928,78.351907,158,42,bread|roti|biryani,08:00-21:00,False,SYNTHETIC_DEMO
REC-TG22-006,FOODLINK Demo Recipient Nirmal 06,SHELTER,"Demo Service Area, Nirmal, Telangana",Nirmal,Telangana,507134,19.056084,78.33637,216,121,dal|packaged_food|vegetables,08:00-21:00,True,SYNTHETIC_DEMO
REC-TG22-007,FOODLINK Demo Recipient Nirmal 07,COMMUNITY_KITCHEN,"Demo Service Area, Nirmal, Telangana",Nirmal,Telangana,509883,19.174534,78.323195,90,52,fruits|bakery|dal,08:00-21:00,True,SYNTHETIC_DEMO
REC-TG22-008,FOODLINK Demo Recipient Nirmal 08,FOOD_BANK,"Demo Service Area, Nirmal, Telangana",Nirmal,Telangana,503369,19.159443,78.305618,238,238,fruits|sandwich|bakery,08:00-21:00,False,SYNTHETIC_DEMO
REC-TG22-009,FOODLINK Demo Recipient Nirmal 09,NGO_MEAL_CENTER,"Demo Service Area, Nirmal, Telangana",Nirmal,Telangana,503287,19.149004,78.391072,203,185,pulao|cooked_meal|rice,08:00-21:00,False,SYNTHETIC_DEMO
REC-TG22-010,FOODLINK Demo Recipient Nirmal 10,CHILD_CARE_INSTITUTION,"Demo Service Area, Nirmal, Telangana",Nirmal,Telangana,504184,19.079086,78.271142,217,18,dal|vegetables|bread,08:00-21:00,False,SYNTHETIC_DEMO
REC-TG22-011,FOODLINK Demo Recipient Nirmal 11,SHELTER,"Demo Service Area, Nirmal, Telangana",Nirmal,Telangana,509232,19.111719,78.377757,59,40,cooked_meal|dal|pulao,08:00-21:00,True,SYNTHETIC_DEMO
REC-TG22-012,FOODLINK Demo Recipient Nirmal 12,COMMUNITY_KITCHEN,"Demo Service Area, Nirmal, Telangana",Nirmal,Telangana,500568,19.07241,78.312768,230,112,rice|packaged_food|vegetables,08:00-21:00,False,SYNTHETIC_DEMO
REC-TG22-013,FOODLINK Demo Recipient Nirmal 13,FOOD_BANK,"Demo Service Area, Nirmal, Telangana",Nirmal,Telangana,504627,19.140348,78.369952,178,69,sandwich|fruits|roti,08:00-21:00,True,SYNTHETIC_DEMO
REC-TG22-014,FOODLINK Demo Recipient Nirmal 14,NGO_MEAL_CENTER,"Demo Service Area, Nirmal, Telangana",Nirmal,Telangana,506112,19.075929,78.364947,130,15,dal|bakery|vegetables,08:00-21:00,False,SYNTHETIC_DEMO
REC-TG22-015,FOODLINK Demo Recipient Nirmal 15,CHILD_CARE_INSTITUTION,"Demo Service Area, Nirmal, Telangana",Nirmal,Telangana,505877,19.144769,78.361315,130,19,bakery|sandwich|roti,08:00-21:00,False,SYNTHETIC_DEMO
REC-TG22-016,FOODLINK Demo Recipient Nirmal 16,SHELTER,"Demo Service Area, Nirmal, Telangana",Nirmal,Telangana,503118,19.163382,78.339116,146,121,biryani|vegetables|roti,08:00-21:00,False,SYNTHETIC_DEMO
REC-TG22-017,FOODLINK Demo Recipient Nirmal 17,COMMUNITY_KITCHEN,"Demo Service Area, Nirmal, Telangana",Nirmal,Telangana,507477,19.071022,78.369215,84,61,bread|vegetables|biryani,08:00-21:00,False,SYNTHETIC_DEMO
REC-TG22-018,FOODLINK Demo Recipient Nirmal 18,FOOD_BANK,"Demo Service Area, Nirmal, Telangana",Nirmal,Telangana,508348,19.136142,78.299814,142,26,pulao|roti|biryani,08:00-21:00,True,SYNTHETIC_DEMO
REC-TG22-019,FOODLINK Demo Recipient Nirmal 19,NGO_MEAL_CENTER,"Demo Service Area, Nirmal, Telangana",Nirmal,Telangana,504576,19.109325,78.282078,271,240,rice|bread|biryani,08:00-21:00,False,SYNTHETIC_DEMO
REC-TG22-020,FOODLINK Demo Recipient Nirmal 20,CHILD_CARE_INSTITUTION,"Demo Service Area, Nirmal, Telangana",Nirmal,Telangana,505370,19.072713,78.278189,173,10,fruits|pulao|bread,08:00-21:00,True,SYNTHETIC_DEMO
REC-TG23-001,FOODLINK Demo Recipient Nizamabad 01,SHELTER,"Demo Service Area, Nizamabad, Telangana",Nizamabad,Telangana,502218,18.685951,78.124519,119,53,sandwich|pulao|rice,08:00-21:00,True,SYNTHETIC_DEMO
REC-TG23-002,FOODLINK Demo Recipient Nizamabad 02,COMMUNITY_KITCHEN,"Demo Service Area, Nizamabad, Telangana",Nizamabad,Telangana,505695,18.597604,78.206327,295,186,cooked_meal|sandwich|bakery,08:00-21:00,False,SYNTHETIC_DEMO
REC-TG23-003,FOODLINK Demo Recipient Nizamabad 03,FOOD_BANK,"Demo Service Area, Nizamabad, Telangana",Nizamabad,Telangana,506230,18.694697,78.089261,265,121,dal|rice|bread,08:00-21:00,False,SYNTHETIC_DEMO
REC-TG23-004,FOODLINK Demo Recipient Nizamabad 04,NGO_MEAL_CENTER,"Demo Service Area, Nizamabad, Telangana",Nizamabad,Telangana,506668,18.721823,78.120218,132,89,bakery|pulao|roti,08:00-21:00,True,SYNTHETIC_DEMO
REC-TG23-005,FOODLINK Demo Recipient Nizamabad 05,CHILD_CARE_INSTITUTION,"Demo Service Area, Nizamabad, Telangana",Nizamabad,Telangana,501491,18.644563,78.129479,266,40,bread|bakery|rice,08:00-21:00,False,SYNTHETIC_DEMO
REC-TG23-006,FOODLINK Demo Recipient Nizamabad 06,SHELTER,"Demo Service Area, Nizamabad, Telangana",Nizamabad,Telangana,508772,18.635515,78.164992,261,18,cooked_meal|roti|vegetables,08:00-21:00,True,SYNTHETIC_DEMO
REC-TG23-007,FOODLINK Demo Recipient Nizamabad 07,COMMUNITY_KITCHEN,"Demo Service Area, Nizamabad, Telangana",Nizamabad,Telangana,500599,18.606411,78.122579,193,85,vegetables|bakery|roti,08:00-21:00,True,SYNTHETIC_DEMO
REC-TG23-008,FOODLINK Demo Recipient Nizamabad 08,FOOD_BANK,"Demo Service Area, Nizamabad, Telangana",Nizamabad,Telangana,505772,18.741319,78.097007,191,47,dal|pulao|sandwich,08:00-21:00,False,SYNTHETIC_DEMO
REC-TG23-009,FOODLINK Demo Recipient Nizamabad 09,NGO_MEAL_CENTER,"Demo Service Area, Nizamabad, Telangana",Nizamabad,Telangana,500858,18.587223,78.099364,222,43,biryani|roti|dal,08:00-21:00,True,SYNTHETIC_DEMO
REC-TG23-010,FOODLINK Demo Recipient Nizamabad 10,CHILD_CARE_INSTITUTION,"Demo Service Area, Nizamabad, Telangana",Nizamabad,Telangana,506638,18.686251,78.134321,75,28,vegetables|packaged_food|cooked_meal,08:00-21:00,True,SYNTHETIC_DEMO
REC-TG23-011,FOODLINK Demo Recipient Nizamabad 11,SHELTER,"Demo Service Area, Nizamabad, Telangana",Nizamabad,Telangana,501535,18.695518,78.100475,282,137,packaged_food|fruits|dal,08:00-21:00,True,SYNTHETIC_DEMO
REC-TG23-012,FOODLINK Demo Recipient Nizamabad 12,COMMUNITY_KITCHEN,"Demo Service Area, Nizamabad, Telangana",Nizamabad,Telangana,505243,18.642657,78.064299,72,10,packaged_food|dal|rice,08:00-21:00,False,SYNTHETIC_DEMO
REC-TG23-013,FOODLINK Demo Recipient Nizamabad 13,FOOD_BANK,"Demo Service Area, Nizamabad, Telangana",Nizamabad,Telangana,505428,18.708885,78.06888,281,53,roti|biryani|vegetables,08:00-21:00,False,SYNTHETIC_DEMO
REC-TG23-014,FOODLINK Demo Recipient Nizamabad 14,NGO_MEAL_CENTER,"Demo Service Area, Nizamabad, Telangana",Nizamabad,Telangana,502535,18.723917,78.095002,206,35,bakery|biryani|dal,08:00-21:00,True,SYNTHETIC_DEMO
REC-TG23-015,FOODLINK Demo Recipient Nizamabad 15,CHILD_CARE_INSTITUTION,"Demo Service Area, Nizamabad, Telangana",Nizamabad,Telangana,507160,18.67245,77.993523,89,76,biryani|packaged_food|rice,08:00-21:00,False,SYNTHETIC_DEMO
REC-TG23-016,FOODLINK Demo Recipient Nizamabad 16,SHELTER,"Demo Service Area, Nizamabad, Telangana",Nizamabad,Telangana,507454,18.713547,78.06161,47,19,dal|biryani|rice,08:00-21:00,True,SYNTHETIC_DEMO
REC-TG23-017,FOODLINK Demo Recipient Nizamabad 17,COMMUNITY_KITCHEN,"Demo Service Area, Nizamabad, Telangana",Nizamabad,Telangana,508217,18.712935,78.130132,281,245,vegetables|cooked_meal|pulao,08:00-21:00,False,SYNTHETIC_DEMO
REC-TG23-018,FOODLINK Demo Recipient Nizamabad 18,FOOD_BANK,"Demo Service Area, Nizamabad, Telangana",Nizamabad,Telangana,508542,18.725518,78.141637,86,85,roti|vegetables|fruits,08:00-21:00,True,SYNTHETIC_DEMO
REC-TG23-019,FOODLINK Demo Recipient Nizamabad 19,NGO_MEAL_CENTER,"Demo Service Area, Nizamabad, Telangana",Nizamabad,Telangana,500844,18.654444,78.060317,48,30,rice|bread|cooked_meal,08:00-21:00,False,SYNTHETIC_DEMO
REC-TG23-020,FOODLINK Demo Recipient Nizamabad 20,CHILD_CARE_INSTITUTION,"Demo Service Area, Nizamabad, Telangana",Nizamabad,Telangana,503174,18.682722,78.166102,109,98,vegetables|bread|roti,08:00-21:00,True,SYNTHETIC_DEMO
REC-TG24-001,FOODLINK Demo Recipient Peddapalli 01,SHELTER,"Demo Service Area, Peddapalli, Telangana",Peddapalli,Telangana,500915,18.646969,79.360744,97,40,vegetables|fruits|sandwich,08:00-21:00,False,SYNTHETIC_DEMO
REC-TG24-002,FOODLINK Demo Recipient Peddapalli 02,COMMUNITY_KITCHEN,"Demo Service Area, Peddapalli, Telangana",Peddapalli,Telangana,504148,18.621297,79.461792,115,24,sandwich|cooked_meal|fruits,08:00-21:00,True,SYNTHETIC_DEMO
REC-TG24-003,FOODLINK Demo Recipient Peddapalli 03,FOOD_BANK,"Demo Service Area, Peddapalli, Telangana",Peddapalli,Telangana,500644,18.614275,79.302002,132,28,dal|rice|packaged_food,08:00-21:00,True,SYNTHETIC_DEMO
REC-TG24-004,FOODLINK Demo Recipient Peddapalli 04,NGO_MEAL_CENTER,"Demo Service Area, Peddapalli, Telangana",Peddapalli,Telangana,503015,18.610601,79.372617,31,14,roti|biryani|packaged_food,08:00-21:00,False,SYNTHETIC_DEMO
REC-TG24-005,FOODLINK Demo Recipient Peddapalli 05,CHILD_CARE_INSTITUTION,"Demo Service Area, Peddapalli, Telangana",Peddapalli,Telangana,507494,18.552494,79.338708,135,49,sandwich|fruits|pulao,08:00-21:00,False,SYNTHETIC_DEMO
REC-TG24-006,FOODLINK Demo Recipient Peddapalli 06,SHELTER,"Demo Service Area, Peddapalli, Telangana",Peddapalli,Telangana,504878,18.604197,79.385668,270,35,pulao|fruits|roti,08:00-21:00,True,SYNTHETIC_DEMO
REC-TG24-007,FOODLINK Demo Recipient Peddapalli 07,COMMUNITY_KITCHEN,"Demo Service Area, Peddapalli, Telangana",Peddapalli,Telangana,501516,18.68437,79.383989,83,27,packaged_food|pulao|vegetables,08:00-21:00,False,SYNTHETIC_DEMO
REC-TG24-008,FOODLINK Demo Recipient Peddapalli 08,FOOD_BANK,"Demo Service Area, Peddapalli, Telangana",Peddapalli,Telangana,503194,18.591157,79.339509,269,107,biryani|fruits|rice,08:00-21:00,False,SYNTHETIC_DEMO
REC-TG24-009,FOODLINK Demo Recipient Peddapalli 09,NGO_MEAL_CENTER,"Demo Service Area, Peddapalli, Telangana",Peddapalli,Telangana,500162,18.669206,79.404946,115,67,roti|rice|sandwich,08:00-21:00,True,SYNTHETIC_DEMO
REC-TG24-010,FOODLINK Demo Recipient Peddapalli 10,CHILD_CARE_INSTITUTION,"Demo Service Area, Peddapalli, Telangana",Peddapalli,Telangana,500071,18.660715,79.361832,121,78,roti|pulao|biryani,08:00-21:00,True,SYNTHETIC_DEMO
REC-TG24-011,FOODLINK Demo Recipient Peddapalli 11,SHELTER,"Demo Service Area, Peddapalli, Telangana",Peddapalli,Telangana,507808,18.61834,79.418426,111,104,biryani|vegetables|pulao,08:00-21:00,True,SYNTHETIC_DEMO
REC-TG24-012,FOODLINK Demo Recipient Peddapalli 12,COMMUNITY_KITCHEN,"Demo Service Area, Peddapalli, Telangana",Peddapalli,Telangana,503905,18.589089,79.281987,279,246,bread|rice|roti,08:00-21:00,False,SYNTHETIC_DEMO
REC-TG24-013,FOODLINK Demo Recipient Peddapalli 13,FOOD_BANK,"Demo Service Area, Peddapalli, Telangana",Peddapalli,Telangana,500835,18.605332,79.374596,101,96,pulao|biryani|dal,08:00-21:00,True,SYNTHETIC_DEMO
REC-TG24-014,FOODLINK Demo Recipient Peddapalli 14,NGO_MEAL_CENTER,"Demo Service Area, Peddapalli, Telangana",Peddapalli,Telangana,502905,18.638734,79.318672,236,155,roti|vegetables|sandwich,08:00-21:00,True,SYNTHETIC_DEMO
REC-TG24-015,FOODLINK Demo Recipient Peddapalli 15,CHILD_CARE_INSTITUTION,"Demo Service Area, Peddapalli, Telangana",Peddapalli,Telangana,503017,18.608685,79.336432,106,67,fruits|vegetables|cooked_meal,08:00-21:00,False,SYNTHETIC_DEMO
REC-TG24-016,FOODLINK Demo Recipient Peddapalli 16,SHELTER,"Demo Service Area, Peddapalli, Telangana",Peddapalli,Telangana,507623,18.622038,79.357192,73,53,pulao|rice|fruits,08:00-21:00,False,SYNTHETIC_DEMO
REC-TG24-017,FOODLINK Demo Recipient Peddapalli 17,COMMUNITY_KITCHEN,"Demo Service Area, Peddapalli, Telangana",Peddapalli,Telangana,504541,18.657814,79.331959,244,74,vegetables|rice|biryani,08:00-21:00,True,SYNTHETIC_DEMO
REC-TG24-018,FOODLINK Demo Recipient Peddapalli 18,FOOD_BANK,"Demo Service Area, Peddapalli, Telangana",Peddapalli,Telangana,501244,18.591647,79.343767,285,127,fruits|cooked_meal|bread,08:00-21:00,True,SYNTHETIC_DEMO
REC-TG24-019,FOODLINK Demo Recipient Peddapalli 19,NGO_MEAL_CENTER,"Demo Service Area, Peddapalli, Telangana",Peddapalli,Telangana,508429,18.620673,79.360947,184,16,pulao|bread|cooked_meal,08:00-21:00,False,SYNTHETIC_DEMO
REC-TG24-020,FOODLINK Demo Recipient Peddapalli 20,CHILD_CARE_INSTITUTION,"Demo Service Area, Peddapalli, Telangana",Peddapalli,Telangana,500704,18.651657,79.383349,299,28,packaged_food|cooked_meal|pulao,08:00-21:00,True,SYNTHETIC_DEMO
REC-TG25-001,FOODLINK Demo Recipient Rajanna Sircilla 01,SHELTER,"Demo Service Area, Rajanna Sircilla, Telangana",Rajanna Sircilla,Telangana,501837,18.387598,78.732359,110,40,rice|bread|packaged_food,08:00-21:00,False,SYNTHETIC_DEMO
REC-TG25-002,FOODLINK Demo Recipient Rajanna Sircilla 02,COMMUNITY_KITCHEN,"Demo Service Area, Rajanna Sircilla, Telangana",Rajanna Sircilla,Telangana,500462,18.364491,78.788813,119,17,bread|bakery|dal,08:00-21:00,True,SYNTHETIC_DEMO
REC-TG25-003,FOODLINK Demo Recipient Rajanna Sircilla 03,FOOD_BANK,"Demo Service Area, Rajanna Sircilla, Telangana",Rajanna Sircilla,Telangana,501425,18.431623,78.865717,285,27,biryani|rice|fruits,08:00-21:00,True,SYNTHETIC_DEMO
REC-TG25-004,FOODLINK Demo Recipient Rajanna Sircilla 04,NGO_MEAL_CENTER,"Demo Service Area, Rajanna Sircilla, Telangana",Rajanna Sircilla,Telangana,508021,18.447782,78.780458,50,34,sandwich|rice|fruits,08:00-21:00,True,SYNTHETIC_DEMO
REC-TG25-005,FOODLINK Demo Recipient Rajanna Sircilla 05,CHILD_CARE_INSTITUTION,"Demo Service Area, Rajanna Sircilla, Telangana",Rajanna Sircilla,Telangana,500401,18.423153,78.857369,122,88,cooked_meal|fruits|roti,08:00-21:00,True,SYNTHETIC_DEMO
REC-TG25-006,FOODLINK Demo Recipient Rajanna Sircilla 06,SHELTER,"Demo Service Area, Rajanna Sircilla, Telangana",Rajanna Sircilla,Telangana,508150,18.351416,78.82058,99,54,cooked_meal|dal|pulao,08:00-21:00,True,SYNTHETIC_DEMO
REC-TG25-007,FOODLINK Demo Recipient Rajanna Sircilla 07,COMMUNITY_KITCHEN,"Demo Service Area, Rajanna Sircilla, Telangana",Rajanna Sircilla,Telangana,501432,18.421697,78.779996,69,46,cooked_meal|fruits|biryani,08:00-21:00,False,SYNTHETIC_DEMO
REC-TG25-008,FOODLINK Demo Recipient Rajanna Sircilla 08,FOOD_BANK,"Demo Service Area, Rajanna Sircilla, Telangana",Rajanna Sircilla,Telangana,507598,18.418944,78.834575,205,86,vegetables|rice|fruits,08:00-21:00,True,SYNTHETIC_DEMO
REC-TG25-009,FOODLINK Demo Recipient Rajanna Sircilla 09,NGO_MEAL_CENTER,"Demo Service Area, Rajanna Sircilla, Telangana",Rajanna Sircilla,Telangana,509226,18.355324,78.826637,113,64,roti|vegetables|dal,08:00-21:00,False,SYNTHETIC_DEMO
REC-TG25-010,FOODLINK Demo Recipient Rajanna Sircilla 10,CHILD_CARE_INSTITUTION,"Demo Service Area, Rajanna Sircilla, Telangana",Rajanna Sircilla,Telangana,502114,18.337378,78.86696,46,14,rice|sandwich|pulao,08:00-21:00,True,SYNTHETIC_DEMO
REC-TG25-011,FOODLINK Demo Recipient Rajanna Sircilla 11,SHELTER,"Demo Service Area, Rajanna Sircilla, Telangana",Rajanna Sircilla,Telangana,501464,18.524429,78.799761,212,176,cooked_meal|biryani|bread,08:00-21:00,True,SYNTHETIC_DEMO
REC-TG25-012,FOODLINK Demo Recipient Rajanna Sircilla 12,COMMUNITY_KITCHEN,"Demo Service Area, Rajanna Sircilla, Telangana",Rajanna Sircilla,Telangana,500337,18.467952,78.820762,250,193,packaged_food|sandwich|pulao,08:00-21:00,False,SYNTHETIC_DEMO
REC-TG25-013,FOODLINK Demo Recipient Rajanna Sircilla 13,FOOD_BANK,"Demo Service Area, Rajanna Sircilla, Telangana",Rajanna Sircilla,Telangana,506480,18.360629,78.775059,110,34,fruits|rice|roti,08:00-21:00,True,SYNTHETIC_DEMO
REC-TG25-014,FOODLINK Demo Recipient Rajanna Sircilla 14,NGO_MEAL_CENTER,"Demo Service Area, Rajanna Sircilla, Telangana",Rajanna Sircilla,Telangana,500154,18.4126,78.834966,74,18,packaged_food|bread|biryani,08:00-21:00,True,SYNTHETIC_DEMO
REC-TG25-015,FOODLINK Demo Recipient Rajanna Sircilla 15,CHILD_CARE_INSTITUTION,"Demo Service Area, Rajanna Sircilla, Telangana",Rajanna Sircilla,Telangana,505629,18.360116,78.768703,286,46,dal|fruits|rice,08:00-21:00,False,SYNTHETIC_DEMO
REC-TG25-016,FOODLINK Demo Recipient Rajanna Sircilla 16,SHELTER,"Demo Service Area, Rajanna Sircilla, Telangana",Rajanna Sircilla,Telangana,506123,18.422956,78.730742,247,219,bakery|fruits|vegetables,08:00-21:00,False,SYNTHETIC_DEMO
REC-TG25-017,FOODLINK Demo Recipient Rajanna Sircilla 17,COMMUNITY_KITCHEN,"Demo Service Area, Rajanna Sircilla, Telangana",Rajanna Sircilla,Telangana,500373,18.343583,78.742588,212,174,roti|fruits|bread,08:00-21:00,False,SYNTHETIC_DEMO
REC-TG25-018,FOODLINK Demo Recipient Rajanna Sircilla 18,FOOD_BANK,"Demo Service Area, Rajanna Sircilla, Telangana",Rajanna Sircilla,Telangana,501585,18.355454,78.793921,51,39,bread|cooked_meal|packaged_food,08:00-21:00,False,SYNTHETIC_DEMO
REC-TG25-019,FOODLINK Demo Recipient Rajanna Sircilla 19,NGO_MEAL_CENTER,"Demo Service Area, Rajanna Sircilla, Telangana",Rajanna Sircilla,Telangana,507633,18.334873,78.804789,295,278,sandwich|bread|dal,08:00-21:00,True,SYNTHETIC_DEMO
REC-TG25-020,FOODLINK Demo Recipient Rajanna Sircilla 20,CHILD_CARE_INSTITUTION,"Demo Service Area, Rajanna Sircilla, Telangana",Rajanna Sircilla,Telangana,505686,18.362185,78.862357,222,159,rice|vegetables|bakery,08:00-21:00,False,SYNTHETIC_DEMO
REC-TG26-001,FOODLINK Demo Recipient Rangareddy 01,SHELTER,"Demo Service Area, Rangareddy, Telangana",Rangareddy,Telangana,506645,17.261586,78.44442,202,29,cooked_meal|rice|biryani,08:00-21:00,False,SYNTHETIC_DEMO
REC-TG26-002,FOODLINK Demo Recipient Rangareddy 02,COMMUNITY_KITCHEN,"Demo Service Area, Rangareddy, Telangana",Rangareddy,Telangana,501366,17.193867,78.475764,200,90,bakery|bread|sandwich,08:00-21:00,True,SYNTHETIC_DEMO
REC-TG26-003,FOODLINK Demo Recipient Rangareddy 03,FOOD_BANK,"Demo Service Area, Rangareddy, Telangana",Rangareddy,Telangana,504915,17.285083,78.494214,177,72,roti|sandwich|vegetables,08:00-21:00,False,SYNTHETIC_DEMO
REC-TG26-004,FOODLINK Demo Recipient Rangareddy 04,NGO_MEAL_CENTER,"Demo Service Area, Rangareddy, Telangana",Rangareddy,Telangana,501356,17.198844,78.427176,37,36,roti|packaged_food|rice,08:00-21:00,False,SYNTHETIC_DEMO
REC-TG26-005,FOODLINK Demo Recipient Rangareddy 05,CHILD_CARE_INSTITUTION,"Demo Service Area, Rangareddy, Telangana",Rangareddy,Telangana,500618,17.219801,78.497944,279,96,cooked_meal|rice|pulao,08:00-21:00,True,SYNTHETIC_DEMO
REC-TG26-006,FOODLINK Demo Recipient Rangareddy 06,SHELTER,"Demo Service Area, Rangareddy, Telangana",Rangareddy,Telangana,507859,17.273358,78.470912,177,113,packaged_food|roti|rice,08:00-21:00,False,SYNTHETIC_DEMO
REC-TG26-007,FOODLINK Demo Recipient Rangareddy 07,COMMUNITY_KITCHEN,"Demo Service Area, Rangareddy, Telangana",Rangareddy,Telangana,503111,17.251621,78.451831,244,197,sandwich|dal|rice,08:00-21:00,False,SYNTHETIC_DEMO
REC-TG26-008,FOODLINK Demo Recipient Rangareddy 08,FOOD_BANK,"Demo Service Area, Rangareddy, Telangana",Rangareddy,Telangana,509315,17.291722,78.427987,259,111,biryani|vegetables|cooked_meal,08:00-21:00,False,SYNTHETIC_DEMO
REC-TG26-009,FOODLINK Demo Recipient Rangareddy 09,NGO_MEAL_CENTER,"Demo Service Area, Rangareddy, Telangana",Rangareddy,Telangana,500261,17.210864,78.503994,217,48,bread|fruits|roti,08:00-21:00,True,SYNTHETIC_DEMO
REC-TG26-010,FOODLINK Demo Recipient Rangareddy 10,CHILD_CARE_INSTITUTION,"Demo Service Area, Rangareddy, Telangana",Rangareddy,Telangana,509025,17.312536,78.407929,109,62,biryani|rice|bread,08:00-21:00,True,SYNTHETIC_DEMO
REC-TG26-011,FOODLINK Demo Recipient Rangareddy 11,SHELTER,"Demo Service Area, Rangareddy, Telangana",Rangareddy,Telangana,506718,17.203168,78.478665,152,136,bread|sandwich|bakery,08:00-21:00,True,SYNTHETIC_DEMO
REC-TG26-012,FOODLINK Demo Recipient Rangareddy 12,COMMUNITY_KITCHEN,"Demo Service Area, Rangareddy, Telangana",Rangareddy,Telangana,508944,17.283249,78.335052,61,12,biryani|fruits|bread,08:00-21:00,False,SYNTHETIC_DEMO
REC-TG26-013,FOODLINK Demo Recipient Rangareddy 13,FOOD_BANK,"Demo Service Area, Rangareddy, Telangana",Rangareddy,Telangana,506778,17.214927,78.488703,182,40,bread|roti|sandwich,08:00-21:00,False,SYNTHETIC_DEMO
REC-TG26-014,FOODLINK Demo Recipient Rangareddy 14,NGO_MEAL_CENTER,"Demo Service Area, Rangareddy, Telangana",Rangareddy,Telangana,506892,17.193717,78.420229,115,45,bakery|bread|rice,08:00-21:00,True,SYNTHETIC_DEMO
REC-TG26-015,FOODLINK Demo Recipient Rangareddy 15,CHILD_CARE_INSTITUTION,"Demo Service Area, Rangareddy, Telangana",Rangareddy,Telangana,500363,17.267917,78.4499,173,69,pulao|vegetables|sandwich,08:00-21:00,True,SYNTHETIC_DEMO
REC-TG26-016,FOODLINK Demo Recipient Rangareddy 16,SHELTER,"Demo Service Area, Rangareddy, Telangana",Rangareddy,Telangana,505261,17.282274,78.47392,278,132,rice|dal|vegetables,08:00-21:00,True,SYNTHETIC_DEMO
REC-TG26-017,FOODLINK Demo Recipient Rangareddy 17,COMMUNITY_KITCHEN,"Demo Service Area, Rangareddy, Telangana",Rangareddy,Telangana,502026,17.194597,78.410024,170,161,vegetables|pulao|dal,08:00-21:00,True,SYNTHETIC_DEMO
REC-TG26-018,FOODLINK Demo Recipient Rangareddy 18,FOOD_BANK,"Demo Service Area, Rangareddy, Telangana",Rangareddy,Telangana,503970,17.278842,78.422723,67,50,biryani|packaged_food|roti,08:00-21:00,False,SYNTHETIC_DEMO
REC-TG26-019,FOODLINK Demo Recipient Rangareddy 19,NGO_MEAL_CENTER,"Demo Service Area, Rangareddy, Telangana",Rangareddy,Telangana,501101,17.225908,78.437448,227,195,cooked_meal|roti|vegetables,08:00-21:00,False,SYNTHETIC_DEMO
REC-TG26-020,FOODLINK Demo Recipient Rangareddy 20,CHILD_CARE_INSTITUTION,"Demo Service Area, Rangareddy, Telangana",Rangareddy,Telangana,500498,17.209677,78.418243,275,243,bread|roti|biryani,08:00-21:00,False,SYNTHETIC_DEMO
REC-TG27-001,FOODLINK Demo Recipient Sangareddy 01,SHELTER,"Demo Service Area, Sangareddy, Telangana",Sangareddy,Telangana,506587,17.626529,78.070338,243,135,bread|cooked_meal|vegetables,08:00-21:00,False,SYNTHETIC_DEMO
REC-TG27-002,FOODLINK Demo Recipient Sangareddy 02,COMMUNITY_KITCHEN,"Demo Service Area, Sangareddy, Telangana",Sangareddy,Telangana,500640,17.658385,78.15894,198,158,vegetables|biryani|dal,08:00-21:00,True,SYNTHETIC_DEMO
REC-TG27-003,FOODLINK Demo Recipient Sangareddy 03,FOOD_BANK,"Demo Service Area, Sangareddy, Telangana",Sangareddy,Telangana,504025,17.631992,78.107269,59,43,cooked_meal|dal|roti,08:00-21:00,False,SYNTHETIC_DEMO
REC-TG27-004,FOODLINK Demo Recipient Sangareddy 04,NGO_MEAL_CENTER,"Demo Service Area, Sangareddy, Telangana",Sangareddy,Telangana,507271,17.608468,77.961328,252,146,biryani|packaged_food|bakery,08:00-21:00,True,SYNTHETIC_DEMO
REC-TG27-005,FOODLINK Demo Recipient Sangareddy 05,CHILD_CARE_INSTITUTION,"Demo Service Area, Sangareddy, Telangana",Sangareddy,Telangana,503287,17.631453,78.080482,298,181,bread|vegetables|pulao,08:00-21:00,False,SYNTHETIC_DEMO
REC-TG27-006,FOODLINK Demo Recipient Sangareddy 06,SHELTER,"Demo Service Area, Sangareddy, Telangana",Sangareddy,Telangana,508816,17.62535,78.070258,40,21,sandwich|cooked_meal|packaged_food,08:00-21:00,False,SYNTHETIC_DEMO
REC-TG27-007,FOODLINK Demo Recipient Sangareddy 07,COMMUNITY_KITCHEN,"Demo Service Area, Sangareddy, Telangana",Sangareddy,Telangana,508215,17.557526,78.056725,284,185,pulao|roti|cooked_meal,08:00-21:00,True,SYNTHETIC_DEMO
REC-TG27-008,FOODLINK Demo Recipient Sangareddy 08,FOOD_BANK,"Demo Service Area, Sangareddy, Telangana",Sangareddy,Telangana,502955,17.611486,78.093164,241,227,bread|cooked_meal|packaged_food,08:00-21:00,True,SYNTHETIC_DEMO
REC-TG27-009,FOODLINK Demo Recipient Sangareddy 09,NGO_MEAL_CENTER,"Demo Service Area, Sangareddy, Telangana",Sangareddy,Telangana,500067,17.643176,78.081946,124,20,pulao|sandwich|cooked_meal,08:00-21:00,False,SYNTHETIC_DEMO
REC-TG27-010,FOODLINK Demo Recipient Sangareddy 10,CHILD_CARE_INSTITUTION,"Demo Service Area, Sangareddy, Telangana",Sangareddy,Telangana,507937,17.588194,78.035881,114,111,vegetables|sandwich|fruits,08:00-21:00,True,SYNTHETIC_DEMO
REC-TG27-011,FOODLINK Demo Recipient Sangareddy 11,SHELTER,"Demo Service Area, Sangareddy, Telangana",Sangareddy,Telangana,504322,17.540379,78.060755,216,45,bread|fruits|dal,08:00-21:00,False,SYNTHETIC_DEMO
REC-TG27-012,FOODLINK Demo Recipient Sangareddy 12,COMMUNITY_KITCHEN,"Demo Service Area, Sangareddy, Telangana",Sangareddy,Telangana,500811,17.567857,78.114935,221,187,packaged_food|rice|biryani,08:00-21:00,True,SYNTHETIC_DEMO
REC-TG27-013,FOODLINK Demo Recipient Sangareddy 13,FOOD_BANK,"Demo Service Area, Sangareddy, Telangana",Sangareddy,Telangana,502086,17.622185,77.984217,244,134,fruits|rice|bakery,08:00-21:00,False,SYNTHETIC_DEMO
REC-TG27-014,FOODLINK Demo Recipient Sangareddy 14,NGO_MEAL_CENTER,"Demo Service Area, Sangareddy, Telangana",Sangareddy,Telangana,507479,17.629181,78.125499,224,173,pulao|dal|bakery,08:00-21:00,False,SYNTHETIC_DEMO
REC-TG27-015,FOODLINK Demo Recipient Sangareddy 15,CHILD_CARE_INSTITUTION,"Demo Service Area, Sangareddy, Telangana",Sangareddy,Telangana,506448,17.671894,78.03897,195,148,bakery|dal|roti,08:00-21:00,False,SYNTHETIC_DEMO
REC-TG27-016,FOODLINK Demo Recipient Sangareddy 16,SHELTER,"Demo Service Area, Sangareddy, Telangana",Sangareddy,Telangana,505190,17.659663,78.010772,105,102,biryani|roti|vegetables,08:00-21:00,True,SYNTHETIC_DEMO
REC-TG27-017,FOODLINK Demo Recipient Sangareddy 17,COMMUNITY_KITCHEN,"Demo Service Area, Sangareddy, Telangana",Sangareddy,Telangana,506093,17.647679,78.053688,278,227,sandwich|fruits|vegetables,08:00-21:00,True,SYNTHETIC_DEMO
REC-TG27-018,FOODLINK Demo Recipient Sangareddy 18,FOOD_BANK,"Demo Service Area, Sangareddy, Telangana",Sangareddy,Telangana,505956,17.626879,78.066195,59,29,rice|pulao|fruits,08:00-21:00,True,SYNTHETIC_DEMO
REC-TG27-019,FOODLINK Demo Recipient Sangareddy 19,NGO_MEAL_CENTER,"Demo Service Area, Sangareddy, Telangana",Sangareddy,Telangana,504843,17.599777,78.081301,292,17,bakery|rice|cooked_meal,08:00-21:00,False,SYNTHETIC_DEMO
REC-TG27-020,FOODLINK Demo Recipient Sangareddy 20,CHILD_CARE_INSTITUTION,"Demo Service Area, Sangareddy, Telangana",Sangareddy,Telangana,506076,17.585925,78.093635,245,63,biryani|bread|bakery,08:00-21:00,True,SYNTHETIC_DEMO
REC-TG28-001,FOODLINK Demo Recipient Siddipet 01,SHELTER,"Demo Service Area, Siddipet, Telangana",Siddipet,Telangana,508858,18.038231,78.792824,176,119,bakery|roti|vegetables,08:00-21:00,False,SYNTHETIC_DEMO
REC-TG28-002,FOODLINK Demo Recipient Siddipet 02,COMMUNITY_KITCHEN,"Demo Service Area, Siddipet, Telangana",Siddipet,Telangana,502442,18.165748,78.894138,61,54,rice|biryani|bread,08:00-21:00,False,SYNTHETIC_DEMO
REC-TG28-003,FOODLINK Demo Recipient Siddipet 03,FOOD_BANK,"Demo Service Area, Siddipet, Telangana",Siddipet,Telangana,507990,18.042891,78.879483,40,25,fruits|pulao|bakery,08:00-21:00,True,SYNTHETIC_DEMO
REC-TG28-004,FOODLINK Demo Recipient Siddipet 04,NGO_MEAL_CENTER,"Demo Service Area, Siddipet, Telangana",Siddipet,Telangana,500758,18.141821,78.895864,166,152,packaged_food|bread|dal,08:00-21:00,False,SYNTHETIC_DEMO
REC-TG28-005,FOODLINK Demo Recipient Siddipet 05,CHILD_CARE_INSTITUTION,"Demo Service Area, Siddipet, Telangana",Siddipet,Telangana,508371,18.113749,78.856028,183,183,biryani|rice|bread,08:00-21:00,False,SYNTHETIC_DEMO
REC-TG28-006,FOODLINK Demo Recipient Siddipet 06,SHELTER,"Demo Service Area, Siddipet, Telangana",Siddipet,Telangana,505980,18.166637,78.850119,117,51,packaged_food|rice|sandwich,08:00-21:00,True,SYNTHETIC_DEMO
REC-TG28-007,FOODLINK Demo Recipient Siddipet 07,COMMUNITY_KITCHEN,"Demo Service Area, Siddipet, Telangana",Siddipet,Telangana,507919,18.090841,78.911496,199,85,roti|dal|pulao,08:00-21:00,False,SYNTHETIC_DEMO
REC-TG28-008,FOODLINK Demo Recipient Siddipet 08,FOOD_BANK,"Demo Service Area, Siddipet, Telangana",Siddipet,Telangana,507458,18.121947,78.876565,161,128,bread|cooked_meal|biryani,08:00-21:00,False,SYNTHETIC_DEMO
REC-TG28-009,FOODLINK Demo Recipient Siddipet 09,NGO_MEAL_CENTER,"Demo Service Area, Siddipet, Telangana",Siddipet,Telangana,500443,18.150208,78.868054,100,31,sandwich|bread|bakery,08:00-21:00,False,SYNTHETIC_DEMO
REC-TG28-010,FOODLINK Demo Recipient Siddipet 10,CHILD_CARE_INSTITUTION,"Demo Service Area, Siddipet, Telangana",Siddipet,Telangana,509866,18.069068,78.853815,165,44,biryani|rice|vegetables,08:00-21:00,False,SYNTHETIC_DEMO
REC-TG28-011,FOODLINK Demo Recipient Siddipet 11,SHELTER,"Demo Service Area, Siddipet, Telangana",Siddipet,Telangana,502257,18.119113,78.792439,98,56,fruits|cooked_meal|roti,08:00-21:00,True,SYNTHETIC_DEMO
REC-TG28-012,FOODLINK Demo Recipient Siddipet 12,COMMUNITY_KITCHEN,"Demo Service Area, Siddipet, Telangana",Siddipet,Telangana,504408,18.117637,78.873206,218,86,fruits|biryani|roti,08:00-21:00,False,SYNTHETIC_DEMO
REC-TG28-013,FOODLINK Demo Recipient Siddipet 13,FOOD_BANK,"Demo Service Area, Siddipet, Telangana",Siddipet,Telangana,504508,18.065162,78.859967,227,84,roti|packaged_food|vegetables,08:00-21:00,True,SYNTHETIC_DEMO
REC-TG28-014,FOODLINK Demo Recipient Siddipet 14,NGO_MEAL_CENTER,"Demo Service Area, Siddipet, Telangana",Siddipet,Telangana,501430,18.174047,78.899203,204,47,dal|vegetables|fruits,08:00-21:00,True,SYNTHETIC_DEMO
REC-TG28-015,FOODLINK Demo Recipient Siddipet 15,CHILD_CARE_INSTITUTION,"Demo Service Area, Siddipet, Telangana",Siddipet,Telangana,500618,18.148321,78.775316,112,37,fruits|packaged_food|vegetables,08:00-21:00,True,SYNTHETIC_DEMO
REC-TG28-016,FOODLINK Demo Recipient Siddipet 16,SHELTER,"Demo Service Area, Siddipet, Telangana",Siddipet,Telangana,501137,18.064615,78.884298,38,33,bread|fruits|packaged_food,08:00-21:00,False,SYNTHETIC_DEMO
REC-TG28-017,FOODLINK Demo Recipient Siddipet 17,COMMUNITY_KITCHEN,"Demo Service Area, Siddipet, Telangana",Siddipet,Telangana,502470,18.177247,78.884281,103,98,bread|biryani|roti,08:00-21:00,True,SYNTHETIC_DEMO
REC-TG28-018,FOODLINK Demo Recipient Siddipet 18,FOOD_BANK,"Demo Service Area, Siddipet, Telangana",Siddipet,Telangana,508724,18.118147,78.848741,116,18,biryani|cooked_meal|vegetables,08:00-21:00,True,SYNTHETIC_DEMO
REC-TG28-019,FOODLINK Demo Recipient Siddipet 19,NGO_MEAL_CENTER,"Demo Service Area, Siddipet, Telangana",Siddipet,Telangana,508899,18.126891,78.791811,159,47,biryani|bakery|bread,08:00-21:00,True,SYNTHETIC_DEMO
REC-TG28-020,FOODLINK Demo Recipient Siddipet 20,CHILD_CARE_INSTITUTION,"Demo Service Area, Siddipet, Telangana",Siddipet,Telangana,501073,18.193255,78.805936,132,80,sandwich|cooked_meal|bread,08:00-21:00,True,SYNTHETIC_DEMO
REC-TG29-001,FOODLINK Demo Recipient Suryapet 01,SHELTER,"Demo Service Area, Suryapet, Telangana",Suryapet,Telangana,508782,17.20063,79.701045,242,79,cooked_meal|dal|biryani,08:00-21:00,False,SYNTHETIC_DEMO
REC-TG29-002,FOODLINK Demo Recipient Suryapet 02,COMMUNITY_KITCHEN,"Demo Service Area, Suryapet, Telangana",Suryapet,Telangana,509905,17.060128,79.682824,76,38,pulao|sandwich|rice,08:00-21:00,True,SYNTHETIC_DEMO
REC-TG29-003,FOODLINK Demo Recipient Suryapet 03,FOOD_BANK,"Demo Service Area, Suryapet, Telangana",Suryapet,Telangana,506150,17.143156,79.656275,194,53,fruits|roti|rice,08:00-21:00,False,SYNTHETIC_DEMO
REC-TG29-004,FOODLINK Demo Recipient Suryapet 04,NGO_MEAL_CENTER,"Demo Service Area, Suryapet, Telangana",Suryapet,Telangana,509907,17.105553,79.593925,233,104,bakery|pulao|cooked_meal,08:00-21:00,True,SYNTHETIC_DEMO
REC-TG29-005,FOODLINK Demo Recipient Suryapet 05,CHILD_CARE_INSTITUTION,"Demo Service Area, Suryapet, Telangana",Suryapet,Telangana,502440,17.178779,79.673622,53,33,rice|cooked_meal|roti,08:00-21:00,False,SYNTHETIC_DEMO
REC-TG29-006,FOODLINK Demo Recipient Suryapet 06,SHELTER,"Demo Service Area, Suryapet, Telangana",Suryapet,Telangana,508152,17.100246,79.667343,211,98,rice|packaged_food|pulao,08:00-21:00,True,SYNTHETIC_DEMO
REC-TG29-007,FOODLINK Demo Recipient Suryapet 07,COMMUNITY_KITCHEN,"Demo Service Area, Suryapet, Telangana",Suryapet,Telangana,508520,17.195212,79.648386,270,117,pulao|packaged_food|roti,08:00-21:00,False,SYNTHETIC_DEMO
REC-TG29-008,FOODLINK Demo Recipient Suryapet 08,FOOD_BANK,"Demo Service Area, Suryapet, Telangana",Suryapet,Telangana,505663,17.081916,79.608138,202,109,sandwich|dal|pulao,08:00-21:00,True,SYNTHETIC_DEMO
REC-TG29-009,FOODLINK Demo Recipient Suryapet 09,NGO_MEAL_CENTER,"Demo Service Area, Suryapet, Telangana",Suryapet,Telangana,502488,17.214915,79.615936,194,110,dal|roti|biryani,08:00-21:00,True,SYNTHETIC_DEMO
REC-TG29-010,FOODLINK Demo Recipient Suryapet 10,CHILD_CARE_INSTITUTION,"Demo Service Area, Suryapet, Telangana",Suryapet,Telangana,509037,17.201533,79.622324,186,39,bakery|sandwich|pulao,08:00-21:00,False,SYNTHETIC_DEMO
REC-TG29-011,FOODLINK Demo Recipient Suryapet 11,SHELTER,"Demo Service Area, Suryapet, Telangana",Suryapet,Telangana,502111,17.168048,79.635657,204,166,rice|cooked_meal|vegetables,08:00-21:00,False,SYNTHETIC_DEMO
REC-TG29-012,FOODLINK Demo Recipient Suryapet 12,COMMUNITY_KITCHEN,"Demo Service Area, Suryapet, Telangana",Suryapet,Telangana,508610,17.15811,79.600674,97,87,packaged_food|pulao|cooked_meal,08:00-21:00,False,SYNTHETIC_DEMO
REC-TG29-013,FOODLINK Demo Recipient Suryapet 13,FOOD_BANK,"Demo Service Area, Suryapet, Telangana",Suryapet,Telangana,507512,17.090475,79.541953,72,40,pulao|bread|biryani,08:00-21:00,False,SYNTHETIC_DEMO
REC-TG29-014,FOODLINK Demo Recipient Suryapet 14,NGO_MEAL_CENTER,"Demo Service Area, Suryapet, Telangana",Suryapet,Telangana,501511,17.078754,79.708808,74,74,biryani|dal|bread,08:00-21:00,True,SYNTHETIC_DEMO
REC-TG29-015,FOODLINK Demo Recipient Suryapet 15,CHILD_CARE_INSTITUTION,"Demo Service Area, Suryapet, Telangana",Suryapet,Telangana,505125,17.111504,79.645269,255,81,fruits|pulao|sandwich,08:00-21:00,False,SYNTHETIC_DEMO
REC-TG29-016,FOODLINK Demo Recipient Suryapet 16,SHELTER,"Demo Service Area, Suryapet, Telangana",Suryapet,Telangana,506615,17.159237,79.738192,214,177,pulao|sandwich|bakery,08:00-21:00,True,SYNTHETIC_DEMO
REC-TG29-017,FOODLINK Demo Recipient Suryapet 17,COMMUNITY_KITCHEN,"Demo Service Area, Suryapet, Telangana",Suryapet,Telangana,509617,17.080497,79.677726,58,23,dal|biryani|bakery,08:00-21:00,True,SYNTHETIC_DEMO
REC-TG29-018,FOODLINK Demo Recipient Suryapet 18,FOOD_BANK,"Demo Service Area, Suryapet, Telangana",Suryapet,Telangana,501948,17.137729,79.579881,281,271,cooked_meal|sandwich|fruits,08:00-21:00,False,SYNTHETIC_DEMO
REC-TG29-019,FOODLINK Demo Recipient Suryapet 19,NGO_MEAL_CENTER,"Demo Service Area, Suryapet, Telangana",Suryapet,Telangana,500232,17.131964,79.646863,32,12,fruits|sandwich|vegetables,08:00-21:00,True,SYNTHETIC_DEMO
REC-TG29-020,FOODLINK Demo Recipient Suryapet 20,CHILD_CARE_INSTITUTION,"Demo Service Area, Suryapet, Telangana",Suryapet,Telangana,500153,17.143627,79.584819,142,46,bread|fruits|cooked_meal,08:00-21:00,False,SYNTHETIC_DEMO
REC-TG30-001,FOODLINK Demo Recipient Vikarabad 01,SHELTER,"Demo Service Area, Vikarabad, Telangana",Vikarabad,Telangana,501574,17.349638,77.906079,43,30,dal|biryani|pulao,08:00-21:00,True,SYNTHETIC_DEMO
REC-TG30-002,FOODLINK Demo Recipient Vikarabad 02,COMMUNITY_KITCHEN,"Demo Service Area, Vikarabad, Telangana",Vikarabad,Telangana,508786,17.347281,77.932457,67,42,pulao|bread|bakery,08:00-21:00,False,SYNTHETIC_DEMO
REC-TG30-003,FOODLINK Demo Recipient Vikarabad 03,FOOD_BANK,"Demo Service Area, Vikarabad, Telangana",Vikarabad,Telangana,506857,17.465038,77.887134,69,35,pulao|fruits|rice,08:00-21:00,True,SYNTHETIC_DEMO
REC-TG30-004,FOODLINK Demo Recipient Vikarabad 04,NGO_MEAL_CENTER,"Demo Service Area, Vikarabad, Telangana",Vikarabad,Telangana,503675,17.315666,77.832563,225,127,packaged_food|sandwich|roti,08:00-21:00,False,SYNTHETIC_DEMO
REC-TG30-005,FOODLINK Demo Recipient Vikarabad 05,CHILD_CARE_INSTITUTION,"Demo Service Area, Vikarabad, Telangana",Vikarabad,Telangana,506208,17.320499,77.828996,144,48,biryani|cooked_meal|vegetables,08:00-21:00,True,SYNTHETIC_DEMO
REC-TG30-006,FOODLINK Demo Recipient Vikarabad 06,SHELTER,"Demo Service Area, Vikarabad, Telangana",Vikarabad,Telangana,507605,17.328992,77.9381,40,34,fruits|packaged_food|sandwich,08:00-21:00,True,SYNTHETIC_DEMO
REC-TG30-007,FOODLINK Demo Recipient Vikarabad 07,COMMUNITY_KITCHEN,"Demo Service Area, Vikarabad, Telangana",Vikarabad,Telangana,509590,17.328053,77.846767,41,30,vegetables|biryani|sandwich,08:00-21:00,True,SYNTHETIC_DEMO
REC-TG30-008,FOODLINK Demo Recipient Vikarabad 08,FOOD_BANK,"Demo Service Area, Vikarabad, Telangana",Vikarabad,Telangana,505063,17.363564,77.901073,144,47,fruits|bread|bakery,08:00-21:00,True,SYNTHETIC_DEMO
REC-TG30-009,FOODLINK Demo Recipient Vikarabad 09,NGO_MEAL_CENTER,"Demo Service Area, Vikarabad, Telangana",Vikarabad,Telangana,504374,17.370769,77.884224,69,10,bakery|packaged_food|cooked_meal,08:00-21:00,False,SYNTHETIC_DEMO
REC-TG30-010,FOODLINK Demo Recipient Vikarabad 10,CHILD_CARE_INSTITUTION,"Demo Service Area, Vikarabad, Telangana",Vikarabad,Telangana,502204,17.296211,77.924696,123,118,cooked_meal|rice|biryani,08:00-21:00,False,SYNTHETIC_DEMO
REC-TG30-011,FOODLINK Demo Recipient Vikarabad 11,SHELTER,"Demo Service Area, Vikarabad, Telangana",Vikarabad,Telangana,503705,17.294463,77.964826,67,57,pulao|rice|fruits,08:00-21:00,False,SYNTHETIC_DEMO
REC-TG30-012,FOODLINK Demo Recipient Vikarabad 12,COMMUNITY_KITCHEN,"Demo Service Area, Vikarabad, Telangana",Vikarabad,Telangana,501555,17.314821,77.88254,30,30,sandwich|bread|fruits,08:00-21:00,True,SYNTHETIC_DEMO
REC-TG30-013,FOODLINK Demo Recipient Vikarabad 13,FOOD_BANK,"Demo Service Area, Vikarabad, Telangana",Vikarabad,Telangana,504635,17.329295,77.829318,268,32,pulao|packaged_food|dal,08:00-21:00,True,SYNTHETIC_DEMO
REC-TG30-014,FOODLINK Demo Recipient Vikarabad 14,NGO_MEAL_CENTER,"Demo Service Area, Vikarabad, Telangana",Vikarabad,Telangana,508427,17.32707,77.91755,68,49,packaged_food|pulao|roti,08:00-21:00,False,SYNTHETIC_DEMO
REC-TG30-015,FOODLINK Demo Recipient Vikarabad 15,CHILD_CARE_INSTITUTION,"Demo Service Area, Vikarabad, Telangana",Vikarabad,Telangana,504000,17.332551,77.922152,40,23,rice|packaged_food|dal,08:00-21:00,False,SYNTHETIC_DEMO
REC-TG30-016,FOODLINK Demo Recipient Vikarabad 16,SHELTER,"Demo Service Area, Vikarabad, Telangana",Vikarabad,Telangana,501047,17.317927,77.87106,173,71,bakery|fruits|dal,08:00-21:00,True,SYNTHETIC_DEMO
REC-TG30-017,FOODLINK Demo Recipient Vikarabad 17,COMMUNITY_KITCHEN,"Demo Service Area, Vikarabad, Telangana",Vikarabad,Telangana,505112,17.380146,77.959439,72,27,fruits|bakery|bread,08:00-21:00,False,SYNTHETIC_DEMO
REC-TG30-018,FOODLINK Demo Recipient Vikarabad 18,FOOD_BANK,"Demo Service Area, Vikarabad, Telangana",Vikarabad,Telangana,509206,17.347395,77.914588,170,97,biryani|bakery|roti,08:00-21:00,False,SYNTHETIC_DEMO
REC-TG30-019,FOODLINK Demo Recipient Vikarabad 19,NGO_MEAL_CENTER,"Demo Service Area, Vikarabad, Telangana",Vikarabad,Telangana,509228,17.302135,77.968399,103,33,packaged_food|dal|vegetables,08:00-21:00,False,SYNTHETIC_DEMO
REC-TG30-020,FOODLINK Demo Recipient Vikarabad 20,CHILD_CARE_INSTITUTION,"Demo Service Area, Vikarabad, Telangana",Vikarabad,Telangana,506520,17.274777,77.900043,276,151,pulao|sandwich|cooked_meal,08:00-21:00,False,SYNTHETIC_DEMO
REC-TG31-001,FOODLINK Demo Recipient Wanaparthy 01,SHELTER,"Demo Service Area, Wanaparthy, Telangana",Wanaparthy,Telangana,503426,16.357771,78.185278,151,123,bread|cooked_meal|pulao,08:00-21:00,True,SYNTHETIC_DEMO
REC-TG31-002,FOODLINK Demo Recipient Wanaparthy 02,COMMUNITY_KITCHEN,"Demo Service Area, Wanaparthy, Telangana",Wanaparthy,Telangana,503240,16.346323,78.066119,81,53,packaged_food|biryani|bread,08:00-21:00,True,SYNTHETIC_DEMO
REC-TG31-003,FOODLINK Demo Recipient Wanaparthy 03,FOOD_BANK,"Demo Service Area, Wanaparthy, Telangana",Wanaparthy,Telangana,502952,16.379767,78.00734,262,169,packaged_food|pulao|dal,08:00-21:00,False,SYNTHETIC_DEMO
REC-TG31-004,FOODLINK Demo Recipient Wanaparthy 04,NGO_MEAL_CENTER,"Demo Service Area, Wanaparthy, Telangana",Wanaparthy,Telangana,502016,16.380782,78.13689,190,189,pulao|bakery|cooked_meal,08:00-21:00,False,SYNTHETIC_DEMO
REC-TG31-005,FOODLINK Demo Recipient Wanaparthy 05,CHILD_CARE_INSTITUTION,"Demo Service Area, Wanaparthy, Telangana",Wanaparthy,Telangana,506947,16.339944,78.007464,65,28,vegetables|cooked_meal|bakery,08:00-21:00,False,SYNTHETIC_DEMO
REC-TG31-006,FOODLINK Demo Recipient Wanaparthy 06,SHELTER,"Demo Service Area, Wanaparthy, Telangana",Wanaparthy,Telangana,500696,16.303418,78.075337,147,29,packaged_food|vegetables|dal,08:00-21:00,False,SYNTHETIC_DEMO
REC-TG31-007,FOODLINK Demo Recipient Wanaparthy 07,COMMUNITY_KITCHEN,"Demo Service Area, Wanaparthy, Telangana",Wanaparthy,Telangana,502022,16.327996,78.064526,199,140,sandwich|bakery|roti,08:00-21:00,True,SYNTHETIC_DEMO
REC-TG31-008,FOODLINK Demo Recipient Wanaparthy 08,FOOD_BANK,"Demo Service Area, Wanaparthy, Telangana",Wanaparthy,Telangana,500525,16.298392,77.956711,149,91,cooked_meal|vegetables|biryani,08:00-21:00,False,SYNTHETIC_DEMO
REC-TG31-009,FOODLINK Demo Recipient Wanaparthy 09,NGO_MEAL_CENTER,"Demo Service Area, Wanaparthy, Telangana",Wanaparthy,Telangana,509903,16.44259,78.033358,47,30,sandwich|bakery|cooked_meal,08:00-21:00,False,SYNTHETIC_DEMO
REC-TG31-010,FOODLINK Demo Recipient Wanaparthy 10,CHILD_CARE_INSTITUTION,"Demo Service Area, Wanaparthy, Telangana",Wanaparthy,Telangana,502422,16.28918,78.172084,94,11,rice|bread|sandwich,08:00-21:00,True,SYNTHETIC_DEMO
REC-TG31-011,FOODLINK Demo Recipient Wanaparthy 11,SHELTER,"Demo Service Area, Wanaparthy, Telangana",Wanaparthy,Telangana,503570,16.422867,78.17101,102,38,fruits|biryani|vegetables,08:00-21:00,True,SYNTHETIC_DEMO
REC-TG31-012,FOODLINK Demo Recipient Wanaparthy 12,COMMUNITY_KITCHEN,"Demo Service Area, Wanaparthy, Telangana",Wanaparthy,Telangana,504083,16.332692,78.071962,71,20,dal|rice|biryani,08:00-21:00,False,SYNTHETIC_DEMO
REC-TG31-013,FOODLINK Demo Recipient Wanaparthy 13,FOOD_BANK,"Demo Service Area, Wanaparthy, Telangana",Wanaparthy,Telangana,505650,16.391962,78.062563,145,120,rice|roti|bakery,08:00-21:00,True,SYNTHETIC_DEMO
REC-TG31-014,FOODLINK Demo Recipient Wanaparthy 14,NGO_MEAL_CENTER,"Demo Service Area, Wanaparthy, Telangana",Wanaparthy,Telangana,509801,16.314468,78.095986,90,25,packaged_food|sandwich|bread,08:00-21:00,True,SYNTHETIC_DEMO
REC-TG31-015,FOODLINK Demo Recipient Wanaparthy 15,CHILD_CARE_INSTITUTION,"Demo Service Area, Wanaparthy, Telangana",Wanaparthy,Telangana,506628,16.415988,78.083138,219,91,vegetables|rice|bakery,08:00-21:00,False,SYNTHETIC_DEMO
REC-TG31-016,FOODLINK Demo Recipient Wanaparthy 16,SHELTER,"Demo Service Area, Wanaparthy, Telangana",Wanaparthy,Telangana,508118,16.370898,78.093636,178,30,fruits|packaged_food|dal,08:00-21:00,True,SYNTHETIC_DEMO
REC-TG31-017,FOODLINK Demo Recipient Wanaparthy 17,COMMUNITY_KITCHEN,"Demo Service Area, Wanaparthy, Telangana",Wanaparthy,Telangana,504423,16.359505,78.060196,272,186,vegetables|dal|packaged_food,08:00-21:00,True,SYNTHETIC_DEMO
REC-TG31-018,FOODLINK Demo Recipient Wanaparthy 18,FOOD_BANK,"Demo Service Area, Wanaparthy, Telangana",Wanaparthy,Telangana,503418,16.40647,77.971873,95,32,roti|bakery|biryani,08:00-21:00,True,SYNTHETIC_DEMO
REC-TG31-019,FOODLINK Demo Recipient Wanaparthy 19,NGO_MEAL_CENTER,"Demo Service Area, Wanaparthy, Telangana",Wanaparthy,Telangana,504485,16.420929,78.122311,163,38,bread|pulao|biryani,08:00-21:00,False,SYNTHETIC_DEMO
REC-TG31-020,FOODLINK Demo Recipient Wanaparthy 20,CHILD_CARE_INSTITUTION,"Demo Service Area, Wanaparthy, Telangana",Wanaparthy,Telangana,504858,16.315001,78.034188,246,239,fruits|biryani|bakery,08:00-21:00,True,SYNTHETIC_DEMO
REC-TG32-001,FOODLINK Demo Recipient Warangal 01,SHELTER,"Demo Service Area, Warangal, Telangana",Warangal,Telangana,502812,18.054936,79.564025,208,185,rice|bakery|packaged_food,08:00-21:00,True,SYNTHETIC_DEMO
REC-TG32-002,FOODLINK Demo Recipient Warangal 02,COMMUNITY_KITCHEN,"Demo Service Area, Warangal, Telangana",Warangal,Telangana,509993,17.993133,79.582596,143,33,vegetables|bakery|sandwich,08:00-21:00,False,SYNTHETIC_DEMO
REC-TG32-003,FOODLINK Demo Recipient Warangal 03,FOOD_BANK,"Demo Service Area, Warangal, Telangana",Warangal,Telangana,504506,17.927821,79.613897,282,90,sandwich|bread|rice,08:00-21:00,True,SYNTHETIC_DEMO
REC-TG32-004,FOODLINK Demo Recipient Warangal 04,NGO_MEAL_CENTER,"Demo Service Area, Warangal, Telangana",Warangal,Telangana,502973,17.947335,79.621185,280,156,vegetables|rice|fruits,08:00-21:00,True,SYNTHETIC_DEMO
REC-TG32-005,FOODLINK Demo Recipient Warangal 05,CHILD_CARE_INSTITUTION,"Demo Service Area, Warangal, Telangana",Warangal,Telangana,508358,17.922001,79.605494,185,45,sandwich|biryani|bread,08:00-21:00,False,SYNTHETIC_DEMO
REC-TG32-006,FOODLINK Demo Recipient Warangal 06,SHELTER,"Demo Service Area, Warangal, Telangana",Warangal,Telangana,505128,17.964089,79.615236,216,197,fruits|vegetables|bakery,08:00-21:00,True,SYNTHETIC_DEMO
REC-TG32-007,FOODLINK Demo Recipient Warangal 07,COMMUNITY_KITCHEN,"Demo Service Area, Warangal, Telangana",Warangal,Telangana,500954,18.009313,79.671627,213,130,vegetables|fruits|dal,08:00-21:00,True,SYNTHETIC_DEMO
REC-TG32-008,FOODLINK Demo Recipient Warangal 08,FOOD_BANK,"Demo Service Area, Warangal, Telangana",Warangal,Telangana,508905,17.978633,79.602892,254,198,roti|bread|biryani,08:00-21:00,True,SYNTHETIC_DEMO
REC-TG32-009,FOODLINK Demo Recipient Warangal 09,NGO_MEAL_CENTER,"Demo Service Area, Warangal, Telangana",Warangal,Telangana,503179,17.934987,79.565128,290,164,roti|sandwich|fruits,08:00-21:00,False,SYNTHETIC_DEMO
REC-TG32-010,FOODLINK Demo Recipient Warangal 10,CHILD_CARE_INSTITUTION,"Demo Service Area, Warangal, Telangana",Warangal,Telangana,506113,18.004827,79.620873,300,54,vegetables|packaged_food|fruits,08:00-21:00,True,SYNTHETIC_DEMO
REC-TG32-011,FOODLINK Demo Recipient Warangal 11,SHELTER,"Demo Service Area, Warangal, Telangana",Warangal,Telangana,506267,17.947207,79.586281,241,43,cooked_meal|bread|vegetables,08:00-21:00,False,SYNTHETIC_DEMO
REC-TG32-012,FOODLINK Demo Recipient Warangal 12,COMMUNITY_KITCHEN,"Demo Service Area, Warangal, Telangana",Warangal,Telangana,507586,17.97168,79.586663,261,188,vegetables|dal|cooked_meal,08:00-21:00,False,SYNTHETIC_DEMO
REC-TG32-013,FOODLINK Demo Recipient Warangal 13,FOOD_BANK,"Demo Service Area, Warangal, Telangana",Warangal,Telangana,504743,17.973935,79.61206,168,25,packaged_food|vegetables|fruits,08:00-21:00,True,SYNTHETIC_DEMO
REC-TG32-014,FOODLINK Demo Recipient Warangal 14,NGO_MEAL_CENTER,"Demo Service Area, Warangal, Telangana",Warangal,Telangana,504910,18.017362,79.626206,97,57,fruits|cooked_meal|sandwich,08:00-21:00,True,SYNTHETIC_DEMO
REC-TG32-015,FOODLINK Demo Recipient Warangal 15,CHILD_CARE_INSTITUTION,"Demo Service Area, Warangal, Telangana",Warangal,Telangana,500710,17.949057,79.565822,39,29,vegetables|bread|sandwich,08:00-21:00,False,SYNTHETIC_DEMO
REC-TG32-016,FOODLINK Demo Recipient Warangal 16,SHELTER,"Demo Service Area, Warangal, Telangana",Warangal,Telangana,501637,17.878712,79.584218,137,91,dal|pulao|bakery,08:00-21:00,False,SYNTHETIC_DEMO
REC-TG32-017,FOODLINK Demo Recipient Warangal 17,COMMUNITY_KITCHEN,"Demo Service Area, Warangal, Telangana",Warangal,Telangana,509619,17.941292,79.476551,269,75,dal|sandwich|biryani,08:00-21:00,False,SYNTHETIC_DEMO
REC-TG32-018,FOODLINK Demo Recipient Warangal 18,FOOD_BANK,"Demo Service Area, Warangal, Telangana",Warangal,Telangana,505566,17.981904,79.577422,195,193,dal|sandwich|rice,08:00-21:00,True,SYNTHETIC_DEMO
REC-TG32-019,FOODLINK Demo Recipient Warangal 19,NGO_MEAL_CENTER,"Demo Service Area, Warangal, Telangana",Warangal,Telangana,504842,17.958541,79.628059,124,85,roti|pulao|rice,08:00-21:00,True,SYNTHETIC_DEMO
REC-TG32-020,FOODLINK Demo Recipient Warangal 20,CHILD_CARE_INSTITUTION,"Demo Service Area, Warangal, Telangana",Warangal,Telangana,502359,17.898992,79.618866,163,22,roti|dal|fruits,08:00-21:00,True,SYNTHETIC_DEMO
REC-TG33-001,FOODLINK Demo Recipient Yadadri Bhuvanagiri 01,SHELTER,"Demo Service Area, Yadadri Bhuvanagiri, Telangana",Yadadri Bhuvanagiri,Telangana,501174,17.522692,78.850984,282,254,biryani|sandwich|rice,08:00-21:00,True,SYNTHETIC_DEMO
REC-TG33-002,FOODLINK Demo Recipient Yadadri Bhuvanagiri 02,COMMUNITY_KITCHEN,"Demo Service Area, Yadadri Bhuvanagiri, Telangana",Yadadri Bhuvanagiri,Telangana,500931,17.581094,78.887343,58,40,packaged_food|roti|biryani,08:00-21:00,False,SYNTHETIC_DEMO
REC-TG33-003,FOODLINK Demo Recipient Yadadri Bhuvanagiri 03,FOOD_BANK,"Demo Service Area, Yadadri Bhuvanagiri, Telangana",Yadadri Bhuvanagiri,Telangana,502024,17.478612,78.858606,231,24,bakery|rice|biryani,08:00-21:00,False,SYNTHETIC_DEMO
REC-TG33-004,FOODLINK Demo Recipient Yadadri Bhuvanagiri 04,NGO_MEAL_CENTER,"Demo Service Area, Yadadri Bhuvanagiri, Telangana",Yadadri Bhuvanagiri,Telangana,500825,17.547969,78.841001,80,58,sandwich|vegetables|biryani,08:00-21:00,False,SYNTHETIC_DEMO
REC-TG33-005,FOODLINK Demo Recipient Yadadri Bhuvanagiri 05,CHILD_CARE_INSTITUTION,"Demo Service Area, Yadadri Bhuvanagiri, Telangana",Yadadri Bhuvanagiri,Telangana,503344,17.501306,78.876376,232,136,sandwich|packaged_food|pulao,08:00-21:00,True,SYNTHETIC_DEMO
REC-TG33-006,FOODLINK Demo Recipient Yadadri Bhuvanagiri 06,SHELTER,"Demo Service Area, Yadadri Bhuvanagiri, Telangana",Yadadri Bhuvanagiri,Telangana,504098,17.467625,78.85859,180,53,bakery|packaged_food|pulao,08:00-21:00,False,SYNTHETIC_DEMO
REC-TG33-007,FOODLINK Demo Recipient Yadadri Bhuvanagiri 07,COMMUNITY_KITCHEN,"Demo Service Area, Yadadri Bhuvanagiri, Telangana",Yadadri Bhuvanagiri,Telangana,501718,17.508425,79.041432,181,117,fruits|roti|dal,08:00-21:00,False,SYNTHETIC_DEMO
REC-TG33-008,FOODLINK Demo Recipient Yadadri Bhuvanagiri 08,FOOD_BANK,"Demo Service Area, Yadadri Bhuvanagiri, Telangana",Yadadri Bhuvanagiri,Telangana,504612,17.604749,78.880771,159,86,bread|dal|bakery,08:00-21:00,False,SYNTHETIC_DEMO
REC-TG33-009,FOODLINK Demo Recipient Yadadri Bhuvanagiri 09,NGO_MEAL_CENTER,"Demo Service Area, Yadadri Bhuvanagiri, Telangana",Yadadri Bhuvanagiri,Telangana,508001,17.477251,78.855164,193,38,fruits|vegetables|rice,08:00-21:00,True,SYNTHETIC_DEMO
REC-TG33-010,FOODLINK Demo Recipient Yadadri Bhuvanagiri 10,CHILD_CARE_INSTITUTION,"Demo Service Area, Yadadri Bhuvanagiri, Telangana",Yadadri Bhuvanagiri,Telangana,508426,17.455076,78.826243,49,11,dal|bread|fruits,08:00-21:00,True,SYNTHETIC_DEMO
REC-TG33-011,FOODLINK Demo Recipient Yadadri Bhuvanagiri 11,SHELTER,"Demo Service Area, Yadadri Bhuvanagiri, Telangana",Yadadri Bhuvanagiri,Telangana,502831,17.463808,78.839908,147,107,vegetables|pulao|bread,08:00-21:00,True,SYNTHETIC_DEMO
REC-TG33-012,FOODLINK Demo Recipient Yadadri Bhuvanagiri 12,COMMUNITY_KITCHEN,"Demo Service Area, Yadadri Bhuvanagiri, Telangana",Yadadri Bhuvanagiri,Telangana,500273,17.481421,78.837809,244,187,roti|biryani|cooked_meal,08:00-21:00,False,SYNTHETIC_DEMO
REC-TG33-013,FOODLINK Demo Recipient Yadadri Bhuvanagiri 13,FOOD_BANK,"Demo Service Area, Yadadri Bhuvanagiri, Telangana",Yadadri Bhuvanagiri,Telangana,508566,17.479645,78.940203,284,276,bakery|roti|cooked_meal,08:00-21:00,True,SYNTHETIC_DEMO
REC-TG33-014,FOODLINK Demo Recipient Yadadri Bhuvanagiri 14,NGO_MEAL_CENTER,"Demo Service Area, Yadadri Bhuvanagiri, Telangana",Yadadri Bhuvanagiri,Telangana,500407,17.532979,78.869458,65,60,dal|biryani|fruits,08:00-21:00,True,SYNTHETIC_DEMO
REC-TG33-015,FOODLINK Demo Recipient Yadadri Bhuvanagiri 15,CHILD_CARE_INSTITUTION,"Demo Service Area, Yadadri Bhuvanagiri, Telangana",Yadadri Bhuvanagiri,Telangana,500843,17.540933,78.840851,83,66,dal|vegetables|roti,08:00-21:00,False,SYNTHETIC_DEMO
REC-TG33-016,FOODLINK Demo Recipient Yadadri Bhuvanagiri 16,SHELTER,"Demo Service Area, Yadadri Bhuvanagiri, Telangana",Yadadri Bhuvanagiri,Telangana,501744,17.529323,78.849591,150,93,vegetables|packaged_food|bread,08:00-21:00,True,SYNTHETIC_DEMO
REC-TG33-017,FOODLINK Demo Recipient Yadadri Bhuvanagiri 17,COMMUNITY_KITCHEN,"Demo Service Area, Yadadri Bhuvanagiri, Telangana",Yadadri Bhuvanagiri,Telangana,503502,17.503421,78.886398,116,51,vegetables|rice|bakery,08:00-21:00,False,SYNTHETIC_DEMO
REC-TG33-018,FOODLINK Demo Recipient Yadadri Bhuvanagiri 18,FOOD_BANK,"Demo Service Area, Yadadri Bhuvanagiri, Telangana",Yadadri Bhuvanagiri,Telangana,500256,17.539924,78.880012,200,109,dal|bread|sandwich,08:00-21:00,True,SYNTHETIC_DEMO
REC-TG33-019,FOODLINK Demo Recipient Yadadri Bhuvanagiri 19,NGO_MEAL_CENTER,"Demo Service Area, Yadadri Bhuvanagiri, Telangana",Yadadri Bhuvanagiri,Telangana,509346,17.536483,78.96336,150,116,bread|fruits|dal,08:00-21:00,False,SYNTHETIC_DEMO
REC-TG33-020,FOODLINK Demo Recipient Yadadri Bhuvanagiri 20,CHILD_CARE_INSTITUTION,"Demo Service Area, Yadadri Bhuvanagiri, Telangana",Yadadri Bhuvanagiri,Telangana,506799,17.483979,78.904846,197,21,cooked_meal|bread|pulao,08:00-21:00,True,SYNTHETIC_DEMO
