rescue_id,donation_id,restaurant_id,recipient_id,volunteer_id,district,food_category,quantity,distance_km,eta_minutes,compatibility_score,urgency_score,capacity_score,pickup_score,demand_score,final_match_score,outcome,failure_reason,created_at,data_status
RES-00001,DON-01721,REST-TG01-082,REC-TG01-012,VOL-TG01-006,Adilabad,bread,64,18.63,39,78,67,78,58,87,66.89,RESCUED,,2026-06-22 08:00:00,SYNTHETIC_DEMO
RES-00002,DON-00825,REST-TG02-138,REC-TG02-003,VOL-TG02-007,Bhadradri Kothagudem,fruits,34,15.97,32,75,67,94,82,71,71.39,RESCUED,,2026-04-20 23:00:00,SYNTHETIC_DEMO
RES-00003,DON-02795,REST-TG03-094,REC-TG03-005,VOL-TG03-010,Hanumakonda,cooked_meal,109,4.02,8,76,96,86,84,66,84.43,MISSED,traffic_delay,2026-09-15 07:00:00,SYNTHETIC_DEMO
RES-00004,DON-02393,REST-TG04-102,REC-TG04-001,VOL-TG04-007,Hyderabad,dal,25,14.28,38,71,100,81,87,63,76.15,PARTIAL,,2026-07-16 17:00:00,SYNTHETIC_DEMO
RES-00005,DON-00103,REST-TG05-043,REC-TG05-006,VOL-TG05-001,Jagtial,rice,73,29.75,86,65,50,89,98,94,59.3,PARTIAL,,2026-09-08 08:00:00,SYNTHETIC_DEMO
RES-00006,DON-00663,REST-TG06-015,REC-TG06-001,VOL-TG06-009,Jangaon,dal,63,28.33,77,99,79,88,68,96,69.96,MISSED,recipient_capacity_full,2026-04-19 05:00:00,SYNTHETIC_DEMO
RES-00007,DON-01836,REST-TG07-118,REC-TG07-003,VOL-TG07-005,Jayashankar Bhupalpally,bread,88,17.49,40,89,78,61,83,57,69.06,RESCUED,,2026-04-28 17:00:00,SYNTHETIC_DEMO
RES-00008,DON-01057,REST-TG08-043,REC-TG08-004,VOL-TG08-010,Jogulamba Gadwal,rice,99,16.16,41,100,56,97,88,100,78.01,PARTIAL,,2026-05-23 05:00:00,SYNTHETIC_DEMO
RES-00009,DON-01806,REST-TG09-010,REC-TG09-003,VOL-TG09-005,Kamareddy,packaged_food,34,6.28,19,68,50,85,99,52,71.96,PARTIAL,,2026-07-08 21:00:00,SYNTHETIC_DEMO
RES-00010,DON-01646,REST-TG10-058,REC-TG10-010,VOL-TG10-009,Karimnagar,fruits,51,9.17,33,85,85,66,96,65,78.45,RESCUED,,2026-05-03 23:00:00,SYNTHETIC_DEMO
RES-00011,DON-01848,REST-TG11-068,REC-TG11-007,VOL-TG11-005,Khammam,fruits,24,34.52,122,90,93,78,70,64,62.04,PARTIAL,,2026-05-29 12:00:00,SYNTHETIC_DEMO
RES-00012,DON-01458,REST-TG12-093,REC-TG12-001,VOL-TG12-005,Kumuram Bheem,rice,38,14.1,44,80,92,97,89,60,78.78,RESCUED,,2026-07-23 08:00:00,SYNTHETIC_DEMO
RES-00013,DON-02217,REST-TG13-025,REC-TG13-007,VOL-TG13-010,Mahabubabad,biryani,104,22.3,79,76,97,78,68,93,71.47,RESCUED,,2026-07-03 10:00:00,SYNTHETIC_DEMO
RES-00014,DON-00713,REST-TG14-013,REC-TG14-018,VOL-TG14-001,Mahabubnagar,roti,52,17.69,42,95,77,80,68,89,74.46,RESCUED,,2026-09-24 10:00:00,SYNTHETIC_DEMO
RES-00015,DON-02016,REST-TG15-009,REC-TG15-011,VOL-TG15-004,Mancherial,vegetables,24,25.5,89,69,58,82,87,80,61.19,RESCUED,,2026-04-15 12:00:00,SYNTHETIC_DEMO
RES-00016,DON-00850,REST-TG16-098,REC-TG16-010,VOL-TG16-008,Medak,bakery,95,29.52,76,69,79,98,68,100,65.01,RESCUED,,2026-08-02 05:00:00,SYNTHETIC_DEMO
RES-00017,DON-01832,REST-TG17-051,REC-TG17-003,VOL-TG17-004,Medchal-Malkajgiri,cooked_meal,87,18.28,37,79,50,92,54,97,66.64,RESCUED,,2026-04-22 01:00:00,SYNTHETIC_DEMO
RES-00018,DON-02821,REST-TG18-026,REC-TG18-001,VOL-TG18-010,Mulugu,biryani,49,5.52,21,84,94,91,56,52,81.11,RESCUED,,2026-05-08 06:00:00,SYNTHETIC_DEMO
RES-00019,DON-02246,REST-TG19-041,REC-TG19-017,VOL-TG19-003,Nagarkurnool,fruits,98,25.63,87,84,58,85,66,98,64.24,RESCUED,,2026-04-11 14:00:00,SYNTHETIC_DEMO
RES-00020,DON-00067,REST-TG20-018,REC-TG20-006,VOL-TG20-002,Nalgonda,packaged_food,24,24.46,82,85,74,72,67,56,62.43,MISSED,volunteer_unavailable,2026-05-16 18:00:00,SYNTHETIC_DEMO
RES-00021,DON-01150,REST-TG21-023,REC-TG21-016,VOL-TG21-007,Narayanpet,sandwich,88,16.14,47,86,84,93,62,56,73.22,RESCUED,,2026-07-08 20:00:00,SYNTHETIC_DEMO
RES-00022,DON-02585,REST-TG22-126,REC-TG22-001,VOL-TG22-006,Nirmal,vegetables,83,33.16,93,73,47,95,79,89,56.36,RESCUED,,2026-08-10 06:00:00,SYNTHETIC_DEMO
RES-00023,DON-00902,REST-TG23-107,REC-TG23-006,VOL-TG23-001,Nizamabad,bakery,53,9.96,27,74,83,76,57,82,74.59,RESCUED,,2026-05-24 15:00:00,SYNTHETIC_DEMO
RES-00024,DON-01533,REST-TG24-001,REC-TG24-013,VOL-TG24-002,Peddapalli,pulao,30,26.32,70,65,87,83,67,88,64.55,PARTIAL,,2026-09-19 23:00:00,SYNTHETIC_DEMO
RES-00025,DON-00992,REST-TG25-069,REC-TG25-018,VOL-TG25-008,Rajanna Sircilla,packaged_food,64,32.49,119,77,54,85,56,61,52.44,RESCUED,,2026-08-05 01:00:00,SYNTHETIC_DEMO
RES-00026,DON-01048,REST-TG26-019,REC-TG26-006,VOL-TG26-009,Rangareddy,vegetables,106,27.48,86,69,65,99,95,70,63.52,MISSED,volunteer_unavailable,2026-07-05 07:00:00,SYNTHETIC_DEMO
RES-00027,DON-02147,REST-TG27-101,REC-TG27-002,VOL-TG27-002,Sangareddy,sandwich,68,11.41,27,88,90,99,62,80,81.5,RESCUED,,2026-04-18 12:00:00,SYNTHETIC_DEMO
RES-00028,DON-00353,REST-TG28-062,REC-TG28-001,VOL-TG28-007,Siddipet,roti,68,20.73,61,67,91,66,98,97,71.19,MISSED,traffic_delay,2026-08-02 04:00:00,SYNTHETIC_DEMO
RES-00029,DON-00921,REST-TG29-090,REC-TG29-003,VOL-TG29-010,Suryapet,pulao,42,29.14,75,80,58,96,65,100,62.69,PARTIAL,,2026-08-25 22:00:00,SYNTHETIC_DEMO
RES-00030,DON-02758,REST-TG30-110,REC-TG30-004,VOL-TG30-001,Vikarabad,biryani,80,2.04,5,92,87,70,95,65,85.84,EXPIRED,recipient_capacity_full,2026-03-31 10:00:00,SYNTHETIC_DEMO
RES-00031,DON-02403,REST-TG31-135,REC-TG31-010,VOL-TG31-007,Wanaparthy,biryani,114,14.05,49,76,46,63,92,67,64.71,MISSED,expired_before_pickup,2026-07-17 00:00:00,SYNTHETIC_DEMO
RES-00032,DON-02600,REST-TG32-038,REC-TG32-008,VOL-TG32-008,Warangal,roti,56,25.59,64,91,88,97,51,89,71.07,RESCUED,,2026-07-30 09:00:00,SYNTHETIC_DEMO
RES-00033,DON-01092,REST-TG33-052,REC-TG33-018,VOL-TG33-005,Yadadri Bhuvanagiri,roti,86,1.52,5,99,75,64,100,86,86.91,RESCUED,,2026-07-20 23:00:00,SYNTHETIC_DEMO
RES-00034,DON-00190,REST-TG01-065,REC-TG01-011,VOL-TG01-003,Adilabad,fruits,110,24.06,68,94,77,74,93,60,68.41,EXPIRED,volunteer_unavailable,2026-06-19 10:00:00,SYNTHETIC_DEMO
RES-00035,DON-00063,REST-TG02-029,REC-TG02-006,VOL-TG02-009,Bhadradri Kothagudem,rice,92,1.17,5,98,89,63,88,93,89.11,PARTIAL,,2026-08-23 13:00:00,SYNTHETIC_DEMO
RES-00036,DON-00852,REST-TG03-027,REC-TG03-004,VOL-TG03-002,Hanumakonda,cooked_meal,14,8.79,27,93,68,81,82,73,78.57,MISSED,traffic_delay,2026-08-27 17:00:00,SYNTHETIC_DEMO
RES-00037,DON-01038,REST-TG04-051,REC-TG04-002,VOL-TG04-004,Hyderabad,dal,40,3.19,8,73,69,87,100,90,83.17,RESCUED,,2026-07-17 07:00:00,SYNTHETIC_DEMO
RES-00038,DON-00760,REST-TG05-082,REC-TG05-003,VOL-TG05-006,Jagtial,rice,105,16.84,66,74,78,75,77,98,72.12,RESCUED,,2026-05-09 07:00:00,SYNTHETIC_DEMO
RES-00039,DON-02156,REST-TG06-017,REC-TG06-005,VOL-TG06-010,Jangaon,fruits,16,20.66,81,84,54,80,99,55,65.24,RESCUED,,2026-04-24 20:00:00,SYNTHETIC_DEMO
RES-00040,DON-01513,REST-TG07-150,REC-TG07-006,VOL-TG07-001,Jayashankar Bhupalpally,cooked_meal,28,11.48,36,82,58,65,57,65,66.75,RESCUED,,2026-06-11 21:00:00,SYNTHETIC_DEMO
RES-00041,DON-02629,REST-TG08-084,REC-TG08-003,VOL-TG08-009,Jogulamba Gadwal,pulao,55,14.1,56,79,54,64,61,57,62.93,MISSED,recipient_capacity_full,2026-06-07 20:00:00,SYNTHETIC_DEMO
RES-00042,DON-01683,REST-TG09-125,REC-TG09-015,VOL-TG09-008,Kamareddy,fruits,16,10.25,27,92,91,64,52,74,76.48,MISSED,traffic_delay,2026-05-15 01:00:00,SYNTHETIC_DEMO
RES-00043,DON-00213,REST-TG10-116,REC-TG10-005,VOL-TG10-001,Karimnagar,packaged_food,47,1.15,5,91,69,65,71,98,82.83,RESCUED,,2026-09-01 07:00:00,SYNTHETIC_DEMO
RES-00044,DON-01747,REST-TG11-072,REC-TG11-011,VOL-TG11-001,Khammam,bakery,59,1.08,5,71,67,61,94,82,78.58,EXPIRED,volunteer_unavailable,2026-04-27 10:00:00,SYNTHETIC_DEMO
RES-00045,DON-01988,REST-TG12-069,REC-TG12-005,VOL-TG12-010,Kumuram Bheem,cooked_meal,14,27.64,106,90,86,84,92,77,69.96,EXPIRED,traffic_delay,2026-09-06 03:00:00,SYNTHETIC_DEMO
RES-00046,DON-02612,REST-TG13-109,REC-TG13-007,VOL-TG13-004,Mahabubabad,bread,120,16.27,46,82,48,82,65,77,65.88,RESCUED,,2026-05-21 21:00:00,SYNTHETIC_DEMO
RES-00047,DON-00133,REST-TG14-089,REC-TG14-014,VOL-TG14-006,Mahabubnagar,bread,85,29.16,76,88,83,60,75,98,64.67,MISSED,volunteer_unavailable,2026-04-07 12:00:00,SYNTHETIC_DEMO
RES-00048,DON-02746,REST-TG15-081,REC-TG15-013,VOL-TG15-005,Mancherial,rice,78,15.09,34,92,87,91,51,73,76.07,RESCUED,,2026-06-07 23:00:00,SYNTHETIC_DEMO
RES-00049,DON-02130,REST-TG16-054,REC-TG16-012,VOL-TG16-004,Medak,dal,90,14.1,38,92,94,79,50,84,77.38,EXPIRED,recipient_capacity_full,2026-07-18 04:00:00,SYNTHETIC_DEMO
RES-00050,DON-01178,REST-TG17-127,REC-TG17-016,VOL-TG17-002,Medchal-Malkajgiri,biryani,112,31.69,117,87,88,81,100,86,68.11,RESCUED,,2026-09-16 10:00:00,SYNTHETIC_DEMO
RES-00051,DON-02028,REST-TG18-108,REC-TG18-011,VOL-TG18-007,Mulugu,pulao,10,8.09,27,84,54,64,81,50,69.52,EXPIRED,traffic_delay,2026-05-23 06:00:00,SYNTHETIC_DEMO
RES-00052,DON-01557,REST-TG19-139,REC-TG19-005,VOL-TG19-006,Nagarkurnool,fruits,87,1.49,5,88,50,100,89,83,83.74,RESCUED,,2026-04-13 05:00:00,SYNTHETIC_DEMO
RES-00053,DON-02008,REST-TG20-041,REC-TG20-005,VOL-TG20-010,Nalgonda,cooked_meal,40,3.77,10,96,74,90,79,98,87.51,RESCUED,,2026-07-18 05:00:00,SYNTHETIC_DEMO
RES-00054,DON-02958,REST-TG21-105,REC-TG21-002,VOL-TG21-002,Narayanpet,dal,15,13.03,33,97,68,92,81,98,80.39,PARTIAL,,2026-08-21 14:00:00,SYNTHETIC_DEMO
RES-00055,DON-02832,REST-TG22-136,REC-TG22-003,VOL-TG22-004,Nirmal,packaged_food,119,8.15,21,95,70,99,86,63,81.93,RESCUED,,2026-04-16 02:00:00,SYNTHETIC_DEMO
RES-00056,DON-00909,REST-TG23-114,REC-TG23-011,VOL-TG23-006,Nizamabad,biryani,37,25.59,70,94,91,97,73,63,71.87,EXPIRED,recipient_capacity_full,2026-08-09 16:00:00,SYNTHETIC_DEMO
RES-00057,DON-00605,REST-TG24-079,REC-TG24-006,VOL-TG24-003,Peddapalli,roti,29,32.44,73,100,91,68,83,55,64.03,RESCUED,,2026-09-08 06:00:00,SYNTHETIC_DEMO
RES-00058,DON-00618,REST-TG25-009,REC-TG25-015,VOL-TG25-010,Rajanna Sircilla,fruits,23,34.04,87,96,89,78,78,76,64.79,MISSED,traffic_delay,2026-06-18 11:00:00,SYNTHETIC_DEMO
RES-00059,DON-01206,REST-TG26-036,REC-TG26-020,VOL-TG26-004,Rangareddy,cooked_meal,58,11.07,25,82,99,85,55,60,77.54,RESCUED,,2026-05-15 16:00:00,SYNTHETIC_DEMO
RES-00060,DON-00734,REST-TG27-117,REC-TG27-005,VOL-TG27-008,Sangareddy,rice,43,13.24,41,65,45,92,69,85,66.74,EXPIRED,volunteer_unavailable,2026-06-30 08:00:00,SYNTHETIC_DEMO
RES-00061,DON-00359,REST-TG28-099,REC-TG28-001,VOL-TG28-008,Siddipet,bakery,63,30.89,105,95,84,78,77,53,63.44,EXPIRED,traffic_delay,2026-08-16 22:00:00,SYNTHETIC_DEMO
RES-00062,DON-01761,REST-TG29-147,REC-TG29-010,VOL-TG29-005,Suryapet,vegetables,107,21.2,67,73,76,82,61,60,64.06,PARTIAL,,2026-07-31 23:00:00,SYNTHETIC_DEMO
RES-00063,DON-00700,REST-TG30-114,REC-TG30-013,VOL-TG30-009,Vikarabad,packaged_food,97,22.07,65,74,83,71,95,81,68.89,RESCUED,,2026-09-09 08:00:00,SYNTHETIC_DEMO
RES-00064,DON-02094,REST-TG31-119,REC-TG31-005,VOL-TG31-009,Wanaparthy,vegetables,105,0.71,5,86,85,77,98,51,85.14,RESCUED,,2026-08-07 16:00:00,SYNTHETIC_DEMO
RES-00065,DON-01555,REST-TG32-133,REC-TG32-013,VOL-TG32-002,Warangal,packaged_food,56,5.44,18,75,78,98,67,75,80.61,RESCUED,,2026-09-21 18:00:00,SYNTHETIC_DEMO
RES-00066,DON-02882,REST-TG33-044,REC-TG33-005,VOL-TG33-009,Yadadri Bhuvanagiri,roti,51,34.03,113,87,62,62,53,73,52.39,RESCUED,,2026-09-11 06:00:00,SYNTHETIC_DEMO
RES-00067,DON-01443,REST-TG01-027,REC-TG01-010,VOL-TG01-010,Adilabad,packaged_food,103,30.54,62,78,45,77,74,87,55.44,RESCUED,,2026-09-18 14:00:00,SYNTHETIC_DEMO
RES-00068,DON-00385,REST-TG02-046,REC-TG02-003,VOL-TG02-006,Bhadradri Kothagudem,cooked_meal,11,23.71,49,91,91,69,74,71,69.31,RESCUED,,2026-06-04 02:00:00,SYNTHETIC_DEMO
RES-00069,DON-00252,REST-TG03-090,REC-TG03-019,VOL-TG03-003,Hanumakonda,rice,54,12.22,35,69,45,78,78,89,67.47,RESCUED,,2026-06-16 18:00:00,SYNTHETIC_DEMO
RES-00070,DON-02882,REST-TG04-080,REC-TG04-006,VOL-TG04-005,Hyderabad,biryani,104,23.22,47,98,74,72,91,90,71.71,RESCUED,,2026-08-07 22:00:00,SYNTHETIC_DEMO
RES-00071,DON-00652,REST-TG05-020,REC-TG05-004,VOL-TG05-005,Jagtial,biryani,41,33.07,109,77,76,82,64,72,57.88,PARTIAL,,2026-05-24 16:00:00,SYNTHETIC_DEMO
RES-00072,DON-01381,REST-TG06-130,REC-TG06-016,VOL-TG06-008,Jangaon,sandwich,39,26.91,103,98,57,67,95,95,65.83,EXPIRED,recipient_capacity_full,2026-04-19 11:00:00,SYNTHETIC_DEMO
RES-00073,DON-01535,REST-TG07-080,REC-TG07-009,VOL-TG07-005,Jayashankar Bhupalpally,roti,41,26.1,62,86,49,66,74,64,57.06,RESCUED,,2026-09-22 13:00:00,SYNTHETIC_DEMO
RES-00074,DON-02981,REST-TG08-102,REC-TG08-005,VOL-TG08-001,Jogulamba Gadwal,bread,119,11.86,27,67,54,76,71,86,67.83,PARTIAL,,2026-05-09 15:00:00,SYNTHETIC_DEMO
RES-00075,DON-02940,REST-TG09-144,REC-TG09-020,VOL-TG09-010,Kamareddy,cooked_meal,26,24.84,78,74,46,95,97,51,60.31,RESCUED,,2026-06-27 18:00:00,SYNTHETIC_DEMO
RES-00076,DON-00025,REST-TG10-106,REC-TG10-012,VOL-TG10-007,Karimnagar,roti,75,9.42,37,79,91,67,57,63,74.32,MISSED,recipient_capacity_full,2026-06-30 17:00:00,SYNTHETIC_DEMO
RES-00077,DON-01134,REST-TG11-147,REC-TG11-015,VOL-TG11-008,Khammam,packaged_food,85,2.97,10,87,67,90,74,62,80.78,PARTIAL,,2026-05-08 22:00:00,SYNTHETIC_DEMO
RES-00078,DON-01830,REST-TG12-046,REC-TG12-013,VOL-TG12-003,Kumuram Bheem,dal,20,1.88,5,65,82,60,85,76,78.16,PARTIAL,,2026-08-30 16:00:00,SYNTHETIC_DEMO
RES-00079,DON-00927,REST-TG13-029,REC-TG13-005,VOL-TG13-003,Mahabubabad,sandwich,113,34.0,103,100,82,85,85,86,66.96,RESCUED,,2026-06-17 08:00:00,SYNTHETIC_DEMO
RES-00080,DON-00194,REST-TG14-050,REC-TG14-011,VOL-TG14-010,Mahabubnagar,pulao,75,19.26,53,80,81,89,61,79,70.79,EXPIRED,recipient_capacity_full,2026-07-12 22:00:00,SYNTHETIC_DEMO
RES-00081,DON-01697,REST-TG15-053,REC-TG15-015,VOL-TG15-003,Mancherial,sandwich,68,19.67,44,91,98,88,79,79,77.75,PARTIAL,,2026-07-21 13:00:00,SYNTHETIC_DEMO
RES-00082,DON-02349,REST-TG16-107,REC-TG16-005,VOL-TG16-009,Medak,rice,72,9.3,29,76,99,72,55,56,75.26,RESCUED,,2026-04-25 13:00:00,SYNTHETIC_DEMO
RES-00083,DON-00849,REST-TG17-037,REC-TG17-002,VOL-TG17-005,Medchal-Malkajgiri,biryani,113,26.98,72,90,74,85,60,97,66.98,EXPIRED,expired_before_pickup,2026-04-29 02:00:00,SYNTHETIC_DEMO
RES-00084,DON-02017,REST-TG18-144,REC-TG18-008,VOL-TG18-003,Mulugu,cooked_meal,76,17.55,53,70,98,66,65,61,68.56,PARTIAL,,2026-04-02 07:00:00,SYNTHETIC_DEMO
RES-00085,DON-00209,REST-TG19-070,REC-TG19-019,VOL-TG19-005,Nagarkurnool,dal,86,9.72,20,97,63,71,60,56,72.31,MISSED,expired_before_pickup,2026-04-08 06:00:00,SYNTHETIC_DEMO
RES-00086,DON-01427,REST-TG20-133,REC-TG20-003,VOL-TG20-002,Nalgonda,fruits,38,2.99,6,75,98,95,80,93,89.01,RESCUED,,2026-05-27 17:00:00,SYNTHETIC_DEMO
RES-00087,DON-00571,REST-TG21-065,REC-TG21-019,VOL-TG21-006,Narayanpet,vegetables,112,3.53,9,76,46,88,98,99,79.78,RESCUED,,2026-05-28 09:00:00,SYNTHETIC_DEMO
RES-00088,DON-01659,REST-TG22-118,REC-TG22-007,VOL-TG22-009,Nirmal,fruits,73,19.82,42,96,85,70,50,90,71.54,RESCUED,,2026-08-07 14:00:00,SYNTHETIC_DEMO
RES-00089,DON-02762,REST-TG23-122,REC-TG23-004,VOL-TG23-003,Nizamabad,biryani,111,29.11,81,73,82,71,51,70,57.96,RESCUED,,2026-07-23 11:00:00,SYNTHETIC_DEMO
RES-00090,DON-00590,REST-TG24-040,REC-TG24-008,VOL-TG24-010,Peddapalli,packaged_food,13,3.27,6,67,53,65,86,82,73.21,PARTIAL,,2026-09-20 00:00:00,SYNTHETIC_DEMO
RES-00091,DON-02898,REST-TG25-041,REC-TG25-003,VOL-TG25-001,Rajanna Sircilla,cooked_meal,49,34.86,111,72,72,87,77,76,57.25,RESCUED,,2026-05-02 05:00:00,SYNTHETIC_DEMO
RES-00092,DON-01642,REST-TG26-061,REC-TG26-012,VOL-TG26-004,Rangareddy,rice,73,19.96,39,65,56,74,87,83,63.04,MISSED,volunteer_unavailable,2026-08-08 15:00:00,SYNTHETIC_DEMO
RES-00093,DON-02007,REST-TG27-120,REC-TG27-015,VOL-TG27-004,Sangareddy,bread,18,1.5,5,95,73,70,67,69,81.63,RESCUED,,2026-05-04 09:00:00,SYNTHETIC_DEMO
RES-00094,DON-00726,REST-TG28-005,REC-TG28-003,VOL-TG28-008,Siddipet,sandwich,38,5.17,18,72,45,73,68,70,69.46,PARTIAL,,2026-04-08 20:00:00,SYNTHETIC_DEMO
RES-00095,DON-01341,REST-TG29-137,REC-TG29-005,VOL-TG29-006,Suryapet,rice,80,27.88,88,86,70,86,67,55,61.39,RESCUED,,2026-08-22 22:00:00,SYNTHETIC_DEMO
RES-00096,DON-01071,REST-TG30-007,REC-TG30-015,VOL-TG30-006,Vikarabad,cooked_meal,61,13.48,28,68,54,69,71,96,66.82,RESCUED,,2026-08-16 22:00:00,SYNTHETIC_DEMO
RES-00097,DON-02043,REST-TG31-078,REC-TG31-016,VOL-TG31-009,Wanaparthy,bakery,22,27.6,88,93,45,97,88,64,62.64,RESCUED,,2026-07-09 18:00:00,SYNTHETIC_DEMO
RES-00098,DON-02448,REST-TG32-074,REC-TG32-011,VOL-TG32-004,Warangal,bakery,58,10.38,21,85,69,88,64,97,77.69,RESCUED,,2026-08-01 08:00:00,SYNTHETIC_DEMO
RES-00099,DON-01491,REST-TG33-005,REC-TG33-012,VOL-TG33-004,Yadadri Bhuvanagiri,rice,105,14.48,42,84,71,77,86,84,74.21,EXPIRED,recipient_capacity_full,2026-06-04 17:00:00,SYNTHETIC_DEMO
RES-00100,DON-01752,REST-TG01-078,REC-TG01-011,VOL-TG01-007,Adilabad,dal,32,25.17,86,100,84,63,70,64,66.67,EXPIRED,expired_before_pickup,2026-05-11 04:00:00,SYNTHETIC_DEMO
RES-00101,DON-00572,REST-TG02-149,REC-TG02-013,VOL-TG02-004,Bhadradri Kothagudem,bread,22,15.39,57,75,91,86,91,88,78.01,PARTIAL,,2026-07-31 05:00:00,SYNTHETIC_DEMO
RES-00102,DON-00307,REST-TG03-108,REC-TG03-013,VOL-TG03-002,Hanumakonda,cooked_meal,67,15.64,56,99,70,62,81,98,74.83,RESCUED,,2026-08-30 04:00:00,SYNTHETIC_DEMO
RES-00103,DON-00906,REST-TG04-136,REC-TG04-013,VOL-TG04-003,Hyderabad,vegetables,23,16.77,47,95,78,76,75,57,72.22,EXPIRED,recipient_capacity_full,2026-09-13 17:00:00,SYNTHETIC_DEMO
RES-00104,DON-02277,REST-TG05-036,REC-TG05-017,VOL-TG05-010,Jagtial,bakery,75,8.32,31,72,97,97,86,61,82.11,MISSED,expired_before_pickup,2026-08-08 09:00:00,SYNTHETIC_DEMO
RES-00105,DON-01758,REST-TG06-042,REC-TG06-014,VOL-TG06-005,Jangaon,pulao,39,33.9,118,83,65,78,61,84,56.59,EXPIRED,recipient_capacity_full,2026-06-27 11:00:00,SYNTHETIC_DEMO
RES-00106,DON-01740,REST-TG07-071,REC-TG07-016,VOL-TG07-001,Jayashankar Bhupalpally,roti,87,28.45,85,68,61,77,98,68,58.63,RESCUED,,2026-04-26 23:00:00,SYNTHETIC_DEMO
RES-00107,DON-01200,REST-TG08-005,REC-TG08-010,VOL-TG08-002,Jogulamba Gadwal,packaged_food,69,29.31,89,81,59,86,99,84,63.26,RESCUED,,2026-07-31 12:00:00,SYNTHETIC_DEMO
RES-00108,DON-00722,REST-TG09-002,REC-TG09-012,VOL-TG09-005,Kamareddy,rice,33,12.85,40,91,89,94,89,51,79.92,EXPIRED,traffic_delay,2026-07-07 15:00:00,SYNTHETIC_DEMO
RES-00109,DON-00522,REST-TG10-145,REC-TG10-016,VOL-TG10-006,Karimnagar,dal,44,1.59,5,93,46,73,55,74,75.51,RESCUED,,2026-04-09 23:00:00,SYNTHETIC_DEMO
RES-00110,DON-01574,REST-TG11-097,REC-TG11-003,VOL-TG11-009,Khammam,fruits,75,20.21,65,94,60,88,60,62,66.76,RESCUED,,2026-05-13 16:00:00,SYNTHETIC_DEMO
RES-00111,DON-01687,REST-TG12-052,REC-TG12-010,VOL-TG12-007,Kumuram Bheem,rice,72,17.3,54,72,80,77,62,74,68.19,EXPIRED,traffic_delay,2026-04-24 18:00:00,SYNTHETIC_DEMO
RES-00112,DON-00772,REST-TG13-049,REC-TG13-013,VOL-TG13-006,Mahabubabad,vegetables,56,31.03,70,69,60,65,68,93,54.49,MISSED,expired_before_pickup,2026-06-26 14:00:00,SYNTHETIC_DEMO
RES-00113,DON-01163,REST-TG14-106,REC-TG14-001,VOL-TG14-007,Mahabubnagar,vegetables,102,12.19,44,72,57,66,81,88,68.89,MISSED,expired_before_pickup,2026-06-16 18:00:00,SYNTHETIC_DEMO
RES-00114,DON-01329,REST-TG15-028,REC-TG15-016,VOL-TG15-004,Mancherial,fruits,110,5.67,15,98,80,92,75,65,84.35,PARTIAL,,2026-08-22 22:00:00,SYNTHETIC_DEMO
RES-00115,DON-00848,REST-TG16-146,REC-TG16-017,VOL-TG16-005,Medak,pulao,30,11.03,28,71,79,65,73,92,73.37,MISSED,volunteer_unavailable,2026-04-10 09:00:00,SYNTHETIC_DEMO
RES-00116,DON-02644,REST-TG17-039,REC-TG17-003,VOL-TG17-003,Medchal-Malkajgiri,dal,114,7.26,23,67,100,98,91,99,86.91,RESCUED,,2026-06-07 03:00:00,SYNTHETIC_DEMO
RES-00117,DON-01383,REST-TG18-090,REC-TG18-013,VOL-TG18-005,Mulugu,rice,58,18.18,49,69,65,96,70,51,65.31,RESCUED,,2026-09-24 20:00:00,SYNTHETIC_DEMO
RES-00118,DON-00515,REST-TG19-005,REC-TG19-002,VOL-TG19-009,Nagarkurnool,cooked_meal,104,12.92,45,74,73,80,75,70,71.67,RESCUED,,2026-04-17 03:00:00,SYNTHETIC_DEMO
RES-00119,DON-02964,REST-TG20-010,REC-TG20-012,VOL-TG20-010,Nalgonda,biryani,17,13.05,35,77,83,76,59,69,71.88,EXPIRED,traffic_delay,2026-07-29 10:00:00,SYNTHETIC_DEMO
RES-00120,DON-02947,REST-TG21-041,REC-TG21-005,VOL-TG21-004,Narayanpet,cooked_meal,26,9.61,38,74,49,78,81,56,68.14,RESCUED,,2026-09-20 20:00:00,SYNTHETIC_DEMO
RES-00121,DON-00658,REST-TG22-064,REC-TG22-015,VOL-TG22-007,Nirmal,packaged_food,14,32.2,65,81,50,89,77,63,55.55,RESCUED,,2026-06-16 14:00:00,SYNTHETIC_DEMO
RES-00122,DON-00641,REST-TG23-122,REC-TG23-016,VOL-TG23-009,Nizamabad,cooked_meal,59,0.92,5,72,79,84,84,71,82.64,EXPIRED,recipient_capacity_full,2026-06-05 16:00:00,SYNTHETIC_DEMO
RES-00123,DON-01755,REST-TG24-082,REC-TG24-002,VOL-TG24-001,Peddapalli,packaged_food,48,8.36,24,99,74,82,80,94,83.33,EXPIRED,volunteer_unavailable,2026-06-04 03:00:00,SYNTHETIC_DEMO
RES-00124,DON-02629,REST-TG25-112,REC-TG25-014,VOL-TG25-007,Rajanna Sircilla,fruits,31,27.04,64,76,78,65,89,61,61.24,RESCUED,,2026-08-01 09:00:00,SYNTHETIC_DEMO
RES-00125,DON-00941,REST-TG26-072,REC-TG26-007,VOL-TG26-004,Rangareddy,fruits,120,31.19,87,98,85,90,57,96,68.12,RESCUED,,2026-07-14 03:00:00,SYNTHETIC_DEMO
RES-00126,DON-00161,REST-TG27-002,REC-TG27-007,VOL-TG27-009,Sangareddy,cooked_meal,95,19.12,46,92,59,74,98,84,70.84,MISSED,expired_before_pickup,2026-08-06 06:00:00,SYNTHETIC_DEMO
RES-00127,DON-00594,REST-TG28-124,REC-TG28-002,VOL-TG28-002,Siddipet,rice,19,3.35,11,89,50,98,84,92,82.71,RESCUED,,2026-06-18 03:00:00,SYNTHETIC_DEMO
RES-00128,DON-01976,REST-TG29-034,REC-TG29-005,VOL-TG29-003,Suryapet,roti,108,32.67,119,66,61,87,60,53,51.41,RESCUED,,2026-05-04 08:00:00,SYNTHETIC_DEMO
RES-00129,DON-00677,REST-TG30-120,REC-TG30-017,VOL-TG30-003,Vikarabad,pulao,107,30.89,64,73,91,96,71,57,62.94,RESCUED,,2026-03-31 14:00:00,SYNTHETIC_DEMO
RES-00130,DON-01833,REST-TG31-048,REC-TG31-005,VOL-TG31-006,Wanaparthy,bread,36,34.37,125,79,58,83,70,67,54.0,MISSED,traffic_delay,2026-05-28 23:00:00,SYNTHETIC_DEMO
RES-00131,DON-00389,REST-TG32-051,REC-TG32-015,VOL-TG32-009,Warangal,biryani,111,2.59,10,77,63,94,80,65,79.75,PARTIAL,,2026-06-09 03:00:00,SYNTHETIC_DEMO
RES-00132,DON-01793,REST-TG33-121,REC-TG33-004,VOL-TG33-009,Yadadri Bhuvanagiri,pulao,106,10.04,25,93,87,62,64,66,76.13,RESCUED,,2026-05-17 22:00:00,SYNTHETIC_DEMO
RES-00133,DON-00325,REST-TG01-063,REC-TG01-005,VOL-TG01-004,Adilabad,rice,115,18.9,52,72,57,75,90,78,65.35,RESCUED,,2026-08-25 06:00:00,SYNTHETIC_DEMO
RES-00134,DON-00850,REST-TG02-131,REC-TG02-018,VOL-TG02-004,Bhadradri Kothagudem,cooked_meal,85,34.87,115,88,91,100,91,79,67.89,MISSED,traffic_delay,2026-09-21 10:00:00,SYNTHETIC_DEMO
RES-00135,DON-01545,REST-TG03-052,REC-TG03-004,VOL-TG03-009,Hanumakonda,vegetables,55,23.0,88,99,52,73,89,51,63.72,RESCUED,,2026-05-29 16:00:00,SYNTHETIC_DEMO
RES-00136,DON-00587,REST-TG04-085,REC-TG04-016,VOL-TG04-005,Hyderabad,cooked_meal,17,31.13,116,96,45,90,58,74,57.66,EXPIRED,recipient_capacity_full,2026-09-21 08:00:00,SYNTHETIC_DEMO
RES-00137,DON-01681,REST-TG05-042,REC-TG05-018,VOL-TG05-008,Jagtial,bread,27,16.95,60,99,73,69,88,62,72.64,PARTIAL,,2026-07-27 21:00:00,SYNTHETIC_DEMO
RES-00138,DON-01915,REST-TG06-083,REC-TG06-002,VOL-TG06-008,Jangaon,packaged_food,72,2.07,5,84,63,82,92,50,79.42,EXPIRED,expired_before_pickup,2026-04-27 12:00:00,SYNTHETIC_DEMO
RES-00139,DON-02916,REST-TG07-107,REC-TG07-009,VOL-TG07-001,Jayashankar Bhupalpally,cooked_meal,55,23.8,74,70,62,87,71,94,63.95,RESCUED,,2026-06-13 20:00:00,SYNTHETIC_DEMO
RES-00140,DON-00607,REST-TG08-101,REC-TG08-001,VOL-TG08-003,Jogulamba Gadwal,fruits,104,23.0,61,76,69,90,79,56,64.57,EXPIRED,recipient_capacity_full,2026-09-15 10:00:00,SYNTHETIC_DEMO
RES-00141,DON-02434,REST-TG09-105,REC-TG09-012,VOL-TG09-001,Kamareddy,biryani,74,4.41,12,74,57,86,59,77,74.55,PARTIAL,,2026-06-20 20:00:00,SYNTHETIC_DEMO
RES-00142,DON-00932,REST-TG10-027,REC-TG10-018,VOL-TG10-005,Karimnagar,biryani,120,17.95,51,91,59,81,80,77,70.03,PARTIAL,,2026-09-20 00:00:00,SYNTHETIC_DEMO
RES-00143,DON-01113,REST-TG11-063,REC-TG11-009,VOL-TG11-008,Khammam,sandwich,69,29.59,97,91,68,79,75,99,64.91,MISSED,volunteer_unavailable,2026-07-15 19:00:00,SYNTHETIC_DEMO
RES-00144,DON-01528,REST-TG12-107,REC-TG12-017,VOL-TG12-010,Kumuram Bheem,vegetables,86,33.85,83,89,53,85,71,59,54.97,PARTIAL,,2026-05-06 09:00:00,SYNTHETIC_DEMO
RES-00145,DON-00380,REST-TG13-030,REC-TG13-009,VOL-TG13-005,Mahabubabad,bakery,45,9.15,22,72,62,80,90,64,72.66,RESCUED,,2026-07-05 17:00:00,SYNTHETIC_DEMO
RES-00146,DON-02734,REST-TG14-047,REC-TG14-020,VOL-TG14-006,Mahabubnagar,pulao,71,31.23,71,71,75,81,54,75,56.94,RESCUED,,2026-09-02 17:00:00,SYNTHETIC_DEMO
RES-00147,DON-02132,REST-TG15-052,REC-TG15-012,VOL-TG15-001,Mancherial,biryani,20,28.79,68,69,86,69,84,56,59.79,RESCUED,,2026-08-06 02:00:00,SYNTHETIC_DEMO
RES-00148,DON-02832,REST-TG16-150,REC-TG16-002,VOL-TG16-005,Medak,fruits,67,9.04,34,68,95,76,79,84,78.84,MISSED,expired_before_pickup,2026-05-30 23:00:00,SYNTHETIC_DEMO
RES-00149,DON-00765,REST-TG17-094,REC-TG17-011,VOL-TG17-003,Medchal-Malkajgiri,packaged_food,41,28.04,59,98,99,89,57,62,69.62,RESCUED,,2026-08-27 10:00:00,SYNTHETIC_DEMO
RES-00150,DON-01758,REST-TG18-102,REC-TG18-002,VOL-TG18-003,Mulugu,pulao,28,25.26,58,76,48,94,75,73,60.66,RESCUED,,2026-04-14 23:00:00,SYNTHETIC_DEMO
RES-00151,DON-02552,REST-TG19-140,REC-TG19-011,VOL-TG19-006,Nagarkurnool,pulao,116,23.44,84,71,48,65,81,79,57.81,MISSED,traffic_delay,2026-06-25 10:00:00,SYNTHETIC_DEMO
RES-00152,DON-01253,REST-TG20-024,REC-TG20-018,VOL-TG20-004,Nalgonda,dal,98,34.22,79,88,69,73,81,87,59.71,EXPIRED,traffic_delay,2026-07-14 06:00:00,SYNTHETIC_DEMO
RES-00153,DON-01693,REST-TG21-143,REC-TG21-019,VOL-TG21-006,Narayanpet,rice,109,19.91,78,86,49,65,68,98,64.13,EXPIRED,recipient_capacity_full,2026-08-30 12:00:00,SYNTHETIC_DEMO
RES-00154,DON-02804,REST-TG22-106,REC-TG22-008,VOL-TG22-010,Nirmal,bakery,80,27.69,55,81,70,95,55,96,64.77,RESCUED,,2026-09-23 06:00:00,SYNTHETIC_DEMO
RES-00155,DON-02642,REST-TG23-020,REC-TG23-003,VOL-TG23-008,Nizamabad,dal,24,9.07,25,86,52,90,93,92,78.12,RESCUED,,2026-07-12 23:00:00,SYNTHETIC_DEMO
RES-00156,DON-00866,REST-TG24-033,REC-TG24-012,VOL-TG24-004,Peddapalli,roti,83,18.38,39,100,76,87,74,62,73.72,MISSED,volunteer_unavailable,2026-09-19 00:00:00,SYNTHETIC_DEMO
RES-00157,DON-01368,REST-TG25-046,REC-TG25-011,VOL-TG25-006,Rajanna Sircilla,bread,81,10.43,23,69,54,61,96,100,70.9,RESCUED,,2026-09-23 17:00:00,SYNTHETIC_DEMO
RES-00158,DON-02137,REST-TG26-099,REC-TG26-007,VOL-TG26-003,Rangareddy,cooked_meal,51,25.52,100,92,90,60,54,56,63.17,PARTIAL,,2026-08-02 01:00:00,SYNTHETIC_DEMO
RES-00159,DON-02307,REST-TG27-078,REC-TG27-013,VOL-TG27-007,Sangareddy,dal,75,29.43,110,68,49,86,55,69,52.68,EXPIRED,recipient_capacity_full,2026-09-11 09:00:00,SYNTHETIC_DEMO
RES-00160,DON-00223,REST-TG28-060,REC-TG28-010,VOL-TG28-007,Siddipet,bread,42,10.65,34,93,90,96,95,81,85.99,EXPIRED,expired_before_pickup,2026-05-31 17:00:00,SYNTHETIC_DEMO
RES-00161,DON-00441,REST-TG29-102,REC-TG29-008,VOL-TG29-007,Suryapet,rice,91,15.16,58,71,60,93,82,75,70.02,EXPIRED,traffic_delay,2026-07-24 11:00:00,SYNTHETIC_DEMO
RES-00162,DON-02874,REST-TG30-035,REC-TG30-006,VOL-TG30-002,Vikarabad,biryani,69,17.56,38,69,85,71,53,72,66.41,RESCUED,,2026-08-15 15:00:00,SYNTHETIC_DEMO
RES-00163,DON-01019,REST-TG31-140,REC-TG31-001,VOL-TG31-009,Wanaparthy,bakery,42,17.41,63,99,96,97,91,87,83.91,EXPIRED,recipient_capacity_full,2026-08-24 09:00:00,SYNTHETIC_DEMO
RES-00164,DON-02122,REST-TG32-026,REC-TG32-014,VOL-TG32-003,Warangal,cooked_meal,26,29.7,108,91,90,86,80,92,70.09,EXPIRED,volunteer_unavailable,2026-04-05 08:00:00,SYNTHETIC_DEMO
RES-00165,DON-02445,REST-TG33-105,REC-TG33-004,VOL-TG33-002,Yadadri Bhuvanagiri,vegetables,104,3.87,11,94,47,92,96,54,79.24,RESCUED,,2026-04-07 21:00:00,SYNTHETIC_DEMO
RES-00166,DON-02203,REST-TG01-121,REC-TG01-011,VOL-TG01-004,Adilabad,fruits,112,19.87,65,74,75,85,78,99,71.06,MISSED,expired_before_pickup,2026-07-23 21:00:00,SYNTHETIC_DEMO
RES-00167,DON-01684,REST-TG02-082,REC-TG02-020,VOL-TG02-006,Bhadradri Kothagudem,rice,113,11.38,30,74,48,72,86,93,69.97,EXPIRED,recipient_capacity_full,2026-05-29 06:00:00,SYNTHETIC_DEMO
RES-00168,DON-01493,REST-TG03-030,REC-TG03-001,VOL-TG03-005,Hanumakonda,packaged_food,36,16.44,45,77,83,60,88,50,68.06,RESCUED,,2026-08-06 16:00:00,SYNTHETIC_DEMO
RES-00169,DON-02812,REST-TG04-117,REC-TG04-010,VOL-TG04-002,Hyderabad,biryani,102,18.46,67,67,99,79,69,81,71.86,EXPIRED,traffic_delay,2026-06-30 23:00:00,SYNTHETIC_DEMO
RES-00170,DON-00963,REST-TG05-078,REC-TG05-020,VOL-TG05-002,Jagtial,sandwich,34,24.8,93,90,55,91,86,92,67.74,RESCUED,,2026-05-08 22:00:00,SYNTHETIC_DEMO
RES-00171,DON-02269,REST-TG06-087,REC-TG06-010,VOL-TG06-005,Jangaon,bread,91,4.95,13,95,49,94,71,97,81.16,RESCUED,,2026-06-23 08:00:00,SYNTHETIC_DEMO
RES-00172,DON-02801,REST-TG07-044,REC-TG07-013,VOL-TG07-010,Jayashankar Bhupalpally,biryani,58,31.08,97,79,49,76,64,75,53.7,EXPIRED,recipient_capacity_full,2026-09-24 21:00:00,SYNTHETIC_DEMO
RES-00173,DON-01632,REST-TG08-071,REC-TG08-011,VOL-TG08-006,Jogulamba Gadwal,rice,85,11.35,39,95,60,61,75,55,70.04,RESCUED,,2026-05-28 05:00:00,SYNTHETIC_DEMO
RES-00174,DON-01026,REST-TG09-141,REC-TG09-020,VOL-TG09-002,Kamareddy,pulao,118,10.59,37,86,95,83,52,86,79.89,RESCUED,,2026-04-19 13:00:00,SYNTHETIC_DEMO
RES-00175,DON-00789,REST-TG10-036,REC-TG10-009,VOL-TG10-007,Karimnagar,dal,103,4.84,10,74,99,97,62,77,84.59,PARTIAL,,2026-09-21 17:00:00,SYNTHETIC_DEMO
RES-00176,DON-01911,REST-TG11-095,REC-TG11-003,VOL-TG11-001,Khammam,packaged_food,115,2.3,7,90,82,73,60,69,81.61,MISSED,volunteer_unavailable,2026-07-06 10:00:00,SYNTHETIC_DEMO
RES-00177,DON-02380,REST-TG12-101,REC-TG12-013,VOL-TG12-006,Kumuram Bheem,rice,67,3.66,10,73,83,72,73,65,78.19,RESCUED,,2026-05-20 21:00:00,SYNTHETIC_DEMO
RES-00178,DON-00087,REST-TG13-080,REC-TG13-007,VOL-TG13-002,Mahabubabad,vegetables,46,18.34,73,91,55,71,84,52,65.35,PARTIAL,,2026-09-10 20:00:00,SYNTHETIC_DEMO
RES-00179,DON-02191,REST-TG14-145,REC-TG14-010,VOL-TG14-003,Mahabubnagar,bakery,11,31.6,113,85,81,87,90,83,65.98,PARTIAL,,2026-07-31 11:00:00,SYNTHETIC_DEMO
RES-00180,DON-02362,REST-TG15-139,REC-TG15-006,VOL-TG15-007,Mancherial,vegetables,65,19.98,58,68,94,64,78,63,66.83,PARTIAL,,2026-08-26 12:00:00,SYNTHETIC_DEMO
RES-00181,DON-01428,REST-TG16-067,REC-TG16-013,VOL-TG16-010,Medak,sandwich,21,26.64,56,71,83,71,99,100,67.32,PARTIAL,,2026-08-20 17:00:00,SYNTHETIC_DEMO
RES-00182,DON-00326,REST-TG17-022,REC-TG17-003,VOL-TG17-006,Medchal-Malkajgiri,fruits,27,14.44,35,78,49,69,84,81,66.94,MISSED,volunteer_unavailable,2026-09-15 18:00:00,SYNTHETIC_DEMO
RES-00183,DON-02720,REST-TG18-060,REC-TG18-010,VOL-TG18-001,Mulugu,biryani,51,1.62,5,97,92,83,76,91,90.79,EXPIRED,expired_before_pickup,2026-07-06 18:00:00,SYNTHETIC_DEMO
RES-00184,DON-01928,REST-TG19-116,REC-TG19-007,VOL-TG19-008,Nagarkurnool,pulao,28,12.18,32,96,66,96,72,62,76.5,EXPIRED,traffic_delay,2026-06-15 15:00:00,SYNTHETIC_DEMO
RES-00185,DON-01441,REST-TG20-071,REC-TG20-011,VOL-TG20-009,Nalgonda,bread,80,19.57,77,91,100,68,90,69,75.32,RESCUED,,2026-08-20 11:00:00,SYNTHETIC_DEMO
RES-00186,DON-02346,REST-TG21-073,REC-TG21-013,VOL-TG21-001,Narayanpet,biryani,92,28.12,73,100,55,83,66,69,61.86,MISSED,recipient_capacity_full,2026-09-16 11:00:00,SYNTHETIC_DEMO
RES-00187,DON-02549,REST-TG22-120,REC-TG22-014,VOL-TG22-008,Nirmal,pulao,102,16.56,49,79,54,65,100,88,68.32,RESCUED,,2026-08-09 15:00:00,SYNTHETIC_DEMO
RES-00188,DON-01796,REST-TG23-045,REC-TG23-017,VOL-TG23-007,Nizamabad,vegetables,113,3.01,10,70,65,66,99,97,79.35,RESCUED,,2026-05-16 05:00:00,SYNTHETIC_DEMO
RES-00189,DON-02149,REST-TG24-037,REC-TG24-015,VOL-TG24-010,Peddapalli,biryani,114,19.18,68,80,71,69,91,95,70.45,PARTIAL,,2026-09-08 22:00:00,SYNTHETIC_DEMO
RES-00190,DON-00088,REST-TG25-010,REC-TG25-015,VOL-TG25-005,Rajanna Sircilla,bread,54,22.89,52,67,94,100,53,99,71.05,EXPIRED,volunteer_unavailable,2026-04-03 03:00:00,SYNTHETIC_DEMO
RES-00191,DON-02957,REST-TG26-079,REC-TG26-005,VOL-TG26-001,Rangareddy,sandwich,102,29.19,110,99,47,91,63,71,60.4,RESCUED,,2026-05-20 10:00:00,SYNTHETIC_DEMO
RES-00192,DON-01356,REST-TG27-071,REC-TG27-018,VOL-TG27-006,Sangareddy,bakery,40,14.52,53,76,82,68,80,89,73.33,MISSED,recipient_capacity_full,2026-05-19 20:00:00,SYNTHETIC_DEMO
RES-00193,DON-00576,REST-TG28-092,REC-TG28-018,VOL-TG28-009,Siddipet,sandwich,33,9.04,26,70,68,75,97,62,73.29,MISSED,volunteer_unavailable,2026-07-10 12:00:00,SYNTHETIC_DEMO
RES-00194,DON-00597,REST-TG29-108,REC-TG29-014,VOL-TG29-001,Suryapet,biryani,67,29.0,64,98,76,84,65,67,64.89,PARTIAL,,2026-05-15 01:00:00,SYNTHETIC_DEMO
RES-00195,DON-00213,REST-TG30-116,REC-TG30-020,VOL-TG30-001,Vikarabad,packaged_food,75,19.02,42,87,90,68,77,50,69.71,RESCUED,,2026-05-21 20:00:00,SYNTHETIC_DEMO
RES-00196,DON-01100,REST-TG31-014,REC-TG31-012,VOL-TG31-002,Wanaparthy,vegetables,107,2.06,5,93,49,65,87,71,77.48,MISSED,traffic_delay,2026-08-19 10:00:00,SYNTHETIC_DEMO
RES-00197,DON-02548,REST-TG32-127,REC-TG32-008,VOL-TG32-005,Warangal,rice,25,24.17,51,75,92,98,100,51,70.94,PARTIAL,,2026-07-20 03:00:00,SYNTHETIC_DEMO
RES-00198,DON-00165,REST-TG33-133,REC-TG33-001,VOL-TG33-003,Yadadri Bhuvanagiri,dal,120,18.84,39,100,69,98,55,57,71.24,RESCUED,,2026-08-29 00:00:00,SYNTHETIC_DEMO
RES-00199,DON-00730,REST-TG01-097,REC-TG01-010,VOL-TG01-008,Adilabad,bakery,57,33.08,106,71,53,71,68,79,51.52,EXPIRED,recipient_capacity_full,2026-07-07 14:00:00,SYNTHETIC_DEMO
RES-00200,DON-02657,REST-TG02-118,REC-TG02-009,VOL-TG02-010,Bhadradri Kothagudem,bakery,101,12.65,28,66,64,68,88,75,68.46,MISSED,traffic_delay,2026-04-04 01:00:00,SYNTHETIC_DEMO
RES-00201,DON-00904,REST-TG03-048,REC-TG03-008,VOL-TG03-004,Hanumakonda,packaged_food,99,8.57,27,87,51,68,96,54,71.68,MISSED,volunteer_unavailable,2026-08-26 08:00:00,SYNTHETIC_DEMO
RES-00202,DON-02713,REST-TG04-136,REC-TG04-019,VOL-TG04-003,Hyderabad,biryani,114,32.15,102,72,56,93,62,65,54.29,RESCUED,,2026-06-07 02:00:00,SYNTHETIC_DEMO
RES-00203,DON-02761,REST-TG05-149,REC-TG05-003,VOL-TG05-008,Jagtial,fruits,38,28.11,56,82,72,79,68,66,60.97,RESCUED,,2026-08-22 14:00:00,SYNTHETIC_DEMO
RES-00204,DON-01161,REST-TG06-024,REC-TG06-001,VOL-TG06-010,Jangaon,roti,43,5.14,19,80,68,77,59,55,73.88,RESCUED,,2026-06-07 05:00:00,SYNTHETIC_DEMO
RES-00205,DON-01056,REST-TG07-125,REC-TG07-018,VOL-TG07-006,Jayashankar Bhupalpally,packaged_food,37,28.58,69,76,50,74,84,87,57.99,RESCUED,,2026-04-21 21:00:00,SYNTHETIC_DEMO
RES-00206,DON-00256,REST-TG08-118,REC-TG08-003,VOL-TG08-001,Jogulamba Gadwal,fruits,112,9.7,29,83,77,93,89,65,79.42,RESCUED,,2026-07-20 04:00:00,SYNTHETIC_DEMO
RES-00207,DON-02871,REST-TG09-126,REC-TG09-003,VOL-TG09-008,Kamareddy,bakery,52,29.39,87,98,50,85,68,61,59.26,EXPIRED,traffic_delay,2026-06-11 12:00:00,SYNTHETIC_DEMO
RES-00208,DON-01159,REST-TG10-038,REC-TG10-014,VOL-TG10-009,Karimnagar,bread,12,22.92,57,73,46,93,80,85,62.88,PARTIAL,,2026-08-27 19:00:00,SYNTHETIC_DEMO
RES-00209,DON-01372,REST-TG11-049,REC-TG11-020,VOL-TG11-008,Khammam,roti,92,10.02,24,73,70,87,90,87,77.19,PARTIAL,,2026-09-10 02:00:00,SYNTHETIC_DEMO
RES-00210,DON-02329,REST-TG12-048,REC-TG12-017,VOL-TG12-003,Kumuram Bheem,roti,108,31.86,77,81,78,75,56,98,60.69,EXPIRED,traffic_delay,2026-07-30 16:00:00,SYNTHETIC_DEMO
RES-00211,DON-00459,REST-TG13-105,REC-TG13-002,VOL-TG13-009,Mahabubabad,pulao,45,28.24,69,92,47,75,59,50,54.78,MISSED,volunteer_unavailable,2026-06-05 18:00:00,SYNTHETIC_DEMO
RES-00212,DON-00246,REST-TG14-119,REC-TG14-002,VOL-TG14-006,Mahabubnagar,dal,15,32.77,101,65,54,90,76,64,52.89,RESCUED,,2026-08-28 14:00:00,SYNTHETIC_DEMO
RES-00213,DON-01627,REST-TG15-056,REC-TG15-008,VOL-TG15-004,Mancherial,vegetables,31,9.8,30,94,73,70,77,52,74.8,EXPIRED,recipient_capacity_full,2026-08-23 01:00:00,SYNTHETIC_DEMO
RES-00214,DON-00570,REST-TG16-002,REC-TG16-009,VOL-TG16-001,Medak,dal,75,20.04,66,93,50,80,67,50,62.99,RESCUED,,2026-04-05 06:00:00,SYNTHETIC_DEMO
RES-00215,DON-00637,REST-TG17-017,REC-TG17-020,VOL-TG17-010,Medchal-Malkajgiri,cooked_meal,60,30.49,107,71,45,80,79,55,51.82,RESCUED,,2026-07-18 08:00:00,SYNTHETIC_DEMO
RES-00216,DON-00096,REST-TG18-111,REC-TG18-015,VOL-TG18-005,Mulugu,fruits,102,29.87,114,87,75,98,86,88,68.16,MISSED,traffic_delay,2026-06-22 14:00:00,SYNTHETIC_DEMO
RES-00217,DON-01408,REST-TG19-064,REC-TG19-019,VOL-TG19-008,Nagarkurnool,rice,39,0.84,5,74,98,63,82,53,81.75,MISSED,volunteer_unavailable,2026-06-07 13:00:00,SYNTHETIC_DEMO
RES-00218,DON-00873,REST-TG20-053,REC-TG20-019,VOL-TG20-007,Nalgonda,roti,12,14.48,50,67,75,89,80,62,70.61,RESCUED,,2026-05-07 04:00:00,SYNTHETIC_DEMO
RES-00219,DON-02368,REST-TG21-005,REC-TG21-008,VOL-TG21-010,Narayanpet,bread,101,13.96,46,81,73,88,86,79,75.53,MISSED,recipient_capacity_full,2026-08-08 00:00:00,SYNTHETIC_DEMO
RES-00220,DON-02736,REST-TG22-067,REC-TG22-013,VOL-TG22-009,Nirmal,rice,37,11.27,42,82,98,75,90,70,80.2,MISSED,recipient_capacity_full,2026-08-23 13:00:00,SYNTHETIC_DEMO
RES-00221,DON-00073,REST-TG23-077,REC-TG23-016,VOL-TG23-007,Nizamabad,vegetables,98,12.29,37,93,80,81,76,90,79.57,EXPIRED,volunteer_unavailable,2026-09-01 02:00:00,SYNTHETIC_DEMO
RES-00222,DON-00500,REST-TG24-118,REC-TG24-001,VOL-TG24-009,Peddapalli,bakery,36,34.07,118,66,100,76,94,50,59.66,MISSED,recipient_capacity_full,2026-03-31 05:00:00,SYNTHETIC_DEMO
RES-00223,DON-01041,REST-TG25-083,REC-TG25-005,VOL-TG25-006,Rajanna Sircilla,roti,27,22.65,88,83,100,77,92,66,72.77,RESCUED,,2026-05-05 12:00:00,SYNTHETIC_DEMO
RES-00224,DON-02336,REST-TG26-027,REC-TG26-012,VOL-TG26-001,Rangareddy,cooked_meal,79,23.88,78,75,57,71,57,70,57.69,EXPIRED,volunteer_unavailable,2026-05-22 05:00:00,SYNTHETIC_DEMO
RES-00225,DON-02377,REST-TG27-095,REC-TG27-007,VOL-TG27-009,Sangareddy,packaged_food,107,7.8,27,69,84,98,80,74,80.13,MISSED,recipient_capacity_full,2026-07-06 12:00:00,SYNTHETIC_DEMO
RES-00226,DON-00005,REST-TG28-102,REC-TG28-006,VOL-TG28-005,Siddipet,cooked_meal,18,27.31,70,71,53,84,91,99,61.89,RESCUED,,2026-06-21 16:00:00,SYNTHETIC_DEMO
RES-00227,DON-01931,REST-TG29-041,REC-TG29-007,VOL-TG29-007,Suryapet,bread,50,17.26,64,80,56,93,50,64,65.22,RESCUED,,2026-06-28 06:00:00,SYNTHETIC_DEMO
RES-00228,DON-02074,REST-TG30-048,REC-TG30-007,VOL-TG30-010,Vikarabad,dal,65,34.37,76,82,64,66,94,71,56.05,PARTIAL,,2026-06-21 08:00:00,SYNTHETIC_DEMO
RES-00229,DON-01758,REST-TG31-023,REC-TG31-013,VOL-TG31-009,Wanaparthy,cooked_meal,120,0.91,5,70,60,74,91,70,77.55,RESCUED,,2026-05-29 07:00:00,SYNTHETIC_DEMO
RES-00230,DON-02280,REST-TG32-142,REC-TG32-020,VOL-TG32-002,Warangal,bakery,39,6.45,22,78,74,74,70,82,77.09,RESCUED,,2026-06-03 01:00:00,SYNTHETIC_DEMO
RES-00231,DON-01983,REST-TG33-018,REC-TG33-008,VOL-TG33-009,Yadadri Bhuvanagiri,vegetables,66,5.45,16,84,64,90,81,59,78.21,RESCUED,,2026-05-26 01:00:00,SYNTHETIC_DEMO
RES-00232,DON-00622,REST-TG01-024,REC-TG01-012,VOL-TG01-010,Adilabad,dal,33,1.26,5,73,88,63,83,82,82.25,MISSED,volunteer_unavailable,2026-08-07 14:00:00,SYNTHETIC_DEMO
RES-00233,DON-02274,REST-TG02-111,REC-TG02-013,VOL-TG02-003,Bhadradri Kothagudem,vegetables,100,0.88,5,83,47,68,87,88,78.07,RESCUED,,2026-07-31 17:00:00,SYNTHETIC_DEMO
RES-00234,DON-01082,REST-TG03-071,REC-TG03-014,VOL-TG03-005,Hanumakonda,roti,63,18.09,54,94,47,64,77,61,63.68,RESCUED,,2026-03-30 09:00:00,SYNTHETIC_DEMO
RES-00235,DON-02032,REST-TG04-025,REC-TG04-005,VOL-TG04-010,Hyderabad,bread,106,16.24,57,80,63,73,94,77,70.05,MISSED,volunteer_unavailable,2026-04-25 19:00:00,SYNTHETIC_DEMO
RES-00236,DON-02652,REST-TG05-136,REC-TG05-012,VOL-TG05-009,Jagtial,sandwich,25,9.98,24,73,53,84,91,97,74.47,EXPIRED,traffic_delay,2026-09-08 00:00:00,SYNTHETIC_DEMO
RES-00237,DON-00930,REST-TG06-077,REC-TG06-012,VOL-TG06-007,Jangaon,roti,21,18.58,64,82,93,69,63,97,73.08,EXPIRED,recipient_capacity_full,2026-08-17 14:00:00,SYNTHETIC_DEMO
RES-00238,DON-01823,REST-TG07-121,REC-TG07-008,VOL-TG07-006,Jayashankar Bhupalpally,bakery,77,26.39,94,95,90,85,70,67,69.6,RESCUED,,2026-04-30 23:00:00,SYNTHETIC_DEMO
RES-00239,DON-01257,REST-TG08-020,REC-TG08-013,VOL-TG08-005,Jogulamba Gadwal,bread,42,7.62,22,70,99,95,64,98,83.81,RESCUED,,2026-04-09 16:00:00,SYNTHETIC_DEMO
RES-00240,DON-01588,REST-TG09-136,REC-TG09-014,VOL-TG09-008,Kamareddy,bread,106,5.33,13,91,48,70,52,83,72.99,MISSED,recipient_capacity_full,2026-09-10 07:00:00,SYNTHETIC_DEMO
RES-00241,DON-00795,REST-TG10-109,REC-TG10-003,VOL-TG10-006,Karimnagar,bakery,81,16.69,59,97,46,85,96,67,70.73,PARTIAL,,2026-06-28 09:00:00,SYNTHETIC_DEMO
RES-00242,DON-00990,REST-TG11-058,REC-TG11-009,VOL-TG11-001,Khammam,vegetables,52,1.98,6,100,87,81,79,51,86.14,MISSED,traffic_delay,2026-08-12 08:00:00,SYNTHETIC_DEMO
RES-00243,DON-02068,REST-TG12-139,REC-TG12-001,VOL-TG12-002,Kumuram Bheem,pulao,24,10.78,39,81,90,68,59,95,77.1,PARTIAL,,2026-07-07 08:00:00,SYNTHETIC_DEMO
RES-00244,DON-02001,REST-TG13-122,REC-TG13-018,VOL-TG13-002,Mahabubabad,packaged_food,25,6.61,23,74,90,96,77,77,82.88,RESCUED,,2026-06-29 06:00:00,SYNTHETIC_DEMO
RES-00245,DON-01898,REST-TG14-058,REC-TG14-011,VOL-TG14-009,Mahabubnagar,bread,111,29.9,102,85,79,64,87,84,63.14,RESCUED,,2026-07-11 20:00:00,SYNTHETIC_DEMO
RES-00246,DON-00400,REST-TG15-002,REC-TG15-003,VOL-TG15-007,Mancherial,rice,77,4.89,19,74,67,95,66,91,79.66,RESCUED,,2026-06-10 03:00:00,SYNTHETIC_DEMO
RES-00247,DON-01438,REST-TG16-129,REC-TG16-005,VOL-TG16-010,Medak,sandwich,49,6.26,19,98,69,85,65,54,78.58,RESCUED,,2026-06-04 16:00:00,SYNTHETIC_DEMO
RES-00248,DON-02607,REST-TG17-081,REC-TG17-001,VOL-TG17-003,Medchal-Malkajgiri,sandwich,96,30.39,62,78,95,68,75,75,63.09,PARTIAL,,2026-05-31 15:00:00,SYNTHETIC_DEMO
RES-00249,DON-01161,REST-TG18-030,REC-TG18-018,VOL-TG18-004,Mulugu,cooked_meal,26,3.99,12,91,98,67,94,68,86.2,PARTIAL,,2026-04-04 13:00:00,SYNTHETIC_DEMO
RES-00250,DON-01203,REST-TG19-102,REC-TG19-011,VOL-TG19-009,Nagarkurnool,sandwich,58,27.41,104,68,48,88,99,79,59.62,EXPIRED,traffic_delay,2026-07-31 07:00:00,SYNTHETIC_DEMO
RES-00251,DON-00163,REST-TG20-032,REC-TG20-003,VOL-TG20-001,Nalgonda,sandwich,23,1.78,5,70,54,88,51,67,73.53,RESCUED,,2026-04-09 21:00:00,SYNTHETIC_DEMO
RES-00252,DON-01848,REST-TG21-099,REC-TG21-020,VOL-TG21-008,Narayanpet,bread,12,27.37,108,79,74,89,99,86,67.9,PARTIAL,,2026-05-07 21:00:00,SYNTHETIC_DEMO
RES-00253,DON-02766,REST-TG22-052,REC-TG22-015,VOL-TG22-001,Nirmal,fruits,42,6.03,20,79,96,94,94,94,88.59,MISSED,expired_before_pickup,2026-07-09 03:00:00,SYNTHETIC_DEMO
RES-00254,DON-00118,REST-TG23-005,REC-TG23-011,VOL-TG23-009,Nizamabad,dal,76,3.35,9,87,77,62,84,52,78.31,MISSED,traffic_delay,2026-04-07 08:00:00,SYNTHETIC_DEMO
RES-00255,DON-00150,REST-TG24-031,REC-TG24-003,VOL-TG24-009,Peddapalli,vegetables,59,21.86,77,77,97,81,91,57,71.14,RESCUED,,2026-06-02 00:00:00,SYNTHETIC_DEMO
RES-00256,DON-02344,REST-TG25-087,REC-TG25-015,VOL-TG25-003,Rajanna Sircilla,packaged_food,30,25.15,52,85,49,65,81,88,60.49,MISSED,expired_before_pickup,2026-09-17 10:00:00,SYNTHETIC_DEMO
RES-00257,DON-00263,REST-TG26-023,REC-TG26-018,VOL-TG26-003,Rangareddy,fruits,113,22.81,60,96,45,67,82,91,64.26,RESCUED,,2026-07-20 07:00:00,SYNTHETIC_DEMO
RES-00258,DON-02086,REST-TG27-098,REC-TG27-015,VOL-TG27-003,Sangareddy,rice,79,27.71,105,92,83,73,53,87,65.16,EXPIRED,expired_before_pickup,2026-09-01 07:00:00,SYNTHETIC_DEMO
RES-00259,DON-02573,REST-TG28-120,REC-TG28-016,VOL-TG28-002,Siddipet,rice,102,31.67,96,90,48,99,66,72,58.63,PARTIAL,,2026-04-13 18:00:00,SYNTHETIC_DEMO
RES-00260,DON-00624,REST-TG29-118,REC-TG29-010,VOL-TG29-003,Suryapet,cooked_meal,78,12.75,45,97,82,69,100,51,77.14,MISSED,traffic_delay,2026-07-06 10:00:00,SYNTHETIC_DEMO
RES-00261,DON-01712,REST-TG30-053,REC-TG30-009,VOL-TG30-005,Vikarabad,packaged_food,120,17.64,64,86,56,93,54,76,67.75,MISSED,expired_before_pickup,2026-07-31 06:00:00,SYNTHETIC_DEMO
RES-00262,DON-00526,REST-TG31-146,REC-TG31-009,VOL-TG31-008,Wanaparthy,vegetables,73,22.47,48,82,59,89,84,73,66.2,RESCUED,,2026-06-02 00:00:00,SYNTHETIC_DEMO
RES-00263,DON-00084,REST-TG32-142,REC-TG32-003,VOL-TG32-002,Warangal,biryani,22,26.94,74,98,58,99,90,90,69.81,EXPIRED,traffic_delay,2026-09-02 21:00:00,SYNTHETIC_DEMO
RES-00264,DON-00529,REST-TG33-078,REC-TG33-011,VOL-TG33-001,Yadadri Bhuvanagiri,bakery,18,12.39,48,76,71,65,60,61,67.4,EXPIRED,traffic_delay,2026-05-26 19:00:00,SYNTHETIC_DEMO
RES-00265,DON-02229,REST-TG01-081,REC-TG01-014,VOL-TG01-010,Adilabad,rice,110,22.11,81,82,54,87,62,93,64.96,RESCUED,,2026-07-01 05:00:00,SYNTHETIC_DEMO
RES-00266,DON-01673,REST-TG02-142,REC-TG02-008,VOL-TG02-002,Bhadradri Kothagudem,roti,56,19.25,53,80,69,85,92,70,70.0,RESCUED,,2026-07-20 01:00:00,SYNTHETIC_DEMO
RES-00267,DON-02282,REST-TG03-068,REC-TG03-019,VOL-TG03-006,Hanumakonda,vegetables,48,21.75,60,91,57,93,73,97,70.01,MISSED,expired_before_pickup,2026-08-10 11:00:00,SYNTHETIC_DEMO
RES-00268,DON-00117,REST-TG04-063,REC-TG04-001,VOL-TG04-007,Hyderabad,rice,46,26.85,98,95,85,100,76,92,73.62,PARTIAL,,2026-04-21 15:00:00,SYNTHETIC_DEMO
RES-00269,DON-02422,REST-TG05-056,REC-TG05-005,VOL-TG05-001,Jagtial,roti,46,18.03,48,91,53,77,63,84,67.17,PARTIAL,,2026-05-13 00:00:00,SYNTHETIC_DEMO
RES-00270,DON-00711,REST-TG06-018,REC-TG06-003,VOL-TG06-004,Jangaon,vegetables,18,8.74,22,75,84,81,88,55,77.01,EXPIRED,recipient_capacity_full,2026-06-06 14:00:00,SYNTHETIC_DEMO
RES-00271,DON-01921,REST-TG07-114,REC-TG07-017,VOL-TG07-010,Jayashankar Bhupalpally,bakery,46,7.74,24,65,56,74,76,77,70.07,PARTIAL,,2026-08-06 00:00:00,SYNTHETIC_DEMO
RES-00272,DON-00022,REST-TG08-112,REC-TG08-014,VOL-TG08-008,Jogulamba Gadwal,dal,108,3.09,6,84,67,78,67,61,77.49,PARTIAL,,2026-08-29 12:00:00,SYNTHETIC_DEMO
RES-00273,DON-02797,REST-TG09-029,REC-TG09-001,VOL-TG09-003,Kamareddy,bread,52,34.45,87,85,94,89,72,58,62.54,MISSED,expired_before_pickup,2026-04-04 16:00:00,SYNTHETIC_DEMO
RES-00274,DON-01392,REST-TG10-039,REC-TG10-004,VOL-TG10-010,Karimnagar,sandwich,27,7.97,28,72,95,84,74,97,82.41,RESCUED,,2026-09-06 01:00:00,SYNTHETIC_DEMO
RES-00275,DON-00003,REST-TG11-022,REC-TG11-015,VOL-TG11-001,Khammam,fruits,12,5.69,12,77,74,65,70,63,74.19,RESCUED,,2026-08-18 04:00:00,SYNTHETIC_DEMO
RES-00276,DON-00758,REST-TG12-102,REC-TG12-003,VOL-TG12-010,Kumuram Bheem,pulao,40,26.21,53,70,62,71,78,67,57.83,MISSED,traffic_delay,2026-09-24 09:00:00,SYNTHETIC_DEMO
RES-00277,DON-02956,REST-TG13-100,REC-TG13-017,VOL-TG13-004,Mahabubabad,bakery,91,4.04,15,66,54,83,83,90,75.86,MISSED,expired_before_pickup,2026-09-24 22:00:00,SYNTHETIC_DEMO
RES-00278,DON-02898,REST-TG14-129,REC-TG14-011,VOL-TG14-005,Mahabubnagar,dal,85,4.61,14,67,96,75,90,71,81.66,RESCUED,,2026-04-02 01:00:00,SYNTHETIC_DEMO
RES-00279,DON-00604,REST-TG15-025,REC-TG15-010,VOL-TG15-001,Mancherial,rice,93,7.38,19,94,94,67,100,82,85.58,RESCUED,,2026-06-29 20:00:00,SYNTHETIC_DEMO
RES-00280,DON-02893,REST-TG16-033,REC-TG16-016,VOL-TG16-003,Medak,cooked_meal,36,19.77,41,85,49,88,96,84,68.88,PARTIAL,,2026-06-27 07:00:00,SYNTHETIC_DEMO
RES-00281,DON-00601,REST-TG17-049,REC-TG17-014,VOL-TG17-005,Medchal-Malkajgiri,vegetables,106,2.41,8,70,59,65,69,88,74.53,PARTIAL,,2026-05-01 03:00:00,SYNTHETIC_DEMO
RES-00282,DON-01341,REST-TG18-062,REC-TG18-005,VOL-TG18-008,Mulugu,roti,24,27.84,70,91,55,78,53,80,59.31,MISSED,volunteer_unavailable,2026-06-09 00:00:00,SYNTHETIC_DEMO
RES-00283,DON-01685,REST-TG19-035,REC-TG19-015,VOL-TG19-004,Nagarkurnool,packaged_food,67,8.72,28,65,59,62,88,69,68.57,RESCUED,,2026-08-29 18:00:00,SYNTHETIC_DEMO
RES-00284,DON-01192,REST-TG20-019,REC-TG20-011,VOL-TG20-001,Nalgonda,cooked_meal,58,13.61,33,67,67,72,62,67,65.78,RESCUED,,2026-08-02 11:00:00,SYNTHETIC_DEMO
RES-00285,DON-02556,REST-TG21-069,REC-TG21-008,VOL-TG21-002,Narayanpet,biryani,71,8.8,31,74,54,70,59,57,66.41,RESCUED,,2026-05-12 19:00:00,SYNTHETIC_DEMO
RES-00286,DON-01450,REST-TG22-089,REC-TG22-003,VOL-TG22-008,Nirmal,fruits,76,33.12,124,88,82,88,53,58,59.64,RESCUED,,2026-04-12 18:00:00,SYNTHETIC_DEMO
RES-00287,DON-01611,REST-TG23-117,REC-TG23-009,VOL-TG23-009,Nizamabad,vegetables,119,30.75,94,65,71,66,64,93,55.84,RESCUED,,2026-08-29 11:00:00,SYNTHETIC_DEMO
RES-00288,DON-02535,REST-TG24-089,REC-TG24-001,VOL-TG24-010,Peddapalli,dal,108,23.39,87,69,80,88,88,92,69.29,RESCUED,,2026-05-10 00:00:00,SYNTHETIC_DEMO
RES-00289,DON-01422,REST-TG25-118,REC-TG25-016,VOL-TG25-008,Rajanna Sircilla,vegetables,18,14.76,51,77,87,100,78,100,80.06,RESCUED,,2026-04-22 23:00:00,SYNTHETIC_DEMO
RES-00290,DON-02078,REST-TG26-092,REC-TG26-005,VOL-TG26-002,Rangareddy,cooked_meal,54,32.83,131,88,85,73,68,99,63.8,PARTIAL,,2026-05-25 01:00:00,SYNTHETIC_DEMO
RES-00291,DON-02399,REST-TG27-025,REC-TG27-001,VOL-TG27-007,Sangareddy,sandwich,84,8.64,26,73,60,61,55,71,67.18,RESCUED,,2026-08-27 16:00:00,SYNTHETIC_DEMO
RES-00292,DON-01551,REST-TG28-061,REC-TG28-010,VOL-TG28-004,Siddipet,cooked_meal,105,14.1,51,96,53,89,63,94,73.78,RESCUED,,2026-06-20 18:00:00,SYNTHETIC_DEMO
RES-00293,DON-01788,REST-TG29-026,REC-TG29-014,VOL-TG29-010,Suryapet,bakery,23,21.5,48,83,46,82,59,73,60.94,PARTIAL,,2026-06-26 18:00:00,SYNTHETIC_DEMO
RES-00294,DON-02035,REST-TG30-062,REC-TG30-016,VOL-TG30-010,Vikarabad,cooked_meal,71,26.96,96,79,53,72,78,63,57.04,EXPIRED,volunteer_unavailable,2026-05-13 01:00:00,SYNTHETIC_DEMO
RES-00295,DON-00584,REST-TG31-149,REC-TG31-008,VOL-TG31-005,Wanaparthy,bread,87,26.99,61,87,88,66,83,99,68.82,EXPIRED,traffic_delay,2026-05-21 07:00:00,SYNTHETIC_DEMO
RES-00296,DON-02888,REST-TG32-013,REC-TG32-006,VOL-TG32-006,Warangal,vegetables,26,18.47,40,95,46,100,56,52,65.81,PARTIAL,,2026-04-07 00:00:00,SYNTHETIC_DEMO
RES-00297,DON-01759,REST-TG33-096,REC-TG33-009,VOL-TG33-004,Yadadri Bhuvanagiri,biryani,110,20.78,55,89,90,71,66,51,68.31,RESCUED,,2026-07-18 01:00:00,SYNTHETIC_DEMO
RES-00298,DON-01048,REST-TG01-069,REC-TG01-008,VOL-TG01-001,Adilabad,roti,25,29.8,85,98,85,100,90,73,71.61,PARTIAL,,2026-08-08 02:00:00,SYNTHETIC_DEMO
RES-00299,DON-02049,REST-TG02-084,REC-TG02-002,VOL-TG02-006,Bhadradri Kothagudem,dal,47,33.65,116,72,86,91,81,87,63.01,MISSED,traffic_delay,2026-06-11 05:00:00,SYNTHETIC_DEMO
RES-00300,DON-01305,REST-TG03-147,REC-TG03-009,VOL-TG03-002,Hanumakonda,roti,53,34.42,70,74,46,78,65,89,51.51,EXPIRED,expired_before_pickup,2026-05-15 10:00:00,SYNTHETIC_DEMO
RES-00301,DON-02275,REST-TG04-067,REC-TG04-006,VOL-TG04-005,Hyderabad,dal,111,8.7,23,88,62,84,94,51,75.89,PARTIAL,,2026-05-24 21:00:00,SYNTHETIC_DEMO
RES-00302,DON-02332,REST-TG05-023,REC-TG05-017,VOL-TG05-008,Jagtial,bakery,16,27.02,58,88,64,70,81,76,62.3,EXPIRED,expired_before_pickup,2026-08-22 03:00:00,SYNTHETIC_DEMO
RES-00303,DON-00879,REST-TG06-112,REC-TG06-014,VOL-TG06-001,Jangaon,dal,23,3.53,8,66,95,70,77,91,81.98,RESCUED,,2026-05-16 06:00:00,SYNTHETIC_DEMO
RES-00304,DON-00195,REST-TG07-139,REC-TG07-011,VOL-TG07-002,Jayashankar Bhupalpally,biryani,65,4.87,14,86,60,64,90,92,78.52,EXPIRED,recipient_capacity_full,2026-09-16 21:00:00,SYNTHETIC_DEMO
RES-00305,DON-00179,REST-TG08-095,REC-TG08-019,VOL-TG08-009,Jogulamba Gadwal,cooked_meal,107,21.8,62,73,91,88,69,92,71.53,PARTIAL,,2026-04-02 05:00:00,SYNTHETIC_DEMO
RES-00306,DON-00677,REST-TG09-125,REC-TG09-017,VOL-TG09-001,Kamareddy,bread,11,2.19,6,87,61,70,75,90,80.04,MISSED,expired_before_pickup,2026-07-02 02:00:00,SYNTHETIC_DEMO
RES-00307,DON-01696,REST-TG10-102,REC-TG10-015,VOL-TG10-009,Karimnagar,fruits,40,24.19,87,99,57,68,53,67,61.12,PARTIAL,,2026-07-07 12:00:00,SYNTHETIC_DEMO
RES-00308,DON-00077,REST-TG11-111,REC-TG11-018,VOL-TG11-007,Khammam,packaged_food,110,32.11,114,79,45,90,54,82,53.96,EXPIRED,expired_before_pickup,2026-09-17 14:00:00,SYNTHETIC_DEMO
RES-00309,DON-00213,REST-TG12-040,REC-TG12-019,VOL-TG12-006,Kumuram Bheem,dal,65,23.16,85,92,93,91,56,74,72.11,RESCUED,,2026-07-22 21:00:00,SYNTHETIC_DEMO
RES-00310,DON-02638,REST-TG13-018,REC-TG13-018,VOL-TG13-008,Mahabubabad,fruits,33,11.37,31,100,95,99,53,84,84.43,RESCUED,,2026-08-07 22:00:00,SYNTHETIC_DEMO
RES-00311,DON-00138,REST-TG14-092,REC-TG14-013,VOL-TG14-004,Mahabubnagar,dal,115,17.91,56,95,91,82,95,50,76.21,PARTIAL,,2026-07-04 22:00:00,SYNTHETIC_DEMO
RES-00312,DON-02107,REST-TG15-049,REC-TG15-009,VOL-TG15-005,Mancherial,sandwich,17,14.65,51,71,93,64,57,78,70.44,RESCUED,,2026-04-19 00:00:00,SYNTHETIC_DEMO
RES-00313,DON-02072,REST-TG16-005,REC-TG16-020,VOL-TG16-007,Medak,packaged_food,46,5.33,11,72,59,89,68,95,77.04,RESCUED,,2026-08-04 22:00:00,SYNTHETIC_DEMO
RES-00314,DON-01250,REST-TG17-005,REC-TG17-007,VOL-TG17-008,Medchal-Malkajgiri,sandwich,86,23.57,78,74,76,81,100,76,67.91,MISSED,recipient_capacity_full,2026-08-16 13:00:00,SYNTHETIC_DEMO
RES-00315,DON-02974,REST-TG18-146,REC-TG18-008,VOL-TG18-010,Mulugu,cooked_meal,22,11.26,41,71,61,67,65,60,65.91,MISSED,volunteer_unavailable,2026-08-04 10:00:00,SYNTHETIC_DEMO
RES-00316,DON-00094,REST-TG19-096,REC-TG19-006,VOL-TG19-004,Nagarkurnool,sandwich,64,28.35,85,92,48,60,99,75,59.15,EXPIRED,traffic_delay,2026-03-29 15:00:00,SYNTHETIC_DEMO
RES-00317,DON-02822,REST-TG20-134,REC-TG20-018,VOL-TG20-005,Nalgonda,fruits,76,22.01,62,80,65,79,96,50,64.73,PARTIAL,,2026-04-27 10:00:00,SYNTHETIC_DEMO
RES-00318,DON-00590,REST-TG21-150,REC-TG21-013,VOL-TG21-002,Narayanpet,sandwich,77,4.96,12,75,96,68,71,68,79.76,RESCUED,,2026-07-22 14:00:00,SYNTHETIC_DEMO
RES-00319,DON-00144,REST-TG22-036,REC-TG22-004,VOL-TG22-004,Nirmal,bread,66,27.69,79,72,47,97,92,60,58.77,MISSED,volunteer_unavailable,2026-09-05 05:00:00,SYNTHETIC_DEMO
RES-00320,DON-02184,REST-TG23-069,REC-TG23-020,VOL-TG23-001,Nizamabad,bread,90,32.33,84,94,53,97,58,90,60.66,RESCUED,,2026-04-13 20:00:00,SYNTHETIC_DEMO
RES-00321,DON-01426,REST-TG24-105,REC-TG24-010,VOL-TG24-004,Peddapalli,fruits,99,17.1,53,68,95,65,81,87,71.94,RESCUED,,2026-08-31 12:00:00,SYNTHETIC_DEMO
RES-00322,DON-01979,REST-TG25-149,REC-TG25-013,VOL-TG25-008,Rajanna Sircilla,bread,23,6.9,26,72,61,91,59,76,73.82,RESCUED,,2026-09-10 01:00:00,SYNTHETIC_DEMO
RES-00323,DON-01261,REST-TG26-136,REC-TG26-015,VOL-TG26-009,Rangareddy,pulao,21,9.72,36,84,100,69,55,79,78.61,EXPIRED,volunteer_unavailable,2026-09-17 07:00:00,SYNTHETIC_DEMO
RES-00324,DON-01113,REST-TG27-020,REC-TG27-001,VOL-TG27-005,Sangareddy,fruits,60,23.39,52,66,50,97,83,74,61.74,RESCUED,,2026-04-21 11:00:00,SYNTHETIC_DEMO
RES-00325,DON-00666,REST-TG28-095,REC-TG28-014,VOL-TG28-007,Siddipet,vegetables,43,10.17,28,80,84,67,92,63,76.09,RESCUED,,2026-05-25 06:00:00,SYNTHETIC_DEMO
RES-00326,DON-00208,REST-TG29-037,REC-TG29-005,VOL-TG29-005,Suryapet,packaged_food,107,24.11,61,77,62,96,79,56,63.48,RESCUED,,2026-06-16 14:00:00,SYNTHETIC_DEMO
RES-00327,DON-02259,REST-TG30-009,REC-TG30-008,VOL-TG30-002,Vikarabad,fruits,42,11.59,30,76,100,97,83,80,82.77,MISSED,volunteer_unavailable,2026-04-27 04:00:00,SYNTHETIC_DEMO
RES-00328,DON-01377,REST-TG31-001,REC-TG31-006,VOL-TG31-004,Wanaparthy,pulao,40,7.25,24,97,95,95,58,94,87.67,RESCUED,,2026-08-07 02:00:00,SYNTHETIC_DEMO
RES-00329,DON-02832,REST-TG32-131,REC-TG32-011,VOL-TG32-001,Warangal,pulao,78,7.75,23,74,87,64,67,79,75.86,EXPIRED,expired_before_pickup,2026-04-12 13:00:00,SYNTHETIC_DEMO
RES-00330,DON-00049,REST-TG33-076,REC-TG33-013,VOL-TG33-010,Yadadri Bhuvanagiri,bread,53,21.56,81,73,76,84,60,70,65.0,EXPIRED,traffic_delay,2026-07-26 09:00:00,SYNTHETIC_DEMO
RES-00331,DON-00039,REST-TG01-018,REC-TG01-014,VOL-TG01-002,Adilabad,cooked_meal,85,22.46,64,92,61,96,93,76,70.86,RESCUED,,2026-06-30 20:00:00,SYNTHETIC_DEMO
RES-00332,DON-01913,REST-TG02-067,REC-TG02-004,VOL-TG02-008,Bhadradri Kothagudem,pulao,76,9.0,35,71,96,64,84,88,78.77,RESCUED,,2026-08-19 22:00:00,SYNTHETIC_DEMO
RES-00333,DON-02887,REST-TG03-103,REC-TG03-010,VOL-TG03-007,Hanumakonda,sandwich,118,27.81,98,83,83,73,56,92,64.09,PARTIAL,,2026-07-21 23:00:00,SYNTHETIC_DEMO
RES-00334,DON-00016,REST-TG04-023,REC-TG04-009,VOL-TG04-010,Hyderabad,cooked_meal,68,16.81,40,77,90,88,62,58,71.59,PARTIAL,,2026-06-16 02:00:00,SYNTHETIC_DEMO
RES-00335,DON-00879,REST-TG05-116,REC-TG05-015,VOL-TG05-004,Jagtial,sandwich,92,5.41,13,83,65,61,80,80,75.89,RESCUED,,2026-07-20 04:00:00,SYNTHETIC_DEMO
RES-00336,DON-00494,REST-TG06-079,REC-TG06-006,VOL-TG06-003,Jangaon,dal,119,11.68,30,65,84,73,80,98,75.21,MISSED,expired_before_pickup,2026-04-26 21:00:00,SYNTHETIC_DEMO
RES-00337,DON-01861,REST-TG07-046,REC-TG07-016,VOL-TG07-005,Jayashankar Bhupalpally,bread,91,19.22,40,94,90,100,80,73,78.37,RESCUED,,2026-07-27 07:00:00,SYNTHETIC_DEMO
RES-00338,DON-01034,REST-TG08-072,REC-TG08-014,VOL-TG08-005,Jogulamba Gadwal,roti,49,18.08,37,82,88,92,60,71,72.99,EXPIRED,volunteer_unavailable,2026-06-24 15:00:00,SYNTHETIC_DEMO
RES-00339,DON-00738,REST-TG09-046,REC-TG09-017,VOL-TG09-003,Kamareddy,roti,78,13.05,31,77,90,74,63,91,75.58,MISSED,recipient_capacity_full,2026-06-21 08:00:00,SYNTHETIC_DEMO
RES-00340,DON-02050,REST-TG10-064,REC-TG10-015,VOL-TG10-001,Karimnagar,bread,36,19.94,73,75,65,86,64,50,63.06,RESCUED,,2026-09-13 17:00:00,SYNTHETIC_DEMO
RES-00341,DON-01135,REST-TG11-030,REC-TG11-018,VOL-TG11-003,Khammam,fruits,68,16.91,42,72,97,74,65,86,72.92,RESCUED,,2026-06-29 07:00:00,SYNTHETIC_DEMO
RES-00342,DON-02808,REST-TG12-127,REC-TG12-008,VOL-TG12-003,Kumuram Bheem,sandwich,77,30.02,112,85,62,74,89,62,59.16,PARTIAL,,2026-05-18 07:00:00,SYNTHETIC_DEMO
RES-00343,DON-01424,REST-TG13-132,REC-TG13-004,VOL-TG13-004,Mahabubabad,bread,29,1.02,5,91,61,90,72,83,83.67,RESCUED,,2026-07-15 18:00:00,SYNTHETIC_DEMO
RES-00344,DON-02172,REST-TG14-019,REC-TG14-018,VOL-TG14-004,Mahabubnagar,vegetables,98,7.75,19,77,82,90,98,58,80.36,MISSED,recipient_capacity_full,2026-08-07 01:00:00,SYNTHETIC_DEMO
RES-00345,DON-01223,REST-TG15-136,REC-TG15-015,VOL-TG15-005,Mancherial,biryani,19,16.88,63,91,91,74,60,97,76.14,PARTIAL,,2026-06-22 06:00:00,SYNTHETIC_DEMO
RES-00346,DON-02426,REST-TG16-103,REC-TG16-015,VOL-TG16-004,Medak,vegetables,15,1.14,5,76,93,67,73,98,85.14,PARTIAL,,2026-08-10 07:00:00,SYNTHETIC_DEMO
RES-00347,DON-00014,REST-TG17-044,REC-TG17-003,VOL-TG17-001,Medchal-Malkajgiri,vegetables,68,7.71,23,76,54,93,89,59,74.24,RESCUED,,2026-09-21 18:00:00,SYNTHETIC_DEMO
RES-00348,DON-00584,REST-TG18-100,REC-TG18-005,VOL-TG18-004,Mulugu,bread,99,4.51,9,79,56,89,82,100,80.33,RESCUED,,2026-05-06 13:00:00,SYNTHETIC_DEMO
RES-00349,DON-00474,REST-TG19-078,REC-TG19-008,VOL-TG19-003,Nagarkurnool,vegetables,91,20.27,62,83,60,98,59,51,64.82,EXPIRED,traffic_delay,2026-05-28 11:00:00,SYNTHETIC_DEMO
RES-00350,DON-00860,REST-TG20-111,REC-TG20-013,VOL-TG20-004,Nalgonda,dal,82,23.95,92,88,97,91,76,56,71.74,EXPIRED,recipient_capacity_full,2026-04-07 02:00:00,SYNTHETIC_DEMO
RES-00351,DON-01873,REST-TG21-138,REC-TG21-014,VOL-TG21-002,Narayanpet,fruits,21,25.03,61,92,55,94,69,69,64.42,RESCUED,,2026-08-27 04:00:00,SYNTHETIC_DEMO
RES-00352,DON-00353,REST-TG22-085,REC-TG22-007,VOL-TG22-004,Nirmal,roti,54,9.18,23,90,62,65,52,81,71.89,RESCUED,,2026-07-05 16:00:00,SYNTHETIC_DEMO
RES-00353,DON-02900,REST-TG23-094,REC-TG23-006,VOL-TG23-006,Nizamabad,dal,66,17.6,41,97,51,91,87,68,71.18,EXPIRED,volunteer_unavailable,2026-06-21 12:00:00,SYNTHETIC_DEMO
RES-00354,DON-00620,REST-TG24-065,REC-TG24-004,VOL-TG24-007,Peddapalli,dal,63,6.98,22,98,51,98,91,86,82.21,RESCUED,,2026-05-23 14:00:00,SYNTHETIC_DEMO
RES-00355,DON-01920,REST-TG25-033,REC-TG25-010,VOL-TG25-005,Rajanna Sircilla,bread,100,24.3,54,98,88,94,71,58,71.84,PARTIAL,,2026-06-29 10:00:00,SYNTHETIC_DEMO
RES-00356,DON-00038,REST-TG26-105,REC-TG26-014,VOL-TG26-002,Rangareddy,dal,118,32.9,111,75,49,69,72,67,50.55,RESCUED,,2026-03-30 04:00:00,SYNTHETIC_DEMO
RES-00357,DON-00877,REST-TG27-146,REC-TG27-003,VOL-TG27-003,Sangareddy,packaged_food,55,2.51,9,99,56,79,51,91,80.26,PARTIAL,,2026-05-22 03:00:00,SYNTHETIC_DEMO
RES-00358,DON-02250,REST-TG28-101,REC-TG28-006,VOL-TG28-007,Siddipet,biryani,63,19.84,52,75,78,77,74,58,66.18,EXPIRED,volunteer_unavailable,2026-08-01 17:00:00,SYNTHETIC_DEMO
RES-00359,DON-00392,REST-TG29-039,REC-TG29-005,VOL-TG29-010,Suryapet,fruits,28,17.99,42,76,97,65,78,68,71.1,MISSED,expired_before_pickup,2026-08-05 03:00:00,SYNTHETIC_DEMO
RES-00360,DON-01957,REST-TG30-098,REC-TG30-010,VOL-TG30-005,Vikarabad,vegetables,55,27.85,56,97,100,73,76,69,69.96,RESCUED,,2026-09-03 00:00:00,SYNTHETIC_DEMO
RES-00361,DON-00800,REST-TG31-080,REC-TG31-016,VOL-TG31-005,Wanaparthy,pulao,46,34.24,127,93,73,87,92,61,62.09,RESCUED,,2026-07-03 10:00:00,SYNTHETIC_DEMO
RES-00362,DON-02628,REST-TG32-017,REC-TG32-010,VOL-TG32-009,Warangal,fruits,13,29.25,111,76,80,89,69,78,63.36,MISSED,traffic_delay,2026-04-30 22:00:00,SYNTHETIC_DEMO
RES-00363,DON-02602,REST-TG33-092,REC-TG33-004,VOL-TG33-007,Yadadri Bhuvanagiri,vegetables,15,3.73,8,90,92,78,94,65,86.34,RESCUED,,2026-08-09 14:00:00,SYNTHETIC_DEMO
RES-00364,DON-01216,REST-TG01-125,REC-TG01-005,VOL-TG01-003,Adilabad,cooked_meal,49,9.61,35,69,89,89,54,96,78.09,RESCUED,,2026-06-27 21:00:00,SYNTHETIC_DEMO
RES-00365,DON-01721,REST-TG02-139,REC-TG02-015,VOL-TG02-006,Bhadradri Kothagudem,bakery,22,0.85,5,66,45,66,77,78,71.99,EXPIRED,recipient_capacity_full,2026-04-10 00:00:00,SYNTHETIC_DEMO
RES-00366,DON-01585,REST-TG03-118,REC-TG03-006,VOL-TG03-003,Hanumakonda,fruits,21,4.05,10,65,45,73,73,73,69.66,MISSED,expired_before_pickup,2026-08-22 11:00:00,SYNTHETIC_DEMO
RES-00367,DON-01346,REST-TG04-132,REC-TG04-002,VOL-TG04-010,Hyderabad,vegetables,56,11.41,32,100,71,63,60,90,75.5,RESCUED,,2026-05-19 14:00:00,SYNTHETIC_DEMO
RES-00368,DON-02435,REST-TG05-100,REC-TG05-008,VOL-TG05-005,Jagtial,dal,25,33.92,126,82,69,81,89,97,61.72,RESCUED,,2026-06-25 15:00:00,SYNTHETIC_DEMO
RES-00369,DON-01926,REST-TG06-057,REC-TG06-013,VOL-TG06-005,Jangaon,roti,71,18.56,66,84,90,97,53,66,72.99,EXPIRED,volunteer_unavailable,2026-06-05 04:00:00,SYNTHETIC_DEMO
RES-00370,DON-02029,REST-TG07-131,REC-TG07-017,VOL-TG07-004,Jayashankar Bhupalpally,cooked_meal,50,7.67,16,67,50,62,65,99,68.62,RESCUED,,2026-06-08 14:00:00,SYNTHETIC_DEMO
RES-00371,DON-02007,REST-TG08-049,REC-TG08-007,VOL-TG08-005,Jogulamba Gadwal,biryani,74,11.04,37,76,91,92,68,77,78.81,RESCUED,,2026-04-06 00:00:00,SYNTHETIC_DEMO
RES-00372,DON-00913,REST-TG09-001,REC-TG09-012,VOL-TG09-008,Kamareddy,vegetables,110,16.62,49,82,46,79,58,90,65.38,PARTIAL,,2026-08-20 14:00:00,SYNTHETIC_DEMO
RES-00373,DON-00248,REST-TG10-074,REC-TG10-011,VOL-TG10-003,Karimnagar,packaged_food,50,11.48,33,67,81,76,84,76,73.8,EXPIRED,expired_before_pickup,2026-04-11 12:00:00,SYNTHETIC_DEMO
RES-00374,DON-02850,REST-TG11-112,REC-TG11-018,VOL-TG11-004,Khammam,roti,19,30.34,104,87,96,99,58,75,68.08,RESCUED,,2026-04-09 03:00:00,SYNTHETIC_DEMO
RES-00375,DON-02276,REST-TG12-132,REC-TG12-009,VOL-TG12-005,Kumuram Bheem,dal,96,26.18,81,83,74,91,66,88,66.75,PARTIAL,,2026-04-20 19:00:00,SYNTHETIC_DEMO
RES-00376,DON-01740,REST-TG13-104,REC-TG13-014,VOL-TG13-003,Mahabubabad,packaged_food,110,16.29,60,87,51,91,92,73,71.11,MISSED,volunteer_unavailable,2026-08-01 01:00:00,SYNTHETIC_DEMO
RES-00377,DON-00651,REST-TG14-026,REC-TG14-017,VOL-TG14-008,Mahabubnagar,packaged_food,15,31.14,120,92,67,93,96,94,67.51,RESCUED,,2026-04-05 06:00:00,SYNTHETIC_DEMO
RES-00378,DON-01328,REST-TG15-096,REC-TG15-002,VOL-TG15-004,Mancherial,roti,53,32.98,100,95,59,64,74,90,58.24,PARTIAL,,2026-04-04 19:00:00,SYNTHETIC_DEMO
RES-00379,DON-01292,REST-TG16-051,REC-TG16-003,VOL-TG16-001,Medak,fruits,77,22.19,85,74,66,89,94,59,65.8,EXPIRED,traffic_delay,2026-04-15 19:00:00,SYNTHETIC_DEMO
RES-00380,DON-01092,REST-TG17-057,REC-TG17-005,VOL-TG17-003,Medchal-Malkajgiri,pulao,109,7.46,25,66,90,93,100,54,80.22,RESCUED,,2026-05-25 19:00:00,SYNTHETIC_DEMO
RES-00381,DON-00083,REST-TG18-105,REC-TG18-009,VOL-TG18-001,Mulugu,biryani,69,30.28,93,82,96,97,61,62,65.82,RESCUED,,2026-04-27 17:00:00,SYNTHETIC_DEMO
RES-00382,DON-00543,REST-TG19-128,REC-TG19-020,VOL-TG19-009,Nagarkurnool,sandwich,55,10.6,37,84,93,81,63,75,78.78,EXPIRED,expired_before_pickup,2026-08-27 14:00:00,SYNTHETIC_DEMO
RES-00383,DON-02444,REST-TG20-038,REC-TG20-004,VOL-TG20-004,Nalgonda,cooked_meal,71,17.95,36,100,82,84,55,89,75.58,EXPIRED,volunteer_unavailable,2026-06-26 09:00:00,SYNTHETIC_DEMO
RES-00384,DON-01603,REST-TG21-141,REC-TG21-018,VOL-TG21-007,Narayanpet,bread,51,27.57,96,88,97,97,76,73,71.76,RESCUED,,2026-08-12 04:00:00,SYNTHETIC_DEMO
RES-00385,DON-00128,REST-TG22-061,REC-TG22-010,VOL-TG22-006,Nirmal,biryani,62,26.03,87,65,54,71,63,56,52.76,MISSED,expired_before_pickup,2026-07-19 10:00:00,SYNTHETIC_DEMO
RES-00386,DON-02215,REST-TG23-122,REC-TG23-008,VOL-TG23-006,Nizamabad,biryani,58,27.35,101,82,100,88,87,57,69.46,PARTIAL,,2026-07-02 08:00:00,SYNTHETIC_DEMO
RES-00387,DON-02666,REST-TG24-122,REC-TG24-016,VOL-TG24-008,Peddapalli,cooked_meal,64,22.75,86,89,83,98,70,68,71.65,PARTIAL,,2026-07-23 00:00:00,SYNTHETIC_DEMO
RES-00388,DON-01562,REST-TG25-148,REC-TG25-011,VOL-TG25-005,Rajanna Sircilla,vegetables,91,14.31,54,81,54,88,94,70,71.38,RESCUED,,2026-07-25 15:00:00,SYNTHETIC_DEMO
RES-00389,DON-02904,REST-TG26-105,REC-TG26-003,VOL-TG26-007,Rangareddy,bakery,42,27.2,97,95,47,74,63,94,60.77,RESCUED,,2026-03-30 13:00:00,SYNTHETIC_DEMO
RES-00390,DON-00291,REST-TG27-136,REC-TG27-020,VOL-TG27-007,Sangareddy,rice,75,11.39,30,86,67,84,87,66,75.36,RESCUED,,2026-07-10 03:00:00,SYNTHETIC_DEMO
RES-00391,DON-00209,REST-TG28-063,REC-TG28-008,VOL-TG28-004,Siddipet,sandwich,89,27.64,103,72,73,81,64,72,60.01,RESCUED,,2026-09-17 00:00:00,SYNTHETIC_DEMO
RES-00392,DON-02226,REST-TG29-026,REC-TG29-006,VOL-TG29-006,Suryapet,biryani,65,28.87,84,99,80,95,98,79,72.13,RESCUED,,2026-04-23 14:00:00,SYNTHETIC_DEMO
RES-00393,DON-01859,REST-TG30-044,REC-TG30-006,VOL-TG30-007,Vikarabad,dal,35,30.2,103,78,99,67,63,98,64.98,RESCUED,,2026-04-02 06:00:00,SYNTHETIC_DEMO
RES-00394,DON-02157,REST-TG31-006,REC-TG31-010,VOL-TG31-004,Wanaparthy,sandwich,47,34.24,90,69,57,63,68,65,48.49,RESCUED,,2026-07-01 13:00:00,SYNTHETIC_DEMO
RES-00395,DON-00069,REST-TG32-075,REC-TG32-017,VOL-TG32-002,Warangal,dal,14,15.64,54,84,86,92,90,81,78.73,EXPIRED,expired_before_pickup,2026-08-22 16:00:00,SYNTHETIC_DEMO
RES-00396,DON-01561,REST-TG33-020,REC-TG33-004,VOL-TG33-007,Yadadri Bhuvanagiri,roti,119,20.4,46,94,58,65,86,95,68.68,EXPIRED,recipient_capacity_full,2026-04-19 21:00:00,SYNTHETIC_DEMO
RES-00397,DON-01559,REST-TG01-097,REC-TG01-010,VOL-TG01-007,Adilabad,biryani,120,16.65,55,76,63,60,100,71,67.01,MISSED,volunteer_unavailable,2026-09-23 10:00:00,SYNTHETIC_DEMO
RES-00398,DON-00957,REST-TG02-141,REC-TG02-005,VOL-TG02-009,Bhadradri Kothagudem,dal,10,27.63,66,65,58,88,79,75,58.46,PARTIAL,,2026-08-25 19:00:00,SYNTHETIC_DEMO
RES-00399,DON-02244,REST-TG03-009,REC-TG03-013,VOL-TG03-008,Hanumakonda,bakery,120,15.86,35,70,46,86,90,100,68.77,MISSED,expired_before_pickup,2026-04-23 11:00:00,SYNTHETIC_DEMO
RES-00400,DON-01624,REST-TG04-013,REC-TG04-017,VOL-TG04-009,Hyderabad,packaged_food,30,28.85,70,88,51,93,59,67,58.74,RESCUED,,2026-08-04 03:00:00,SYNTHETIC_DEMO
RES-00401,DON-01735,REST-TG05-146,REC-TG05-017,VOL-TG05-007,Jagtial,cooked_meal,59,31.16,122,89,57,76,65,53,55.14,MISSED,volunteer_unavailable,2026-05-26 19:00:00,SYNTHETIC_DEMO
RES-00402,DON-00462,REST-TG06-037,REC-TG06-016,VOL-TG06-001,Jangaon,packaged_food,52,4.56,13,93,91,95,56,85,86.89,RESCUED,,2026-08-09 03:00:00,SYNTHETIC_DEMO
RES-00403,DON-01592,REST-TG07-101,REC-TG07-018,VOL-TG07-001,Jayashankar Bhupalpally,pulao,109,11.48,45,77,70,67,81,92,73.55,PARTIAL,,2026-04-05 21:00:00,SYNTHETIC_DEMO
RES-00404,DON-01026,REST-TG08-119,REC-TG08-009,VOL-TG08-004,Jogulamba Gadwal,cooked_meal,18,14.89,37,95,87,73,80,83,78.01,EXPIRED,expired_before_pickup,2026-09-07 06:00:00,SYNTHETIC_DEMO
RES-00405,DON-00205,REST-TG09-119,REC-TG09-016,VOL-TG09-004,Kamareddy,rice,24,12.26,38,94,74,87,95,95,81.89,PARTIAL,,2026-08-06 15:00:00,SYNTHETIC_DEMO
RES-00406,DON-01282,REST-TG10-066,REC-TG10-011,VOL-TG10-003,Karimnagar,dal,57,5.97,21,68,97,60,64,51,74.24,MISSED,expired_before_pickup,2026-05-31 16:00:00,SYNTHETIC_DEMO
RES-00407,DON-01896,REST-TG11-013,REC-TG11-016,VOL-TG11-009,Khammam,packaged_food,36,10.99,37,100,72,73,97,62,78.4,RESCUED,,2026-04-09 06:00:00,SYNTHETIC_DEMO
RES-00408,DON-00528,REST-TG12-043,REC-TG12-016,VOL-TG12-002,Kumuram Bheem,bakery,112,19.24,49,68,96,93,61,53,69.41,MISSED,recipient_capacity_full,2026-06-05 09:00:00,SYNTHETIC_DEMO
RES-00409,DON-00368,REST-TG13-121,REC-TG13-011,VOL-TG13-006,Mahabubabad,rice,97,16.47,50,78,99,84,88,70,77.04,RESCUED,,2026-08-08 18:00:00,SYNTHETIC_DEMO
RES-00410,DON-00614,REST-TG14-146,REC-TG14-003,VOL-TG14-001,Mahabubnagar,vegetables,58,8.5,30,68,45,72,95,85,70.33,MISSED,volunteer_unavailable,2026-08-26 01:00:00,SYNTHETIC_DEMO
RES-00411,DON-00834,REST-TG15-109,REC-TG15-009,VOL-TG15-002,Mancherial,packaged_food,20,13.04,41,78,77,77,55,99,73.64,PARTIAL,,2026-08-06 17:00:00,SYNTHETIC_DEMO
RES-00412,DON-02985,REST-TG16-097,REC-TG16-002,VOL-TG16-002,Medak,vegetables,58,25.01,85,91,87,87,88,91,73.69,PARTIAL,,2026-05-01 16:00:00,SYNTHETIC_DEMO
RES-00413,DON-02369,REST-TG17-011,REC-TG17-002,VOL-TG17-002,Medchal-Malkajgiri,rice,72,19.4,64,65,55,67,66,70,58.79,RESCUED,,2026-04-30 10:00:00,SYNTHETIC_DEMO
RES-00414,DON-00726,REST-TG18-047,REC-TG18-019,VOL-TG18-005,Mulugu,dal,76,20.95,59,94,93,64,92,91,75.34,RESCUED,,2026-09-10 16:00:00,SYNTHETIC_DEMO
RES-00415,DON-02041,REST-TG19-063,REC-TG19-014,VOL-TG19-008,Nagarkurnool,sandwich,54,32.28,121,87,52,85,79,58,56.19,PARTIAL,,2026-08-08 17:00:00,SYNTHETIC_DEMO
RES-00416,DON-01384,REST-TG20-054,REC-TG20-005,VOL-TG20-008,Nalgonda,fruits,31,17.94,46,97,90,70,63,64,72.79,RESCUED,,2026-08-21 13:00:00,SYNTHETIC_DEMO
RES-00417,DON-02175,REST-TG21-073,REC-TG21-010,VOL-TG21-007,Narayanpet,packaged_food,88,4.8,13,74,84,76,90,70,80.57,EXPIRED,traffic_delay,2026-08-08 22:00:00,SYNTHETIC_DEMO
RES-00418,DON-02842,REST-TG22-057,REC-TG22-007,VOL-TG22-003,Nirmal,sandwich,116,3.78,11,81,79,62,90,65,79.1,PARTIAL,,2026-06-17 04:00:00,SYNTHETIC_DEMO
RES-00419,DON-02589,REST-TG23-001,REC-TG23-014,VOL-TG23-008,Nizamabad,bakery,43,2.15,5,66,100,63,96,77,83.41,RESCUED,,2026-09-24 08:00:00,SYNTHETIC_DEMO
RES-00420,DON-00384,REST-TG24-084,REC-TG24-014,VOL-TG24-001,Peddapalli,cooked_meal,12,16.36,46,90,65,92,83,97,76.11,MISSED,traffic_delay,2026-04-20 03:00:00,SYNTHETIC_DEMO
RES-00421,DON-00707,REST-TG25-052,REC-TG25-014,VOL-TG25-007,Rajanna Sircilla,bakery,24,14.35,31,71,92,69,65,74,71.6,EXPIRED,expired_before_pickup,2026-04-15 18:00:00,SYNTHETIC_DEMO
RES-00422,DON-01943,REST-TG26-095,REC-TG26-001,VOL-TG26-007,Rangareddy,vegetables,13,9.41,34,97,97,74,56,88,82.58,MISSED,expired_before_pickup,2026-09-20 03:00:00,SYNTHETIC_DEMO
RES-00423,DON-01179,REST-TG27-144,REC-TG27-006,VOL-TG27-002,Sangareddy,vegetables,19,3.45,9,75,68,95,66,68,78.79,RESCUED,,2026-05-04 11:00:00,SYNTHETIC_DEMO
RES-00424,DON-00933,REST-TG28-101,REC-TG28-007,VOL-TG28-008,Siddipet,vegetables,97,15.14,42,94,92,67,57,99,77.04,RESCUED,,2026-09-10 15:00:00,SYNTHETIC_DEMO
RES-00425,DON-00706,REST-TG29-070,REC-TG29-020,VOL-TG29-007,Suryapet,packaged_food,95,32.62,70,76,70,69,74,61,54.75,PARTIAL,,2026-04-12 11:00:00,SYNTHETIC_DEMO
RES-00426,DON-02106,REST-TG30-083,REC-TG30-012,VOL-TG30-006,Vikarabad,vegetables,35,22.13,69,95,52,80,61,85,65.19,EXPIRED,recipient_capacity_full,2026-07-25 05:00:00,SYNTHETIC_DEMO
RES-00427,DON-01843,REST-TG31-114,REC-TG31-011,VOL-TG31-004,Wanaparthy,dal,48,19.62,59,67,74,82,76,50,64.09,MISSED,volunteer_unavailable,2026-09-23 05:00:00,SYNTHETIC_DEMO
RES-00428,DON-02610,REST-TG32-046,REC-TG32-008,VOL-TG32-006,Warangal,dal,26,9.7,34,69,83,92,91,62,77.57,PARTIAL,,2026-07-03 03:00:00,SYNTHETIC_DEMO
RES-00429,DON-02754,REST-TG33-019,REC-TG33-013,VOL-TG33-004,Yadadri Bhuvanagiri,dal,53,12.92,27,90,82,70,75,85,76.67,MISSED,traffic_delay,2026-04-23 14:00:00,SYNTHETIC_DEMO
RES-00430,DON-00372,REST-TG01-009,REC-TG01-006,VOL-TG01-008,Adilabad,packaged_food,98,29.36,82,75,72,100,52,80,61.63,RESCUED,,2026-08-30 06:00:00,SYNTHETIC_DEMO
RES-00431,DON-00622,REST-TG02-034,REC-TG02-013,VOL-TG02-010,Bhadradri Kothagudem,sandwich,59,32.31,118,93,77,79,99,84,66.07,EXPIRED,traffic_delay,2026-08-29 03:00:00,SYNTHETIC_DEMO
RES-00432,DON-00901,REST-TG03-104,REC-TG03-017,VOL-TG03-005,Hanumakonda,rice,104,24.17,96,72,67,78,76,79,62.74,RESCUED,,2026-06-12 22:00:00,SYNTHETIC_DEMO
RES-00433,DON-02177,REST-TG04-036,REC-TG04-017,VOL-TG04-002,Hyderabad,rice,62,0.74,5,86,61,99,64,73,82.42,RESCUED,,2026-09-10 01:00:00,SYNTHETIC_DEMO
RES-00434,DON-00465,REST-TG05-125,REC-TG05-005,VOL-TG05-005,Jagtial,biryani,13,19.89,66,89,50,83,90,87,68.74,RESCUED,,2026-07-12 19:00:00,SYNTHETIC_DEMO
RES-00435,DON-01428,REST-TG06-071,REC-TG06-019,VOL-TG06-009,Jangaon,bread,22,29.22,81,92,64,84,74,65,61.83,RESCUED,,2026-05-06 21:00:00,SYNTHETIC_DEMO
RES-00436,DON-02608,REST-TG07-029,REC-TG07-017,VOL-TG07-004,Jayashankar Bhupalpally,sandwich,65,12.54,41,66,88,91,63,80,74.79,RESCUED,,2026-07-25 03:00:00,SYNTHETIC_DEMO
RES-00437,DON-00531,REST-TG08-145,REC-TG08-001,VOL-TG08-006,Jogulamba Gadwal,vegetables,88,21.8,72,78,47,76,66,70,59.43,RESCUED,,2026-04-28 17:00:00,SYNTHETIC_DEMO
RES-00438,DON-02486,REST-TG09-042,REC-TG09-013,VOL-TG09-003,Kamareddy,vegetables,54,34.79,116,92,53,69,92,84,57.1,PARTIAL,,2026-06-06 07:00:00,SYNTHETIC_DEMO
RES-00439,DON-00564,REST-TG10-058,REC-TG10-002,VOL-TG10-007,Karimnagar,dal,49,9.79,22,65,100,76,65,95,78.41,RESCUED,,2026-04-22 08:00:00,SYNTHETIC_DEMO
RES-00440,DON-00569,REST-TG11-117,REC-TG11-019,VOL-TG11-004,Khammam,sandwich,87,13.62,38,84,96,87,61,92,79.62,RESCUED,,2026-05-15 11:00:00,SYNTHETIC_DEMO
RES-00441,DON-00880,REST-TG12-150,REC-TG12-004,VOL-TG12-008,Kumuram Bheem,cooked_meal,91,32.2,98,68,67,74,62,70,53.3,RESCUED,,2026-08-08 16:00:00,SYNTHETIC_DEMO
RES-00442,DON-01295,REST-TG13-092,REC-TG13-014,VOL-TG13-002,Mahabubabad,packaged_food,120,23.57,81,82,99,84,58,55,68.26,PARTIAL,,2026-07-28 10:00:00,SYNTHETIC_DEMO
RES-00443,DON-02803,REST-TG14-004,REC-TG14-019,VOL-TG14-004,Mahabubnagar,dal,21,27.98,103,98,66,87,80,71,65.96,PARTIAL,,2026-04-17 22:00:00,SYNTHETIC_DEMO
RES-00444,DON-02321,REST-TG15-009,REC-TG15-010,VOL-TG15-002,Mancherial,fruits,69,26.3,63,97,58,82,74,81,65.01,MISSED,expired_before_pickup,2026-07-17 22:00:00,SYNTHETIC_DEMO
RES-00445,DON-00796,REST-TG16-144,REC-TG16-013,VOL-TG16-004,Medak,vegetables,51,5.16,17,75,65,100,62,96,80.11,PARTIAL,,2026-04-25 21:00:00,SYNTHETIC_DEMO
RES-00446,DON-02051,REST-TG17-048,REC-TG17-002,VOL-TG17-006,Medchal-Malkajgiri,sandwich,98,24.3,67,98,68,70,85,56,65.44,EXPIRED,volunteer_unavailable,2026-08-17 23:00:00,SYNTHETIC_DEMO
RES-00447,DON-02393,REST-TG18-071,REC-TG18-014,VOL-TG18-004,Mulugu,dal,57,12.87,28,94,75,61,86,51,72.46,RESCUED,,2026-05-12 10:00:00,SYNTHETIC_DEMO
RES-00448,DON-02459,REST-TG19-044,REC-TG19-010,VOL-TG19-005,Nagarkurnool,rice,10,32.7,122,78,66,74,56,89,56.04,EXPIRED,volunteer_unavailable,2026-06-25 09:00:00,SYNTHETIC_DEMO
RES-00449,DON-00018,REST-TG20-078,REC-TG20-008,VOL-TG20-008,Nalgonda,pulao,45,25.26,89,83,96,97,60,64,69.71,EXPIRED,traffic_delay,2026-07-27 15:00:00,SYNTHETIC_DEMO
RES-00450,DON-02706,REST-TG21-120,REC-TG21-001,VOL-TG21-007,Narayanpet,cooked_meal,55,12.64,26,77,64,72,80,83,71.27,MISSED,recipient_capacity_full,2026-07-29 16:00:00,SYNTHETIC_DEMO
RES-00451,DON-02388,REST-TG22-093,REC-TG22-014,VOL-TG22-006,Nirmal,bakery,113,21.56,85,88,57,86,74,51,64.0,EXPIRED,recipient_capacity_full,2026-07-25 16:00:00,SYNTHETIC_DEMO
RES-00452,DON-01372,REST-TG23-015,REC-TG23-012,VOL-TG23-005,Nizamabad,rice,68,5.13,18,70,69,95,82,61,77.69,RESCUED,,2026-04-25 11:00:00,SYNTHETIC_DEMO
RES-00453,DON-02223,REST-TG24-060,REC-TG24-007,VOL-TG24-002,Peddapalli,bread,28,30.32,106,80,47,72,64,86,54.54,MISSED,expired_before_pickup,2026-05-26 16:00:00,SYNTHETIC_DEMO
RES-00454,DON-01315,REST-TG25-041,REC-TG25-004,VOL-TG25-005,Rajanna Sircilla,biryani,92,26.07,68,69,85,95,86,74,67.43,RESCUED,,2026-04-15 04:00:00,SYNTHETIC_DEMO
RES-00455,DON-01330,REST-TG26-085,REC-TG26-011,VOL-TG26-007,Rangareddy,fruits,118,30.69,77,95,92,83,57,85,67.13,MISSED,traffic_delay,2026-09-16 05:00:00,SYNTHETIC_DEMO
RES-00456,DON-02339,REST-TG27-140,REC-TG27-009,VOL-TG27-001,Sangareddy,pulao,41,3.41,10,70,95,92,61,52,80.66,MISSED,volunteer_unavailable,2026-07-12 09:00:00,SYNTHETIC_DEMO
RES-00457,DON-02256,REST-TG28-074,REC-TG28-014,VOL-TG28-004,Siddipet,sandwich,63,19.79,78,99,80,64,67,83,71.26,MISSED,recipient_capacity_full,2026-04-21 13:00:00,SYNTHETIC_DEMO
RES-00458,DON-00442,REST-TG29-085,REC-TG29-002,VOL-TG29-001,Suryapet,packaged_food,91,6.66,24,91,75,77,83,54,78.69,RESCUED,,2026-08-09 16:00:00,SYNTHETIC_DEMO
RES-00459,DON-02200,REST-TG30-010,REC-TG30-002,VOL-TG30-004,Vikarabad,roti,12,13.24,49,68,49,85,63,74,65.39,RESCUED,,2026-08-24 21:00:00,SYNTHETIC_DEMO
RES-00460,DON-01215,REST-TG31-106,REC-TG31-001,VOL-TG31-002,Wanaparthy,sandwich,72,13.13,27,65,54,66,87,87,66.72,RESCUED,,2026-05-20 21:00:00,SYNTHETIC_DEMO
RES-00461,DON-00786,REST-TG32-121,REC-TG32-010,VOL-TG32-003,Warangal,biryani,104,6.0,22,97,46,89,99,78,80.36,MISSED,recipient_capacity_full,2026-05-06 16:00:00,SYNTHETIC_DEMO
RES-00462,DON-01410,REST-TG33-144,REC-TG33-007,VOL-TG33-003,Yadadri Bhuvanagiri,rice,79,7.27,18,88,95,90,74,96,86.91,PARTIAL,,2026-06-25 14:00:00,SYNTHETIC_DEMO
RES-00463,DON-00304,REST-TG01-062,REC-TG01-019,VOL-TG01-008,Adilabad,bakery,60,11.66,30,99,95,80,55,100,82.97,RESCUED,,2026-09-15 02:00:00,SYNTHETIC_DEMO
RES-00464,DON-00836,REST-TG02-107,REC-TG02-001,VOL-TG02-008,Bhadradri Kothagudem,vegetables,95,15.12,43,95,85,80,94,94,81.0,RESCUED,,2026-09-01 19:00:00,SYNTHETIC_DEMO
RES-00465,DON-00214,REST-TG03-015,REC-TG03-003,VOL-TG03-002,Hanumakonda,packaged_food,33,1.2,5,79,79,73,81,62,80.99,RESCUED,,2026-07-24 04:00:00,SYNTHETIC_DEMO
RES-00466,DON-02492,REST-TG04-052,REC-TG04-003,VOL-TG04-008,Hyderabad,sandwich,62,9.09,19,83,60,86,100,74,77.41,PARTIAL,,2026-07-18 08:00:00,SYNTHETIC_DEMO
RES-00467,DON-00144,REST-TG05-030,REC-TG05-013,VOL-TG05-003,Jagtial,vegetables,86,19.48,50,70,76,85,58,56,64.44,RESCUED,,2026-08-25 03:00:00,SYNTHETIC_DEMO
RES-00468,DON-02182,REST-TG06-081,REC-TG06-012,VOL-TG06-010,Jangaon,dal,36,15.01,32,82,83,94,77,81,77.18,MISSED,volunteer_unavailable,2026-05-14 20:00:00,SYNTHETIC_DEMO
RES-00469,DON-00991,REST-TG07-138,REC-TG07-011,VOL-TG07-009,Jayashankar Bhupalpally,biryani,44,13.6,47,80,95,99,86,88,82.54,MISSED,recipient_capacity_full,2026-06-12 23:00:00,SYNTHETIC_DEMO
RES-00470,DON-01758,REST-TG08-029,REC-TG08-020,VOL-TG08-005,Jogulamba Gadwal,fruits,31,8.52,17,69,96,100,54,57,78.01,RESCUED,,2026-07-31 15:00:00,SYNTHETIC_DEMO
RES-00471,DON-00124,REST-TG09-032,REC-TG09-020,VOL-TG09-007,Kamareddy,biryani,57,8.41,19,79,57,100,65,74,75.09,PARTIAL,,2026-04-24 04:00:00,SYNTHETIC_DEMO
RES-00472,DON-02354,REST-TG10-007,REC-TG10-010,VOL-TG10-004,Karimnagar,pulao,56,8.93,27,83,66,73,76,90,75.97,MISSED,traffic_delay,2026-08-11 04:00:00,SYNTHETIC_DEMO
RES-00473,DON-01381,REST-TG11-078,REC-TG11-016,VOL-TG11-003,Khammam,vegetables,77,20.14,63,80,79,87,95,53,70.26,RESCUED,,2026-05-29 19:00:00,SYNTHETIC_DEMO
RES-00474,DON-00018,REST-TG12-144,REC-TG12-005,VOL-TG12-009,Kumuram Bheem,cooked_meal,44,16.64,35,86,99,85,86,77,79.16,EXPIRED,recipient_capacity_full,2026-05-30 08:00:00,SYNTHETIC_DEMO
RES-00475,DON-00776,REST-TG13-134,REC-TG13-010,VOL-TG13-007,Mahabubabad,sandwich,43,29.6,115,90,99,97,61,97,72.01,RESCUED,,2026-04-01 12:00:00,SYNTHETIC_DEMO
RES-00476,DON-02402,REST-TG14-024,REC-TG14-014,VOL-TG14-007,Mahabubnagar,vegetables,81,20.39,70,97,99,82,100,90,80.94,PARTIAL,,2026-04-24 19:00:00,SYNTHETIC_DEMO
RES-00477,DON-01139,REST-TG15-060,REC-TG15-006,VOL-TG15-006,Mancherial,sandwich,72,15.18,48,76,74,71,98,77,72.31,EXPIRED,expired_before_pickup,2026-06-25 13:00:00,SYNTHETIC_DEMO
RES-00478,DON-02952,REST-TG16-015,REC-TG16-017,VOL-TG16-009,Medak,pulao,69,25.14,87,67,78,79,78,95,65.19,MISSED,volunteer_unavailable,2026-06-11 11:00:00,SYNTHETIC_DEMO
RES-00479,DON-02230,REST-TG17-111,REC-TG17-006,VOL-TG17-006,Medchal-Malkajgiri,roti,98,32.77,106,74,53,96,57,53,52.39,RESCUED,,2026-04-12 14:00:00,SYNTHETIC_DEMO
RES-00480,DON-00319,REST-TG18-131,REC-TG18-003,VOL-TG18-005,Mulugu,biryani,74,7.68,17,95,84,97,66,99,86.36,EXPIRED,traffic_delay,2026-04-25 21:00:00,SYNTHETIC_DEMO
RES-00481,DON-01689,REST-TG19-056,REC-TG19-016,VOL-TG19-009,Nagarkurnool,pulao,58,19.8,78,96,65,81,66,52,67.01,EXPIRED,traffic_delay,2026-06-29 22:00:00,SYNTHETIC_DEMO
RES-00482,DON-01093,REST-TG20-100,REC-TG20-011,VOL-TG20-009,Nalgonda,sandwich,102,20.82,78,66,85,84,61,67,65.73,EXPIRED,expired_before_pickup,2026-09-01 12:00:00,SYNTHETIC_DEMO
RES-00483,DON-00915,REST-TG21-084,REC-TG21-001,VOL-TG21-002,Narayanpet,pulao,60,16.28,64,99,64,67,54,90,70.42,RESCUED,,2026-08-01 12:00:00,SYNTHETIC_DEMO
RES-00484,DON-01443,REST-TG22-100,REC-TG22-002,VOL-TG22-005,Nirmal,packaged_food,52,30.22,86,67,99,83,88,100,67.86,PARTIAL,,2026-05-20 23:00:00,SYNTHETIC_DEMO
RES-00485,DON-02729,REST-TG23-139,REC-TG23-007,VOL-TG23-009,Nizamabad,biryani,48,19.41,53,71,74,62,71,65,63.04,RESCUED,,2026-04-09 06:00:00,SYNTHETIC_DEMO
RES-00486,DON-00414,REST-TG24-147,REC-TG24-004,VOL-TG24-007,Peddapalli,biryani,83,32.96,123,78,99,79,66,69,62.21,RESCUED,,2026-07-03 06:00:00,SYNTHETIC_DEMO
RES-00487,DON-00814,REST-TG25-018,REC-TG25-016,VOL-TG25-005,Rajanna Sircilla,packaged_food,10,28.15,73,78,85,77,53,56,59.94,RESCUED,,2026-07-14 21:00:00,SYNTHETIC_DEMO
RES-00488,DON-00656,REST-TG26-063,REC-TG26-009,VOL-TG26-001,Rangareddy,fruits,117,16.42,62,85,67,76,58,86,69.47,RESCUED,,2026-09-06 21:00:00,SYNTHETIC_DEMO
RES-00489,DON-02686,REST-TG27-133,REC-TG27-010,VOL-TG27-009,Sangareddy,biryani,54,20.41,47,86,92,100,69,54,73.32,RESCUED,,2026-09-04 19:00:00,SYNTHETIC_DEMO
RES-00490,DON-02369,REST-TG28-075,REC-TG28-018,VOL-TG28-002,Siddipet,bakery,38,26.58,88,90,80,77,75,58,64.86,RESCUED,,2026-04-26 23:00:00,SYNTHETIC_DEMO
RES-00491,DON-02181,REST-TG29-041,REC-TG29-020,VOL-TG29-001,Suryapet,fruits,89,18.78,60,87,77,64,52,56,64.79,RESCUED,,2026-09-15 20:00:00,SYNTHETIC_DEMO
RES-00492,DON-02189,REST-TG30-054,REC-TG30-003,VOL-TG30-001,Vikarabad,vegetables,33,16.73,55,67,62,66,58,51,59.65,RESCUED,,2026-05-16 00:00:00,SYNTHETIC_DEMO
RES-00493,DON-02059,REST-TG31-125,REC-TG31-001,VOL-TG31-004,Wanaparthy,rice,13,15.89,35,69,98,74,88,96,76.55,RESCUED,,2026-08-04 04:00:00,SYNTHETIC_DEMO
RES-00494,DON-02425,REST-TG32-064,REC-TG32-005,VOL-TG32-005,Warangal,bakery,119,26.33,85,97,83,66,71,97,68.89,PARTIAL,,2026-07-09 17:00:00,SYNTHETIC_DEMO
RES-00495,DON-01328,REST-TG33-088,REC-TG33-010,VOL-TG33-007,Yadadri Bhuvanagiri,cooked_meal,78,13.56,32,86,68,87,52,84,72.76,MISSED,volunteer_unavailable,2026-09-18 13:00:00,SYNTHETIC_DEMO
RES-00496,DON-01239,REST-TG01-027,REC-TG01-020,VOL-TG01-010,Adilabad,packaged_food,83,20.99,80,87,85,83,89,99,75.66,RESCUED,,2026-08-19 11:00:00,SYNTHETIC_DEMO
RES-00497,DON-00094,REST-TG02-140,REC-TG02-013,VOL-TG02-009,Bhadradri Kothagudem,pulao,66,21.88,63,68,52,75,70,94,61.02,PARTIAL,,2026-08-23 22:00:00,SYNTHETIC_DEMO
RES-00498,DON-01505,REST-TG03-130,REC-TG03-001,VOL-TG03-001,Hanumakonda,rice,116,1.84,5,88,99,95,87,65,90.54,PARTIAL,,2026-06-19 16:00:00,SYNTHETIC_DEMO
RES-00499,DON-02241,REST-TG04-032,REC-TG04-002,VOL-TG04-007,Hyderabad,cooked_meal,58,1.16,5,80,49,80,82,60,76.17,RESCUED,,2026-06-15 07:00:00,SYNTHETIC_DEMO
RES-00500,DON-00075,REST-TG05-150,REC-TG05-009,VOL-TG05-005,Jagtial,sandwich,32,28.91,73,76,79,84,81,66,62.65,RESCUED,,2026-07-18 22:00:00,SYNTHETIC_DEMO
RES-00501,DON-00123,REST-TG06-047,REC-TG06-014,VOL-TG06-005,Jangaon,bakery,34,21.39,42,87,61,89,77,51,65.47,MISSED,volunteer_unavailable,2026-08-03 10:00:00,SYNTHETIC_DEMO
RES-00502,DON-01683,REST-TG07-143,REC-TG07-009,VOL-TG07-007,Jayashankar Bhupalpally,sandwich,118,12.27,31,89,62,72,80,81,73.34,RESCUED,,2026-06-01 21:00:00,SYNTHETIC_DEMO
RES-00503,DON-00952,REST-TG08-144,REC-TG08-011,VOL-TG08-009,Jogulamba Gadwal,fruits,15,12.33,30,65,69,93,57,64,69.04,MISSED,expired_before_pickup,2026-07-11 23:00:00,SYNTHETIC_DEMO
RES-00504,DON-02648,REST-TG09-074,REC-TG09-001,VOL-TG09-002,Kamareddy,pulao,119,10.34,33,86,85,63,100,81,79.36,PARTIAL,,2026-09-09 16:00:00,SYNTHETIC_DEMO
RES-00505,DON-01876,REST-TG10-098,REC-TG10-015,VOL-TG10-003,Karimnagar,rice,119,6.36,18,73,76,97,61,81,79.01,MISSED,volunteer_unavailable,2026-04-08 02:00:00,SYNTHETIC_DEMO
RES-00506,DON-00602,REST-TG11-054,REC-TG11-015,VOL-TG11-001,Khammam,sandwich,95,15.85,60,74,62,76,84,98,70.48,PARTIAL,,2026-07-24 20:00:00,SYNTHETIC_DEMO
RES-00507,DON-00102,REST-TG12-103,REC-TG12-008,VOL-TG12-002,Kumuram Bheem,biryani,14,1.53,5,90,86,70,99,55,85.01,EXPIRED,traffic_delay,2026-07-17 05:00:00,SYNTHETIC_DEMO
RES-00508,DON-01843,REST-TG13-067,REC-TG13-018,VOL-TG13-004,Mahabubabad,vegetables,70,29.04,63,100,85,67,52,81,64.61,RESCUED,,2026-04-01 16:00:00,SYNTHETIC_DEMO
RES-00509,DON-02926,REST-TG14-089,REC-TG14-014,VOL-TG14-003,Mahabubnagar,bakery,44,11.33,27,79,91,64,58,79,74.21,MISSED,traffic_delay,2026-07-21 03:00:00,SYNTHETIC_DEMO
RES-00510,DON-00339,REST-TG15-055,REC-TG15-011,VOL-TG15-009,Mancherial,pulao,100,34.3,90,86,97,98,75,60,65.3,MISSED,volunteer_unavailable,2026-09-09 13:00:00,SYNTHETIC_DEMO
RES-00511,DON-00805,REST-TG16-078,REC-TG16-011,VOL-TG16-010,Medak,packaged_food,71,16.91,62,69,90,81,84,59,71.17,PARTIAL,,2026-07-15 00:00:00,SYNTHETIC_DEMO
RES-00512,DON-01078,REST-TG17-064,REC-TG17-006,VOL-TG17-002,Medchal-Malkajgiri,fruits,104,30.96,102,76,76,83,84,66,60.74,RESCUED,,2026-09-19 17:00:00,SYNTHETIC_DEMO
RES-00513,DON-02248,REST-TG18-145,REC-TG18-016,VOL-TG18-007,Mulugu,biryani,113,28.97,76,68,100,88,68,93,67.21,RESCUED,,2026-07-10 18:00:00,SYNTHETIC_DEMO
RES-00514,DON-02215,REST-TG19-025,REC-TG19-016,VOL-TG19-004,Nagarkurnool,packaged_food,103,9.15,25,77,93,89,74,50,78.21,MISSED,recipient_capacity_full,2026-04-09 07:00:00,SYNTHETIC_DEMO
RES-00515,DON-01368,REST-TG20-086,REC-TG20-006,VOL-TG20-005,Nalgonda,dal,67,6.62,13,76,67,65,55,92,73.32,MISSED,expired_before_pickup,2026-06-30 00:00:00,SYNTHETIC_DEMO
RES-00516,DON-02835,REST-TG21-150,REC-TG21-018,VOL-TG21-007,Narayanpet,rice,111,31.62,92,92,59,90,95,62,61.81,RESCUED,,2026-08-21 04:00:00,SYNTHETIC_DEMO
RES-00517,DON-01276,REST-TG22-093,REC-TG22-018,VOL-TG22-004,Nirmal,bread,45,14.05,52,93,91,82,94,96,83.06,RESCUED,,2026-05-04 20:00:00,SYNTHETIC_DEMO
RES-00518,DON-02817,REST-TG23-055,REC-TG23-010,VOL-TG23-009,Nizamabad,cooked_meal,105,25.23,76,87,57,67,91,84,63.33,EXPIRED,traffic_delay,2026-08-09 21:00:00,SYNTHETIC_DEMO
RES-00519,DON-02336,REST-TG24-016,REC-TG24-013,VOL-TG24-006,Peddapalli,cooked_meal,51,32.89,114,90,88,61,91,80,63.36,RESCUED,,2026-09-03 10:00:00,SYNTHETIC_DEMO
RES-00520,DON-00107,REST-TG25-125,REC-TG25-017,VOL-TG25-009,Rajanna Sircilla,roti,25,17.44,68,93,62,77,56,91,69.79,RESCUED,,2026-07-21 14:00:00,SYNTHETIC_DEMO
RES-00521,DON-02737,REST-TG26-036,REC-TG26-015,VOL-TG26-004,Rangareddy,vegetables,82,31.91,113,76,89,84,53,72,60.31,EXPIRED,volunteer_unavailable,2026-06-09 06:00:00,SYNTHETIC_DEMO
RES-00522,DON-01171,REST-TG27-027,REC-TG27-008,VOL-TG27-010,Sangareddy,vegetables,94,28.51,105,99,64,70,65,79,62.14,RESCUED,,2026-07-09 22:00:00,SYNTHETIC_DEMO
RES-00523,DON-00368,REST-TG28-144,REC-TG28-019,VOL-TG28-006,Siddipet,fruits,99,4.48,10,72,84,67,60,79,76.95,RESCUED,,2026-04-03 06:00:00,SYNTHETIC_DEMO
RES-00524,DON-02330,REST-TG29-041,REC-TG29-006,VOL-TG29-006,Suryapet,roti,15,12.03,45,83,90,87,86,98,82.46,PARTIAL,,2026-06-27 04:00:00,SYNTHETIC_DEMO
RES-00525,DON-02155,REST-TG30-129,REC-TG30-011,VOL-TG30-010,Vikarabad,dal,28,18.48,37,88,58,61,57,57,61.55,RESCUED,,2026-05-16 03:00:00,SYNTHETIC_DEMO
RES-00526,DON-02790,REST-TG31-040,REC-TG31-001,VOL-TG31-008,Wanaparthy,packaged_food,67,29.75,69,80,86,82,54,82,62.85,PARTIAL,,2026-05-24 04:00:00,SYNTHETIC_DEMO
RES-00527,DON-01206,REST-TG32-084,REC-TG32-007,VOL-TG32-003,Warangal,vegetables,107,14.5,43,88,100,72,74,84,78.84,RESCUED,,2026-07-12 12:00:00,SYNTHETIC_DEMO
RES-00528,DON-01169,REST-TG33-070,REC-TG33-013,VOL-TG33-005,Yadadri Bhuvanagiri,vegetables,71,5.11,16,85,84,61,62,90,79.5,PARTIAL,,2026-08-05 19:00:00,SYNTHETIC_DEMO
RES-00529,DON-01489,REST-TG01-040,REC-TG01-019,VOL-TG01-006,Adilabad,fruits,61,25.05,72,88,85,72,74,84,68.31,PARTIAL,,2026-05-12 01:00:00,SYNTHETIC_DEMO
RES-00530,DON-01940,REST-TG02-096,REC-TG02-017,VOL-TG02-010,Bhadradri Kothagudem,cooked_meal,105,2.84,8,95,45,87,69,51,76.02,RESCUED,,2026-09-23 09:00:00,SYNTHETIC_DEMO
RES-00531,DON-00407,REST-TG03-127,REC-TG03-001,VOL-TG03-009,Hanumakonda,biryani,77,33.32,71,100,60,75,65,57,56.65,RESCUED,,2026-08-09 11:00:00,SYNTHETIC_DEMO
RES-00532,DON-02275,REST-TG04-054,REC-TG04-001,VOL-TG04-002,Hyderabad,roti,98,25.2,72,81,53,96,98,75,65.5,MISSED,traffic_delay,2026-05-03 11:00:00,SYNTHETIC_DEMO
RES-00533,DON-02210,REST-TG05-044,REC-TG05-019,VOL-TG05-003,Jagtial,dal,101,35.0,97,84,71,98,96,82,63.5,PARTIAL,,2026-08-04 13:00:00,SYNTHETIC_DEMO
RES-00534,DON-01610,REST-TG06-140,REC-TG06-009,VOL-TG06-003,Jangaon,cooked_meal,106,19.21,40,96,75,87,78,75,73.83,PARTIAL,,2026-08-23 22:00:00,SYNTHETIC_DEMO
RES-00535,DON-00842,REST-TG07-142,REC-TG07-008,VOL-TG07-009,Jayashankar Bhupalpally,roti,28,8.73,28,92,58,82,85,61,75.66,RESCUED,,2026-04-09 07:00:00,SYNTHETIC_DEMO
RES-00536,DON-01326,REST-TG08-032,REC-TG08-014,VOL-TG08-009,Jogulamba Gadwal,bread,61,2.28,7,78,77,77,90,75,82.42,PARTIAL,,2026-04-18 04:00:00,SYNTHETIC_DEMO
RES-00537,DON-00467,REST-TG09-084,REC-TG09-015,VOL-TG09-007,Kamareddy,fruits,92,12.42,47,80,45,74,94,54,67.03,PARTIAL,,2026-06-20 18:00:00,SYNTHETIC_DEMO
RES-00538,DON-01509,REST-TG10-117,REC-TG10-015,VOL-TG10-010,Karimnagar,sandwich,115,6.33,17,67,65,78,100,69,75.48,RESCUED,,2026-06-06 20:00:00,SYNTHETIC_DEMO
RES-00539,DON-01357,REST-TG11-084,REC-TG11-012,VOL-TG11-005,Khammam,roti,27,7.59,24,85,78,66,90,86,79.68,PARTIAL,,2026-07-19 23:00:00,SYNTHETIC_DEMO
RES-00540,DON-01261,REST-TG12-090,REC-TG12-011,VOL-TG12-002,Kumuram Bheem,roti,80,31.27,85,68,59,76,85,65,54.46,RESCUED,,2026-05-18 10:00:00,SYNTHETIC_DEMO
RES-00541,DON-00130,REST-TG13-041,REC-TG13-007,VOL-TG13-001,Mahabubabad,dal,51,26.9,99,83,84,62,67,80,63.19,RESCUED,,2026-05-05 12:00:00,SYNTHETIC_DEMO
RES-00542,DON-01117,REST-TG14-050,REC-TG14-011,VOL-TG14-010,Mahabubnagar,sandwich,85,17.79,38,96,79,65,62,62,69.44,RESCUED,,2026-08-27 06:00:00,SYNTHETIC_DEMO
RES-00543,DON-01295,REST-TG15-062,REC-TG15-005,VOL-TG15-004,Mancherial,bakery,93,6.63,23,71,91,72,57,58,74.96,EXPIRED,expired_before_pickup,2026-07-03 00:00:00,SYNTHETIC_DEMO
RES-00544,DON-00442,REST-TG16-070,REC-TG16-013,VOL-TG16-006,Medak,dal,38,6.7,16,65,46,69,95,59,68.16,MISSED,recipient_capacity_full,2026-07-14 22:00:00,SYNTHETIC_DEMO
RES-00545,DON-00282,REST-TG17-090,REC-TG17-005,VOL-TG17-006,Medchal-Malkajgiri,rice,63,28.98,101,76,96,71,66,88,64.75,RESCUED,,2026-08-13 20:00:00,SYNTHETIC_DEMO
RES-00546,DON-00198,REST-TG18-074,REC-TG18-005,VOL-TG18-008,Mulugu,rice,74,31.59,83,73,81,74,58,55,55.64,EXPIRED,volunteer_unavailable,2026-06-24 04:00:00,SYNTHETIC_DEMO
RES-00547,DON-02119,REST-TG19-099,REC-TG19-014,VOL-TG19-006,Nagarkurnool,sandwich,86,6.81,22,97,97,90,50,85,85.94,MISSED,traffic_delay,2026-06-26 05:00:00,SYNTHETIC_DEMO
RES-00548,DON-01463,REST-TG20-093,REC-TG20-020,VOL-TG20-007,Nalgonda,sandwich,107,6.13,18,98,82,86,56,96,84.72,PARTIAL,,2026-05-23 05:00:00,SYNTHETIC_DEMO
RES-00549,DON-02799,REST-TG21-120,REC-TG21-017,VOL-TG21-003,Narayanpet,sandwich,101,25.87,78,94,48,91,98,51,63.47,RESCUED,,2026-09-13 02:00:00,SYNTHETIC_DEMO
RES-00550,DON-02045,REST-TG22-054,REC-TG22-008,VOL-TG22-005,Nirmal,pulao,62,9.4,23,75,48,87,82,94,73.54,PARTIAL,,2026-04-23 01:00:00,SYNTHETIC_DEMO
RES-00551,DON-01857,REST-TG23-050,REC-TG23-014,VOL-TG23-010,Nizamabad,bakery,53,14.33,48,89,72,76,90,57,73.06,EXPIRED,expired_before_pickup,2026-07-25 12:00:00,SYNTHETIC_DEMO
RES-00552,DON-00401,REST-TG24-076,REC-TG24-007,VOL-TG24-001,Peddapalli,vegetables,26,20.69,43,75,45,91,82,73,63.37,MISSED,traffic_delay,2026-08-18 04:00:00,SYNTHETIC_DEMO
RES-00553,DON-01318,REST-TG25-139,REC-TG25-003,VOL-TG25-006,Rajanna Sircilla,fruits,87,17.37,38,87,89,80,71,94,76.29,RESCUED,,2026-04-11 00:00:00,SYNTHETIC_DEMO
RES-00554,DON-02139,REST-TG26-029,REC-TG26-003,VOL-TG26-010,Rangareddy,roti,107,6.06,18,69,87,73,98,95,82.12,EXPIRED,recipient_capacity_full,2026-04-23 21:00:00,SYNTHETIC_DEMO
RES-00555,DON-00108,REST-TG27-141,REC-TG27-005,VOL-TG27-004,Sangareddy,packaged_food,13,9.5,31,100,95,91,51,59,81.86,RESCUED,,2026-06-03 06:00:00,SYNTHETIC_DEMO
RES-00556,DON-00820,REST-TG28-103,REC-TG28-008,VOL-TG28-002,Siddipet,packaged_food,60,24.39,82,76,51,60,61,86,56.68,PARTIAL,,2026-05-28 19:00:00,SYNTHETIC_DEMO
RES-00557,DON-01209,REST-TG29-131,REC-TG29-008,VOL-TG29-007,Suryapet,rice,118,2.4,5,73,96,92,94,74,87.69,RESCUED,,2026-06-01 09:00:00,SYNTHETIC_DEMO
RES-00558,DON-00281,REST-TG30-097,REC-TG30-007,VOL-TG30-001,Vikarabad,fruits,102,21.86,64,76,52,78,77,58,60.19,RESCUED,,2026-03-30 09:00:00,SYNTHETIC_DEMO
RES-00559,DON-01403,REST-TG31-077,REC-TG31-017,VOL-TG31-003,Wanaparthy,cooked_meal,62,7.88,25,84,89,62,78,79,78.97,EXPIRED,recipient_capacity_full,2026-06-29 16:00:00,SYNTHETIC_DEMO
RES-00560,DON-01116,REST-TG32-045,REC-TG32-009,VOL-TG32-004,Warangal,fruits,99,27.69,89,74,62,75,74,71,58.17,RESCUED,,2026-07-28 07:00:00,SYNTHETIC_DEMO
RES-00561,DON-00576,REST-TG33-042,REC-TG33-004,VOL-TG33-010,Yadadri Bhuvanagiri,cooked_meal,23,32.54,99,94,67,89,83,97,65.31,RESCUED,,2026-07-08 02:00:00,SYNTHETIC_DEMO
RES-00562,DON-00087,REST-TG01-056,REC-TG01-011,VOL-TG01-003,Adilabad,bread,20,19.93,57,76,97,67,59,69,68.21,RESCUED,,2026-09-04 11:00:00,SYNTHETIC_DEMO
RES-00563,DON-01500,REST-TG02-137,REC-TG02-003,VOL-TG02-010,Bhadradri Kothagudem,sandwich,57,25.21,62,67,65,87,51,91,60.64,RESCUED,,2026-09-13 07:00:00,SYNTHETIC_DEMO
RES-00564,DON-01702,REST-TG03-081,REC-TG03-003,VOL-TG03-006,Hanumakonda,dal,116,26.82,75,94,62,71,82,86,64.49,RESCUED,,2026-07-27 03:00:00,SYNTHETIC_DEMO
RES-00565,DON-02414,REST-TG04-054,REC-TG04-003,VOL-TG04-008,Hyderabad,bread,82,29.15,74,97,79,70,89,70,65.78,RESCUED,,2026-05-30 07:00:00,SYNTHETIC_DEMO
RES-00566,DON-00747,REST-TG05-043,REC-TG05-011,VOL-TG05-008,Jagtial,fruits,87,2.62,9,66,54,81,55,78,72.58,MISSED,volunteer_unavailable,2026-09-01 09:00:00,SYNTHETIC_DEMO
RES-00567,DON-00678,REST-TG06-064,REC-TG06-014,VOL-TG06-002,Jangaon,rice,20,2.39,6,67,93,67,60,66,77.94,EXPIRED,traffic_delay,2026-07-28 10:00:00,SYNTHETIC_DEMO
RES-00568,DON-01254,REST-TG07-065,REC-TG07-005,VOL-TG07-005,Jayashankar Bhupalpally,cooked_meal,72,32.91,102,98,69,64,78,73,59.59,MISSED,volunteer_unavailable,2026-08-07 00:00:00,SYNTHETIC_DEMO
RES-00569,DON-01397,REST-TG08-100,REC-TG08-020,VOL-TG08-002,Jogulamba Gadwal,packaged_food,106,24.85,69,79,45,87,51,99,60.1,MISSED,recipient_capacity_full,2026-05-28 20:00:00,SYNTHETIC_DEMO
RES-00570,DON-01573,REST-TG09-040,REC-TG09-005,VOL-TG09-003,Kamareddy,dal,67,10.57,41,70,48,76,78,62,66.45,MISSED,expired_before_pickup,2026-05-18 13:00:00,SYNTHETIC_DEMO
RES-00571,DON-01052,REST-TG10-039,REC-TG10-010,VOL-TG10-010,Karimnagar,roti,116,21.87,74,99,62,79,94,80,70.83,RESCUED,,2026-05-14 20:00:00,SYNTHETIC_DEMO
RES-00572,DON-02584,REST-TG11-063,REC-TG11-020,VOL-TG11-009,Khammam,roti,117,17.82,39,84,81,70,51,53,66.17,RESCUED,,2026-08-12 09:00:00,SYNTHETIC_DEMO
RES-00573,DON-01186,REST-TG12-099,REC-TG12-013,VOL-TG12-004,Kumuram Bheem,sandwich,108,28.1,72,88,47,93,71,51,58.08,RESCUED,,2026-07-24 00:00:00,SYNTHETIC_DEMO
RES-00574,DON-01766,REST-TG13-085,REC-TG13-018,VOL-TG13-002,Mahabubabad,biryani,61,13.67,48,69,78,91,63,53,69.89,MISSED,recipient_capacity_full,2026-04-12 18:00:00,SYNTHETIC_DEMO
RES-00575,DON-00930,REST-TG14-028,REC-TG14-017,VOL-TG14-009,Mahabubnagar,roti,36,14.92,38,72,89,82,78,99,76.54,RESCUED,,2026-08-09 23:00:00,SYNTHETIC_DEMO
RES-00576,DON-00359,REST-TG15-129,REC-TG15-006,VOL-TG15-003,Mancherial,sandwich,61,34.59,135,92,59,84,77,57,56.49,EXPIRED,volunteer_unavailable,2026-04-15 16:00:00,SYNTHETIC_DEMO
RES-00577,DON-01541,REST-TG16-123,REC-TG16-010,VOL-TG16-002,Medak,fruits,34,27.72,65,80,95,93,53,62,65.65,RESCUED,,2026-05-25 09:00:00,SYNTHETIC_DEMO
RES-00578,DON-00428,REST-TG17-029,REC-TG17-001,VOL-TG17-010,Medchal-Malkajgiri,vegetables,28,31.99,115,98,54,87,63,54,57.3,RESCUED,,2026-07-25 15:00:00,SYNTHETIC_DEMO
RES-00579,DON-01271,REST-TG18-139,REC-TG18-005,VOL-TG18-007,Mulugu,bread,82,2.45,7,99,48,95,53,75,79.7,RESCUED,,2026-09-16 01:00:00,SYNTHETIC_DEMO
RES-00580,DON-00341,REST-TG19-145,REC-TG19-003,VOL-TG19-010,Nagarkurnool,dal,64,25.52,85,71,70,95,84,76,65.22,EXPIRED,volunteer_unavailable,2026-09-20 01:00:00,SYNTHETIC_DEMO
RES-00581,DON-01578,REST-TG20-053,REC-TG20-013,VOL-TG20-001,Nalgonda,pulao,85,7.45,19,73,92,74,88,84,80.98,EXPIRED,traffic_delay,2026-08-25 08:00:00,SYNTHETIC_DEMO
RES-00582,DON-02833,REST-TG21-087,REC-TG21-004,VOL-TG21-010,Narayanpet,bakery,59,23.53,72,82,72,85,93,96,70.64,RESCUED,,2026-04-03 19:00:00,SYNTHETIC_DEMO
RES-00583,DON-01257,REST-TG22-143,REC-TG22-013,VOL-TG22-007,Nirmal,roti,10,3.1,8,68,47,98,79,76,75.99,PARTIAL,,2026-07-29 13:00:00,SYNTHETIC_DEMO
RES-00584,DON-01367,REST-TG23-012,REC-TG23-015,VOL-TG23-006,Nizamabad,vegetables,69,12.01,41,95,59,88,88,96,78.82,EXPIRED,recipient_capacity_full,2026-08-05 01:00:00,SYNTHETIC_DEMO
RES-00585,DON-01876,REST-TG24-074,REC-TG24-006,VOL-TG24-002,Peddapalli,pulao,105,23.89,61,77,85,61,90,89,67.39,RESCUED,,2026-04-17 05:00:00,SYNTHETIC_DEMO
RES-00586,DON-02673,REST-TG25-020,REC-TG25-015,VOL-TG25-009,Rajanna Sircilla,fruits,71,18.27,45,99,63,67,90,98,73.2,EXPIRED,volunteer_unavailable,2026-04-29 16:00:00,SYNTHETIC_DEMO
RES-00587,DON-00076,REST-TG26-112,REC-TG26-007,VOL-TG26-001,Rangareddy,dal,35,1.03,5,99,83,81,88,62,87.81,RESCUED,,2026-08-16 05:00:00,SYNTHETIC_DEMO
RES-00588,DON-00736,REST-TG27-074,REC-TG27-003,VOL-TG27-008,Sangareddy,sandwich,25,12.36,33,92,65,92,73,50,73.67,RESCUED,,2026-04-02 00:00:00,SYNTHETIC_DEMO
RES-00589,DON-01914,REST-TG28-061,REC-TG28-006,VOL-TG28-003,Siddipet,fruits,25,0.7,5,82,78,75,94,99,87.05,RESCUED,,2026-05-26 11:00:00,SYNTHETIC_DEMO
RES-00590,DON-01551,REST-TG29-107,REC-TG29-015,VOL-TG29-008,Suryapet,bread,55,20.32,69,79,94,61,80,62,68.44,RESCUED,,2026-09-04 18:00:00,SYNTHETIC_DEMO
RES-00591,DON-00294,REST-TG30-061,REC-TG30-017,VOL-TG30-007,Vikarabad,rice,104,17.32,46,88,82,79,62,70,71.68,RESCUED,,2026-08-17 18:00:00,SYNTHETIC_DEMO
RES-00592,DON-01412,REST-TG31-104,REC-TG31-015,VOL-TG31-002,Wanaparthy,bread,110,25.6,66,92,77,74,55,78,64.91,RESCUED,,2026-06-10 22:00:00,SYNTHETIC_DEMO
RES-00593,DON-00738,REST-TG32-139,REC-TG32-004,VOL-TG32-007,Warangal,sandwich,62,23.72,69,70,86,93,79,72,68.31,RESCUED,,2026-03-29 16:00:00,SYNTHETIC_DEMO
RES-00594,DON-00914,REST-TG33-119,REC-TG33-012,VOL-TG33-010,Yadadri Bhuvanagiri,sandwich,118,9.65,34,98,68,73,91,86,79.96,RESCUED,,2026-07-28 14:00:00,SYNTHETIC_DEMO
RES-00595,DON-01292,REST-TG01-010,REC-TG01-019,VOL-TG01-007,Adilabad,sandwich,26,24.85,75,94,50,69,78,71,61.3,PARTIAL,,2026-08-20 18:00:00,SYNTHETIC_DEMO
RES-00596,DON-02177,REST-TG02-070,REC-TG02-017,VOL-TG02-002,Bhadradri Kothagudem,vegetables,78,16.91,63,83,58,63,58,64,62.77,PARTIAL,,2026-09-15 11:00:00,SYNTHETIC_DEMO
RES-00597,DON-02645,REST-TG03-147,REC-TG03-014,VOL-TG03-002,Hanumakonda,pulao,70,26.09,63,71,58,65,78,98,59.51,MISSED,recipient_capacity_full,2026-03-31 16:00:00,SYNTHETIC_DEMO
RES-00598,DON-02524,REST-TG04-048,REC-TG04-019,VOL-TG04-001,Hyderabad,rice,23,34.06,99,68,50,89,57,71,50.42,PARTIAL,,2026-05-14 00:00:00,SYNTHETIC_DEMO
RES-00599,DON-00812,REST-TG05-043,REC-TG05-004,VOL-TG05-003,Jagtial,biryani,82,10.2,31,65,51,84,93,68,69.61,EXPIRED,traffic_delay,2026-06-19 02:00:00,SYNTHETIC_DEMO
RES-00600,DON-02021,REST-TG06-026,REC-TG06-019,VOL-TG06-001,Jangaon,bread,79,28.87,74,87,95,71,62,84,66.03,RESCUED,,2026-06-24 00:00:00,SYNTHETIC_DEMO
RES-00601,DON-01297,REST-TG07-042,REC-TG07-010,VOL-TG07-006,Jayashankar Bhupalpally,vegetables,120,12.54,35,80,88,74,70,89,76.64,RESCUED,,2026-04-14 05:00:00,SYNTHETIC_DEMO
RES-00602,DON-00686,REST-TG08-109,REC-TG08-007,VOL-TG08-004,Jogulamba Gadwal,sandwich,95,11.79,35,99,97,62,55,51,75.68,MISSED,recipient_capacity_full,2026-06-13 15:00:00,SYNTHETIC_DEMO
RES-00603,DON-01981,REST-TG09-113,REC-TG09-017,VOL-TG09-001,Kamareddy,fruits,56,10.5,27,71,55,73,51,88,67.55,RESCUED,,2026-07-23 13:00:00,SYNTHETIC_DEMO
RES-00604,DON-02293,REST-TG10-047,REC-TG10-002,VOL-TG10-001,Karimnagar,sandwich,91,27.95,60,67,54,72,62,84,54.64,RESCUED,,2026-09-01 01:00:00,SYNTHETIC_DEMO
RES-00605,DON-00723,REST-TG11-134,REC-TG11-010,VOL-TG11-005,Khammam,pulao,70,25.73,89,92,61,62,78,78,62.12,MISSED,traffic_delay,2026-08-10 18:00:00,SYNTHETIC_DEMO
RES-00606,DON-01489,REST-TG12-147,REC-TG12-013,VOL-TG12-009,Kumuram Bheem,sandwich,116,6.36,19,68,74,89,73,85,78.01,PARTIAL,,2026-07-10 04:00:00,SYNTHETIC_DEMO
RES-00607,DON-00247,REST-TG13-115,REC-TG13-005,VOL-TG13-001,Mahabubabad,pulao,70,34.77,90,81,46,99,72,69,54.51,RESCUED,,2026-09-12 02:00:00,SYNTHETIC_DEMO
RES-00608,DON-01516,REST-TG14-128,REC-TG14-003,VOL-TG14-005,Mahabubnagar,dal,30,7.79,29,96,73,100,66,78,82.64,MISSED,volunteer_unavailable,2026-03-30 18:00:00,SYNTHETIC_DEMO
RES-00609,DON-02840,REST-TG15-138,REC-TG15-011,VOL-TG15-001,Mancherial,packaged_food,68,7.75,17,77,56,65,88,98,74.41,RESCUED,,2026-04-29 01:00:00,SYNTHETIC_DEMO
RES-00610,DON-02260,REST-TG16-119,REC-TG16-015,VOL-TG16-005,Medak,biryani,14,23.58,92,85,72,67,99,57,65.21,PARTIAL,,2026-08-01 09:00:00,SYNTHETIC_DEMO
RES-00611,DON-02001,REST-TG17-004,REC-TG17-013,VOL-TG17-009,Medchal-Malkajgiri,rice,46,17.66,66,89,70,94,52,74,70.89,PARTIAL,,2026-07-11 02:00:00,SYNTHETIC_DEMO
RES-00612,DON-01836,REST-TG18-062,REC-TG18-001,VOL-TG18-006,Mulugu,bakery,95,31.48,118,80,90,62,69,93,62.01,RESCUED,,2026-04-19 06:00:00,SYNTHETIC_DEMO
RES-00613,DON-01448,REST-TG19-148,REC-TG19-019,VOL-TG19-003,Nagarkurnool,bakery,30,23.9,74,77,95,84,55,74,67.83,EXPIRED,traffic_delay,2026-07-20 22:00:00,SYNTHETIC_DEMO
RES-00614,DON-02640,REST-TG20-130,REC-TG20-009,VOL-TG20-006,Nalgonda,bakery,80,25.84,76,96,85,68,62,97,68.84,PARTIAL,,2026-05-31 16:00:00,SYNTHETIC_DEMO
RES-00615,DON-00439,REST-TG21-072,REC-TG21-003,VOL-TG21-005,Narayanpet,biryani,12,26.07,70,85,80,95,71,91,69.83,RESCUED,,2026-05-28 15:00:00,SYNTHETIC_DEMO
RES-00616,DON-00351,REST-TG22-109,REC-TG22-006,VOL-TG22-005,Nirmal,packaged_food,103,20.74,47,86,59,93,81,55,66.74,PARTIAL,,2026-06-25 07:00:00,SYNTHETIC_DEMO
RES-00617,DON-02681,REST-TG23-028,REC-TG23-008,VOL-TG23-001,Nizamabad,dal,106,21.73,59,76,62,99,98,95,71.23,EXPIRED,traffic_delay,2026-08-26 04:00:00,SYNTHETIC_DEMO
RES-00618,DON-00567,REST-TG24-028,REC-TG24-009,VOL-TG24-004,Peddapalli,pulao,97,10.21,28,98,77,61,73,77,76.86,EXPIRED,volunteer_unavailable,2026-07-26 17:00:00,SYNTHETIC_DEMO
RES-00619,DON-01546,REST-TG25-133,REC-TG25-013,VOL-TG25-010,Rajanna Sircilla,roti,36,7.63,24,95,61,79,84,71,78.1,MISSED,expired_before_pickup,2026-09-02 02:00:00,SYNTHETIC_DEMO
RES-00620,DON-00444,REST-TG26-060,REC-TG26-006,VOL-TG26-001,Rangareddy,fruits,62,25.41,60,66,67,92,91,99,66.25,RESCUED,,2026-07-10 08:00:00,SYNTHETIC_DEMO
RES-00621,DON-00014,REST-TG27-084,REC-TG27-016,VOL-TG27-007,Sangareddy,cooked_meal,71,8.15,30,80,97,87,84,57,81.73,RESCUED,,2026-04-20 06:00:00,SYNTHETIC_DEMO
RES-00622,DON-01730,REST-TG28-103,REC-TG28-004,VOL-TG28-009,Siddipet,packaged_food,55,32.6,115,84,74,96,64,87,62.81,RESCUED,,2026-06-10 17:00:00,SYNTHETIC_DEMO
RES-00623,DON-01230,REST-TG29-032,REC-TG29-010,VOL-TG29-009,Suryapet,roti,78,19.86,48,81,45,76,92,56,62.21,EXPIRED,recipient_capacity_full,2026-05-02 11:00:00,SYNTHETIC_DEMO
RES-00624,DON-00423,REST-TG30-075,REC-TG30-005,VOL-TG30-001,Vikarabad,packaged_food,33,33.9,71,65,78,99,65,99,60.64,EXPIRED,recipient_capacity_full,2026-05-26 22:00:00,SYNTHETIC_DEMO
RES-00625,DON-02027,REST-TG31-053,REC-TG31-007,VOL-TG31-007,Wanaparthy,rice,53,13.7,51,67,54,61,57,85,62.76,PARTIAL,,2026-09-06 22:00:00,SYNTHETIC_DEMO
RES-00626,DON-00381,REST-TG32-049,REC-TG32-004,VOL-TG32-001,Warangal,dal,81,23.92,65,99,84,94,78,55,71.91,MISSED,volunteer_unavailable,2026-07-18 17:00:00,SYNTHETIC_DEMO
RES-00627,DON-01881,REST-TG33-095,REC-TG33-006,VOL-TG33-003,Yadadri Bhuvanagiri,rice,26,8.67,30,84,89,80,71,87,81.21,RESCUED,,2026-09-07 18:00:00,SYNTHETIC_DEMO
RES-00628,DON-01310,REST-TG01-106,REC-TG01-019,VOL-TG01-005,Adilabad,bread,59,18.29,65,89,61,90,61,82,69.74,PARTIAL,,2026-06-15 06:00:00,SYNTHETIC_DEMO
RES-00629,DON-01693,REST-TG02-049,REC-TG02-017,VOL-TG02-008,Bhadradri Kothagudem,roti,72,16.8,65,67,51,67,78,68,61.25,RESCUED,,2026-05-23 07:00:00,SYNTHETIC_DEMO
RES-00630,DON-02022,REST-TG03-069,REC-TG03-016,VOL-TG03-006,Hanumakonda,packaged_food,104,16.2,34,76,65,68,89,72,67.93,RESCUED,,2026-09-11 06:00:00,SYNTHETIC_DEMO
RES-00631,DON-01528,REST-TG04-007,REC-TG04-002,VOL-TG04-010,Hyderabad,bread,57,19.58,40,99,50,78,61,70,65.61,MISSED,expired_before_pickup,2026-04-28 02:00:00,SYNTHETIC_DEMO
RES-00632,DON-02428,REST-TG05-098,REC-TG05-014,VOL-TG05-005,Jagtial,roti,12,12.29,42,72,59,75,87,75,69.87,PARTIAL,,2026-09-09 16:00:00,SYNTHETIC_DEMO
RES-00633,DON-02533,REST-TG06-075,REC-TG06-005,VOL-TG06-010,Jangaon,rice,69,21.32,68,86,65,84,67,86,67.87,RESCUED,,2026-09-11 11:00:00,SYNTHETIC_DEMO
RES-00634,DON-02701,REST-TG07-127,REC-TG07-011,VOL-TG07-003,Jayashankar Bhupalpally,vegetables,96,23.2,65,70,59,74,96,96,64.53,RESCUED,,2026-08-08 00:00:00,SYNTHETIC_DEMO
RES-00635,DON-00669,REST-TG08-096,REC-TG08-014,VOL-TG08-004,Jogulamba Gadwal,vegetables,84,14.79,29,81,66,91,100,72,74.69,MISSED,volunteer_unavailable,2026-06-09 03:00:00,SYNTHETIC_DEMO
RES-00636,DON-02672,REST-TG09-122,REC-TG09-007,VOL-TG09-005,Kamareddy,roti,103,2.73,8,94,66,60,52,77,76.95,MISSED,volunteer_unavailable,2026-07-01 07:00:00,SYNTHETIC_DEMO
RES-00637,DON-01067,REST-TG10-079,REC-TG10-005,VOL-TG10-004,Karimnagar,rice,61,18.45,48,71,57,78,94,99,68.42,RESCUED,,2026-04-18 10:00:00,SYNTHETIC_DEMO
RES-00638,DON-00750,REST-TG11-135,REC-TG11-004,VOL-TG11-004,Khammam,rice,114,31.83,67,65,66,90,99,64,58.26,RESCUED,,2026-09-13 20:00:00,SYNTHETIC_DEMO
RES-00639,DON-02309,REST-TG12-034,REC-TG12-020,VOL-TG12-010,Kumuram Bheem,vegetables,32,20.88,65,70,68,71,90,84,65.74,MISSED,volunteer_unavailable,2026-07-17 09:00:00,SYNTHETIC_DEMO
RES-00640,DON-01373,REST-TG13-072,REC-TG13-008,VOL-TG13-003,Mahabubabad,sandwich,119,33.02,127,98,79,64,81,96,64.11,EXPIRED,volunteer_unavailable,2026-04-27 06:00:00,SYNTHETIC_DEMO
RES-00641,DON-00354,REST-TG14-072,REC-TG14-004,VOL-TG14-009,Mahabubnagar,packaged_food,118,4.56,17,67,64,72,52,85,72.44,RESCUED,,2026-04-01 12:00:00,SYNTHETIC_DEMO
RES-00642,DON-01258,REST-TG15-046,REC-TG15-019,VOL-TG15-004,Mancherial,roti,120,2.17,5,83,94,68,54,97,84.15,RESCUED,,2026-07-05 16:00:00,SYNTHETIC_DEMO
RES-00643,DON-00904,REST-TG16-025,REC-TG16-009,VOL-TG16-010,Medak,bakery,98,34.07,68,65,47,95,62,71,50.61,RESCUED,,2026-05-23 13:00:00,SYNTHETIC_DEMO
RES-00644,DON-02678,REST-TG17-140,REC-TG17-013,VOL-TG17-001,Medchal-Malkajgiri,pulao,63,9.51,29,85,67,76,68,96,76.41,PARTIAL,,2026-07-19 23:00:00,SYNTHETIC_DEMO
RES-00645,DON-01377,REST-TG18-049,REC-TG18-001,VOL-TG18-001,Mulugu,fruits,94,2.33,8,68,68,75,84,93,79.49,RESCUED,,2026-06-10 03:00:00,SYNTHETIC_DEMO
RES-00646,DON-00959,REST-TG19-140,REC-TG19-017,VOL-TG19-001,Nagarkurnool,bread,58,29.44,96,81,79,74,68,86,62.47,EXPIRED,recipient_capacity_full,2026-08-15 23:00:00,SYNTHETIC_DEMO
RES-00647,DON-00276,REST-TG20-007,REC-TG20-007,VOL-TG20-003,Nalgonda,fruits,87,4.17,13,81,66,80,82,86,80.22,PARTIAL,,2026-08-10 21:00:00,SYNTHETIC_DEMO
RES-00648,DON-00067,REST-TG21-087,REC-TG21-017,VOL-TG21-006,Narayanpet,fruits,62,16.7,33,88,61,90,84,59,70.67,EXPIRED,traffic_delay,2026-05-25 10:00:00,SYNTHETIC_DEMO
RES-00649,DON-00225,REST-TG22-124,REC-TG22-001,VOL-TG22-006,Nirmal,bread,93,8.27,28,93,65,69,73,51,73.44,RESCUED,,2026-09-02 11:00:00,SYNTHETIC_DEMO
RES-00650,DON-01662,REST-TG23-045,REC-TG23-002,VOL-TG23-010,Nizamabad,bakery,104,5.76,11,68,88,74,71,91,79.39,RESCUED,,2026-07-09 12:00:00,SYNTHETIC_DEMO
RES-00651,DON-01437,REST-TG24-009,REC-TG24-002,VOL-TG24-006,Peddapalli,cooked_meal,77,13.49,36,71,88,80,70,85,74.66,PARTIAL,,2026-04-18 14:00:00,SYNTHETIC_DEMO
RES-00652,DON-02144,REST-TG25-090,REC-TG25-004,VOL-TG25-002,Rajanna Sircilla,sandwich,83,23.24,88,90,50,82,74,53,61.4,RESCUED,,2026-07-15 08:00:00,SYNTHETIC_DEMO
RES-00653,DON-00321,REST-TG26-090,REC-TG26-008,VOL-TG26-002,Rangareddy,dal,30,2.6,7,66,57,84,85,58,74.64,PARTIAL,,2026-05-07 00:00:00,SYNTHETIC_DEMO
RES-00654,DON-00048,REST-TG27-062,REC-TG27-018,VOL-TG27-004,Sangareddy,vegetables,105,15.29,44,89,78,69,71,56,70.53,RESCUED,,2026-09-24 16:00:00,SYNTHETIC_DEMO
RES-00655,DON-02102,REST-TG28-085,REC-TG28-018,VOL-TG28-005,Siddipet,biryani,54,9.56,27,84,67,87,70,91,77.52,RESCUED,,2026-05-28 22:00:00,SYNTHETIC_DEMO
RES-00656,DON-00493,REST-TG29-105,REC-TG29-006,VOL-TG29-002,Suryapet,packaged_food,34,11.28,40,97,49,98,71,82,76.14,RESCUED,,2026-04-23 04:00:00,SYNTHETIC_DEMO
RES-00657,DON-01509,REST-TG30-035,REC-TG30-011,VOL-TG30-005,Vikarabad,sandwich,36,11.89,29,65,99,77,86,89,78.36,EXPIRED,recipient_capacity_full,2026-04-05 16:00:00,SYNTHETIC_DEMO
RES-00658,DON-00371,REST-TG31-069,REC-TG31-013,VOL-TG31-007,Wanaparthy,pulao,23,4.37,8,72,91,64,74,53,76.78,RESCUED,,2026-07-14 20:00:00,SYNTHETIC_DEMO
RES-00659,DON-00929,REST-TG32-123,REC-TG32-001,VOL-TG32-004,Warangal,bread,25,4.5,16,86,76,82,91,77,83.29,MISSED,recipient_capacity_full,2026-04-18 05:00:00,SYNTHETIC_DEMO
RES-00660,DON-02392,REST-TG33-052,REC-TG33-003,VOL-TG33-006,Yadadri Bhuvanagiri,dal,11,31.0,123,96,68,84,65,76,62.36,PARTIAL,,2026-05-01 13:00:00,SYNTHETIC_DEMO
RES-00661,DON-00934,REST-TG01-028,REC-TG01-014,VOL-TG01-002,Adilabad,dal,44,14.01,46,85,79,97,61,58,74.24,MISSED,recipient_capacity_full,2026-06-13 18:00:00,SYNTHETIC_DEMO
RES-00662,DON-02171,REST-TG02-054,REC-TG02-004,VOL-TG02-004,Bhadradri Kothagudem,dal,54,3.64,10,100,94,63,68,71,84.55,RESCUED,,2026-08-04 14:00:00,SYNTHETIC_DEMO
RES-00663,DON-00099,REST-TG03-019,REC-TG03-007,VOL-TG03-005,Hanumakonda,biryani,118,16.31,52,97,69,100,94,87,79.65,RESCUED,,2026-05-14 16:00:00,SYNTHETIC_DEMO
RES-00664,DON-00078,REST-TG04-107,REC-TG04-013,VOL-TG04-009,Hyderabad,rice,82,21.84,60,70,61,69,98,78,63.55,RESCUED,,2026-07-22 03:00:00,SYNTHETIC_DEMO
RES-00665,DON-00381,REST-TG05-134,REC-TG05-016,VOL-TG05-002,Jagtial,pulao,14,10.58,21,99,99,99,92,66,87.69,RESCUED,,2026-05-10 05:00:00,SYNTHETIC_DEMO
RES-00666,DON-01053,REST-TG06-075,REC-TG06-007,VOL-TG06-003,Jangaon,bakery,99,31.0,71,70,48,93,59,69,53.21,RESCUED,,2026-09-03 09:00:00,SYNTHETIC_DEMO
RES-00667,DON-01282,REST-TG07-126,REC-TG07-011,VOL-TG07-006,Jayashankar Bhupalpally,bakery,14,10.68,41,94,90,69,95,86,82.62,RESCUED,,2026-04-18 14:00:00,SYNTHETIC_DEMO
RES-00668,DON-00487,REST-TG08-134,REC-TG08-010,VOL-TG08-002,Jogulamba Gadwal,roti,102,8.99,32,68,80,94,75,52,74.98,RESCUED,,2026-08-29 16:00:00,SYNTHETIC_DEMO
RES-00669,DON-00332,REST-TG09-026,REC-TG09-016,VOL-TG09-002,Kamareddy,vegetables,93,3.09,9,95,98,88,97,62,90.49,RESCUED,,2026-04-12 05:00:00,SYNTHETIC_DEMO
RES-00670,DON-01013,REST-TG10-022,REC-TG10-009,VOL-TG10-007,Karimnagar,bread,74,2.92,8,76,99,78,65,73,83.41,MISSED,volunteer_unavailable,2026-04-15 11:00:00,SYNTHETIC_DEMO
RES-00671,DON-02914,REST-TG11-135,REC-TG11-010,VOL-TG11-001,Khammam,roti,73,4.84,13,90,88,60,59,62,78.24,PARTIAL,,2026-09-20 17:00:00,SYNTHETIC_DEMO
RES-00672,DON-02700,REST-TG12-026,REC-TG12-005,VOL-TG12-009,Kumuram Bheem,pulao,68,31.21,103,96,79,64,82,94,64.91,MISSED,expired_before_pickup,2026-05-26 04:00:00,SYNTHETIC_DEMO
RES-00673,DON-00634,REST-TG13-027,REC-TG13-009,VOL-TG13-006,Mahabubabad,pulao,69,14.21,37,71,72,80,95,50,69.95,EXPIRED,traffic_delay,2026-07-05 10:00:00,SYNTHETIC_DEMO
RES-00674,DON-00978,REST-TG14-016,REC-TG14-009,VOL-TG14-007,Mahabubnagar,pulao,96,22.86,58,90,74,74,59,95,67.97,RESCUED,,2026-04-23 09:00:00,SYNTHETIC_DEMO
RES-00675,DON-00109,REST-TG15-049,REC-TG15-008,VOL-TG15-009,Mancherial,fruits,113,11.13,36,90,70,86,86,70,77.55,EXPIRED,expired_before_pickup,2026-07-04 15:00:00,SYNTHETIC_DEMO
RES-00676,DON-01635,REST-TG16-141,REC-TG16-018,VOL-TG16-010,Medak,roti,112,4.4,11,91,74,65,73,70,78.91,RESCUED,,2026-09-07 22:00:00,SYNTHETIC_DEMO
RES-00677,DON-01933,REST-TG17-036,REC-TG17-018,VOL-TG17-009,Medchal-Malkajgiri,roti,83,29.28,100,93,73,69,53,72,60.14,RESCUED,,2026-09-04 09:00:00,SYNTHETIC_DEMO
RES-00678,DON-00282,REST-TG18-042,REC-TG18-008,VOL-TG18-002,Mulugu,cooked_meal,66,20.13,43,82,71,68,55,96,66.52,EXPIRED,volunteer_unavailable,2026-05-03 01:00:00,SYNTHETIC_DEMO
RES-00679,DON-01851,REST-TG19-017,REC-TG19-005,VOL-TG19-002,Nagarkurnool,vegetables,109,2.01,7,83,82,61,85,80,82.21,RESCUED,,2026-09-23 22:00:00,SYNTHETIC_DEMO
RES-00680,DON-02228,REST-TG20-026,REC-TG20-018,VOL-TG20-003,Nalgonda,roti,42,21.94,56,75,77,61,53,84,62.58,MISSED,volunteer_unavailable,2026-04-05 23:00:00,SYNTHETIC_DEMO
RES-00681,DON-01569,REST-TG21-047,REC-TG21-012,VOL-TG21-008,Narayanpet,rice,26,20.8,74,77,71,72,100,78,68.34,PARTIAL,,2026-08-26 10:00:00,SYNTHETIC_DEMO
RES-00682,DON-00832,REST-TG22-047,REC-TG22-012,VOL-TG22-004,Nirmal,pulao,20,12.37,41,83,80,89,54,84,75.91,MISSED,traffic_delay,2026-05-02 16:00:00,SYNTHETIC_DEMO
RES-00683,DON-02993,REST-TG23-078,REC-TG23-001,VOL-TG23-008,Nizamabad,roti,23,5.31,19,95,91,96,61,54,84.31,RESCUED,,2026-06-16 15:00:00,SYNTHETIC_DEMO
RES-00684,DON-01802,REST-TG24-064,REC-TG24-013,VOL-TG24-005,Peddapalli,packaged_food,19,12.3,33,99,80,94,77,86,82.41,EXPIRED,traffic_delay,2026-07-02 06:00:00,SYNTHETIC_DEMO
RES-00685,DON-02533,REST-TG25-014,REC-TG25-009,VOL-TG25-009,Rajanna Sircilla,biryani,11,6.92,16,98,92,60,70,98,83.86,RESCUED,,2026-05-16 07:00:00,SYNTHETIC_DEMO
RES-00686,DON-00122,REST-TG26-008,REC-TG26-003,VOL-TG26-004,Rangareddy,bread,63,28.56,64,82,89,76,67,77,64.6,MISSED,volunteer_unavailable,2026-06-05 01:00:00,SYNTHETIC_DEMO
RES-00687,DON-02800,REST-TG27-050,REC-TG27-001,VOL-TG27-005,Sangareddy,cooked_meal,26,9.09,30,95,47,66,52,90,71.01,PARTIAL,,2026-05-06 23:00:00,SYNTHETIC_DEMO
RES-00688,DON-02976,REST-TG28-030,REC-TG28-017,VOL-TG28-001,Siddipet,roti,108,22.93,67,96,62,91,92,65,69.57,MISSED,expired_before_pickup,2026-07-24 10:00:00,SYNTHETIC_DEMO
RES-00689,DON-00654,REST-TG29-035,REC-TG29-014,VOL-TG29-005,Suryapet,cooked_meal,66,2.91,11,75,58,83,68,82,76.97,RESCUED,,2026-05-07 05:00:00,SYNTHETIC_DEMO
RES-00690,DON-00272,REST-TG30-118,REC-TG30-005,VOL-TG30-007,Vikarabad,fruits,36,13.03,35,95,82,100,79,66,80.59,MISSED,volunteer_unavailable,2026-06-26 14:00:00,SYNTHETIC_DEMO
RES-00691,DON-00096,REST-TG31-039,REC-TG31-015,VOL-TG31-007,Wanaparthy,bread,87,3.24,12,81,69,63,58,99,77.84,MISSED,expired_before_pickup,2026-04-15 13:00:00,SYNTHETIC_DEMO
RES-00692,DON-00829,REST-TG32-146,REC-TG32-019,VOL-TG32-007,Warangal,bakery,11,1.56,5,85,78,74,57,76,80.89,RESCUED,,2026-05-30 21:00:00,SYNTHETIC_DEMO
RES-00693,DON-00055,REST-TG33-148,REC-TG33-005,VOL-TG33-001,Yadadri Bhuvanagiri,roti,89,6.1,22,80,46,79,68,88,73.29,RESCUED,,2026-08-07 21:00:00,SYNTHETIC_DEMO
RES-00694,DON-00721,REST-TG01-037,REC-TG01-010,VOL-TG01-010,Adilabad,packaged_food,58,28.71,69,65,92,93,98,88,68.44,RESCUED,,2026-05-15 12:00:00,SYNTHETIC_DEMO
RES-00695,DON-01324,REST-TG02-075,REC-TG02-004,VOL-TG02-008,Bhadradri Kothagudem,dal,70,29.6,77,71,55,68,68,86,54.66,PARTIAL,,2026-05-01 13:00:00,SYNTHETIC_DEMO
RES-00696,DON-02459,REST-TG03-136,REC-TG03-004,VOL-TG03-004,Hanumakonda,fruits,40,4.27,12,67,45,65,56,66,66.3,RESCUED,,2026-07-27 16:00:00,SYNTHETIC_DEMO
RES-00697,DON-02680,REST-TG04-055,REC-TG04-011,VOL-TG04-002,Hyderabad,pulao,81,24.83,73,76,61,79,65,88,61.81,RESCUED,,2026-05-09 11:00:00,SYNTHETIC_DEMO
RES-00698,DON-01402,REST-TG05-134,REC-TG05-012,VOL-TG05-007,Jagtial,packaged_food,92,9.42,23,83,95,90,78,74,82.57,MISSED,volunteer_unavailable,2026-07-17 23:00:00,SYNTHETIC_DEMO
RES-00699,DON-01567,REST-TG06-113,REC-TG06-002,VOL-TG06-010,Jangaon,sandwich,59,24.84,53,98,79,84,67,54,67.36,MISSED,volunteer_unavailable,2026-04-06 19:00:00,SYNTHETIC_DEMO
RES-00700,DON-01933,REST-TG07-139,REC-TG07-013,VOL-TG07-004,Jayashankar Bhupalpally,sandwich,75,22.96,57,92,62,61,74,50,60.95,PARTIAL,,2026-05-14 10:00:00,SYNTHETIC_DEMO
RES-00701,DON-01755,REST-TG08-038,REC-TG08-014,VOL-TG08-006,Jogulamba Gadwal,biryani,30,25.32,67,79,68,75,94,66,63.56,RESCUED,,2026-09-20 19:00:00,SYNTHETIC_DEMO
RES-00702,DON-00679,REST-TG09-143,REC-TG09-009,VOL-TG09-009,Kamareddy,bakery,109,34.71,136,100,79,75,95,82,64.96,MISSED,recipient_capacity_full,2026-08-15 05:00:00,SYNTHETIC_DEMO
RES-00703,DON-02558,REST-TG10-117,REC-TG10-017,VOL-TG10-005,Karimnagar,fruits,111,2.21,7,70,86,98,90,100,88.32,PARTIAL,,2026-07-05 18:00:00,SYNTHETIC_DEMO
RES-00704,DON-01908,REST-TG11-030,REC-TG11-012,VOL-TG11-001,Khammam,dal,12,1.48,5,88,77,86,53,58,80.94,MISSED,expired_before_pickup,2026-08-16 02:00:00,SYNTHETIC_DEMO
RES-00705,DON-00781,REST-TG12-136,REC-TG12-010,VOL-TG12-001,Kumuram Bheem,roti,91,28.64,67,68,67,83,75,95,60.99,MISSED,volunteer_unavailable,2026-04-20 11:00:00,SYNTHETIC_DEMO
RES-00706,DON-00947,REST-TG13-005,REC-TG13-011,VOL-TG13-004,Mahabubabad,pulao,100,9.89,23,99,83,80,94,95,85.24,RESCUED,,2026-07-04 19:00:00,SYNTHETIC_DEMO
RES-00707,DON-01852,REST-TG14-111,REC-TG14-004,VOL-TG14-001,Mahabubnagar,rice,111,34.85,95,87,84,71,57,64,57.06,RESCUED,,2026-08-09 20:00:00,SYNTHETIC_DEMO
RES-00708,DON-02221,REST-TG15-075,REC-TG15-013,VOL-TG15-003,Mancherial,cooked_meal,92,29.66,90,84,68,92,60,98,63.81,MISSED,volunteer_unavailable,2026-07-24 02:00:00,SYNTHETIC_DEMO
RES-00709,DON-00760,REST-TG16-149,REC-TG16-009,VOL-TG16-008,Medak,bread,25,18.28,71,95,62,69,58,79,67.39,MISSED,recipient_capacity_full,2026-06-17 21:00:00,SYNTHETIC_DEMO
RES-00710,DON-02895,REST-TG17-108,REC-TG17-005,VOL-TG17-006,Medchal-Malkajgiri,rice,102,22.43,74,79,63,93,75,62,65.03,RESCUED,,2026-04-28 13:00:00,SYNTHETIC_DEMO
RES-00711,DON-02285,REST-TG18-091,REC-TG18-005,VOL-TG18-007,Mulugu,pulao,79,17.51,46,81,66,61,76,59,64.54,EXPIRED,expired_before_pickup,2026-04-15 12:00:00,SYNTHETIC_DEMO
RES-00712,DON-01819,REST-TG19-015,REC-TG19-005,VOL-TG19-006,Nagarkurnool,sandwich,21,30.65,105,73,71,97,96,55,61.56,RESCUED,,2026-07-10 17:00:00,SYNTHETIC_DEMO
RES-00713,DON-00785,REST-TG20-022,REC-TG20-002,VOL-TG20-006,Nalgonda,cooked_meal,96,34.92,116,84,56,80,57,56,51.36,RESCUED,,2026-09-11 17:00:00,SYNTHETIC_DEMO
RES-00714,DON-00368,REST-TG21-046,REC-TG21-005,VOL-TG21-007,Narayanpet,bread,52,21.87,62,88,54,65,82,82,63.93,RESCUED,,2026-08-09 04:00:00,SYNTHETIC_DEMO
RES-00715,DON-02547,REST-TG22-070,REC-TG22-014,VOL-TG22-001,Nirmal,sandwich,24,17.28,44,68,86,89,52,95,71.51,EXPIRED,expired_before_pickup,2026-04-08 05:00:00,SYNTHETIC_DEMO
RES-00716,DON-01951,REST-TG23-042,REC-TG23-017,VOL-TG23-009,Nizamabad,vegetables,104,27.06,101,84,64,73,87,77,62.62,RESCUED,,2026-04-06 15:00:00,SYNTHETIC_DEMO
RES-00717,DON-02736,REST-TG24-090,REC-TG24-005,VOL-TG24-001,Peddapalli,packaged_food,27,30.67,66,86,78,78,68,59,60.29,MISSED,traffic_delay,2026-08-21 04:00:00,SYNTHETIC_DEMO
RES-00718,DON-01660,REST-TG25-149,REC-TG25-015,VOL-TG25-007,Rajanna Sircilla,cooked_meal,80,11.67,41,94,59,75,91,98,77.41,MISSED,volunteer_unavailable,2026-06-08 19:00:00,SYNTHETIC_DEMO
RES-00719,DON-01802,REST-TG26-037,REC-TG26-017,VOL-TG26-004,Rangareddy,bread,75,18.3,67,68,97,60,56,56,65.13,RESCUED,,2026-04-22 03:00:00,SYNTHETIC_DEMO
RES-00720,DON-02807,REST-TG27-066,REC-TG27-006,VOL-TG27-010,Sangareddy,rice,24,16.67,65,77,53,77,62,80,64.84,MISSED,expired_before_pickup,2026-04-18 19:00:00,SYNTHETIC_DEMO
RES-00721,DON-02584,REST-TG28-025,REC-TG28-002,VOL-TG28-005,Siddipet,biryani,101,33.83,126,92,78,75,74,77,61.19,RESCUED,,2026-04-25 09:00:00,SYNTHETIC_DEMO
RES-00722,DON-01247,REST-TG29-093,REC-TG29-003,VOL-TG29-010,Suryapet,packaged_food,107,33.64,132,73,46,93,76,71,53.42,RESCUED,,2026-09-16 12:00:00,SYNTHETIC_DEMO
RES-00723,DON-00428,REST-TG30-122,REC-TG30-009,VOL-TG30-005,Vikarabad,bakery,87,13.24,39,94,60,97,78,50,73.69,RESCUED,,2026-03-30 12:00:00,SYNTHETIC_DEMO
RES-00724,DON-00442,REST-TG31-103,REC-TG31-015,VOL-TG31-005,Wanaparthy,rice,41,10.98,35,75,92,97,98,100,84.91,RESCUED,,2026-09-02 05:00:00,SYNTHETIC_DEMO
RES-00725,DON-00349,REST-TG32-116,REC-TG32-018,VOL-TG32-002,Warangal,dal,38,20.78,55,84,82,63,64,60,65.21,RESCUED,,2026-08-31 03:00:00,SYNTHETIC_DEMO
RES-00726,DON-02703,REST-TG33-028,REC-TG33-004,VOL-TG33-009,Yadadri Bhuvanagiri,vegetables,37,12.44,36,80,90,100,83,93,82.71,RESCUED,,2026-09-21 03:00:00,SYNTHETIC_DEMO
RES-00727,DON-02642,REST-TG01-118,REC-TG01-004,VOL-TG01-001,Adilabad,vegetables,61,0.82,5,72,86,81,67,75,82.36,RESCUED,,2026-05-08 12:00:00,SYNTHETIC_DEMO
RES-00728,DON-02145,REST-TG02-066,REC-TG02-014,VOL-TG02-005,Bhadradri Kothagudem,sandwich,63,9.08,25,100,82,73,84,71,81.36,RESCUED,,2026-06-14 00:00:00,SYNTHETIC_DEMO
RES-00729,DON-01429,REST-TG03-095,REC-TG03-009,VOL-TG03-010,Hanumakonda,vegetables,78,9.5,25,80,71,70,69,64,72.21,PARTIAL,,2026-07-07 15:00:00,SYNTHETIC_DEMO
RES-00730,DON-01799,REST-TG04-035,REC-TG04-006,VOL-TG04-010,Hyderabad,cooked_meal,84,4.06,14,79,73,60,94,89,79.8,EXPIRED,traffic_delay,2026-05-14 19:00:00,SYNTHETIC_DEMO
RES-00731,DON-00222,REST-TG05-014,REC-TG05-006,VOL-TG05-010,Jagtial,packaged_food,55,12.87,46,82,70,60,100,77,72.91,RESCUED,,2026-05-12 23:00:00,SYNTHETIC_DEMO
RES-00732,DON-01962,REST-TG06-084,REC-TG06-018,VOL-TG06-010,Jangaon,dal,30,25.24,84,97,55,98,64,77,66.17,MISSED,expired_before_pickup,2026-06-26 20:00:00,SYNTHETIC_DEMO
RES-00733,DON-02232,REST-TG07-038,REC-TG07-002,VOL-TG07-005,Jayashankar Bhupalpally,packaged_food,32,18.81,62,68,84,80,77,65,68.16,RESCUED,,2026-07-21 22:00:00,SYNTHETIC_DEMO
RES-00734,DON-02729,REST-TG08-002,REC-TG08-006,VOL-TG08-003,Jogulamba Gadwal,roti,11,5.75,13,85,92,97,77,75,86.04,MISSED,traffic_delay,2026-09-24 10:00:00,SYNTHETIC_DEMO
RES-00735,DON-00737,REST-TG09-001,REC-TG09-017,VOL-TG09-010,Kamareddy,fruits,102,18.59,40,66,68,92,64,76,66.32,RESCUED,,2026-07-23 10:00:00,SYNTHETIC_DEMO
RES-00736,DON-01230,REST-TG10-104,REC-TG10-018,VOL-TG10-008,Karimnagar,sandwich,69,23.77,74,85,92,98,88,68,73.72,RESCUED,,2026-04-05 03:00:00,SYNTHETIC_DEMO
RES-00737,DON-01222,REST-TG11-001,REC-TG11-006,VOL-TG11-007,Khammam,packaged_food,84,18.29,59,93,100,76,55,56,73.04,RESCUED,,2026-05-28 07:00:00,SYNTHETIC_DEMO
RES-00738,DON-00359,REST-TG12-143,REC-TG12-010,VOL-TG12-010,Kumuram Bheem,sandwich,91,3.43,10,98,64,76,79,76,81.85,RESCUED,,2026-07-30 12:00:00,SYNTHETIC_DEMO
RES-00739,DON-00819,REST-TG13-003,REC-TG13-019,VOL-TG13-005,Mahabubabad,rice,77,9.81,26,88,95,97,68,51,81.04,RESCUED,,2026-07-16 04:00:00,SYNTHETIC_DEMO
RES-00740,DON-01179,REST-TG14-069,REC-TG14-010,VOL-TG14-002,Mahabubnagar,pulao,73,23.09,74,81,89,85,98,97,74.76,RESCUED,,2026-09-01 11:00:00,SYNTHETIC_DEMO
RES-00741,DON-02515,REST-TG15-097,REC-TG15-007,VOL-TG15-010,Mancherial,sandwich,85,33.23,129,99,98,62,51,79,62.96,MISSED,volunteer_unavailable,2026-05-12 05:00:00,SYNTHETIC_DEMO
RES-00742,DON-00432,REST-TG16-013,REC-TG16-013,VOL-TG16-007,Medak,bakery,89,29.93,118,97,48,69,56,66,55.17,PARTIAL,,2026-06-10 23:00:00,SYNTHETIC_DEMO
RES-00743,DON-00719,REST-TG17-043,REC-TG17-020,VOL-TG17-007,Medchal-Malkajgiri,pulao,37,26.64,59,71,61,67,91,97,61.22,RESCUED,,2026-09-12 21:00:00,SYNTHETIC_DEMO
RES-00744,DON-00981,REST-TG18-054,REC-TG18-008,VOL-TG18-009,Mulugu,packaged_food,19,29.42,74,66,69,81,50,97,57.84,MISSED,volunteer_unavailable,2026-05-08 00:00:00,SYNTHETIC_DEMO
RES-00745,DON-01158,REST-TG19-062,REC-TG19-005,VOL-TG19-009,Nagarkurnool,vegetables,51,27.32,94,94,69,69,94,71,64.94,RESCUED,,2026-05-22 17:00:00,SYNTHETIC_DEMO
RES-00746,DON-01751,REST-TG20-071,REC-TG20-009,VOL-TG20-007,Nalgonda,biryani,37,34.12,116,82,47,78,72,70,52.33,EXPIRED,recipient_capacity_full,2026-07-29 16:00:00,SYNTHETIC_DEMO
RES-00747,DON-00604,REST-TG21-115,REC-TG21-012,VOL-TG21-007,Narayanpet,dal,41,12.99,33,93,57,81,68,89,73.57,RESCUED,,2026-08-12 09:00:00,SYNTHETIC_DEMO
RES-00748,DON-02869,REST-TG22-036,REC-TG22-002,VOL-TG22-009,Nirmal,bakery,23,22.85,52,99,91,69,88,89,74.73,PARTIAL,,2026-04-03 22:00:00,SYNTHETIC_DEMO
RES-00749,DON-01642,REST-TG23-128,REC-TG23-004,VOL-TG23-008,Nizamabad,packaged_food,99,28.73,103,81,80,71,50,59,58.23,RESCUED,,2026-05-02 07:00:00,SYNTHETIC_DEMO
RES-00750,DON-01937,REST-TG24-097,REC-TG24-005,VOL-TG24-006,Peddapalli,cooked_meal,106,32.97,81,100,63,71,92,98,63.7,RESCUED,,2026-04-29 05:00:00,SYNTHETIC_DEMO
RES-00751,DON-01035,REST-TG25-111,REC-TG25-008,VOL-TG25-004,Rajanna Sircilla,bakery,45,4.05,13,93,92,73,97,77,87.46,RESCUED,,2026-07-16 08:00:00,SYNTHETIC_DEMO
RES-00752,DON-02370,REST-TG26-031,REC-TG26-013,VOL-TG26-009,Rangareddy,sandwich,105,9.28,21,84,60,66,64,96,73.07,EXPIRED,traffic_delay,2026-07-04 01:00:00,SYNTHETIC_DEMO
RES-00753,DON-01385,REST-TG27-054,REC-TG27-018,VOL-TG27-008,Sangareddy,packaged_food,97,11.63,23,91,59,89,62,80,74.24,RESCUED,,2026-07-11 06:00:00,SYNTHETIC_DEMO
RES-00754,DON-01519,REST-TG28-136,REC-TG28-005,VOL-TG28-005,Siddipet,roti,77,30.75,122,66,74,86,53,89,58.14,EXPIRED,recipient_capacity_full,2026-07-14 19:00:00,SYNTHETIC_DEMO
RES-00755,DON-00496,REST-TG29-034,REC-TG29-018,VOL-TG29-002,Suryapet,sandwich,47,24.1,72,98,48,78,83,54,62.39,RESCUED,,2026-06-20 11:00:00,SYNTHETIC_DEMO
RES-00756,DON-02909,REST-TG30-145,REC-TG30-015,VOL-TG30-007,Vikarabad,biryani,92,3.43,9,94,87,85,94,59,86.8,MISSED,traffic_delay,2026-07-12 06:00:00,SYNTHETIC_DEMO
RES-00757,DON-01883,REST-TG31-028,REC-TG31-015,VOL-TG31-005,Wanaparthy,rice,63,16.54,58,75,81,86,85,89,74.69,MISSED,volunteer_unavailable,2026-08-20 19:00:00,SYNTHETIC_DEMO
RES-00758,DON-00697,REST-TG32-030,REC-TG32-014,VOL-TG32-006,Warangal,packaged_food,37,1.27,5,89,58,75,54,93,79.44,PARTIAL,,2026-03-31 05:00:00,SYNTHETIC_DEMO
RES-00759,DON-02683,REST-TG33-064,REC-TG33-006,VOL-TG33-001,Yadadri Bhuvanagiri,bread,90,25.91,71,91,77,76,61,86,66.19,PARTIAL,,2026-08-04 19:00:00,SYNTHETIC_DEMO
RES-00760,DON-00391,REST-TG01-083,REC-TG01-020,VOL-TG01-009,Adilabad,fruits,74,32.51,117,91,76,60,52,72,56.58,MISSED,traffic_delay,2026-09-25 01:00:00,SYNTHETIC_DEMO
RES-00761,DON-01770,REST-TG02-051,REC-TG02-018,VOL-TG02-001,Bhadradri Kothagudem,biryani,29,28.12,61,94,50,88,52,76,59.71,EXPIRED,traffic_delay,2026-04-07 03:00:00,SYNTHETIC_DEMO
RES-00762,DON-01676,REST-TG03-002,REC-TG03-013,VOL-TG03-001,Hanumakonda,roti,119,32.09,77,79,82,77,90,62,61.03,MISSED,traffic_delay,2026-06-23 00:00:00,SYNTHETIC_DEMO
RES-00763,DON-01116,REST-TG04-034,REC-TG04-015,VOL-TG04-007,Hyderabad,cooked_meal,45,1.62,5,67,60,97,80,76,79.39,RESCUED,,2026-04-16 21:00:00,SYNTHETIC_DEMO
RES-00764,DON-02145,REST-TG05-053,REC-TG05-010,VOL-TG05-002,Jagtial,packaged_food,84,7.25,19,74,61,62,95,69,72.52,MISSED,traffic_delay,2026-08-20 23:00:00,SYNTHETIC_DEMO
RES-00765,DON-02776,REST-TG06-015,REC-TG06-002,VOL-TG06-003,Jangaon,dal,82,18.52,58,90,55,78,91,66,68.17,RESCUED,,2026-08-14 07:00:00,SYNTHETIC_DEMO
RES-00766,DON-01418,REST-TG07-097,REC-TG07-020,VOL-TG07-002,Jayashankar Bhupalpally,packaged_food,35,0.96,5,71,64,72,57,72,75.01,PARTIAL,,2026-09-22 00:00:00,SYNTHETIC_DEMO
RES-00767,DON-02186,REST-TG08-058,REC-TG08-011,VOL-TG08-010,Jogulamba Gadwal,cooked_meal,91,34.66,122,98,63,67,99,73,59.69,RESCUED,,2026-07-15 19:00:00,SYNTHETIC_DEMO
RES-00768,DON-00506,REST-TG09-148,REC-TG09-004,VOL-TG09-001,Kamareddy,bakery,22,21.3,84,86,53,63,67,86,62.34,RESCUED,,2026-06-10 22:00:00,SYNTHETIC_DEMO
RES-00769,DON-01608,REST-TG10-071,REC-TG10-011,VOL-TG10-009,Karimnagar,cooked_meal,21,6.51,21,90,65,97,93,81,83.3,MISSED,volunteer_unavailable,2026-06-13 04:00:00,SYNTHETIC_DEMO
RES-00770,DON-01961,REST-TG11-100,REC-TG11-005,VOL-TG11-007,Khammam,biryani,12,9.14,19,86,80,81,78,76,79.22,MISSED,expired_before_pickup,2026-08-24 06:00:00,SYNTHETIC_DEMO
RES-00771,DON-00395,REST-TG12-137,REC-TG12-010,VOL-TG12-008,Kumuram Bheem,bakery,88,34.98,120,71,80,94,67,63,57.31,EXPIRED,expired_before_pickup,2026-06-29 03:00:00,SYNTHETIC_DEMO
RES-00772,DON-02329,REST-TG13-090,REC-TG13-015,VOL-TG13-009,Mahabubabad,sandwich,44,34.97,71,67,94,80,61,68,57.12,EXPIRED,traffic_delay,2026-09-03 03:00:00,SYNTHETIC_DEMO
RES-00773,DON-01883,REST-TG14-130,REC-TG14-020,VOL-TG14-006,Mahabubnagar,pulao,102,3.93,15,79,52,95,99,75,80.04,RESCUED,,2026-08-26 17:00:00,SYNTHETIC_DEMO
RES-00774,DON-00966,REST-TG15-031,REC-TG15-006,VOL-TG15-004,Mancherial,pulao,69,27.07,93,86,59,79,97,92,65.41,PARTIAL,,2026-07-16 11:00:00,SYNTHETIC_DEMO
RES-00775,DON-02023,REST-TG16-126,REC-TG16-003,VOL-TG16-002,Medak,packaged_food,49,28.03,72,99,83,100,50,64,67.78,RESCUED,,2026-05-23 08:00:00,SYNTHETIC_DEMO
RES-00776,DON-02634,REST-TG17-013,REC-TG17-009,VOL-TG17-009,Medchal-Malkajgiri,rice,84,1.49,5,71,50,69,74,81,73.99,EXPIRED,volunteer_unavailable,2026-08-26 07:00:00,SYNTHETIC_DEMO
RES-00777,DON-00164,REST-TG18-088,REC-TG18-004,VOL-TG18-005,Mulugu,sandwich,119,7.36,26,75,73,89,53,65,74.49,PARTIAL,,2026-09-08 19:00:00,SYNTHETIC_DEMO
RES-00778,DON-01391,REST-TG19-135,REC-TG19-017,VOL-TG19-008,Nagarkurnool,vegetables,22,21.72,73,84,56,65,53,73,59.84,RESCUED,,2026-07-14 08:00:00,SYNTHETIC_DEMO
RES-00779,DON-02626,REST-TG20-108,REC-TG20-018,VOL-TG20-003,Nalgonda,bread,29,24.52,79,69,59,89,100,83,64.74,MISSED,traffic_delay,2026-06-17 10:00:00,SYNTHETIC_DEMO
RES-00780,DON-01692,REST-TG21-089,REC-TG21-015,VOL-TG21-005,Narayanpet,bread,10,25.16,99,83,72,74,99,71,66.13,RESCUED,,2026-04-01 04:00:00,SYNTHETIC_DEMO
RES-00781,DON-01862,REST-TG22-149,REC-TG22-012,VOL-TG22-009,Nirmal,cooked_meal,113,5.96,12,77,98,69,99,82,84.19,EXPIRED,traffic_delay,2026-08-20 15:00:00,SYNTHETIC_DEMO
RES-00782,DON-00917,REST-TG23-005,REC-TG23-006,VOL-TG23-004,Nizamabad,packaged_food,101,30.27,89,74,62,89,66,78,58.33,RESCUED,,2026-06-21 10:00:00,SYNTHETIC_DEMO
RES-00783,DON-01374,REST-TG24-055,REC-TG24-019,VOL-TG24-004,Peddapalli,vegetables,86,21.86,62,77,95,79,97,84,73.74,RESCUED,,2026-04-04 19:00:00,SYNTHETIC_DEMO
RES-00784,DON-01655,REST-TG25-061,REC-TG25-005,VOL-TG25-005,Rajanna Sircilla,biryani,19,31.26,110,95,74,84,54,77,62.17,RESCUED,,2026-09-19 00:00:00,SYNTHETIC_DEMO
RES-00785,DON-01601,REST-TG26-121,REC-TG26-018,VOL-TG26-007,Rangareddy,bakery,113,4.98,15,91,58,65,62,53,72.49,RESCUED,,2026-04-13 00:00:00,SYNTHETIC_DEMO
RES-00786,DON-00107,REST-TG27-128,REC-TG27-015,VOL-TG27-010,Sangareddy,sandwich,118,16.67,38,65,75,72,75,51,64.49,PARTIAL,,2026-08-19 08:00:00,SYNTHETIC_DEMO
RES-00787,DON-02492,REST-TG28-052,REC-TG28-010,VOL-TG28-006,Siddipet,rice,74,24.3,64,97,83,76,53,64,66.74,RESCUED,,2026-08-19 11:00:00,SYNTHETIC_DEMO
RES-00788,DON-00986,REST-TG29-121,REC-TG29-001,VOL-TG29-010,Suryapet,bakery,92,14.53,46,75,85,99,95,63,77.27,PARTIAL,,2026-05-27 00:00:00,SYNTHETIC_DEMO
RES-00789,DON-00568,REST-TG30-113,REC-TG30-019,VOL-TG30-002,Vikarabad,packaged_food,21,26.09,58,99,96,96,69,92,75.86,RESCUED,,2026-05-07 11:00:00,SYNTHETIC_DEMO
RES-00790,DON-00461,REST-TG31-030,REC-TG31-008,VOL-TG31-003,Wanaparthy,packaged_food,120,7.58,27,81,74,79,80,99,80.34,MISSED,recipient_capacity_full,2026-04-17 22:00:00,SYNTHETIC_DEMO
RES-00791,DON-00392,REST-TG32-082,REC-TG32-013,VOL-TG32-008,Warangal,roti,82,24.77,85,84,77,70,66,93,65.91,PARTIAL,,2026-09-22 21:00:00,SYNTHETIC_DEMO
RES-00792,DON-00474,REST-TG33-144,REC-TG33-018,VOL-TG33-006,Yadadri Bhuvanagiri,cooked_meal,90,1.34,5,73,63,79,80,65,77.59,MISSED,recipient_capacity_full,2026-06-06 02:00:00,SYNTHETIC_DEMO
RES-00793,DON-01692,REST-TG01-040,REC-TG01-003,VOL-TG01-009,Adilabad,fruits,72,21.61,60,80,95,78,80,96,73.86,EXPIRED,expired_before_pickup,2026-07-21 06:00:00,SYNTHETIC_DEMO
RES-00794,DON-02015,REST-TG02-003,REC-TG02-001,VOL-TG02-004,Bhadradri Kothagudem,bakery,96,34.01,135,84,76,99,66,88,62.96,RESCUED,,2026-04-17 10:00:00,SYNTHETIC_DEMO
RES-00795,DON-02064,REST-TG03-139,REC-TG03-017,VOL-TG03-005,Hanumakonda,biryani,25,6.01,17,84,73,96,69,99,83.31,PARTIAL,,2026-07-21 17:00:00,SYNTHETIC_DEMO
RES-00796,DON-01432,REST-TG04-120,REC-TG04-019,VOL-TG04-005,Hyderabad,sandwich,63,1.78,6,94,97,99,54,84,90.58,PARTIAL,,2026-06-02 09:00:00,SYNTHETIC_DEMO
RES-00797,DON-00388,REST-TG05-108,REC-TG05-015,VOL-TG05-007,Jagtial,roti,22,8.61,26,86,51,78,65,54,69.85,EXPIRED,traffic_delay,2026-04-25 04:00:00,SYNTHETIC_DEMO
RES-00798,DON-01022,REST-TG06-005,REC-TG06-011,VOL-TG06-008,Jangaon,bakery,105,19.05,46,75,91,81,97,78,74.24,PARTIAL,,2026-05-22 20:00:00,SYNTHETIC_DEMO
RES-00799,DON-00356,REST-TG07-040,REC-TG07-011,VOL-TG07-004,Jayashankar Bhupalpally,biryani,16,30.82,64,84,88,61,75,59,59.94,MISSED,traffic_delay,2026-08-22 02:00:00,SYNTHETIC_DEMO
RES-00800,DON-02603,REST-TG08-078,REC-TG08-001,VOL-TG08-003,Jogulamba Gadwal,fruits,99,18.17,62,76,69,91,99,78,72.37,RESCUED,,2026-04-25 04:00:00,SYNTHETIC_DEMO
RES-00801,DON-02331,REST-TG09-004,REC-TG09-009,VOL-TG09-010,Kamareddy,biryani,98,33.68,115,93,76,84,77,98,64.84,RESCUED,,2026-06-27 05:00:00,SYNTHETIC_DEMO
RES-00802,DON-00029,REST-TG10-001,REC-TG10-012,VOL-TG10-010,Karimnagar,cooked_meal,28,4.89,12,97,87,65,75,89,84.46,PARTIAL,,2026-08-23 01:00:00,SYNTHETIC_DEMO
RES-00803,DON-01240,REST-TG11-012,REC-TG11-001,VOL-TG11-002,Khammam,pulao,39,33.19,115,65,73,85,94,91,60.14,RESCUED,,2026-05-14 15:00:00,SYNTHETIC_DEMO
RES-00804,DON-01498,REST-TG12-060,REC-TG12-005,VOL-TG12-008,Kumuram Bheem,rice,62,18.96,54,93,88,82,66,58,72.36,RESCUED,,2026-07-09 09:00:00,SYNTHETIC_DEMO
RES-00805,DON-00677,REST-TG13-089,REC-TG13-005,VOL-TG13-004,Mahabubabad,pulao,31,30.07,107,93,88,77,79,68,65.97,EXPIRED,expired_before_pickup,2026-05-02 00:00:00,SYNTHETIC_DEMO
RES-00806,DON-00511,REST-TG14-149,REC-TG14-010,VOL-TG14-008,Mahabubnagar,sandwich,76,27.83,110,78,61,76,85,67,59.52,RESCUED,,2026-07-31 01:00:00,SYNTHETIC_DEMO
RES-00807,DON-02410,REST-TG15-001,REC-TG15-006,VOL-TG15-001,Mancherial,cooked_meal,114,19.12,48,82,80,60,52,60,63.94,MISSED,volunteer_unavailable,2026-05-04 16:00:00,SYNTHETIC_DEMO
RES-00808,DON-02683,REST-TG16-096,REC-TG16-016,VOL-TG16-007,Medak,pulao,20,26.51,74,78,77,68,88,92,65.26,EXPIRED,traffic_delay,2026-07-11 18:00:00,SYNTHETIC_DEMO
RES-00809,DON-00178,REST-TG17-021,REC-TG17-018,VOL-TG17-007,Medchal-Malkajgiri,biryani,53,6.21,16,97,45,87,94,96,81.01,EXPIRED,expired_before_pickup,2026-04-10 11:00:00,SYNTHETIC_DEMO
RES-00810,DON-02030,REST-TG18-070,REC-TG18-020,VOL-TG18-002,Mulugu,sandwich,33,27.3,105,72,98,60,97,76,65.8,PARTIAL,,2026-09-18 17:00:00,SYNTHETIC_DEMO
RES-00811,DON-01114,REST-TG19-008,REC-TG19-009,VOL-TG19-002,Nagarkurnool,vegetables,75,5.07,19,90,57,63,54,81,73.73,RESCUED,,2026-04-06 02:00:00,SYNTHETIC_DEMO
RES-00812,DON-00787,REST-TG20-009,REC-TG20-008,VOL-TG20-009,Nalgonda,biryani,87,28.18,79,77,84,90,86,82,67.37,RESCUED,,2026-07-12 04:00:00,SYNTHETIC_DEMO
RES-00813,DON-00176,REST-TG21-059,REC-TG21-015,VOL-TG21-006,Narayanpet,vegetables,25,24.02,63,98,48,83,61,95,65.09,MISSED,recipient_capacity_full,2026-09-09 01:00:00,SYNTHETIC_DEMO
RES-00814,DON-00215,REST-TG22-097,REC-TG22-005,VOL-TG22-003,Nirmal,roti,30,16.91,62,73,66,91,95,58,69.67,MISSED,recipient_capacity_full,2026-05-07 13:00:00,SYNTHETIC_DEMO
RES-00815,DON-00737,REST-TG23-036,REC-TG23-014,VOL-TG23-005,Nizamabad,pulao,118,13.38,42,70,78,60,81,87,70.84,RESCUED,,2026-07-09 02:00:00,SYNTHETIC_DEMO
RES-00816,DON-00778,REST-TG24-113,REC-TG24-020,VOL-TG24-010,Peddapalli,dal,118,25.56,99,72,76,67,74,81,61.89,RESCUED,,2026-08-27 04:00:00,SYNTHETIC_DEMO
RES-00817,DON-00958,REST-TG25-093,REC-TG25-004,VOL-TG25-005,Rajanna Sircilla,pulao,117,32.26,88,65,79,72,61,60,53.66,RESCUED,,2026-04-29 02:00:00,SYNTHETIC_DEMO
RES-00818,DON-02139,REST-TG26-124,REC-TG26-015,VOL-TG26-001,Rangareddy,vegetables,55,30.82,90,80,52,89,62,61,55.04,MISSED,volunteer_unavailable,2026-06-28 21:00:00,SYNTHETIC_DEMO
RES-00819,DON-00560,REST-TG27-036,REC-TG27-019,VOL-TG27-002,Sangareddy,fruits,73,23.02,84,87,86,71,79,55,67.21,EXPIRED,traffic_delay,2026-07-16 14:00:00,SYNTHETIC_DEMO
RES-00820,DON-00049,REST-TG28-040,REC-TG28-019,VOL-TG28-003,Siddipet,pulao,40,20.83,56,87,46,62,89,58,60.72,MISSED,recipient_capacity_full,2026-05-27 17:00:00,SYNTHETIC_DEMO
RES-00821,DON-01133,REST-TG29-053,REC-TG29-010,VOL-TG29-005,Suryapet,packaged_food,108,11.35,31,75,91,100,88,73,81.19,RESCUED,,2026-04-18 18:00:00,SYNTHETIC_DEMO
RES-00822,DON-01967,REST-TG30-049,REC-TG30-008,VOL-TG30-001,Vikarabad,fruits,20,17.37,50,100,46,73,69,89,68.54,RESCUED,,2026-08-18 20:00:00,SYNTHETIC_DEMO
RES-00823,DON-00585,REST-TG31-030,REC-TG31-015,VOL-TG31-005,Wanaparthy,packaged_food,74,9.35,25,89,62,62,67,61,70.62,RESCUED,,2026-06-20 21:00:00,SYNTHETIC_DEMO
RES-00824,DON-02390,REST-TG32-097,REC-TG32-015,VOL-TG32-009,Warangal,biryani,107,31.21,117,78,88,84,92,83,66.01,MISSED,recipient_capacity_full,2026-09-03 05:00:00,SYNTHETIC_DEMO
RES-00825,DON-02396,REST-TG33-109,REC-TG33-014,VOL-TG33-009,Yadadri Bhuvanagiri,rice,104,28.46,94,96,99,94,56,90,72.37,PARTIAL,,2026-07-25 04:00:00,SYNTHETIC_DEMO
RES-00826,DON-01416,REST-TG01-012,REC-TG01-004,VOL-TG01-003,Adilabad,roti,20,34.39,136,77,99,62,81,77,60.74,MISSED,expired_before_pickup,2026-06-25 19:00:00,SYNTHETIC_DEMO
RES-00827,DON-01373,REST-TG02-139,REC-TG02-013,VOL-TG02-002,Bhadradri Kothagudem,fruits,24,22.97,67,99,97,92,99,78,79.29,PARTIAL,,2026-06-01 16:00:00,SYNTHETIC_DEMO
RES-00828,DON-01269,REST-TG03-082,REC-TG03-017,VOL-TG03-005,Hanumakonda,sandwich,29,16.56,46,93,97,82,72,96,80.27,PARTIAL,,2026-09-23 07:00:00,SYNTHETIC_DEMO
RES-00829,DON-01883,REST-TG04-142,REC-TG04-011,VOL-TG04-009,Hyderabad,vegetables,48,7.92,18,82,83,69,53,86,76.59,PARTIAL,,2026-07-17 00:00:00,SYNTHETIC_DEMO
RES-00830,DON-02458,REST-TG05-064,REC-TG05-003,VOL-TG05-004,Jagtial,bakery,66,32.68,115,96,51,71,51,96,56.41,RESCUED,,2026-07-28 16:00:00,SYNTHETIC_DEMO
RES-00831,DON-01998,REST-TG06-093,REC-TG06-011,VOL-TG06-007,Jangaon,bread,99,18.67,47,91,88,69,94,73,74.51,RESCUED,,2026-06-06 03:00:00,SYNTHETIC_DEMO
RES-00832,DON-02627,REST-TG07-047,REC-TG07-020,VOL-TG07-003,Jayashankar Bhupalpally,bakery,107,6.76,20,100,88,75,62,61,81.32,RESCUED,,2026-07-24 14:00:00,SYNTHETIC_DEMO
RES-00833,DON-02017,REST-TG08-032,REC-TG08-019,VOL-TG08-003,Jogulamba Gadwal,rice,104,21.89,44,68,99,80,60,57,66.46,RESCUED,,2026-05-08 20:00:00,SYNTHETIC_DEMO
RES-00834,DON-02015,REST-TG09-034,REC-TG09-006,VOL-TG09-006,Kamareddy,cooked_meal,87,6.74,25,94,82,85,59,77,81.74,RESCUED,,2026-07-07 20:00:00,SYNTHETIC_DEMO
RES-00835,DON-02807,REST-TG10-011,REC-TG10-005,VOL-TG10-003,Karimnagar,roti,91,32.21,92,91,50,70,78,56,54.09,RESCUED,,2026-08-22 16:00:00,SYNTHETIC_DEMO
RES-00836,DON-01636,REST-TG11-139,REC-TG11-003,VOL-TG11-008,Khammam,sandwich,38,8.39,25,65,86,74,77,96,77.61,MISSED,volunteer_unavailable,2026-07-13 16:00:00,SYNTHETIC_DEMO
RES-00837,DON-02980,REST-TG12-061,REC-TG12-017,VOL-TG12-005,Kumuram Bheem,fruits,13,27.67,109,94,77,60,68,56,60.84,RESCUED,,2026-05-25 03:00:00,SYNTHETIC_DEMO
RES-00838,DON-02757,REST-TG13-001,REC-TG13-015,VOL-TG13-010,Mahabubabad,fruits,116,34.58,133,94,47,75,99,73,56.95,MISSED,recipient_capacity_full,2026-06-04 06:00:00,SYNTHETIC_DEMO
RES-00839,DON-00914,REST-TG14-122,REC-TG14-013,VOL-TG14-008,Mahabubnagar,roti,118,12.11,38,93,97,89,91,78,84.6,RESCUED,,2026-04-27 22:00:00,SYNTHETIC_DEMO
RES-00840,DON-02792,REST-TG15-097,REC-TG15-013,VOL-TG15-006,Mancherial,bakery,29,15.98,33,69,92,85,53,62,70.04,RESCUED,,2026-05-17 05:00:00,SYNTHETIC_DEMO
RES-00841,DON-00669,REST-TG16-034,REC-TG16-016,VOL-TG16-004,Medak,cooked_meal,93,3.84,8,72,72,83,55,95,78.51,EXPIRED,volunteer_unavailable,2026-07-13 17:00:00,SYNTHETIC_DEMO
RES-00842,DON-01208,REST-TG17-042,REC-TG17-012,VOL-TG17-010,Medchal-Malkajgiri,vegetables,74,29.04,112,98,80,82,73,83,67.76,RESCUED,,2026-07-15 00:00:00,SYNTHETIC_DEMO
RES-00843,DON-00477,REST-TG18-069,REC-TG18-010,VOL-TG18-009,Mulugu,fruits,24,9.23,20,73,87,63,71,69,73.86,EXPIRED,expired_before_pickup,2026-08-28 16:00:00,SYNTHETIC_DEMO
RES-00844,DON-01560,REST-TG19-026,REC-TG19-011,VOL-TG19-001,Nagarkurnool,sandwich,38,7.26,28,74,78,93,96,67,80.46,MISSED,traffic_delay,2026-05-22 00:00:00,SYNTHETIC_DEMO
RES-00845,DON-01967,REST-TG20-047,REC-TG20-006,VOL-TG20-001,Nalgonda,bread,47,3.65,14,86,67,87,87,55,80.24,EXPIRED,traffic_delay,2026-05-28 02:00:00,SYNTHETIC_DEMO
RES-00846,DON-00329,REST-TG21-018,REC-TG21-016,VOL-TG21-004,Narayanpet,bakery,75,3.27,6,82,83,88,56,87,83.16,MISSED,traffic_delay,2026-07-09 00:00:00,SYNTHETIC_DEMO
RES-00847,DON-01951,REST-TG22-058,REC-TG22-019,VOL-TG22-004,Nirmal,rice,64,25.76,85,79,71,90,64,79,64.4,RESCUED,,2026-08-13 22:00:00,SYNTHETIC_DEMO
RES-00848,DON-02792,REST-TG23-101,REC-TG23-019,VOL-TG23-001,Nizamabad,packaged_food,48,4.21,10,80,52,88,80,85,78.09,RESCUED,,2026-08-22 04:00:00,SYNTHETIC_DEMO
RES-00849,DON-00004,REST-TG24-044,REC-TG24-017,VOL-TG24-010,Peddapalli,vegetables,119,3.86,13,81,52,88,58,94,77.24,RESCUED,,2026-08-14 22:00:00,SYNTHETIC_DEMO
RES-00850,DON-02995,REST-TG25-020,REC-TG25-001,VOL-TG25-002,Rajanna Sircilla,bread,49,7.6,22,90,72,64,73,93,78.17,RESCUED,,2026-04-28 19:00:00,SYNTHETIC_DEMO
RES-00851,DON-01749,REST-TG26-098,REC-TG26-007,VOL-TG26-003,Rangareddy,vegetables,112,30.81,75,99,88,62,61,69,62.69,RESCUED,,2026-05-18 10:00:00,SYNTHETIC_DEMO
RES-00852,DON-01170,REST-TG27-113,REC-TG27-017,VOL-TG27-003,Sangareddy,bread,74,4.3,10,83,56,73,96,52,75.48,RESCUED,,2026-04-23 04:00:00,SYNTHETIC_DEMO
RES-00853,DON-02109,REST-TG28-080,REC-TG28-002,VOL-TG28-009,Siddipet,cooked_meal,52,28.36,94,87,46,76,62,53,54.24,RESCUED,,2026-06-14 10:00:00,SYNTHETIC_DEMO
RES-00854,DON-02064,REST-TG29-062,REC-TG29-012,VOL-TG29-007,Suryapet,sandwich,11,7.35,27,73,95,81,81,83,81.9,EXPIRED,expired_before_pickup,2026-08-06 17:00:00,SYNTHETIC_DEMO
RES-00855,DON-02398,REST-TG30-140,REC-TG30-016,VOL-TG30-009,Vikarabad,rice,57,30.74,120,85,96,83,98,93,70.79,EXPIRED,volunteer_unavailable,2026-04-14 21:00:00,SYNTHETIC_DEMO
RES-00856,DON-00094,REST-TG31-119,REC-TG31-003,VOL-TG31-006,Wanaparthy,dal,79,27.71,87,97,90,89,98,52,70.96,PARTIAL,,2026-09-14 21:00:00,SYNTHETIC_DEMO
RES-00857,DON-02626,REST-TG32-130,REC-TG32-018,VOL-TG32-010,Warangal,cooked_meal,120,33.61,122,76,87,66,66,64,56.49,RESCUED,,2026-04-20 15:00:00,SYNTHETIC_DEMO
RES-00858,DON-00854,REST-TG33-002,REC-TG33-018,VOL-TG33-010,Yadadri Bhuvanagiri,roti,63,25.77,56,72,87,66,67,81,63.09,EXPIRED,recipient_capacity_full,2026-09-01 17:00:00,SYNTHETIC_DEMO
RES-00859,DON-00246,REST-TG01-040,REC-TG01-018,VOL-TG01-001,Adilabad,pulao,34,24.44,86,86,47,88,87,78,63.84,PARTIAL,,2026-05-08 03:00:00,SYNTHETIC_DEMO
RES-00860,DON-00277,REST-TG02-074,REC-TG02-004,VOL-TG02-003,Bhadradri Kothagudem,dal,25,26.62,67,66,62,99,65,53,58.24,EXPIRED,recipient_capacity_full,2026-06-15 15:00:00,SYNTHETIC_DEMO
RES-00861,DON-00345,REST-TG03-080,REC-TG03-004,VOL-TG03-006,Hanumakonda,sandwich,52,12.84,48,100,69,81,56,94,76.78,MISSED,volunteer_unavailable,2026-05-21 05:00:00,SYNTHETIC_DEMO
RES-00862,DON-00702,REST-TG04-060,REC-TG04-007,VOL-TG04-010,Hyderabad,vegetables,80,17.55,50,66,50,90,89,63,64.36,PARTIAL,,2026-08-18 10:00:00,SYNTHETIC_DEMO
RES-00863,DON-02104,REST-TG05-106,REC-TG05-014,VOL-TG05-007,Jagtial,dal,35,12.07,34,89,89,82,78,69,78.98,EXPIRED,recipient_capacity_full,2026-09-02 00:00:00,SYNTHETIC_DEMO
RES-00864,DON-02921,REST-TG06-100,REC-TG06-006,VOL-TG06-006,Jangaon,pulao,111,7.6,21,81,93,74,56,90,80.07,RESCUED,,2026-07-16 08:00:00,SYNTHETIC_DEMO
RES-00865,DON-02252,REST-TG07-003,REC-TG07-003,VOL-TG07-008,Jayashankar Bhupalpally,sandwich,27,30.83,106,90,88,80,69,61,63.58,RESCUED,,2026-09-19 03:00:00,SYNTHETIC_DEMO
RES-00866,DON-01473,REST-TG08-134,REC-TG08-018,VOL-TG08-008,Jogulamba Gadwal,pulao,69,10.19,38,75,61,93,71,60,71.97,MISSED,recipient_capacity_full,2026-09-25 04:00:00,SYNTHETIC_DEMO
RES-00867,DON-01237,REST-TG09-055,REC-TG09-015,VOL-TG09-004,Kamareddy,cooked_meal,97,9.4,26,70,87,74,97,76,78.09,RESCUED,,2026-03-30 02:00:00,SYNTHETIC_DEMO
RES-00868,DON-01180,REST-TG10-136,REC-TG10-002,VOL-TG10-009,Karimnagar,pulao,12,12.19,34,95,79,99,92,97,84.84,PARTIAL,,2026-05-30 11:00:00,SYNTHETIC_DEMO
RES-00869,DON-02224,REST-TG11-041,REC-TG11-008,VOL-TG11-005,Khammam,vegetables,76,10.12,36,89,48,82,98,73,74.57,MISSED,recipient_capacity_full,2026-07-12 17:00:00,SYNTHETIC_DEMO
RES-00870,DON-02969,REST-TG12-018,REC-TG12-015,VOL-TG12-006,Kumuram Bheem,dal,53,34.01,106,71,62,73,64,98,54.46,PARTIAL,,2026-06-24 00:00:00,SYNTHETIC_DEMO
RES-00871,DON-02799,REST-TG13-136,REC-TG13-002,VOL-TG13-006,Mahabubabad,packaged_food,96,7.3,21,93,47,67,80,69,72.74,RESCUED,,2026-08-19 12:00:00,SYNTHETIC_DEMO
RES-00872,DON-02979,REST-TG14-081,REC-TG14-013,VOL-TG14-007,Mahabubnagar,vegetables,85,30.85,115,66,57,81,65,60,52.21,MISSED,expired_before_pickup,2026-09-05 02:00:00,SYNTHETIC_DEMO
RES-00873,DON-00624,REST-TG15-107,REC-TG15-002,VOL-TG15-002,Mancherial,bakery,120,22.58,73,71,74,93,58,85,66.12,EXPIRED,volunteer_unavailable,2026-07-09 14:00:00,SYNTHETIC_DEMO
RES-00874,DON-00469,REST-TG16-033,REC-TG16-016,VOL-TG16-001,Medak,bakery,65,23.73,88,74,73,90,64,84,65.75,PARTIAL,,2026-07-17 23:00:00,SYNTHETIC_DEMO
RES-00875,DON-02796,REST-TG17-013,REC-TG17-011,VOL-TG17-006,Medchal-Malkajgiri,rice,79,1.81,6,98,81,98,53,86,88.11,MISSED,volunteer_unavailable,2026-06-27 16:00:00,SYNTHETIC_DEMO
RES-00876,DON-00454,REST-TG18-077,REC-TG18-010,VOL-TG18-001,Mulugu,biryani,40,13.92,33,91,64,79,65,67,71.11,EXPIRED,volunteer_unavailable,2026-07-12 18:00:00,SYNTHETIC_DEMO
RES-00877,DON-01020,REST-TG19-107,REC-TG19-013,VOL-TG19-008,Nagarkurnool,sandwich,101,27.53,102,100,82,64,95,91,69.94,PARTIAL,,2026-04-03 14:00:00,SYNTHETIC_DEMO
RES-00878,DON-02478,REST-TG20-028,REC-TG20-006,VOL-TG20-006,Nalgonda,sandwich,11,31.65,93,67,98,82,70,80,62.69,RESCUED,,2026-06-13 05:00:00,SYNTHETIC_DEMO
RES-00879,DON-02679,REST-TG21-115,REC-TG21-009,VOL-TG21-007,Narayanpet,roti,37,13.53,43,70,54,99,79,61,68.99,PARTIAL,,2026-05-05 09:00:00,SYNTHETIC_DEMO
RES-00880,DON-00745,REST-TG22-124,REC-TG22-013,VOL-TG22-009,Nirmal,cooked_meal,117,31.17,85,74,46,84,76,69,53.84,EXPIRED,traffic_delay,2026-05-19 14:00:00,SYNTHETIC_DEMO
RES-00881,DON-01361,REST-TG23-082,REC-TG23-016,VOL-TG23-003,Nizamabad,cooked_meal,34,1.95,5,70,99,68,91,53,82.01,PARTIAL,,2026-05-03 18:00:00,SYNTHETIC_DEMO
RES-00882,DON-02211,REST-TG24-131,REC-TG24-001,VOL-TG24-005,Peddapalli,packaged_food,120,5.91,12,98,55,79,50,94,77.63,RESCUED,,2026-05-01 03:00:00,SYNTHETIC_DEMO
RES-00883,DON-00670,REST-TG25-044,REC-TG25-017,VOL-TG25-003,Rajanna Sircilla,packaged_food,65,23.11,69,74,97,68,66,95,68.99,MISSED,traffic_delay,2026-07-20 15:00:00,SYNTHETIC_DEMO
RES-00884,DON-00063,REST-TG26-041,REC-TG26-001,VOL-TG26-005,Rangareddy,vegetables,118,1.59,5,88,60,70,95,85,81.96,EXPIRED,traffic_delay,2026-05-28 09:00:00,SYNTHETIC_DEMO
RES-00885,DON-02209,REST-TG27-054,REC-TG27-014,VOL-TG27-006,Sangareddy,bakery,101,14.13,40,67,59,72,60,76,64.51,RESCUED,,2026-05-15 20:00:00,SYNTHETIC_DEMO
RES-00886,DON-01056,REST-TG28-082,REC-TG28-014,VOL-TG28-004,Siddipet,fruits,90,27.09,60,84,57,76,79,70,60.15,MISSED,volunteer_unavailable,2026-04-03 20:00:00,SYNTHETIC_DEMO
RES-00887,DON-00621,REST-TG29-028,REC-TG29-012,VOL-TG29-009,Suryapet,packaged_food,46,24.86,83,84,87,79,93,75,70.09,MISSED,expired_before_pickup,2026-05-28 19:00:00,SYNTHETIC_DEMO
RES-00888,DON-01281,REST-TG30-038,REC-TG30-016,VOL-TG30-006,Vikarabad,cooked_meal,61,10.81,27,100,54,67,76,100,75.73,PARTIAL,,2026-08-23 21:00:00,SYNTHETIC_DEMO
RES-00889,DON-02729,REST-TG31-045,REC-TG31-009,VOL-TG31-001,Wanaparthy,fruits,112,28.68,63,67,57,97,98,83,61.96,MISSED,traffic_delay,2026-05-19 21:00:00,SYNTHETIC_DEMO
RES-00890,DON-01824,REST-TG32-093,REC-TG32-010,VOL-TG32-005,Warangal,packaged_food,36,20.96,46,85,99,60,50,95,70.33,RESCUED,,2026-08-23 09:00:00,SYNTHETIC_DEMO
RES-00891,DON-02760,REST-TG33-121,REC-TG33-010,VOL-TG33-006,Yadadri Bhuvanagiri,packaged_food,42,7.18,22,76,51,75,52,78,69.52,RESCUED,,2026-06-09 08:00:00,SYNTHETIC_DEMO
RES-00892,DON-02839,REST-TG01-026,REC-TG01-001,VOL-TG01-002,Adilabad,pulao,68,32.96,79,93,77,100,50,70,62.46,RESCUED,,2026-09-05 23:00:00,SYNTHETIC_DEMO
RES-00893,DON-00602,REST-TG02-015,REC-TG02-017,VOL-TG02-001,Bhadradri Kothagudem,fruits,12,28.18,62,91,69,65,71,71,60.82,RESCUED,,2026-05-03 23:00:00,SYNTHETIC_DEMO
RES-00894,DON-00717,REST-TG03-075,REC-TG03-013,VOL-TG03-004,Hanumakonda,vegetables,119,2.56,7,67,69,78,72,77,76.97,RESCUED,,2026-06-01 07:00:00,SYNTHETIC_DEMO
RES-00895,DON-00540,REST-TG04-080,REC-TG04-004,VOL-TG04-007,Hyderabad,packaged_food,10,2.55,9,81,59,89,59,89,79.33,EXPIRED,expired_before_pickup,2026-08-09 21:00:00,SYNTHETIC_DEMO
RES-00896,DON-02955,REST-TG05-069,REC-TG05-003,VOL-TG05-002,Jagtial,fruits,100,26.8,74,74,76,83,61,97,64.11,EXPIRED,recipient_capacity_full,2026-05-16 14:00:00,SYNTHETIC_DEMO
RES-00897,DON-02732,REST-TG06-090,REC-TG06-012,VOL-TG06-007,Jangaon,roti,74,32.26,111,75,83,62,52,60,54.06,PARTIAL,,2026-05-15 23:00:00,SYNTHETIC_DEMO
RES-00898,DON-02332,REST-TG07-067,REC-TG07-018,VOL-TG07-005,Jayashankar Bhupalpally,sandwich,69,17.42,68,96,63,75,90,97,74.31,PARTIAL,,2026-04-27 13:00:00,SYNTHETIC_DEMO
RES-00899,DON-02677,REST-TG08-016,REC-TG08-015,VOL-TG08-002,Jogulamba Gadwal,bakery,21,4.89,18,69,88,86,67,51,77.61,RESCUED,,2026-06-03 06:00:00,SYNTHETIC_DEMO
RES-00900,DON-00320,REST-TG09-133,REC-TG09-018,VOL-TG09-003,Kamareddy,dal,87,33.63,111,97,90,90,78,69,66.58,PARTIAL,,2026-04-24 11:00:00,SYNTHETIC_DEMO
RES-00901,DON-02026,REST-TG10-038,REC-TG10-011,VOL-TG10-005,Karimnagar,sandwich,38,32.81,94,70,92,71,75,58,57.91,RESCUED,,2026-06-30 08:00:00,SYNTHETIC_DEMO
RES-00902,DON-01226,REST-TG11-141,REC-TG11-015,VOL-TG11-005,Khammam,dal,61,4.32,15,79,94,76,94,76,84.91,PARTIAL,,2026-04-20 21:00:00,SYNTHETIC_DEMO
RES-00903,DON-02434,REST-TG12-012,REC-TG12-016,VOL-TG12-004,Kumuram Bheem,packaged_food,33,9.42,30,83,70,60,99,61,73.87,RESCUED,,2026-05-21 09:00:00,SYNTHETIC_DEMO
RES-00904,DON-01413,REST-TG13-060,REC-TG13-012,VOL-TG13-003,Mahabubabad,roti,80,19.86,54,84,80,61,73,76,67.66,RESCUED,,2026-06-04 13:00:00,SYNTHETIC_DEMO
RES-00905,DON-01468,REST-TG14-054,REC-TG14-007,VOL-TG14-004,Mahabubnagar,vegetables,59,9.71,31,77,84,98,68,66,78.36,RESCUED,,2026-07-05 01:00:00,SYNTHETIC_DEMO
RES-00906,DON-01039,REST-TG15-068,REC-TG15-009,VOL-TG15-007,Mancherial,bread,70,17.45,61,96,67,81,98,66,73.69,RESCUED,,2026-09-05 10:00:00,SYNTHETIC_DEMO
RES-00907,DON-01029,REST-TG16-120,REC-TG16-020,VOL-TG16-001,Medak,biryani,94,11.82,32,100,78,87,80,67,79.91,MISSED,traffic_delay,2026-05-19 03:00:00,SYNTHETIC_DEMO
RES-00908,DON-00916,REST-TG17-039,REC-TG17-015,VOL-TG17-002,Medchal-Malkajgiri,pulao,52,11.57,44,86,57,90,84,63,73.54,MISSED,volunteer_unavailable,2026-05-25 11:00:00,SYNTHETIC_DEMO
RES-00909,DON-00252,REST-TG18-110,REC-TG18-004,VOL-TG18-003,Mulugu,bread,29,13.81,38,83,83,82,52,52,71.04,RESCUED,,2026-04-22 06:00:00,SYNTHETIC_DEMO
RES-00910,DON-01779,REST-TG19-104,REC-TG19-019,VOL-TG19-002,Nagarkurnool,fruits,31,8.41,21,71,64,66,97,90,74.59,PARTIAL,,2026-07-05 11:00:00,SYNTHETIC_DEMO
RES-00911,DON-02570,REST-TG20-031,REC-TG20-014,VOL-TG20-009,Nalgonda,packaged_food,47,22.46,81,90,65,73,79,88,67.61,PARTIAL,,2026-07-03 21:00:00,SYNTHETIC_DEMO
RES-00912,DON-00039,REST-TG21-039,REC-TG21-014,VOL-TG21-009,Narayanpet,vegetables,90,5.26,17,73,89,92,70,68,81.24,EXPIRED,traffic_delay,2026-04-11 19:00:00,SYNTHETIC_DEMO
RES-00913,DON-01767,REST-TG22-062,REC-TG22-015,VOL-TG22-005,Nirmal,vegetables,74,17.67,49,91,98,94,56,92,79.08,RESCUED,,2026-08-16 22:00:00,SYNTHETIC_DEMO
RES-00914,DON-01028,REST-TG23-063,REC-TG23-005,VOL-TG23-003,Nizamabad,cooked_meal,17,23.12,77,66,87,87,71,78,67.04,MISSED,traffic_delay,2026-05-09 17:00:00,SYNTHETIC_DEMO
RES-00915,DON-00273,REST-TG24-046,REC-TG24-020,VOL-TG24-008,Peddapalli,bread,119,27.04,103,99,49,81,91,62,62.74,PARTIAL,,2026-08-19 23:00:00,SYNTHETIC_DEMO
RES-00916,DON-00106,REST-TG25-109,REC-TG25-011,VOL-TG25-002,Rajanna Sircilla,bread,85,22.22,56,89,56,65,57,66,60.18,RESCUED,,2026-05-03 12:00:00,SYNTHETIC_DEMO
RES-00917,DON-00186,REST-TG26-057,REC-TG26-020,VOL-TG26-006,Rangareddy,fruits,81,29.74,77,85,51,79,72,80,58.01,RESCUED,,2026-06-26 03:00:00,SYNTHETIC_DEMO
RES-00918,DON-00551,REST-TG27-099,REC-TG27-007,VOL-TG27-002,Sangareddy,roti,109,8.5,31,88,97,67,82,54,79.58,PARTIAL,,2026-08-26 03:00:00,SYNTHETIC_DEMO
RES-00919,DON-02145,REST-TG28-065,REC-TG28-008,VOL-TG28-007,Siddipet,rice,76,23.67,57,81,84,78,88,88,70.39,MISSED,traffic_delay,2026-05-18 18:00:00,SYNTHETIC_DEMO
RES-00920,DON-00445,REST-TG29-042,REC-TG29-015,VOL-TG29-001,Suryapet,bakery,21,18.1,60,82,96,66,52,83,71.07,RESCUED,,2026-04-26 14:00:00,SYNTHETIC_DEMO
RES-00921,DON-01456,REST-TG30-043,REC-TG30-003,VOL-TG30-001,Vikarabad,dal,24,16.5,38,68,71,95,61,56,66.96,RESCUED,,2026-08-05 14:00:00,SYNTHETIC_DEMO
RES-00922,DON-00011,REST-TG31-125,REC-TG31-020,VOL-TG31-005,Wanaparthy,bakery,120,6.54,17,86,100,64,51,78,80.03,EXPIRED,recipient_capacity_full,2026-06-19 02:00:00,SYNTHETIC_DEMO
RES-00923,DON-01800,REST-TG32-027,REC-TG32-003,VOL-TG32-010,Warangal,rice,60,9.39,34,83,87,100,82,58,81.29,MISSED,expired_before_pickup,2026-04-21 12:00:00,SYNTHETIC_DEMO
RES-00924,DON-01280,REST-TG33-094,REC-TG33-013,VOL-TG33-007,Yadadri Bhuvanagiri,bakery,37,10.51,32,91,67,99,68,51,75.84,PARTIAL,,2026-07-29 09:00:00,SYNTHETIC_DEMO
RES-00925,DON-00683,REST-TG01-105,REC-TG01-002,VOL-TG01-005,Adilabad,vegetables,52,32.13,98,91,89,98,78,55,66.05,RESCUED,,2026-06-04 19:00:00,SYNTHETIC_DEMO
RES-00926,DON-01819,REST-TG02-058,REC-TG02-020,VOL-TG02-006,Bhadradri Kothagudem,packaged_food,46,16.08,54,72,66,86,88,82,71.01,EXPIRED,expired_before_pickup,2026-04-08 10:00:00,SYNTHETIC_DEMO
RES-00927,DON-01154,REST-TG03-085,REC-TG03-004,VOL-TG03-003,Hanumakonda,sandwich,74,30.19,66,98,74,81,69,93,66.19,RESCUED,,2026-04-30 13:00:00,SYNTHETIC_DEMO
RES-00928,DON-00613,REST-TG04-142,REC-TG04-016,VOL-TG04-001,Hyderabad,pulao,103,14.21,55,68,87,69,91,72,72.5,RESCUED,,2026-06-19 08:00:00,SYNTHETIC_DEMO
RES-00929,DON-02329,REST-TG05-110,REC-TG05-016,VOL-TG05-003,Jagtial,packaged_food,118,6.27,16,90,86,67,95,84,83.67,PARTIAL,,2026-05-12 23:00:00,SYNTHETIC_DEMO
RES-00930,DON-01458,REST-TG06-142,REC-TG06-014,VOL-TG06-007,Jangaon,pulao,105,32.01,113,97,65,73,67,68,58.99,MISSED,traffic_delay,2026-04-04 11:00:00,SYNTHETIC_DEMO
RES-00931,DON-00786,REST-TG07-133,REC-TG07-015,VOL-TG07-005,Jayashankar Bhupalpally,fruits,23,19.17,61,76,77,68,95,90,70.61,RESCUED,,2026-04-27 17:00:00,SYNTHETIC_DEMO
RES-00932,DON-01740,REST-TG08-004,REC-TG08-017,VOL-TG08-001,Jogulamba Gadwal,vegetables,22,20.82,49,83,71,93,52,70,67.08,MISSED,volunteer_unavailable,2026-07-17 02:00:00,SYNTHETIC_DEMO
RES-00933,DON-00792,REST-TG09-070,REC-TG09-003,VOL-TG09-006,Kamareddy,packaged_food,75,20.12,51,82,63,93,61,85,68.18,RESCUED,,2026-09-22 18:00:00,SYNTHETIC_DEMO
RES-00934,DON-00595,REST-TG10-056,REC-TG10-010,VOL-TG10-008,Karimnagar,roti,29,13.3,50,100,73,68,92,68,76.3,PARTIAL,,2026-06-16 09:00:00,SYNTHETIC_DEMO
RES-00935,DON-00950,REST-TG11-040,REC-TG11-006,VOL-TG11-010,Khammam,packaged_food,49,20.33,44,89,68,84,86,57,68.78,RESCUED,,2026-06-09 05:00:00,SYNTHETIC_DEMO
RES-00936,DON-00742,REST-TG12-010,REC-TG12-010,VOL-TG12-002,Kumuram Bheem,biryani,35,4.07,13,83,76,66,83,78,79.89,EXPIRED,recipient_capacity_full,2026-07-10 12:00:00,SYNTHETIC_DEMO
RES-00937,DON-02734,REST-TG13-102,REC-TG13-011,VOL-TG13-004,Mahabubabad,roti,13,14.76,53,69,72,66,62,96,68.36,RESCUED,,2026-05-20 03:00:00,SYNTHETIC_DEMO
RES-00938,DON-01756,REST-TG14-116,REC-TG14-008,VOL-TG14-008,Mahabubnagar,sandwich,88,19.97,44,77,63,80,98,92,69.74,RESCUED,,2026-04-02 23:00:00,SYNTHETIC_DEMO
RES-00939,DON-00390,REST-TG15-118,REC-TG15-013,VOL-TG15-002,Mancherial,fruits,74,12.03,27,67,74,99,67,77,73.86,RESCUED,,2026-09-15 01:00:00,SYNTHETIC_DEMO
RES-00940,DON-00001,REST-TG16-077,REC-TG16-009,VOL-TG16-007,Medak,rice,107,25.03,50,96,98,99,84,58,74.97,EXPIRED,recipient_capacity_full,2026-08-10 01:00:00,SYNTHETIC_DEMO
RES-00941,DON-00325,REST-TG17-126,REC-TG17-005,VOL-TG17-002,Medchal-Malkajgiri,sandwich,24,7.05,27,96,63,82,71,60,77.16,RESCUED,,2026-04-05 11:00:00,SYNTHETIC_DEMO
RES-00942,DON-00229,REST-TG18-145,REC-TG18-002,VOL-TG18-003,Mulugu,cooked_meal,16,6.99,25,80,77,65,91,76,77.86,RESCUED,,2026-05-01 14:00:00,SYNTHETIC_DEMO
RES-00943,DON-00637,REST-TG19-074,REC-TG19-018,VOL-TG19-005,Nagarkurnool,bread,71,6.82,18,92,78,78,53,55,76.63,RESCUED,,2026-09-11 15:00:00,SYNTHETIC_DEMO
RES-00944,DON-00920,REST-TG20-088,REC-TG20-002,VOL-TG20-002,Nalgonda,bakery,89,12.81,35,91,60,94,67,61,72.95,RESCUED,,2026-06-10 07:00:00,SYNTHETIC_DEMO
RES-00945,DON-02958,REST-TG21-147,REC-TG21-017,VOL-TG21-004,Narayanpet,cooked_meal,16,2.75,7,69,69,84,85,100,81.74,MISSED,expired_before_pickup,2026-04-23 01:00:00,SYNTHETIC_DEMO
RES-00946,DON-01790,REST-TG22-009,REC-TG22-005,VOL-TG22-010,Nirmal,pulao,112,3.04,6,91,52,79,53,67,75.28,MISSED,recipient_capacity_full,2026-07-09 14:00:00,SYNTHETIC_DEMO
RES-00947,DON-01284,REST-TG23-038,REC-TG23-014,VOL-TG23-005,Nizamabad,rice,100,5.01,16,70,93,61,51,68,75.07,PARTIAL,,2026-07-31 16:00:00,SYNTHETIC_DEMO
RES-00948,DON-01237,REST-TG24-130,REC-TG24-006,VOL-TG24-001,Peddapalli,roti,13,26.58,64,67,91,89,81,80,67.06,RESCUED,,2026-05-24 12:00:00,SYNTHETIC_DEMO
RES-00949,DON-00266,REST-TG25-056,REC-TG25-008,VOL-TG25-003,Rajanna Sircilla,vegetables,47,1.15,5,95,45,80,94,63,79.88,RESCUED,,2026-06-11 02:00:00,SYNTHETIC_DEMO
RES-00950,DON-01847,REST-TG26-028,REC-TG26-008,VOL-TG26-006,Rangareddy,sandwich,49,31.15,110,78,94,73,86,88,65.5,RESCUED,,2026-05-19 17:00:00,SYNTHETIC_DEMO
RES-00951,DON-01269,REST-TG27-033,REC-TG27-001,VOL-TG27-002,Sangareddy,fruits,33,2.04,6,80,61,83,73,71,78.59,EXPIRED,traffic_delay,2026-07-24 03:00:00,SYNTHETIC_DEMO
RES-00952,DON-00852,REST-TG28-070,REC-TG28-019,VOL-TG28-002,Siddipet,fruits,43,34.32,128,84,54,89,50,86,55.04,MISSED,traffic_delay,2026-05-25 10:00:00,SYNTHETIC_DEMO
RES-00953,DON-01516,REST-TG29-041,REC-TG29-015,VOL-TG29-006,Suryapet,rice,42,18.07,41,72,86,84,61,50,67.39,RESCUED,,2026-09-19 08:00:00,SYNTHETIC_DEMO
RES-00954,DON-02583,REST-TG30-037,REC-TG30-003,VOL-TG30-003,Vikarabad,vegetables,63,13.99,34,76,73,71,73,56,68.36,RESCUED,,2026-05-10 13:00:00,SYNTHETIC_DEMO
RES-00955,DON-00868,REST-TG31-101,REC-TG31-013,VOL-TG31-007,Wanaparthy,biryani,14,8.2,18,66,45,77,80,91,69.99,RESCUED,,2026-06-18 22:00:00,SYNTHETIC_DEMO
RES-00956,DON-02014,REST-TG32-117,REC-TG32-002,VOL-TG32-001,Warangal,roti,35,33.9,86,91,74,69,77,71,58.94,RESCUED,,2026-09-09 18:00:00,SYNTHETIC_DEMO
RES-00957,DON-02970,REST-TG33-062,REC-TG33-016,VOL-TG33-005,Yadadri Bhuvanagiri,packaged_food,117,32.16,64,71,78,73,50,73,55.08,PARTIAL,,2026-05-01 16:00:00,SYNTHETIC_DEMO
RES-00958,DON-00827,REST-TG01-128,REC-TG01-013,VOL-TG01-004,Adilabad,cooked_meal,87,7.44,29,100,59,77,84,53,76.74,MISSED,recipient_capacity_full,2026-06-05 08:00:00,SYNTHETIC_DEMO
RES-00959,DON-00571,REST-TG02-013,REC-TG02-017,VOL-TG02-003,Bhadradri Kothagudem,bakery,39,32.12,80,80,84,69,95,82,62.91,EXPIRED,volunteer_unavailable,2026-04-16 16:00:00,SYNTHETIC_DEMO
RES-00960,DON-02585,REST-TG03-137,REC-TG03-005,VOL-TG03-007,Hanumakonda,fruits,76,31.06,104,78,50,77,67,50,51.66,MISSED,expired_before_pickup,2026-07-19 02:00:00,SYNTHETIC_DEMO
RES-00961,DON-01530,REST-TG04-042,REC-TG04-005,VOL-TG04-009,Hyderabad,roti,27,15.53,32,82,77,60,74,81,70.21,RESCUED,,2026-08-19 00:00:00,SYNTHETIC_DEMO
RES-00962,DON-01374,REST-TG05-097,REC-TG05-013,VOL-TG05-001,Jagtial,roti,88,27.74,102,90,47,94,98,90,65.49,EXPIRED,volunteer_unavailable,2026-08-17 16:00:00,SYNTHETIC_DEMO
RES-00963,DON-01867,REST-TG06-035,REC-TG06-007,VOL-TG06-004,Jangaon,bakery,87,6.17,19,93,52,64,83,64,73.89,RESCUED,,2026-08-28 11:00:00,SYNTHETIC_DEMO
RES-00964,DON-02013,REST-TG07-098,REC-TG07-001,VOL-TG07-009,Jayashankar Bhupalpally,sandwich,38,1.09,5,70,84,70,79,64,79.82,RESCUED,,2026-09-04 21:00:00,SYNTHETIC_DEMO
RES-00965,DON-01811,REST-TG08-034,REC-TG08-002,VOL-TG08-008,Jogulamba Gadwal,fruits,95,1.41,5,68,89,69,75,88,82.04,EXPIRED,expired_before_pickup,2026-04-28 20:00:00,SYNTHETIC_DEMO
RES-00966,DON-01206,REST-TG09-002,REC-TG09-011,VOL-TG09-001,Kamareddy,cooked_meal,27,7.24,15,89,65,67,95,93,79.48,MISSED,volunteer_unavailable,2026-05-13 23:00:00,SYNTHETIC_DEMO
RES-00967,DON-01634,REST-TG10-091,REC-TG10-008,VOL-TG10-007,Karimnagar,fruits,111,19.04,52,75,49,68,52,58,57.4,EXPIRED,expired_before_pickup,2026-06-17 14:00:00,SYNTHETIC_DEMO
RES-00968,DON-01332,REST-TG11-074,REC-TG11-005,VOL-TG11-006,Khammam,dal,93,18.64,43,87,54,72,91,95,69.29,RESCUED,,2026-09-10 00:00:00,SYNTHETIC_DEMO
RES-00969,DON-02266,REST-TG12-141,REC-TG12-018,VOL-TG12-002,Kumuram Bheem,dal,72,24.71,64,88,71,66,86,72,64.85,RESCUED,,2026-09-05 23:00:00,SYNTHETIC_DEMO
RES-00970,DON-00283,REST-TG13-008,REC-TG13-007,VOL-TG13-009,Mahabubabad,packaged_food,59,21.86,74,73,90,60,92,57,65.89,RESCUED,,2026-04-08 21:00:00,SYNTHETIC_DEMO
RES-00971,DON-00865,REST-TG14-112,REC-TG14-006,VOL-TG14-003,Mahabubnagar,packaged_food,76,18.06,49,68,62,76,99,53,64.7,RESCUED,,2026-06-01 17:00:00,SYNTHETIC_DEMO
RES-00972,DON-00444,REST-TG15-057,REC-TG15-005,VOL-TG15-006,Mancherial,pulao,57,18.51,49,87,63,69,92,50,66.33,RESCUED,,2026-04-04 01:00:00,SYNTHETIC_DEMO
RES-00973,DON-00658,REST-TG16-136,REC-TG16-020,VOL-TG16-010,Medak,dal,34,21.63,72,92,97,84,79,82,76.05,RESCUED,,2026-08-14 01:00:00,SYNTHETIC_DEMO
RES-00974,DON-00930,REST-TG17-046,REC-TG17-008,VOL-TG17-002,Medchal-Malkajgiri,biryani,56,27.77,106,83,70,75,72,74,61.61,PARTIAL,,2026-09-19 22:00:00,SYNTHETIC_DEMO
RES-00975,DON-01390,REST-TG18-144,REC-TG18-016,VOL-TG18-010,Mulugu,vegetables,18,16.84,59,79,66,81,53,66,66.02,PARTIAL,,2026-06-17 10:00:00,SYNTHETIC_DEMO
RES-00976,DON-00345,REST-TG19-101,REC-TG19-011,VOL-TG19-006,Nagarkurnool,packaged_food,59,0.96,5,71,56,70,91,67,76.01,PARTIAL,,2026-05-24 22:00:00,SYNTHETIC_DEMO
RES-00977,DON-02504,REST-TG20-041,REC-TG20-013,VOL-TG20-009,Nalgonda,biryani,29,10.53,27,95,97,99,78,73,85.83,RESCUED,,2026-04-05 09:00:00,SYNTHETIC_DEMO
RES-00978,DON-00784,REST-TG21-086,REC-TG21-020,VOL-TG21-006,Narayanpet,rice,91,22.71,56,76,57,83,64,77,61.93,MISSED,volunteer_unavailable,2026-05-20 08:00:00,SYNTHETIC_DEMO
RES-00979,DON-00933,REST-TG22-145,REC-TG22-010,VOL-TG22-009,Nirmal,vegetables,45,24.12,70,81,76,85,85,96,70.02,MISSED,recipient_capacity_full,2026-05-18 06:00:00,SYNTHETIC_DEMO
RES-00980,DON-01426,REST-TG23-071,REC-TG23-013,VOL-TG23-003,Nizamabad,pulao,113,5.37,15,67,69,78,98,75,77.36,EXPIRED,traffic_delay,2026-08-30 00:00:00,SYNTHETIC_DEMO
RES-00981,DON-01669,REST-TG24-064,REC-TG24-002,VOL-TG24-003,Peddapalli,vegetables,70,3.25,7,78,100,76,52,62,81.08,RESCUED,,2026-07-11 09:00:00,SYNTHETIC_DEMO
RES-00982,DON-01355,REST-TG25-108,REC-TG25-015,VOL-TG25-007,Rajanna Sircilla,cooked_meal,91,24.84,69,66,83,95,94,90,69.71,RESCUED,,2026-06-16 06:00:00,SYNTHETIC_DEMO
RES-00983,DON-02251,REST-TG26-111,REC-TG26-020,VOL-TG26-007,Rangareddy,cooked_meal,119,25.84,92,74,83,87,60,92,66.19,RESCUED,,2026-07-17 22:00:00,SYNTHETIC_DEMO
RES-00984,DON-02370,REST-TG27-047,REC-TG27-017,VOL-TG27-003,Sangareddy,biryani,23,8.57,30,84,86,89,76,54,79.23,MISSED,recipient_capacity_full,2026-08-03 16:00:00,SYNTHETIC_DEMO
RES-00985,DON-01583,REST-TG28-109,REC-TG28-005,VOL-TG28-010,Siddipet,fruits,24,9.56,36,88,64,70,91,84,76.57,RESCUED,,2026-04-06 09:00:00,SYNTHETIC_DEMO
RES-00986,DON-00965,REST-TG29-110,REC-TG29-019,VOL-TG29-005,Suryapet,sandwich,31,10.7,32,98,73,66,65,73,75.26,PARTIAL,,2026-08-23 07:00:00,SYNTHETIC_DEMO
RES-00987,DON-01201,REST-TG30-119,REC-TG30-004,VOL-TG30-001,Vikarabad,bread,31,24.51,55,100,54,92,90,78,68.89,RESCUED,,2026-08-25 21:00:00,SYNTHETIC_DEMO
RES-00988,DON-02374,REST-TG31-111,REC-TG31-016,VOL-TG31-002,Wanaparthy,pulao,114,10.06,29,93,66,99,98,100,84.26,RESCUED,,2026-05-04 19:00:00,SYNTHETIC_DEMO
RES-00989,DON-00988,REST-TG32-050,REC-TG32-002,VOL-TG32-004,Warangal,fruits,59,2.77,6,81,64,78,84,63,78.42,RESCUED,,2026-07-23 10:00:00,SYNTHETIC_DEMO
RES-00990,DON-02042,REST-TG33-141,REC-TG33-018,VOL-TG33-002,Yadadri Bhuvanagiri,cooked_meal,115,21.64,55,74,99,79,75,62,69.69,RESCUED,,2026-05-01 05:00:00,SYNTHETIC_DEMO
RES-00991,DON-00224,REST-TG01-070,REC-TG01-004,VOL-TG01-010,Adilabad,vegetables,30,33.8,123,95,65,82,63,53,56.76,MISSED,expired_before_pickup,2026-05-25 04:00:00,SYNTHETIC_DEMO
RES-00992,DON-00799,REST-TG02-034,REC-TG02-009,VOL-TG02-005,Bhadradri Kothagudem,pulao,56,19.18,76,95,45,79,52,65,62.85,RESCUED,,2026-09-20 18:00:00,SYNTHETIC_DEMO
RES-00993,DON-00539,REST-TG03-120,REC-TG03-019,VOL-TG03-007,Hanumakonda,bread,33,5.74,19,77,57,80,73,99,76.9,RESCUED,,2026-04-26 18:00:00,SYNTHETIC_DEMO
RES-00994,DON-00170,REST-TG04-039,REC-TG04-016,VOL-TG04-008,Hyderabad,bakery,13,15.69,57,66,100,66,56,53,67.79,RESCUED,,2026-08-27 19:00:00,SYNTHETIC_DEMO
RES-00995,DON-02425,REST-TG05-119,REC-TG05-003,VOL-TG05-004,Jagtial,dal,24,30.1,83,87,91,93,57,71,65.85,EXPIRED,recipient_capacity_full,2026-06-23 15:00:00,SYNTHETIC_DEMO
RES-00996,DON-00898,REST-TG06-107,REC-TG06-009,VOL-TG06-005,Jangaon,biryani,81,5.12,19,89,97,91,62,98,88.19,MISSED,volunteer_unavailable,2026-04-12 05:00:00,SYNTHETIC_DEMO
RES-00997,DON-01092,REST-TG07-106,REC-TG07-002,VOL-TG07-008,Jayashankar Bhupalpally,rice,74,5.0,16,99,53,69,56,91,76.88,PARTIAL,,2026-09-20 04:00:00,SYNTHETIC_DEMO
RES-00998,DON-01284,REST-TG08-015,REC-TG08-009,VOL-TG08-003,Jogulamba Gadwal,fruits,35,20.36,66,95,59,99,57,99,71.71,EXPIRED,traffic_delay,2026-04-17 12:00:00,SYNTHETIC_DEMO
RES-00999,DON-01034,REST-TG09-124,REC-TG09-017,VOL-TG09-006,Kamareddy,pulao,28,33.51,122,83,47,90,96,59,56.06,RESCUED,,2026-04-19 12:00:00,SYNTHETIC_DEMO
RES-01000,DON-00465,REST-TG10-101,REC-TG10-007,VOL-TG10-004,Karimnagar,rice,101,22.72,67,99,98,81,89,73,76.52,RESCUED,,2026-09-09 20:00:00,SYNTHETIC_DEMO
RES-01001,DON-01269,REST-TG11-132,REC-TG11-009,VOL-TG11-003,Khammam,fruits,99,23.55,76,76,54,82,62,88,61.48,RESCUED,,2026-09-14 02:00:00,SYNTHETIC_DEMO
RES-01002,DON-01540,REST-TG12-031,REC-TG12-018,VOL-TG12-001,Kumuram Bheem,packaged_food,110,26.43,66,85,77,95,68,63,65.87,EXPIRED,recipient_capacity_full,2026-04-13 18:00:00,SYNTHETIC_DEMO
RES-01003,DON-00655,REST-TG13-146,REC-TG13-016,VOL-TG13-002,Mahabubabad,bread,109,4.43,15,89,79,68,54,54,76.44,RESCUED,,2026-07-07 02:00:00,SYNTHETIC_DEMO
RES-01004,DON-02948,REST-TG14-075,REC-TG14-008,VOL-TG14-008,Mahabubnagar,bakery,54,14.29,44,84,80,72,75,92,75.09,RESCUED,,2026-07-19 19:00:00,SYNTHETIC_DEMO
RES-01005,DON-01218,REST-TG15-148,REC-TG15-020,VOL-TG15-001,Mancherial,fruits,31,13.71,36,84,61,98,61,89,73.91,MISSED,expired_before_pickup,2026-04-04 22:00:00,SYNTHETIC_DEMO
RES-01006,DON-02703,REST-TG16-086,REC-TG16-012,VOL-TG16-004,Medak,packaged_food,14,14.04,46,77,60,74,97,75,70.67,RESCUED,,2026-08-16 13:00:00,SYNTHETIC_DEMO
RES-01007,DON-02456,REST-TG17-014,REC-TG17-001,VOL-TG17-009,Medchal-Malkajgiri,sandwich,67,31.28,119,74,85,93,73,56,61.31,PARTIAL,,2026-05-26 16:00:00,SYNTHETIC_DEMO
RES-01008,DON-00416,REST-TG18-149,REC-TG18-013,VOL-TG18-005,Mulugu,biryani,32,17.14,59,80,66,96,70,59,69.26,MISSED,traffic_delay,2026-04-29 04:00:00,SYNTHETIC_DEMO
RES-01009,DON-00393,REST-TG19-013,REC-TG19-014,VOL-TG19-007,Nagarkurnool,fruits,60,7.45,22,78,99,74,92,56,80.98,PARTIAL,,2026-08-07 14:00:00,SYNTHETIC_DEMO
RES-01010,DON-02528,REST-TG20-057,REC-TG20-003,VOL-TG20-010,Nalgonda,bread,27,17.64,58,95,56,61,92,78,68.75,MISSED,recipient_capacity_full,2026-09-22 07:00:00,SYNTHETIC_DEMO
RES-01011,DON-00501,REST-TG21-134,REC-TG21-010,VOL-TG21-001,Narayanpet,cooked_meal,70,21.3,47,92,97,66,83,56,71.39,PARTIAL,,2026-06-24 01:00:00,SYNTHETIC_DEMO
RES-01012,DON-00418,REST-TG22-139,REC-TG22-007,VOL-TG22-003,Nirmal,fruits,57,25.65,99,86,56,63,56,51,55.23,RESCUED,,2026-09-24 09:00:00,SYNTHETIC_DEMO
RES-01013,DON-02311,REST-TG23-114,REC-TG23-001,VOL-TG23-006,Nizamabad,sandwich,27,33.52,83,89,87,60,68,88,60.86,MISSED,traffic_delay,2026-06-29 17:00:00,SYNTHETIC_DEMO
RES-01014,DON-00981,REST-TG24-133,REC-TG24-013,VOL-TG24-006,Peddapalli,packaged_food,98,25.61,62,79,59,96,81,75,64.31,PARTIAL,,2026-07-15 15:00:00,SYNTHETIC_DEMO
RES-01015,DON-00854,REST-TG25-007,REC-TG25-002,VOL-TG25-001,Rajanna Sircilla,sandwich,112,23.53,56,66,60,66,78,96,60.69,RESCUED,,2026-05-17 16:00:00,SYNTHETIC_DEMO
RES-01016,DON-00502,REST-TG26-112,REC-TG26-015,VOL-TG26-009,Rangareddy,vegetables,102,29.4,115,79,84,79,76,55,61.55,RESCUED,,2026-04-17 21:00:00,SYNTHETIC_DEMO
RES-01017,DON-01361,REST-TG27-031,REC-TG27-005,VOL-TG27-008,Sangareddy,roti,29,27.23,80,68,66,74,65,68,56.75,RESCUED,,2026-06-15 11:00:00,SYNTHETIC_DEMO
RES-01018,DON-02813,REST-TG28-009,REC-TG28-007,VOL-TG28-006,Siddipet,fruits,38,3.4,7,87,71,81,61,95,81.92,RESCUED,,2026-08-04 19:00:00,SYNTHETIC_DEMO
RES-01019,DON-01298,REST-TG29-068,REC-TG29-014,VOL-TG29-007,Suryapet,bakery,107,5.79,11,68,46,93,55,59,69.01,MISSED,traffic_delay,2026-08-17 20:00:00,SYNTHETIC_DEMO
RES-01020,DON-01622,REST-TG30-051,REC-TG30-010,VOL-TG30-008,Vikarabad,sandwich,89,26.28,90,96,54,95,55,56,61.58,PARTIAL,,2026-08-13 19:00:00,SYNTHETIC_DEMO
RES-01021,DON-01781,REST-TG31-084,REC-TG31-003,VOL-TG31-006,Wanaparthy,biryani,44,34.09,99,69,72,69,52,56,50.0,MISSED,expired_before_pickup,2026-07-07 08:00:00,SYNTHETIC_DEMO
RES-01022,DON-00338,REST-TG32-105,REC-TG32-011,VOL-TG32-005,Warangal,packaged_food,96,7.11,23,87,57,90,59,75,75.62,PARTIAL,,2026-06-28 13:00:00,SYNTHETIC_DEMO
RES-01023,DON-00368,REST-TG33-020,REC-TG33-001,VOL-TG33-003,Yadadri Bhuvanagiri,bread,115,22.07,69,87,90,82,50,99,71.84,PARTIAL,,2026-05-02 08:00:00,SYNTHETIC_DEMO
RES-01024,DON-02446,REST-TG01-126,REC-TG01-007,VOL-TG01-005,Adilabad,sandwich,110,11.23,25,74,76,81,93,97,78.13,RESCUED,,2026-05-08 12:00:00,SYNTHETIC_DEMO
RES-01025,DON-00756,REST-TG02-058,REC-TG02-005,VOL-TG02-010,Bhadradri Kothagudem,cooked_meal,94,6.83,25,81,55,72,75,78,73.42,RESCUED,,2026-08-03 19:00:00,SYNTHETIC_DEMO
RES-01026,DON-01474,REST-TG03-121,REC-TG03-016,VOL-TG03-001,Hanumakonda,pulao,41,32.79,89,66,54,89,92,52,53.33,RESCUED,,2026-08-15 00:00:00,SYNTHETIC_DEMO
RES-01027,DON-01690,REST-TG04-069,REC-TG04-004,VOL-TG04-002,Hyderabad,rice,19,11.63,28,69,51,78,50,78,65.19,MISSED,recipient_capacity_full,2026-08-05 17:00:00,SYNTHETIC_DEMO
RES-01028,DON-01324,REST-TG05-113,REC-TG05-015,VOL-TG05-007,Jagtial,bread,115,16.53,36,77,46,100,55,63,64.59,RESCUED,,2026-09-11 01:00:00,SYNTHETIC_DEMO
RES-01029,DON-01639,REST-TG06-038,REC-TG06-015,VOL-TG06-006,Jangaon,cooked_meal,56,19.66,72,78,53,75,79,95,65.81,PARTIAL,,2026-04-16 12:00:00,SYNTHETIC_DEMO
RES-01030,DON-00662,REST-TG07-030,REC-TG07-020,VOL-TG07-005,Jayashankar Bhupalpally,dal,19,11.88,36,72,62,99,62,67,71.06,EXPIRED,recipient_capacity_full,2026-09-06 23:00:00,SYNTHETIC_DEMO
RES-01031,DON-01539,REST-TG08-146,REC-TG08-014,VOL-TG08-006,Jogulamba Gadwal,pulao,41,15.12,58,88,48,79,88,75,69.55,PARTIAL,,2026-05-12 14:00:00,SYNTHETIC_DEMO
RES-01032,DON-01291,REST-TG09-090,REC-TG09-003,VOL-TG09-001,Kamareddy,bakery,25,34.51,131,65,61,72,67,72,50.25,MISSED,traffic_delay,2026-09-10 02:00:00,SYNTHETIC_DEMO
RES-01033,DON-01823,REST-TG10-141,REC-TG10-009,VOL-TG10-003,Karimnagar,dal,30,11.16,43,71,80,87,84,52,73.88,RESCUED,,2026-04-19 00:00:00,SYNTHETIC_DEMO
RES-01034,DON-02256,REST-TG11-113,REC-TG11-004,VOL-TG11-009,Khammam,biryani,27,34.31,72,67,65,90,52,96,55.19,MISSED,traffic_delay,2026-08-31 05:00:00,SYNTHETIC_DEMO
RES-01035,DON-00421,REST-TG12-107,REC-TG12-019,VOL-TG12-001,Kumuram Bheem,biryani,80,2.79,5,99,76,81,53,94,84.86,RESCUED,,2026-09-13 14:00:00,SYNTHETIC_DEMO
RES-01036,DON-01210,REST-TG13-121,REC-TG13-019,VOL-TG13-009,Mahabubabad,fruits,50,19.11,56,67,85,85,77,89,71.1,PARTIAL,,2026-09-01 23:00:00,SYNTHETIC_DEMO
RES-01037,DON-02175,REST-TG14-080,REC-TG14-009,VOL-TG14-009,Mahabubnagar,roti,45,28.17,87,89,83,95,53,73,66.13,RESCUED,,2026-05-01 09:00:00,SYNTHETIC_DEMO
RES-01038,DON-00094,REST-TG15-018,REC-TG15-018,VOL-TG15-004,Mancherial,rice,13,26.78,95,89,91,83,62,85,69.02,RESCUED,,2026-09-17 14:00:00,SYNTHETIC_DEMO
RES-01039,DON-01844,REST-TG16-146,REC-TG16-009,VOL-TG16-003,Medak,rice,37,28.23,68,97,72,76,84,83,66.74,MISSED,expired_before_pickup,2026-04-25 01:00:00,SYNTHETIC_DEMO
RES-01040,DON-02304,REST-TG17-143,REC-TG17-003,VOL-TG17-005,Medchal-Malkajgiri,dal,11,27.66,62,68,63,79,55,80,56.79,RESCUED,,2026-04-24 23:00:00,SYNTHETIC_DEMO
RES-01041,DON-02426,REST-TG18-076,REC-TG18-020,VOL-TG18-007,Mulugu,sandwich,74,32.85,123,93,76,91,89,79,65.79,RESCUED,,2026-08-12 15:00:00,SYNTHETIC_DEMO
RES-01042,DON-00805,REST-TG19-145,REC-TG19-009,VOL-TG19-003,Nagarkurnool,roti,27,28.0,111,73,54,68,65,99,57.0,PARTIAL,,2026-04-05 07:00:00,SYNTHETIC_DEMO
RES-01043,DON-01159,REST-TG20-133,REC-TG20-001,VOL-TG20-002,Nalgonda,rice,69,33.29,122,85,96,95,76,94,68.67,MISSED,traffic_delay,2026-08-16 03:00:00,SYNTHETIC_DEMO
RES-01044,DON-02092,REST-TG21-034,REC-TG21-020,VOL-TG21-001,Narayanpet,roti,85,2.6,6,92,77,72,57,76,81.04,RESCUED,,2026-05-26 11:00:00,SYNTHETIC_DEMO
RES-01045,DON-02110,REST-TG22-033,REC-TG22-001,VOL-TG22-007,Nirmal,sandwich,80,25.26,85,84,100,73,87,58,69.21,RESCUED,,2026-07-05 13:00:00,SYNTHETIC_DEMO
RES-01046,DON-02855,REST-TG23-029,REC-TG23-004,VOL-TG23-004,Nizamabad,pulao,34,6.15,24,90,73,98,96,55,83.01,PARTIAL,,2026-06-03 02:00:00,SYNTHETIC_DEMO
RES-01047,DON-00115,REST-TG24-031,REC-TG24-004,VOL-TG24-001,Peddapalli,bakery,106,31.24,86,85,55,86,68,51,55.49,PARTIAL,,2026-08-02 03:00:00,SYNTHETIC_DEMO
RES-01048,DON-00495,REST-TG25-100,REC-TG25-015,VOL-TG25-004,Rajanna Sircilla,vegetables,52,32.82,68,92,81,100,83,97,69.16,RESCUED,,2026-09-16 11:00:00,SYNTHETIC_DEMO
RES-01049,DON-01795,REST-TG26-023,REC-TG26-001,VOL-TG26-007,Rangareddy,biryani,90,33.37,78,79,83,67,57,100,59.31,RESCUED,,2026-04-29 20:00:00,SYNTHETIC_DEMO
RES-01050,DON-00367,REST-TG27-050,REC-TG27-004,VOL-TG27-001,Sangareddy,pulao,12,33.34,117,71,54,87,60,77,52.94,PARTIAL,,2026-04-28 23:00:00,SYNTHETIC_DEMO
RES-01051,DON-01111,REST-TG28-054,REC-TG28-013,VOL-TG28-006,Siddipet,biryani,33,18.66,61,67,87,91,99,60,72.02,EXPIRED,recipient_capacity_full,2026-04-04 03:00:00,SYNTHETIC_DEMO
RES-01052,DON-00225,REST-TG29-123,REC-TG29-007,VOL-TG29-007,Suryapet,pulao,56,9.26,31,84,71,80,71,100,78.49,EXPIRED,volunteer_unavailable,2026-06-05 01:00:00,SYNTHETIC_DEMO
RES-01053,DON-01254,REST-TG30-037,REC-TG30-011,VOL-TG30-004,Vikarabad,cooked_meal,47,21.45,71,73,50,64,63,55,55.68,RESCUED,,2026-09-22 15:00:00,SYNTHETIC_DEMO
RES-01054,DON-01387,REST-TG31-143,REC-TG31-010,VOL-TG31-002,Wanaparthy,bakery,105,21.24,60,94,56,100,71,56,67.53,RESCUED,,2026-03-31 18:00:00,SYNTHETIC_DEMO
RES-01055,DON-00594,REST-TG32-100,REC-TG32-015,VOL-TG32-001,Warangal,vegetables,51,28.51,107,67,90,83,80,97,66.19,RESCUED,,2026-04-30 12:00:00,SYNTHETIC_DEMO
RES-01056,DON-02048,REST-TG33-114,REC-TG33-015,VOL-TG33-002,Yadadri Bhuvanagiri,cooked_meal,16,20.61,51,98,94,67,50,79,71.63,EXPIRED,expired_before_pickup,2026-04-06 12:00:00,SYNTHETIC_DEMO
RES-01057,DON-01489,REST-TG01-008,REC-TG01-008,VOL-TG01-008,Adilabad,sandwich,14,34.1,96,67,50,74,60,83,49.44,EXPIRED,volunteer_unavailable,2026-07-24 08:00:00,SYNTHETIC_DEMO
RES-01058,DON-02514,REST-TG02-033,REC-TG02-003,VOL-TG02-010,Bhadradri Kothagudem,packaged_food,59,28.99,87,88,83,73,79,86,65.94,PARTIAL,,2026-06-14 10:00:00,SYNTHETIC_DEMO
RES-01059,DON-01636,REST-TG03-100,REC-TG03-007,VOL-TG03-004,Hanumakonda,biryani,21,28.38,97,85,70,87,51,92,63.08,RESCUED,,2026-04-19 20:00:00,SYNTHETIC_DEMO
RES-01060,DON-01912,REST-TG04-032,REC-TG04-019,VOL-TG04-006,Hyderabad,pulao,113,6.0,15,81,73,90,55,96,80.11,RESCUED,,2026-08-08 03:00:00,SYNTHETIC_DEMO
RES-01061,DON-00139,REST-TG05-112,REC-TG05-007,VOL-TG05-007,Jagtial,bread,11,25.39,60,97,80,78,57,93,68.96,EXPIRED,expired_before_pickup,2026-04-27 16:00:00,SYNTHETIC_DEMO
RES-01062,DON-02127,REST-TG06-013,REC-TG06-016,VOL-TG06-003,Jangaon,bread,73,19.0,67,70,94,85,97,91,75.78,RESCUED,,2026-07-18 17:00:00,SYNTHETIC_DEMO
RES-01063,DON-00453,REST-TG07-084,REC-TG07-008,VOL-TG07-007,Jayashankar Bhupalpally,roti,96,20.81,70,83,98,82,80,86,75.24,RESCUED,,2026-08-17 01:00:00,SYNTHETIC_DEMO
RES-01064,DON-01455,REST-TG08-036,REC-TG08-019,VOL-TG08-006,Jogulamba Gadwal,roti,66,26.25,62,70,84,78,94,86,66.75,RESCUED,,2026-06-27 04:00:00,SYNTHETIC_DEMO
RES-01065,DON-00754,REST-TG09-042,REC-TG09-008,VOL-TG09-003,Kamareddy,biryani,15,10.71,26,99,50,87,88,79,76.9,MISSED,traffic_delay,2026-06-19 00:00:00,SYNTHETIC_DEMO
RES-01066,DON-01521,REST-TG10-070,REC-TG10-010,VOL-TG10-007,Karimnagar,bread,96,32.4,118,66,73,65,74,95,56.31,RESCUED,,2026-08-14 00:00:00,SYNTHETIC_DEMO
RES-01067,DON-00445,REST-TG11-139,REC-TG11-002,VOL-TG11-007,Khammam,bakery,55,32.24,118,70,49,80,96,61,53.47,RESCUED,,2026-05-20 22:00:00,SYNTHETIC_DEMO
RES-01068,DON-02260,REST-TG12-071,REC-TG12-017,VOL-TG12-005,Kumuram Bheem,dal,37,20.0,73,99,91,76,71,79,75.11,EXPIRED,volunteer_unavailable,2026-04-29 03:00:00,SYNTHETIC_DEMO
RES-01069,DON-01178,REST-TG13-098,REC-TG13-008,VOL-TG13-009,Mahabubabad,cooked_meal,14,15.49,51,87,87,95,68,60,75.79,EXPIRED,volunteer_unavailable,2026-07-12 14:00:00,SYNTHETIC_DEMO
RES-01070,DON-00424,REST-TG14-020,REC-TG14-016,VOL-TG14-007,Mahabubnagar,fruits,63,9.39,34,83,98,73,61,63,77.84,RESCUED,,2026-06-27 18:00:00,SYNTHETIC_DEMO
RES-01071,DON-00049,REST-TG15-095,REC-TG15-001,VOL-TG15-001,Mancherial,cooked_meal,96,27.41,97,93,73,72,94,91,67.92,EXPIRED,recipient_capacity_full,2026-04-17 17:00:00,SYNTHETIC_DEMO
RES-01072,DON-02628,REST-TG16-148,REC-TG16-003,VOL-TG16-006,Medak,cooked_meal,47,24.72,67,85,84,80,76,90,69.74,RESCUED,,2026-07-19 17:00:00,SYNTHETIC_DEMO
RES-01073,DON-02094,REST-TG17-102,REC-TG17-011,VOL-TG17-005,Medchal-Malkajgiri,dal,52,27.23,54,79,63,91,55,77,60.8,RESCUED,,2026-07-08 22:00:00,SYNTHETIC_DEMO
RES-01074,DON-02170,REST-TG18-087,REC-TG18-004,VOL-TG18-010,Mulugu,packaged_food,56,22.53,65,77,87,72,99,96,72.01,PARTIAL,,2026-08-10 16:00:00,SYNTHETIC_DEMO
RES-01075,DON-00907,REST-TG19-141,REC-TG19-002,VOL-TG19-004,Nagarkurnool,biryani,112,8.16,18,80,84,76,59,78,77.07,PARTIAL,,2026-08-12 03:00:00,SYNTHETIC_DEMO
RES-01076,DON-02224,REST-TG20-012,REC-TG20-014,VOL-TG20-010,Nalgonda,packaged_food,38,10.38,31,86,86,79,95,63,79.64,EXPIRED,volunteer_unavailable,2026-04-22 01:00:00,SYNTHETIC_DEMO
RES-01077,DON-01067,REST-TG21-140,REC-TG21-018,VOL-TG21-003,Narayanpet,sandwich,60,20.96,82,90,69,76,83,53,66.83,RESCUED,,2026-04-28 21:00:00,SYNTHETIC_DEMO
RES-01078,DON-02678,REST-TG22-024,REC-TG22-009,VOL-TG22-009,Nirmal,packaged_food,46,25.69,88,75,86,72,87,98,68.15,RESCUED,,2026-06-27 06:00:00,SYNTHETIC_DEMO
RES-01079,DON-00132,REST-TG23-017,REC-TG23-006,VOL-TG23-003,Nizamabad,rice,109,5.12,15,87,68,63,83,95,79.59,PARTIAL,,2026-05-15 14:00:00,SYNTHETIC_DEMO
RES-01080,DON-00391,REST-TG24-102,REC-TG24-006,VOL-TG24-003,Peddapalli,roti,83,30.56,62,91,96,88,93,81,71.17,RESCUED,,2026-07-06 13:00:00,SYNTHETIC_DEMO
RES-01081,DON-02263,REST-TG25-073,REC-TG25-005,VOL-TG25-010,Rajanna Sircilla,packaged_food,22,17.29,35,82,68,65,86,55,66.5,MISSED,recipient_capacity_full,2026-08-27 18:00:00,SYNTHETIC_DEMO
RES-01082,DON-01329,REST-TG26-044,REC-TG26-007,VOL-TG26-007,Rangareddy,sandwich,57,28.26,99,74,84,91,96,94,69.06,MISSED,volunteer_unavailable,2026-05-17 20:00:00,SYNTHETIC_DEMO
RES-01083,DON-02584,REST-TG27-006,REC-TG27-010,VOL-TG27-010,Sangareddy,packaged_food,18,5.51,15,91,71,77,54,53,75.71,EXPIRED,volunteer_unavailable,2026-04-24 01:00:00,SYNTHETIC_DEMO
RES-01084,DON-00442,REST-TG28-044,REC-TG28-005,VOL-TG28-007,Siddipet,packaged_food,25,7.43,18,84,77,74,81,90,80.09,PARTIAL,,2026-06-06 21:00:00,SYNTHETIC_DEMO
RES-01085,DON-00824,REST-TG29-058,REC-TG29-020,VOL-TG29-008,Suryapet,sandwich,23,2.78,8,80,59,69,58,81,75.06,PARTIAL,,2026-06-14 23:00:00,SYNTHETIC_DEMO
RES-01086,DON-00544,REST-TG30-062,REC-TG30-016,VOL-TG30-002,Vikarabad,packaged_food,49,34.77,123,95,73,84,96,94,65.36,MISSED,recipient_capacity_full,2026-04-12 12:00:00,SYNTHETIC_DEMO
RES-01087,DON-02515,REST-TG31-028,REC-TG31-019,VOL-TG31-006,Wanaparthy,vegetables,36,25.04,85,69,95,72,85,83,67.51,RESCUED,,2026-09-23 16:00:00,SYNTHETIC_DEMO
RES-01088,DON-01022,REST-TG32-030,REC-TG32-019,VOL-TG32-005,Warangal,biryani,81,29.6,76,85,96,83,88,86,69.91,EXPIRED,expired_before_pickup,2026-05-11 00:00:00,SYNTHETIC_DEMO
RES-01089,DON-00397,REST-TG33-001,REC-TG33-020,VOL-TG33-001,Yadadri Bhuvanagiri,packaged_food,80,31.27,77,97,62,77,52,86,59.81,RESCUED,,2026-04-28 22:00:00,SYNTHETIC_DEMO
RES-01090,DON-02215,REST-TG01-125,REC-TG01-003,VOL-TG01-006,Adilabad,sandwich,112,6.8,19,97,45,86,66,91,77.14,RESCUED,,2026-08-03 21:00:00,SYNTHETIC_DEMO
RES-01091,DON-02593,REST-TG02-131,REC-TG02-004,VOL-TG02-005,Bhadradri Kothagudem,cooked_meal,81,34.8,80,79,93,64,94,70,60.54,MISSED,volunteer_unavailable,2026-03-29 17:00:00,SYNTHETIC_DEMO
RES-01092,DON-00679,REST-TG03-078,REC-TG03-010,VOL-TG03-003,Hanumakonda,dal,59,6.01,21,70,92,84,76,74,80.71,RESCUED,,2026-07-17 14:00:00,SYNTHETIC_DEMO
RES-01093,DON-01790,REST-TG04-061,REC-TG04-016,VOL-TG04-008,Hyderabad,bakery,13,2.57,5,78,52,87,52,60,73.41,RESCUED,,2026-04-06 00:00:00,SYNTHETIC_DEMO
RES-01094,DON-00832,REST-TG05-029,REC-TG05-002,VOL-TG05-008,Jagtial,packaged_food,105,32.58,102,77,91,67,74,67,59.48,RESCUED,,2026-09-19 21:00:00,SYNTHETIC_DEMO
RES-01095,DON-02845,REST-TG06-007,REC-TG06-009,VOL-TG06-004,Jangaon,sandwich,86,17.59,51,69,46,89,54,65,60.69,EXPIRED,traffic_delay,2026-07-11 02:00:00,SYNTHETIC_DEMO
RES-01096,DON-01585,REST-TG07-121,REC-TG07-018,VOL-TG07-007,Jayashankar Bhupalpally,bakery,75,1.82,6,100,91,65,87,60,86.35,RESCUED,,2026-08-04 05:00:00,SYNTHETIC_DEMO
RES-01097,DON-01335,REST-TG08-016,REC-TG08-013,VOL-TG08-005,Jogulamba Gadwal,fruits,104,3.94,14,79,86,97,74,84,85.54,RESCUED,,2026-09-15 22:00:00,SYNTHETIC_DEMO
RES-01098,DON-02271,REST-TG09-037,REC-TG09-019,VOL-TG09-005,Kamareddy,pulao,59,23.23,85,79,61,74,67,91,63.31,RESCUED,,2026-09-18 02:00:00,SYNTHETIC_DEMO
RES-01099,DON-02696,REST-TG10-030,REC-TG10-005,VOL-TG10-002,Karimnagar,bakery,77,27.23,99,80,99,63,64,80,65.2,EXPIRED,volunteer_unavailable,2026-05-17 23:00:00,SYNTHETIC_DEMO
RES-01100,DON-02422,REST-TG11-003,REC-TG11-016,VOL-TG11-008,Khammam,rice,49,19.97,42,72,88,90,56,69,68.74,MISSED,traffic_delay,2026-05-29 12:00:00,SYNTHETIC_DEMO
RES-01101,DON-00394,REST-TG12-011,REC-TG12-019,VOL-TG12-006,Kumuram Bheem,fruits,19,19.12,49,71,57,60,84,86,62.94,RESCUED,,2026-09-24 10:00:00,SYNTHETIC_DEMO
RES-01102,DON-02508,REST-TG13-110,REC-TG13-002,VOL-TG13-008,Mahabubabad,packaged_food,103,5.25,19,99,74,73,50,78,79.6,EXPIRED,traffic_delay,2026-04-22 15:00:00,SYNTHETIC_DEMO
RES-01103,DON-00327,REST-TG14-146,REC-TG14-003,VOL-TG14-008,Mahabubnagar,biryani,101,6.21,12,73,53,69,81,97,73.91,EXPIRED,volunteer_unavailable,2026-04-20 19:00:00,SYNTHETIC_DEMO
RES-01104,DON-01237,REST-TG15-144,REC-TG15-006,VOL-TG15-004,Mancherial,roti,67,8.54,28,84,52,65,71,92,72.15,RESCUED,,2026-09-05 03:00:00,SYNTHETIC_DEMO
RES-01105,DON-01312,REST-TG16-149,REC-TG16-018,VOL-TG16-005,Medak,cooked_meal,26,33.3,107,100,52,89,79,51,57.96,EXPIRED,volunteer_unavailable,2026-08-03 00:00:00,SYNTHETIC_DEMO
RES-01106,DON-01166,REST-TG17-029,REC-TG17-020,VOL-TG17-003,Medchal-Malkajgiri,sandwich,28,23.86,81,67,48,86,61,72,57.16,MISSED,traffic_delay,2026-05-12 11:00:00,SYNTHETIC_DEMO
RES-01107,DON-02608,REST-TG18-018,REC-TG18-013,VOL-TG18-004,Mulugu,vegetables,88,11.06,33,65,87,60,58,98,72.1,RESCUED,,2026-08-29 00:00:00,SYNTHETIC_DEMO
RES-01108,DON-00969,REST-TG19-012,REC-TG19-011,VOL-TG19-002,Nagarkurnool,rice,45,8.9,29,84,48,65,62,86,69.59,RESCUED,,2026-08-10 07:00:00,SYNTHETIC_DEMO
RES-01109,DON-01573,REST-TG20-105,REC-TG20-007,VOL-TG20-007,Nalgonda,roti,74,16.42,65,81,60,73,76,54,65.42,EXPIRED,traffic_delay,2026-05-24 12:00:00,SYNTHETIC_DEMO
RES-01110,DON-01642,REST-TG21-060,REC-TG21-015,VOL-TG21-006,Narayanpet,bakery,89,23.46,55,90,67,69,75,51,62.59,PARTIAL,,2026-09-03 20:00:00,SYNTHETIC_DEMO
RES-01111,DON-02529,REST-TG22-020,REC-TG22-015,VOL-TG22-003,Nirmal,cooked_meal,55,21.36,79,66,72,87,71,60,63.49,RESCUED,,2026-09-07 14:00:00,SYNTHETIC_DEMO
RES-01112,DON-01590,REST-TG23-071,REC-TG23-020,VOL-TG23-002,Nizamabad,dal,22,8.16,27,89,49,65,58,91,71.42,RESCUED,,2026-04-01 19:00:00,SYNTHETIC_DEMO
RES-01113,DON-00081,REST-TG24-041,REC-TG24-018,VOL-TG24-006,Peddapalli,bakery,67,14.83,41,67,62,97,68,75,69.06,RESCUED,,2026-05-01 11:00:00,SYNTHETIC_DEMO
RES-01114,DON-02566,REST-TG25-072,REC-TG25-016,VOL-TG25-007,Rajanna Sircilla,bread,70,29.26,58,97,57,91,95,79,65.95,RESCUED,,2026-08-20 08:00:00,SYNTHETIC_DEMO
RES-01115,DON-01997,REST-TG26-061,REC-TG26-018,VOL-TG26-001,Rangareddy,bakery,19,7.79,17,88,54,70,57,96,73.64,PARTIAL,,2026-05-22 10:00:00,SYNTHETIC_DEMO
RES-01116,DON-02155,REST-TG27-011,REC-TG27-017,VOL-TG27-010,Sangareddy,packaged_food,77,6.01,15,77,77,78,59,77,76.81,RESCUED,,2026-07-07 20:00:00,SYNTHETIC_DEMO
RES-01117,DON-00513,REST-TG28-060,REC-TG28-006,VOL-TG28-008,Siddipet,pulao,22,31.18,99,84,59,76,74,51,55.23,RESCUED,,2026-08-10 05:00:00,SYNTHETIC_DEMO
RES-01118,DON-01833,REST-TG29-092,REC-TG29-015,VOL-TG29-008,Suryapet,cooked_meal,55,13.47,28,96,100,97,75,84,85.03,RESCUED,,2026-06-29 21:00:00,SYNTHETIC_DEMO
RES-01119,DON-01176,REST-TG30-134,REC-TG30-011,VOL-TG30-010,Vikarabad,rice,24,24.73,61,88,78,68,82,76,66.54,MISSED,traffic_delay,2026-05-01 20:00:00,SYNTHETIC_DEMO
RES-01120,DON-00173,REST-TG31-102,REC-TG31-004,VOL-TG31-002,Wanaparthy,pulao,35,13.42,51,89,50,95,68,89,73.16,RESCUED,,2026-04-02 00:00:00,SYNTHETIC_DEMO
RES-01121,DON-02907,REST-TG32-109,REC-TG32-006,VOL-TG32-005,Warangal,packaged_food,55,10.21,32,74,86,63,62,80,73.36,RESCUED,,2026-06-22 13:00:00,SYNTHETIC_DEMO
RES-01122,DON-02776,REST-TG33-114,REC-TG33-003,VOL-TG33-003,Yadadri Bhuvanagiri,pulao,18,14.85,46,75,92,91,87,77,77.84,EXPIRED,recipient_capacity_full,2026-06-01 23:00:00,SYNTHETIC_DEMO
RES-01123,DON-00265,REST-TG01-009,REC-TG01-008,VOL-TG01-004,Adilabad,pulao,64,3.31,8,71,69,79,97,74,79.59,MISSED,volunteer_unavailable,2026-04-24 12:00:00,SYNTHETIC_DEMO
RES-01124,DON-00270,REST-TG02-079,REC-TG02-005,VOL-TG02-004,Bhadradri Kothagudem,dal,61,8.11,17,92,90,65,71,75,79.96,PARTIAL,,2026-07-15 08:00:00,SYNTHETIC_DEMO
RES-01125,DON-02118,REST-TG03-020,REC-TG03-010,VOL-TG03-005,Hanumakonda,roti,98,26.63,67,100,60,60,95,76,64.08,RESCUED,,2026-05-10 02:00:00,SYNTHETIC_DEMO
RES-01126,DON-02513,REST-TG04-096,REC-TG04-009,VOL-TG04-002,Hyderabad,biryani,54,1.35,5,83,86,80,85,62,84.54,EXPIRED,expired_before_pickup,2026-04-07 18:00:00,SYNTHETIC_DEMO
RES-01127,DON-01804,REST-TG05-104,REC-TG05-005,VOL-TG05-007,Jagtial,packaged_food,11,7.46,22,70,83,97,72,63,78.32,RESCUED,,2026-07-18 03:00:00,SYNTHETIC_DEMO
RES-01128,DON-00894,REST-TG06-150,REC-TG06-010,VOL-TG06-004,Jangaon,pulao,76,22.87,55,82,98,100,58,74,72.86,MISSED,traffic_delay,2026-09-05 09:00:00,SYNTHETIC_DEMO
RES-01129,DON-02480,REST-TG07-122,REC-TG07-007,VOL-TG07-005,Jayashankar Bhupalpally,dal,24,34.57,136,87,98,76,82,91,66.01,EXPIRED,traffic_delay,2026-05-06 09:00:00,SYNTHETIC_DEMO
RES-01130,DON-02883,REST-TG08-075,REC-TG08-006,VOL-TG08-005,Jogulamba Gadwal,vegetables,52,30.34,91,100,66,96,98,87,69.43,RESCUED,,2026-05-27 06:00:00,SYNTHETIC_DEMO
RES-01131,DON-00306,REST-TG09-100,REC-TG09-016,VOL-TG09-006,Kamareddy,rice,85,9.32,36,82,90,73,92,77,80.59,PARTIAL,,2026-06-04 12:00:00,SYNTHETIC_DEMO
RES-01132,DON-01502,REST-TG10-133,REC-TG10-001,VOL-TG10-001,Karimnagar,fruits,14,9.02,35,69,96,66,71,57,74.26,EXPIRED,recipient_capacity_full,2026-05-20 21:00:00,SYNTHETIC_DEMO
RES-01133,DON-00208,REST-TG11-119,REC-TG11-005,VOL-TG11-009,Khammam,dal,59,9.23,27,93,67,82,57,72,75.61,MISSED,traffic_delay,2026-07-17 18:00:00,SYNTHETIC_DEMO
RES-01134,DON-02019,REST-TG12-007,REC-TG12-009,VOL-TG12-003,Kumuram Bheem,dal,62,22.45,87,79,100,70,98,57,70.76,PARTIAL,,2026-09-07 08:00:00,SYNTHETIC_DEMO
RES-01135,DON-01123,REST-TG13-059,REC-TG13-009,VOL-TG13-001,Mahabubabad,packaged_food,69,1.97,5,72,66,77,79,75,78.14,EXPIRED,volunteer_unavailable,2026-07-22 20:00:00,SYNTHETIC_DEMO
RES-01136,DON-01666,REST-TG14-020,REC-TG14-004,VOL-TG14-005,Mahabubnagar,bakery,21,15.5,40,97,86,89,91,75,80.48,EXPIRED,traffic_delay,2026-06-05 14:00:00,SYNTHETIC_DEMO
RES-01137,DON-01596,REST-TG15-145,REC-TG15-017,VOL-TG15-007,Mancherial,bakery,112,9.12,20,95,78,74,79,58,77.89,RESCUED,,2026-09-02 01:00:00,SYNTHETIC_DEMO
RES-01138,DON-00004,REST-TG16-131,REC-TG16-013,VOL-TG16-009,Medak,bread,21,19.63,55,98,68,85,52,58,67.93,RESCUED,,2026-07-28 08:00:00,SYNTHETIC_DEMO
RES-01139,DON-00339,REST-TG17-108,REC-TG17-014,VOL-TG17-009,Medchal-Malkajgiri,fruits,14,4.2,13,99,58,100,88,56,82.8,RESCUED,,2026-03-29 12:00:00,SYNTHETIC_DEMO
RES-01140,DON-01487,REST-TG18-140,REC-TG18-004,VOL-TG18-006,Mulugu,dal,98,32.18,98,84,60,100,78,96,63.21,RESCUED,,2026-05-12 18:00:00,SYNTHETIC_DEMO
RES-01141,DON-01518,REST-TG19-144,REC-TG19-020,VOL-TG19-004,Nagarkurnool,bakery,105,10.59,31,77,94,74,69,70,76.64,RESCUED,,2026-06-14 04:00:00,SYNTHETIC_DEMO
RES-01142,DON-00060,REST-TG20-099,REC-TG20-011,VOL-TG20-004,Nalgonda,pulao,40,27.86,90,92,51,99,53,55,59.35,RESCUED,,2026-04-19 19:00:00,SYNTHETIC_DEMO
RES-01143,DON-00397,REST-TG21-145,REC-TG21-011,VOL-TG21-006,Narayanpet,cooked_meal,84,33.37,74,93,81,68,96,86,64.36,PARTIAL,,2026-04-27 14:00:00,SYNTHETIC_DEMO
RES-01144,DON-00521,REST-TG22-116,REC-TG22-002,VOL-TG22-001,Nirmal,bakery,55,7.55,23,74,79,97,56,62,76.56,RESCUED,,2026-05-22 05:00:00,SYNTHETIC_DEMO
RES-01145,DON-01863,REST-TG23-139,REC-TG23-020,VOL-TG23-009,Nizamabad,packaged_food,33,6.73,20,92,46,89,71,75,75.74,RESCUED,,2026-07-21 07:00:00,SYNTHETIC_DEMO
RES-01146,DON-01913,REST-TG24-128,REC-TG24-014,VOL-TG24-009,Peddapalli,vegetables,55,9.3,19,98,86,87,79,62,82.31,PARTIAL,,2026-05-07 18:00:00,SYNTHETIC_DEMO
RES-01147,DON-02607,REST-TG25-026,REC-TG25-014,VOL-TG25-005,Rajanna Sircilla,sandwich,90,15.85,51,77,53,96,65,58,66.38,RESCUED,,2026-08-15 23:00:00,SYNTHETIC_DEMO
RES-01148,DON-00470,REST-TG26-025,REC-TG26-008,VOL-TG26-003,Rangareddy,dal,27,34.4,89,73,98,88,59,83,62.03,RESCUED,,2026-08-22 18:00:00,SYNTHETIC_DEMO
RES-01149,DON-01400,REST-TG27-024,REC-TG27-010,VOL-TG27-001,Sangareddy,bread,90,7.58,16,75,59,83,84,58,73.04,RESCUED,,2026-08-11 16:00:00,SYNTHETIC_DEMO
RES-01150,DON-01056,REST-TG28-116,REC-TG28-001,VOL-TG28-004,Siddipet,biryani,85,16.53,50,94,58,67,74,62,67.24,MISSED,traffic_delay,2026-06-30 00:00:00,SYNTHETIC_DEMO
RES-01151,DON-00795,REST-TG29-072,REC-TG29-009,VOL-TG29-003,Suryapet,vegetables,29,24.39,85,91,80,66,55,66,63.78,EXPIRED,recipient_capacity_full,2026-08-27 19:00:00,SYNTHETIC_DEMO
RES-01152,DON-01604,REST-TG30-117,REC-TG30-013,VOL-TG30-001,Vikarabad,cooked_meal,45,20.59,67,86,60,84,61,69,65.09,RESCUED,,2026-06-12 02:00:00,SYNTHETIC_DEMO
RES-01153,DON-01946,REST-TG31-006,REC-TG31-003,VOL-TG31-008,Wanaparthy,sandwich,51,21.0,80,68,94,62,55,77,64.9,PARTIAL,,2026-08-24 03:00:00,SYNTHETIC_DEMO
RES-01154,DON-01211,REST-TG32-036,REC-TG32-003,VOL-TG32-002,Warangal,roti,92,17.3,49,80,97,63,51,100,72.59,EXPIRED,expired_before_pickup,2026-06-22 17:00:00,SYNTHETIC_DEMO
RES-01155,DON-01994,REST-TG33-086,REC-TG33-013,VOL-TG33-002,Yadadri Bhuvanagiri,dal,97,19.31,58,97,56,68,68,98,68.61,RESCUED,,2026-09-06 23:00:00,SYNTHETIC_DEMO
RES-01156,DON-02310,REST-TG01-098,REC-TG01-015,VOL-TG01-002,Adilabad,cooked_meal,101,17.87,64,96,66,89,97,73,74.99,EXPIRED,recipient_capacity_full,2026-04-09 20:00:00,SYNTHETIC_DEMO
RES-01157,DON-00124,REST-TG02-112,REC-TG02-007,VOL-TG02-009,Bhadradri Kothagudem,bread,87,29.49,106,94,54,95,51,88,61.69,RESCUED,,2026-06-01 13:00:00,SYNTHETIC_DEMO
RES-01158,DON-02703,REST-TG03-042,REC-TG03-003,VOL-TG03-002,Hanumakonda,roti,77,20.84,62,86,99,67,54,73,69.86,RESCUED,,2026-04-03 02:00:00,SYNTHETIC_DEMO
RES-01159,DON-01915,REST-TG04-079,REC-TG04-012,VOL-TG04-008,Hyderabad,biryani,63,16.58,37,96,66,62,60,68,67.66,EXPIRED,volunteer_unavailable,2026-09-17 19:00:00,SYNTHETIC_DEMO
RES-01160,DON-02696,REST-TG05-064,REC-TG05-005,VOL-TG05-006,Jagtial,sandwich,46,2.34,6,90,53,82,77,89,80.83,MISSED,volunteer_unavailable,2026-04-12 14:00:00,SYNTHETIC_DEMO
RES-01161,DON-01800,REST-TG06-133,REC-TG06-001,VOL-TG06-006,Jangaon,cooked_meal,114,32.94,100,74,61,92,90,74,58.67,PARTIAL,,2026-08-14 08:00:00,SYNTHETIC_DEMO
RES-01162,DON-02482,REST-TG07-112,REC-TG07-013,VOL-TG07-002,Jayashankar Bhupalpally,sandwich,28,26.05,70,74,82,98,98,70,69.09,PARTIAL,,2026-07-05 19:00:00,SYNTHETIC_DEMO
RES-01163,DON-02467,REST-TG08-008,REC-TG08-008,VOL-TG08-004,Jogulamba Gadwal,biryani,80,15.47,34,88,85,96,85,59,77.35,RESCUED,,2026-05-09 11:00:00,SYNTHETIC_DEMO
RES-01164,DON-02643,REST-TG09-063,REC-TG09-003,VOL-TG09-010,Kamareddy,cooked_meal,88,15.6,33,95,92,100,56,71,78.96,PARTIAL,,2026-07-22 08:00:00,SYNTHETIC_DEMO
RES-01165,DON-01598,REST-TG10-120,REC-TG10-020,VOL-TG10-001,Karimnagar,cooked_meal,58,13.49,31,89,60,66,70,59,67.96,PARTIAL,,2026-09-12 12:00:00,SYNTHETIC_DEMO
RES-01166,DON-02431,REST-TG11-146,REC-TG11-004,VOL-TG11-001,Khammam,sandwich,16,15.52,47,84,88,82,86,62,75.41,PARTIAL,,2026-05-25 22:00:00,SYNTHETIC_DEMO
RES-01167,DON-00671,REST-TG12-126,REC-TG12-018,VOL-TG12-003,Kumuram Bheem,roti,79,6.11,14,67,53,91,85,81,74.89,RESCUED,,2026-07-25 03:00:00,SYNTHETIC_DEMO
RES-01168,DON-00472,REST-TG13-101,REC-TG13-006,VOL-TG13-006,Mahabubabad,sandwich,108,1.2,5,82,53,66,85,92,78.74,MISSED,expired_before_pickup,2026-09-12 08:00:00,SYNTHETIC_DEMO
RES-01169,DON-02514,REST-TG14-062,REC-TG14-012,VOL-TG14-005,Mahabubnagar,roti,77,2.96,8,98,94,97,83,63,90.44,MISSED,traffic_delay,2026-04-21 19:00:00,SYNTHETIC_DEMO
RES-01170,DON-02038,REST-TG15-110,REC-TG15-015,VOL-TG15-008,Mancherial,bakery,62,7.17,14,71,83,71,88,63,76.43,MISSED,traffic_delay,2026-07-24 21:00:00,SYNTHETIC_DEMO
RES-01171,DON-02337,REST-TG16-066,REC-TG16-005,VOL-TG16-002,Medak,sandwich,80,23.56,56,92,74,77,97,59,68.52,PARTIAL,,2026-05-15 12:00:00,SYNTHETIC_DEMO
RES-01172,DON-01174,REST-TG17-104,REC-TG17-008,VOL-TG17-002,Medchal-Malkajgiri,rice,30,15.56,58,100,51,87,66,50,68.74,PARTIAL,,2026-07-09 02:00:00,SYNTHETIC_DEMO
RES-01173,DON-02573,REST-TG18-136,REC-TG18-019,VOL-TG18-003,Mulugu,roti,22,29.35,79,69,74,67,71,80,57.79,RESCUED,,2026-04-20 05:00:00,SYNTHETIC_DEMO
RES-01174,DON-01663,REST-TG19-003,REC-TG19-005,VOL-TG19-007,Nagarkurnool,roti,20,18.04,49,77,63,97,71,54,67.16,RESCUED,,2026-07-25 23:00:00,SYNTHETIC_DEMO
RES-01175,DON-01210,REST-TG20-049,REC-TG20-006,VOL-TG20-007,Nalgonda,sandwich,35,32.53,76,96,97,90,83,67,68.86,MISSED,volunteer_unavailable,2026-08-15 15:00:00,SYNTHETIC_DEMO
RES-01176,DON-01596,REST-TG21-144,REC-TG21-010,VOL-TG21-004,Narayanpet,packaged_food,92,27.4,76,65,45,61,53,97,51.58,RESCUED,,2026-09-06 10:00:00,SYNTHETIC_DEMO
RES-01177,DON-00914,REST-TG22-116,REC-TG22-007,VOL-TG22-010,Nirmal,pulao,95,12.42,38,85,92,78,81,77,79.03,RESCUED,,2026-09-24 14:00:00,SYNTHETIC_DEMO
RES-01178,DON-02625,REST-TG23-125,REC-TG23-011,VOL-TG23-004,Nizamabad,rice,84,26.62,85,82,58,79,96,54,60.84,RESCUED,,2026-06-19 13:00:00,SYNTHETIC_DEMO
RES-01179,DON-00799,REST-TG24-078,REC-TG24-011,VOL-TG24-010,Peddapalli,packaged_food,118,28.09,65,92,79,76,60,57,62.24,RESCUED,,2026-05-12 19:00:00,SYNTHETIC_DEMO
RES-01180,DON-02162,REST-TG25-112,REC-TG25-003,VOL-TG25-002,Rajanna Sircilla,biryani,49,27.19,67,91,57,73,86,75,62.23,MISSED,expired_before_pickup,2026-09-17 20:00:00,SYNTHETIC_DEMO
RES-01181,DON-01063,REST-TG26-059,REC-TG26-015,VOL-TG26-002,Rangareddy,bread,16,11.39,32,93,79,83,93,50,78.01,RESCUED,,2026-06-14 09:00:00,SYNTHETIC_DEMO
RES-01182,DON-02935,REST-TG27-013,REC-TG27-001,VOL-TG27-005,Sangareddy,roti,80,4.75,12,100,57,88,65,80,80.71,RESCUED,,2026-06-30 02:00:00,SYNTHETIC_DEMO
RES-01183,DON-00865,REST-TG28-120,REC-TG28-012,VOL-TG28-004,Siddipet,cooked_meal,23,17.97,50,73,61,67,64,61,61.51,RESCUED,,2026-09-10 01:00:00,SYNTHETIC_DEMO
RES-01184,DON-02059,REST-TG29-021,REC-TG29-019,VOL-TG29-009,Suryapet,fruits,112,24.96,98,76,94,60,85,99,68.57,MISSED,volunteer_unavailable,2026-06-21 14:00:00,SYNTHETIC_DEMO
RES-01185,DON-00536,REST-TG30-069,REC-TG30-003,VOL-TG30-007,Vikarabad,dal,85,19.6,74,88,95,76,77,83,75.0,PARTIAL,,2026-04-22 17:00:00,SYNTHETIC_DEMO
RES-01186,DON-02130,REST-TG31-011,REC-TG31-014,VOL-TG31-005,Wanaparthy,fruits,14,2.84,11,93,63,99,62,89,84.12,RESCUED,,2026-07-21 05:00:00,SYNTHETIC_DEMO
RES-01187,DON-01688,REST-TG32-085,REC-TG32-015,VOL-TG32-007,Warangal,vegetables,70,0.88,5,83,100,76,77,98,89.87,RESCUED,,2026-08-05 00:00:00,SYNTHETIC_DEMO
RES-01188,DON-02056,REST-TG33-023,REC-TG33-012,VOL-TG33-003,Yadadri Bhuvanagiri,fruits,90,23.24,53,78,57,98,100,67,66.8,RESCUED,,2026-05-15 06:00:00,SYNTHETIC_DEMO
RES-01189,DON-00428,REST-TG01-069,REC-TG01-004,VOL-TG01-001,Adilabad,roti,117,12.84,34,81,57,74,74,60,67.93,RESCUED,,2026-06-24 18:00:00,SYNTHETIC_DEMO
RES-01190,DON-01076,REST-TG02-023,REC-TG02-010,VOL-TG02-006,Bhadradri Kothagudem,biryani,40,3.27,7,69,86,91,87,64,82.41,RESCUED,,2026-07-03 06:00:00,SYNTHETIC_DEMO
RES-01191,DON-00852,REST-TG03-090,REC-TG03-005,VOL-TG03-006,Hanumakonda,packaged_food,84,12.57,44,78,64,81,52,59,67.67,RESCUED,,2026-06-21 19:00:00,SYNTHETIC_DEMO
RES-01192,DON-02879,REST-TG04-099,REC-TG04-018,VOL-TG04-001,Hyderabad,rice,12,17.75,52,77,98,97,93,91,80.27,RESCUED,,2026-03-30 01:00:00,SYNTHETIC_DEMO
RES-01193,DON-00502,REST-TG05-140,REC-TG05-001,VOL-TG05-001,Jagtial,dal,115,26.59,102,85,83,85,86,76,68.56,RESCUED,,2026-07-07 05:00:00,SYNTHETIC_DEMO
RES-01194,DON-00109,REST-TG06-111,REC-TG06-020,VOL-TG06-003,Jangaon,dal,69,1.85,5,96,51,84,51,73,78.08,MISSED,expired_before_pickup,2026-06-11 13:00:00,SYNTHETIC_DEMO
RES-01195,DON-02099,REST-TG07-133,REC-TG07-011,VOL-TG07-009,Jayashankar Bhupalpally,packaged_food,18,15.79,51,70,56,96,81,71,68.52,RESCUED,,2026-05-05 19:00:00,SYNTHETIC_DEMO
RES-01196,DON-01529,REST-TG08-121,REC-TG08-004,VOL-TG08-005,Jogulamba Gadwal,vegetables,113,2.8,10,84,100,84,62,80,86.6,RESCUED,,2026-06-21 00:00:00,SYNTHETIC_DEMO
RES-01197,DON-00141,REST-TG09-011,REC-TG09-011,VOL-TG09-010,Kamareddy,cooked_meal,87,5.81,20,78,56,78,88,85,76.65,RESCUED,,2026-05-15 09:00:00,SYNTHETIC_DEMO
RES-01198,DON-02213,REST-TG10-003,REC-TG10-011,VOL-TG10-009,Karimnagar,sandwich,89,16.18,63,85,74,73,82,71,71.49,MISSED,expired_before_pickup,2026-07-25 16:00:00,SYNTHETIC_DEMO
RES-01199,DON-00048,REST-TG11-136,REC-TG11-020,VOL-TG11-008,Khammam,bread,22,5.87,14,93,93,96,52,66,84.21,PARTIAL,,2026-04-29 15:00:00,SYNTHETIC_DEMO
RES-01200,DON-01866,REST-TG12-038,REC-TG12-003,VOL-TG12-005,Kumuram Bheem,bread,90,13.8,52,68,77,79,77,70,70.69,RESCUED,,2026-07-21 20:00:00,SYNTHETIC_DEMO
RES-01201,DON-00734,REST-TG13-076,REC-TG13-007,VOL-TG13-004,Mahabubabad,fruits,17,29.94,61,96,63,89,80,88,65.56,PARTIAL,,2026-09-19 16:00:00,SYNTHETIC_DEMO
RES-01202,DON-01102,REST-TG14-117,REC-TG14-018,VOL-TG14-001,Mahabubnagar,cooked_meal,49,31.7,114,81,84,67,82,65,60.11,MISSED,recipient_capacity_full,2026-04-21 22:00:00,SYNTHETIC_DEMO
RES-01203,DON-00673,REST-TG15-145,REC-TG15-011,VOL-TG15-009,Mancherial,fruits,18,25.05,65,95,82,92,99,61,72.31,MISSED,volunteer_unavailable,2026-06-07 18:00:00,SYNTHETIC_DEMO
RES-01204,DON-01700,REST-TG16-133,REC-TG16-014,VOL-TG16-002,Medak,sandwich,73,25.02,59,67,61,65,85,99,60.88,EXPIRED,recipient_capacity_full,2026-05-03 09:00:00,SYNTHETIC_DEMO
RES-01205,DON-00939,REST-TG17-012,REC-TG17-007,VOL-TG17-010,Medchal-Malkajgiri,vegetables,111,22.76,64,73,97,87,97,51,70.59,MISSED,traffic_delay,2026-05-29 22:00:00,SYNTHETIC_DEMO
RES-01206,DON-00742,REST-TG18-020,REC-TG18-012,VOL-TG18-007,Mulugu,fruits,54,19.27,39,88,61,92,59,64,67.14,EXPIRED,traffic_delay,2026-08-05 07:00:00,SYNTHETIC_DEMO
RES-01207,DON-00830,REST-TG19-105,REC-TG19-009,VOL-TG19-002,Nagarkurnool,pulao,80,23.48,76,95,50,63,66,63,59.58,RESCUED,,2026-07-14 20:00:00,SYNTHETIC_DEMO
RES-01208,DON-02904,REST-TG20-006,REC-TG20-012,VOL-TG20-004,Nalgonda,biryani,25,3.13,8,76,83,62,54,68,76.06,RESCUED,,2026-08-03 07:00:00,SYNTHETIC_DEMO
RES-01209,DON-02149,REST-TG21-083,REC-TG21-005,VOL-TG21-009,Narayanpet,cooked_meal,71,1.36,5,85,58,83,70,75,79.58,EXPIRED,recipient_capacity_full,2026-04-08 05:00:00,SYNTHETIC_DEMO
RES-01210,DON-02161,REST-TG22-011,REC-TG22-018,VOL-TG22-009,Nirmal,bread,56,1.12,5,65,89,98,55,68,82.0,EXPIRED,volunteer_unavailable,2026-06-23 14:00:00,SYNTHETIC_DEMO
RES-01211,DON-00275,REST-TG23-011,REC-TG23-004,VOL-TG23-008,Nizamabad,cooked_meal,117,4.09,15,89,66,65,61,98,78.73,RESCUED,,2026-07-15 20:00:00,SYNTHETIC_DEMO
RES-01212,DON-00979,REST-TG24-118,REC-TG24-014,VOL-TG24-009,Peddapalli,roti,75,22.14,80,86,49,81,94,76,65.34,RESCUED,,2026-07-23 18:00:00,SYNTHETIC_DEMO
RES-01213,DON-02505,REST-TG25-048,REC-TG25-003,VOL-TG25-005,Rajanna Sircilla,biryani,107,12.48,30,77,62,83,56,55,67.44,MISSED,traffic_delay,2026-06-26 23:00:00,SYNTHETIC_DEMO
RES-01214,DON-01350,REST-TG26-104,REC-TG26-008,VOL-TG26-007,Rangareddy,dal,59,26.69,101,100,69,75,61,91,66.19,MISSED,recipient_capacity_full,2026-06-16 07:00:00,SYNTHETIC_DEMO
RES-01215,DON-00680,REST-TG27-013,REC-TG27-003,VOL-TG27-004,Sangareddy,pulao,71,9.28,35,67,78,61,96,65,72.62,EXPIRED,traffic_delay,2026-07-29 21:00:00,SYNTHETIC_DEMO
RES-01216,DON-02322,REST-TG28-028,REC-TG28-001,VOL-TG28-006,Siddipet,rice,28,29.5,59,90,51,88,67,69,58.93,RESCUED,,2026-08-16 17:00:00,SYNTHETIC_DEMO
RES-01217,DON-00116,REST-TG29-060,REC-TG29-017,VOL-TG29-005,Suryapet,bakery,30,32.1,78,72,56,67,50,79,50.62,RESCUED,,2026-05-26 01:00:00,SYNTHETIC_DEMO
RES-01218,DON-02221,REST-TG30-057,REC-TG30-014,VOL-TG30-007,Vikarabad,bread,10,5.51,18,78,67,99,87,52,78.81,PARTIAL,,2026-09-18 16:00:00,SYNTHETIC_DEMO
RES-01219,DON-02724,REST-TG31-017,REC-TG31-002,VOL-TG31-005,Wanaparthy,dal,19,13.43,40,96,74,83,78,56,75.26,MISSED,recipient_capacity_full,2026-08-14 04:00:00,SYNTHETIC_DEMO
RES-01220,DON-02235,REST-TG32-101,REC-TG32-018,VOL-TG32-008,Warangal,rice,73,21.24,68,71,90,94,87,76,72.43,RESCUED,,2026-05-18 09:00:00,SYNTHETIC_DEMO
RES-01221,DON-02472,REST-TG33-089,REC-TG33-018,VOL-TG33-005,Yadadri Bhuvanagiri,sandwich,35,10.24,40,76,54,68,92,96,72.69,RESCUED,,2026-06-11 22:00:00,SYNTHETIC_DEMO
RES-01222,DON-02990,REST-TG01-130,REC-TG01-008,VOL-TG01-006,Adilabad,dal,65,14.45,53,79,67,75,99,74,72.43,MISSED,volunteer_unavailable,2026-06-22 08:00:00,SYNTHETIC_DEMO
RES-01223,DON-01162,REST-TG02-129,REC-TG02-014,VOL-TG02-005,Bhadradri Kothagudem,fruits,66,21.05,62,66,89,81,50,73,65.41,RESCUED,,2026-09-08 03:00:00,SYNTHETIC_DEMO
RES-01224,DON-01274,REST-TG03-134,REC-TG03-002,VOL-TG03-006,Hanumakonda,bread,79,32.46,124,66,73,93,61,98,59.46,EXPIRED,volunteer_unavailable,2026-07-07 15:00:00,SYNTHETIC_DEMO
RES-01225,DON-01356,REST-TG04-067,REC-TG04-018,VOL-TG04-009,Hyderabad,biryani,21,24.07,80,72,62,82,81,91,64.11,RESCUED,,2026-04-05 04:00:00,SYNTHETIC_DEMO
RES-01226,DON-02188,REST-TG05-064,REC-TG05-007,VOL-TG05-009,Jagtial,dal,103,6.19,19,72,73,63,83,58,73.13,PARTIAL,,2026-08-29 02:00:00,SYNTHETIC_DEMO
RES-01227,DON-00986,REST-TG06-013,REC-TG06-001,VOL-TG06-002,Jangaon,sandwich,21,13.95,41,78,84,76,86,69,74.34,RESCUED,,2026-07-02 05:00:00,SYNTHETIC_DEMO
RES-01228,DON-00652,REST-TG07-026,REC-TG07-020,VOL-TG07-009,Jayashankar Bhupalpally,vegetables,60,7.95,30,78,81,69,93,96,80.37,MISSED,recipient_capacity_full,2026-04-19 01:00:00,SYNTHETIC_DEMO
RES-01229,DON-00053,REST-TG08-112,REC-TG08-012,VOL-TG08-005,Jogulamba Gadwal,bakery,81,32.91,84,69,85,71,51,75,55.54,PARTIAL,,2026-05-12 14:00:00,SYNTHETIC_DEMO
RES-01230,DON-00525,REST-TG09-095,REC-TG09-019,VOL-TG09-002,Kamareddy,biryani,113,17.86,43,96,67,71,87,85,72.69,RESCUED,,2026-05-16 18:00:00,SYNTHETIC_DEMO
RES-01231,DON-00984,REST-TG10-069,REC-TG10-006,VOL-TG10-004,Karimnagar,packaged_food,45,16.76,60,83,89,95,54,93,76.38,RESCUED,,2026-06-08 00:00:00,SYNTHETIC_DEMO
RES-01232,DON-02961,REST-TG11-023,REC-TG11-017,VOL-TG11-001,Khammam,bread,102,5.57,12,84,59,100,53,71,77.02,PARTIAL,,2026-07-19 18:00:00,SYNTHETIC_DEMO
RES-01233,DON-00740,REST-TG12-105,REC-TG12-011,VOL-TG12-006,Kumuram Bheem,bakery,85,31.51,124,73,78,70,90,85,60.69,RESCUED,,2026-04-11 06:00:00,SYNTHETIC_DEMO
RES-01234,DON-01560,REST-TG13-047,REC-TG13-014,VOL-TG13-005,Mahabubabad,sandwich,82,32.8,92,85,88,88,100,78,67.17,EXPIRED,traffic_delay,2026-06-21 08:00:00,SYNTHETIC_DEMO
RES-01235,DON-02028,REST-TG14-133,REC-TG14-012,VOL-TG14-003,Mahabubnagar,roti,70,23.11,88,79,86,72,72,56,65.09,RESCUED,,2026-05-14 15:00:00,SYNTHETIC_DEMO
RES-01236,DON-01880,REST-TG15-047,REC-TG15-001,VOL-TG15-002,Mancherial,pulao,57,22.42,83,79,93,74,96,50,69.09,RESCUED,,2026-08-25 18:00:00,SYNTHETIC_DEMO
RES-01237,DON-02959,REST-TG16-026,REC-TG16-020,VOL-TG16-003,Medak,bakery,114,33.16,71,78,97,60,85,55,59.31,RESCUED,,2026-05-15 01:00:00,SYNTHETIC_DEMO
RES-01238,DON-01563,REST-TG17-059,REC-TG17-005,VOL-TG17-008,Medchal-Malkajgiri,fruits,57,4.12,10,91,71,96,79,58,82.56,PARTIAL,,2026-08-21 06:00:00,SYNTHETIC_DEMO
RES-01239,DON-01253,REST-TG18-004,REC-TG18-007,VOL-TG18-010,Mulugu,dal,56,2.31,9,72,60,64,99,71,76.35,RESCUED,,2026-07-26 18:00:00,SYNTHETIC_DEMO
RES-01240,DON-02251,REST-TG19-054,REC-TG19-016,VOL-TG19-006,Nagarkurnool,pulao,109,19.32,72,87,63,93,91,61,70.35,PARTIAL,,2026-04-05 03:00:00,SYNTHETIC_DEMO
RES-01241,DON-00293,REST-TG20-150,REC-TG20-012,VOL-TG20-001,Nalgonda,rice,38,16.13,41,91,73,95,96,96,79.73,EXPIRED,volunteer_unavailable,2026-09-05 23:00:00,SYNTHETIC_DEMO
RES-01242,DON-02528,REST-TG21-119,REC-TG21-013,VOL-TG21-001,Narayanpet,packaged_food,46,11.37,39,79,49,72,81,70,68.38,PARTIAL,,2026-07-12 16:00:00,SYNTHETIC_DEMO
RES-01243,DON-02650,REST-TG22-023,REC-TG22-008,VOL-TG22-010,Nirmal,roti,99,25.11,72,78,70,91,99,69,67.11,RESCUED,,2026-04-19 03:00:00,SYNTHETIC_DEMO
RES-01244,DON-02859,REST-TG23-140,REC-TG23-009,VOL-TG23-009,Nizamabad,packaged_food,24,30.1,75,82,91,80,82,76,65.9,RESCUED,,2026-04-25 16:00:00,SYNTHETIC_DEMO
RES-01245,DON-02289,REST-TG24-066,REC-TG24-010,VOL-TG24-006,Peddapalli,bakery,76,27.78,85,67,60,65,61,79,54.31,EXPIRED,expired_before_pickup,2026-09-07 00:00:00,SYNTHETIC_DEMO
RES-01246,DON-00680,REST-TG25-110,REC-TG25-011,VOL-TG25-008,Rajanna Sircilla,roti,49,7.5,15,67,71,96,98,57,77.14,PARTIAL,,2026-09-17 01:00:00,SYNTHETIC_DEMO
RES-01247,DON-02601,REST-TG26-025,REC-TG26-012,VOL-TG26-001,Rangareddy,roti,82,25.31,76,72,74,84,95,50,63.22,PARTIAL,,2026-04-05 01:00:00,SYNTHETIC_DEMO
RES-01248,DON-00812,REST-TG27-127,REC-TG27-004,VOL-TG27-001,Sangareddy,pulao,53,1.76,6,91,79,83,90,55,84.69,RESCUED,,2026-05-05 03:00:00,SYNTHETIC_DEMO
RES-01249,DON-00752,REST-TG28-109,REC-TG28-012,VOL-TG28-005,Siddipet,dal,33,26.88,86,90,91,95,65,61,68.85,RESCUED,,2026-04-27 19:00:00,SYNTHETIC_DEMO
RES-01250,DON-01951,REST-TG29-087,REC-TG29-011,VOL-TG29-009,Suryapet,cooked_meal,97,26.85,66,100,76,69,52,72,63.77,RESCUED,,2026-06-30 16:00:00,SYNTHETIC_DEMO
RES-01251,DON-02103,REST-TG30-031,REC-TG30-005,VOL-TG30-010,Vikarabad,packaged_food,75,8.94,29,94,55,71,93,78,76.16,EXPIRED,recipient_capacity_full,2026-07-13 01:00:00,SYNTHETIC_DEMO
RES-01252,DON-00252,REST-TG31-050,REC-TG31-019,VOL-TG31-003,Wanaparthy,bakery,81,31.4,111,96,74,72,54,65,59.27,RESCUED,,2026-04-18 10:00:00,SYNTHETIC_DEMO
RES-01253,DON-02273,REST-TG32-057,REC-TG32-012,VOL-TG32-006,Warangal,rice,40,5.73,19,96,79,97,84,67,85.56,EXPIRED,traffic_delay,2026-08-04 20:00:00,SYNTHETIC_DEMO
RES-01254,DON-01154,REST-TG33-047,REC-TG33-003,VOL-TG33-004,Yadadri Bhuvanagiri,rice,85,0.95,5,83,64,66,50,56,74.22,RESCUED,,2026-05-28 07:00:00,SYNTHETIC_DEMO
RES-01255,DON-00800,REST-TG01-111,REC-TG01-004,VOL-TG01-008,Adilabad,pulao,43,33.11,127,88,67,95,60,85,61.1,MISSED,expired_before_pickup,2026-05-27 20:00:00,SYNTHETIC_DEMO
RES-01256,DON-00144,REST-TG02-072,REC-TG02-016,VOL-TG02-008,Bhadradri Kothagudem,dal,98,19.51,39,96,53,95,77,95,72.31,RESCUED,,2026-05-08 12:00:00,SYNTHETIC_DEMO
RES-01257,DON-00320,REST-TG03-042,REC-TG03-009,VOL-TG03-001,Hanumakonda,dal,53,8.78,25,74,80,82,79,83,78.03,EXPIRED,traffic_delay,2026-06-24 04:00:00,SYNTHETIC_DEMO
RES-01258,DON-00447,REST-TG04-051,REC-TG04-018,VOL-TG04-009,Hyderabad,sandwich,110,11.65,29,78,51,77,59,85,68.43,PARTIAL,,2026-09-05 15:00:00,SYNTHETIC_DEMO
RES-01259,DON-00400,REST-TG05-138,REC-TG05-006,VOL-TG05-009,Jagtial,roti,112,2.46,5,65,59,86,89,97,79.54,EXPIRED,recipient_capacity_full,2026-05-12 22:00:00,SYNTHETIC_DEMO
RES-01260,DON-02647,REST-TG06-043,REC-TG06-019,VOL-TG06-010,Jangaon,rice,54,16.93,37,69,57,92,99,93,71.11,PARTIAL,,2026-08-06 05:00:00,SYNTHETIC_DEMO
RES-01261,DON-02594,REST-TG07-142,REC-TG07-005,VOL-TG07-002,Jayashankar Bhupalpally,dal,106,33.81,112,96,87,78,51,71,61.35,RESCUED,,2026-04-01 14:00:00,SYNTHETIC_DEMO
RES-01262,DON-00323,REST-TG08-089,REC-TG08-001,VOL-TG08-004,Jogulamba Gadwal,vegetables,24,13.68,51,100,96,83,94,50,81.28,RESCUED,,2026-09-09 11:00:00,SYNTHETIC_DEMO
RES-01263,DON-01332,REST-TG09-008,REC-TG09-015,VOL-TG09-001,Kamareddy,dal,65,34.35,72,68,83,60,98,63,55.76,PARTIAL,,2026-08-01 10:00:00,SYNTHETIC_DEMO
RES-01264,DON-01263,REST-TG10-126,REC-TG10-006,VOL-TG10-006,Karimnagar,pulao,114,10.27,27,82,89,97,90,54,80.81,EXPIRED,recipient_capacity_full,2026-06-07 08:00:00,SYNTHETIC_DEMO
RES-01265,DON-00032,REST-TG11-134,REC-TG11-007,VOL-TG11-003,Khammam,pulao,69,1.23,5,86,88,61,62,95,83.77,EXPIRED,expired_before_pickup,2026-08-31 14:00:00,SYNTHETIC_DEMO
RES-01266,DON-01365,REST-TG12-053,REC-TG12-017,VOL-TG12-003,Kumuram Bheem,sandwich,36,25.15,52,96,61,74,90,94,67.94,EXPIRED,traffic_delay,2026-06-18 12:00:00,SYNTHETIC_DEMO
RES-01267,DON-01029,REST-TG13-036,REC-TG13-007,VOL-TG13-001,Mahabubabad,bread,19,1.43,5,75,49,82,62,82,75.48,RESCUED,,2026-06-04 21:00:00,SYNTHETIC_DEMO
RES-01268,DON-01905,REST-TG14-087,REC-TG14-014,VOL-TG14-010,Mahabubnagar,biryani,63,32.15,82,75,67,92,55,66,56.34,RESCUED,,2026-07-19 06:00:00,SYNTHETIC_DEMO
RES-01269,DON-00850,REST-TG15-138,REC-TG15-010,VOL-TG15-004,Mancherial,packaged_food,68,18.22,69,69,62,84,100,85,69.29,MISSED,traffic_delay,2026-09-22 06:00:00,SYNTHETIC_DEMO
RES-01270,DON-02127,REST-TG16-021,REC-TG16-006,VOL-TG16-003,Medak,vegetables,50,8.4,20,97,98,99,58,77,86.35,RESCUED,,2026-06-20 04:00:00,SYNTHETIC_DEMO
RES-01271,DON-01752,REST-TG17-027,REC-TG17-014,VOL-TG17-004,Medchal-Malkajgiri,sandwich,119,3.71,8,74,89,73,76,84,81.9,MISSED,traffic_delay,2026-09-10 03:00:00,SYNTHETIC_DEMO
RES-01272,DON-00962,REST-TG18-026,REC-TG18-010,VOL-TG18-010,Mulugu,bakery,50,10.84,21,80,75,82,89,78,77.26,RESCUED,,2026-07-04 05:00:00,SYNTHETIC_DEMO
RES-01273,DON-00674,REST-TG19-095,REC-TG19-019,VOL-TG19-008,Nagarkurnool,dal,108,25.19,64,95,71,69,51,86,64.26,EXPIRED,volunteer_unavailable,2026-09-11 13:00:00,SYNTHETIC_DEMO
RES-01274,DON-02346,REST-TG20-127,REC-TG20-009,VOL-TG20-001,Nalgonda,fruits,92,7.26,14,78,98,74,88,51,80.01,RESCUED,,2026-07-05 10:00:00,SYNTHETIC_DEMO
RES-01275,DON-02297,REST-TG21-141,REC-TG21-003,VOL-TG21-004,Narayanpet,dal,23,28.78,82,68,64,91,95,73,61.29,RESCUED,,2026-04-03 03:00:00,SYNTHETIC_DEMO
RES-01276,DON-02266,REST-TG22-093,REC-TG22-003,VOL-TG22-005,Nirmal,packaged_food,81,18.52,41,66,66,71,96,83,66.72,RESCUED,,2026-06-13 21:00:00,SYNTHETIC_DEMO
RES-01277,DON-02373,REST-TG23-018,REC-TG23-013,VOL-TG23-006,Nizamabad,vegetables,57,30.77,86,95,73,67,56,87,60.97,RESCUED,,2026-08-07 14:00:00,SYNTHETIC_DEMO
RES-01278,DON-02552,REST-TG24-068,REC-TG24-005,VOL-TG24-001,Peddapalli,cooked_meal,77,15.05,49,66,48,82,86,74,65.35,EXPIRED,volunteer_unavailable,2026-08-30 07:00:00,SYNTHETIC_DEMO
RES-01279,DON-01495,REST-TG25-107,REC-TG25-006,VOL-TG25-008,Rajanna Sircilla,bread,30,1.81,5,81,48,95,61,56,75.46,RESCUED,,2026-06-01 14:00:00,SYNTHETIC_DEMO
RES-01280,DON-01754,REST-TG26-025,REC-TG26-015,VOL-TG26-007,Rangareddy,dal,77,30.65,78,91,80,62,54,72,59.21,MISSED,expired_before_pickup,2026-07-22 08:00:00,SYNTHETIC_DEMO
RES-01281,DON-01122,REST-TG27-072,REC-TG27-001,VOL-TG27-001,Sangareddy,dal,49,34.35,135,92,46,82,65,83,55.16,MISSED,expired_before_pickup,2026-06-12 23:00:00,SYNTHETIC_DEMO
RES-01282,DON-00303,REST-TG28-146,REC-TG28-011,VOL-TG28-003,Siddipet,roti,14,29.14,113,96,76,79,83,90,67.74,RESCUED,,2026-04-28 08:00:00,SYNTHETIC_DEMO
RES-01283,DON-00989,REST-TG29-033,REC-TG29-017,VOL-TG29-006,Suryapet,cooked_meal,87,5.82,13,88,47,87,88,66,76.29,MISSED,volunteer_unavailable,2026-09-12 03:00:00,SYNTHETIC_DEMO
RES-01284,DON-02048,REST-TG30-071,REC-TG30-012,VOL-TG30-009,Vikarabad,sandwich,64,1.63,5,70,55,89,75,91,78.79,RESCUED,,2026-04-22 17:00:00,SYNTHETIC_DEMO
RES-01285,DON-00078,REST-TG31-086,REC-TG31-007,VOL-TG31-006,Wanaparthy,biryani,101,22.91,69,95,62,82,96,60,67.94,RESCUED,,2026-03-31 20:00:00,SYNTHETIC_DEMO
RES-01286,DON-01254,REST-TG32-127,REC-TG32-010,VOL-TG32-002,Warangal,biryani,45,16.37,47,82,88,88,66,81,75.21,EXPIRED,recipient_capacity_full,2026-04-14 23:00:00,SYNTHETIC_DEMO
RES-01287,DON-02265,REST-TG33-031,REC-TG33-014,VOL-TG33-002,Yadadri Bhuvanagiri,cooked_meal,23,11.6,28,75,61,62,78,74,68.41,RESCUED,,2026-06-23 04:00:00,SYNTHETIC_DEMO
RES-01288,DON-02102,REST-TG01-150,REC-TG01-011,VOL-TG01-006,Adilabad,sandwich,66,22.71,63,76,50,100,89,92,67.08,EXPIRED,volunteer_unavailable,2026-07-27 13:00:00,SYNTHETIC_DEMO
RES-01289,DON-00203,REST-TG02-002,REC-TG02-005,VOL-TG02-008,Bhadradri Kothagudem,pulao,113,31.85,127,88,78,73,84,79,62.7,RESCUED,,2026-06-22 12:00:00,SYNTHETIC_DEMO
RES-01290,DON-02760,REST-TG03-023,REC-TG03-001,VOL-TG03-006,Hanumakonda,packaged_food,43,30.84,86,66,84,60,82,66,56.77,PARTIAL,,2026-08-26 16:00:00,SYNTHETIC_DEMO
RES-01291,DON-02279,REST-TG04-109,REC-TG04-019,VOL-TG04-002,Hyderabad,pulao,68,33.11,114,65,59,86,73,52,51.55,PARTIAL,,2026-07-31 12:00:00,SYNTHETIC_DEMO
RES-01292,DON-00393,REST-TG05-118,REC-TG05-017,VOL-TG05-006,Jagtial,bakery,62,1.65,5,68,94,94,90,69,86.22,EXPIRED,traffic_delay,2026-09-20 00:00:00,SYNTHETIC_DEMO
RES-01293,DON-00334,REST-TG06-123,REC-TG06-006,VOL-TG06-003,Jangaon,packaged_food,69,22.63,57,65,90,72,77,91,67.44,RESCUED,,2026-09-19 11:00:00,SYNTHETIC_DEMO
RES-01294,DON-00664,REST-TG07-058,REC-TG07-015,VOL-TG07-001,Jayashankar Bhupalpally,bread,58,3.63,12,83,86,86,94,81,86.61,RESCUED,,2026-06-15 05:00:00,SYNTHETIC_DEMO
RES-01295,DON-00355,REST-TG08-098,REC-TG08-018,VOL-TG08-002,Jogulamba Gadwal,fruits,51,4.0,9,68,64,68,91,56,73.44,RESCUED,,2026-06-05 17:00:00,SYNTHETIC_DEMO
RES-01296,DON-01996,REST-TG09-082,REC-TG09-009,VOL-TG09-004,Kamareddy,packaged_food,38,2.6,10,75,95,62,52,91,80.74,RESCUED,,2026-05-11 03:00:00,SYNTHETIC_DEMO
RES-01297,DON-01129,REST-TG10-072,REC-TG10-013,VOL-TG10-009,Karimnagar,bread,87,19.39,47,96,80,83,55,55,69.8,PARTIAL,,2026-04-22 11:00:00,SYNTHETIC_DEMO
RES-01298,DON-00279,REST-TG11-056,REC-TG11-019,VOL-TG11-002,Khammam,cooked_meal,62,3.3,7,100,61,79,83,51,80.09,PARTIAL,,2026-08-12 03:00:00,SYNTHETIC_DEMO
RES-01299,DON-00606,REST-TG12-145,REC-TG12-018,VOL-TG12-007,Kumuram Bheem,packaged_food,43,1.4,5,80,68,94,100,70,84.7,RESCUED,,2026-06-23 00:00:00,SYNTHETIC_DEMO
RES-01300,DON-01235,REST-TG13-149,REC-TG13-014,VOL-TG13-001,Mahabubabad,packaged_food,42,19.2,47,79,81,78,52,84,68.59,RESCUED,,2026-05-13 00:00:00,SYNTHETIC_DEMO
RES-01301,DON-02688,REST-TG14-011,REC-TG14-019,VOL-TG14-005,Mahabubnagar,packaged_food,39,7.02,23,85,49,93,72,54,73.34,MISSED,traffic_delay,2026-03-31 17:00:00,SYNTHETIC_DEMO
RES-01302,DON-00522,REST-TG15-068,REC-TG15-008,VOL-TG15-004,Mancherial,dal,55,12.91,33,89,47,100,86,67,73.28,PARTIAL,,2026-09-23 22:00:00,SYNTHETIC_DEMO
RES-01303,DON-01713,REST-TG16-079,REC-TG16-003,VOL-TG16-008,Medak,sandwich,57,17.08,37,67,66,79,53,66,63.15,MISSED,recipient_capacity_full,2026-08-28 16:00:00,SYNTHETIC_DEMO
RES-01304,DON-01201,REST-TG17-007,REC-TG17-002,VOL-TG17-002,Medchal-Malkajgiri,bakery,115,8.72,25,75,57,92,63,55,70.77,RESCUED,,2026-06-13 07:00:00,SYNTHETIC_DEMO
RES-01305,DON-02059,REST-TG18-148,REC-TG18-002,VOL-TG18-005,Mulugu,roti,84,2.99,10,67,69,76,80,67,76.16,MISSED,expired_before_pickup,2026-07-02 23:00:00,SYNTHETIC_DEMO
RES-01306,DON-00451,REST-TG19-046,REC-TG19-020,VOL-TG19-008,Nagarkurnool,roti,119,16.78,46,69,88,94,51,70,70.61,MISSED,recipient_capacity_full,2026-08-05 10:00:00,SYNTHETIC_DEMO
RES-01307,DON-02172,REST-TG20-051,REC-TG20-019,VOL-TG20-001,Nalgonda,packaged_food,28,19.48,60,81,88,66,72,79,69.89,PARTIAL,,2026-06-09 08:00:00,SYNTHETIC_DEMO
RES-01308,DON-01339,REST-TG21-124,REC-TG21-004,VOL-TG21-006,Narayanpet,biryani,60,4.06,13,73,54,85,73,92,76.75,PARTIAL,,2026-07-01 18:00:00,SYNTHETIC_DEMO
RES-01309,DON-02896,REST-TG22-093,REC-TG22-018,VOL-TG22-006,Nirmal,biryani,59,6.88,15,76,71,76,92,67,76.79,PARTIAL,,2026-05-13 06:00:00,SYNTHETIC_DEMO
RES-01310,DON-02902,REST-TG23-029,REC-TG23-019,VOL-TG23-001,Nizamabad,vegetables,52,32.47,104,82,56,68,80,59,53.51,MISSED,recipient_capacity_full,2026-06-29 19:00:00,SYNTHETIC_DEMO
RES-01311,DON-00133,REST-TG24-053,REC-TG24-009,VOL-TG24-009,Peddapalli,rice,115,26.89,79,95,51,90,66,84,63.49,PARTIAL,,2026-09-17 03:00:00,SYNTHETIC_DEMO
RES-01312,DON-01311,REST-TG25-150,REC-TG25-003,VOL-TG25-007,Rajanna Sircilla,rice,75,31.2,107,89,77,72,56,72,59.51,RESCUED,,2026-05-27 08:00:00,SYNTHETIC_DEMO
RES-01313,DON-02725,REST-TG26-042,REC-TG26-005,VOL-TG26-003,Rangareddy,dal,25,11.71,34,82,80,68,93,92,77.74,RESCUED,,2026-08-02 05:00:00,SYNTHETIC_DEMO
RES-01314,DON-02943,REST-TG27-012,REC-TG27-005,VOL-TG27-008,Sangareddy,rice,19,11.17,39,96,68,81,93,86,79.87,EXPIRED,traffic_delay,2026-09-12 17:00:00,SYNTHETIC_DEMO
RES-01315,DON-01727,REST-TG28-150,REC-TG28-016,VOL-TG28-001,Siddipet,dal,28,4.18,13,74,65,89,92,82,80.56,PARTIAL,,2026-04-22 01:00:00,SYNTHETIC_DEMO
RES-01316,DON-02436,REST-TG29-123,REC-TG29-019,VOL-TG29-007,Suryapet,pulao,119,12.91,39,89,68,80,65,55,71.18,EXPIRED,traffic_delay,2026-07-08 06:00:00,SYNTHETIC_DEMO
RES-01317,DON-00121,REST-TG30-034,REC-TG30-007,VOL-TG30-004,Vikarabad,packaged_food,97,4.51,16,79,80,98,88,72,84.28,EXPIRED,traffic_delay,2026-08-09 13:00:00,SYNTHETIC_DEMO
RES-01318,DON-01454,REST-TG31-095,REC-TG31-020,VOL-TG31-005,Wanaparthy,bakery,109,15.91,50,83,91,100,91,55,78.04,RESCUED,,2026-05-14 21:00:00,SYNTHETIC_DEMO
RES-01319,DON-01052,REST-TG32-033,REC-TG32-003,VOL-TG32-010,Warangal,bakery,56,8.95,19,98,93,63,89,53,80.46,RESCUED,,2026-05-12 11:00:00,SYNTHETIC_DEMO
RES-01320,DON-00406,REST-TG33-018,REC-TG33-020,VOL-TG33-003,Yadadri Bhuvanagiri,dal,40,17.14,38,75,96,88,84,66,75.16,PARTIAL,,2026-05-30 18:00:00,SYNTHETIC_DEMO
RES-01321,DON-02892,REST-TG01-102,REC-TG01-013,VOL-TG01-003,Adilabad,bakery,10,15.29,39,91,98,80,93,92,82.38,PARTIAL,,2026-05-18 18:00:00,SYNTHETIC_DEMO
RES-01322,DON-02289,REST-TG02-141,REC-TG02-007,VOL-TG02-007,Bhadradri Kothagudem,sandwich,37,9.19,26,90,84,65,80,70,77.99,EXPIRED,volunteer_unavailable,2026-05-27 05:00:00,SYNTHETIC_DEMO
RES-01323,DON-01825,REST-TG03-024,REC-TG03-002,VOL-TG03-007,Hanumakonda,bread,50,26.13,83,89,91,69,84,87,69.79,MISSED,volunteer_unavailable,2026-05-14 00:00:00,SYNTHETIC_DEMO
RES-01324,DON-01964,REST-TG04-149,REC-TG04-017,VOL-TG04-002,Hyderabad,cooked_meal,97,2.56,7,85,57,90,55,63,76.87,RESCUED,,2026-06-13 00:00:00,SYNTHETIC_DEMO
RES-01325,DON-02381,REST-TG05-147,REC-TG05-013,VOL-TG05-003,Jagtial,fruits,63,5.04,12,96,58,85,65,79,79.35,PARTIAL,,2026-07-06 00:00:00,SYNTHETIC_DEMO
RES-01326,DON-00228,REST-TG06-135,REC-TG06-016,VOL-TG06-002,Jangaon,rice,70,20.97,48,67,76,100,58,54,64.82,RESCUED,,2026-07-14 16:00:00,SYNTHETIC_DEMO
RES-01327,DON-01460,REST-TG07-014,REC-TG07-003,VOL-TG07-008,Jayashankar Bhupalpally,rice,40,27.72,68,98,99,70,57,80,68.8,PARTIAL,,2026-05-04 00:00:00,SYNTHETIC_DEMO
RES-01328,DON-00980,REST-TG08-055,REC-TG08-013,VOL-TG08-006,Jogulamba Gadwal,rice,53,28.11,66,77,60,84,92,75,61.62,MISSED,expired_before_pickup,2026-06-20 15:00:00,SYNTHETIC_DEMO
RES-01329,DON-01763,REST-TG09-120,REC-TG09-017,VOL-TG09-001,Kamareddy,roti,86,10.54,33,82,95,67,71,52,75.22,RESCUED,,2026-08-20 03:00:00,SYNTHETIC_DEMO
RES-01330,DON-01676,REST-TG10-048,REC-TG10-011,VOL-TG10-008,Karimnagar,bread,65,24.51,70,95,46,80,94,50,62.09,PARTIAL,,2026-06-21 08:00:00,SYNTHETIC_DEMO
RES-01331,DON-00840,REST-TG11-012,REC-TG11-005,VOL-TG11-008,Khammam,fruits,59,23.0,90,95,57,100,94,71,70.47,PARTIAL,,2026-06-30 13:00:00,SYNTHETIC_DEMO
RES-01332,DON-01440,REST-TG12-140,REC-TG12-004,VOL-TG12-009,Kumuram Bheem,biryani,98,22.51,45,77,52,91,67,62,61.27,RESCUED,,2026-06-20 20:00:00,SYNTHETIC_DEMO
RES-01333,DON-02155,REST-TG13-139,REC-TG13-017,VOL-TG13-008,Mahabubabad,sandwich,18,3.89,13,72,49,89,54,79,73.07,RESCUED,,2026-04-07 10:00:00,SYNTHETIC_DEMO
RES-01334,DON-01389,REST-TG14-097,REC-TG14-010,VOL-TG14-006,Mahabubnagar,bakery,40,27.57,88,73,52,69,66,67,53.96,RESCUED,,2026-08-30 01:00:00,SYNTHETIC_DEMO
RES-01335,DON-01925,REST-TG15-113,REC-TG15-008,VOL-TG15-005,Mancherial,bakery,91,18.48,68,75,52,93,87,66,66.45,EXPIRED,expired_before_pickup,2026-04-24 01:00:00,SYNTHETIC_DEMO
RES-01336,DON-02144,REST-TG16-081,REC-TG16-006,VOL-TG16-004,Medak,packaged_food,47,1.14,5,92,52,64,78,51,75.49,PARTIAL,,2026-05-28 16:00:00,SYNTHETIC_DEMO
RES-01337,DON-00926,REST-TG17-014,REC-TG17-002,VOL-TG17-004,Medchal-Malkajgiri,cooked_meal,29,2.75,7,83,70,61,87,96,81.09,EXPIRED,recipient_capacity_full,2026-09-17 18:00:00,SYNTHETIC_DEMO
RES-01338,DON-01232,REST-TG18-050,REC-TG18-015,VOL-TG18-010,Mulugu,fruits,73,34.83,89,88,47,69,89,60,52.37,RESCUED,,2026-05-16 23:00:00,SYNTHETIC_DEMO
RES-01339,DON-02386,REST-TG19-062,REC-TG19-017,VOL-TG19-009,Nagarkurnool,fruits,118,33.3,84,65,46,91,61,87,51.86,RESCUED,,2026-04-07 16:00:00,SYNTHETIC_DEMO
RES-01340,DON-02855,REST-TG20-050,REC-TG20-011,VOL-TG20-002,Nalgonda,dal,113,32.47,91,76,61,98,57,50,54.61,PARTIAL,,2026-06-03 06:00:00,SYNTHETIC_DEMO
RES-01341,DON-01558,REST-TG21-012,REC-TG21-006,VOL-TG21-006,Narayanpet,pulao,76,26.07,55,97,74,84,84,67,68.28,RESCUED,,2026-05-13 01:00:00,SYNTHETIC_DEMO
RES-01342,DON-00767,REST-TG22-071,REC-TG22-020,VOL-TG22-007,Nirmal,sandwich,99,13.6,28,96,61,88,95,81,77.49,RESCUED,,2026-08-31 07:00:00,SYNTHETIC_DEMO
RES-01343,DON-02139,REST-TG23-067,REC-TG23-007,VOL-TG23-001,Nizamabad,rice,74,21.0,68,70,56,96,51,78,62.5,EXPIRED,recipient_capacity_full,2026-07-20 01:00:00,SYNTHETIC_DEMO
RES-01344,DON-00321,REST-TG24-139,REC-TG24-013,VOL-TG24-010,Peddapalli,packaged_food,117,10.55,27,67,51,83,56,70,66.11,MISSED,recipient_capacity_full,2026-09-23 07:00:00,SYNTHETIC_DEMO
RES-01345,DON-01314,REST-TG25-119,REC-TG25-014,VOL-TG25-010,Rajanna Sircilla,sandwich,53,4.24,16,87,55,100,65,94,81.27,MISSED,traffic_delay,2026-03-30 14:00:00,SYNTHETIC_DEMO
RES-01346,DON-02287,REST-TG26-037,REC-TG26-013,VOL-TG26-006,Rangareddy,biryani,85,29.05,73,68,52,98,68,94,59.15,RESCUED,,2026-07-03 17:00:00,SYNTHETIC_DEMO
RES-01347,DON-02364,REST-TG27-095,REC-TG27-009,VOL-TG27-002,Sangareddy,fruits,117,25.03,55,66,46,70,52,62,51.42,MISSED,traffic_delay,2026-06-20 00:00:00,SYNTHETIC_DEMO
RES-01348,DON-02278,REST-TG28-037,REC-TG28-016,VOL-TG28-004,Siddipet,pulao,112,18.26,43,66,83,97,72,81,71.61,EXPIRED,traffic_delay,2026-04-19 03:00:00,SYNTHETIC_DEMO
RES-01349,DON-00574,REST-TG29-068,REC-TG29-011,VOL-TG29-005,Suryapet,biryani,31,4.94,13,82,77,84,98,62,81.87,MISSED,expired_before_pickup,2026-04-07 07:00:00,SYNTHETIC_DEMO
RES-01350,DON-02385,REST-TG30-035,REC-TG30-009,VOL-TG30-002,Vikarabad,cooked_meal,90,34.57,106,75,100,90,88,53,62.91,RESCUED,,2026-08-25 04:00:00,SYNTHETIC_DEMO
RES-01351,DON-00376,REST-TG31-113,REC-TG31-012,VOL-TG31-002,Wanaparthy,vegetables,42,25.21,93,99,68,78,83,57,66.09,EXPIRED,expired_before_pickup,2026-06-21 00:00:00,SYNTHETIC_DEMO
RES-01352,DON-00440,REST-TG32-001,REC-TG32-019,VOL-TG32-001,Warangal,biryani,71,18.05,70,74,81,78,68,63,67.91,PARTIAL,,2026-08-21 16:00:00,SYNTHETIC_DEMO
RES-01353,DON-00206,REST-TG33-066,REC-TG33-009,VOL-TG33-008,Yadadri Bhuvanagiri,packaged_food,73,16.54,45,84,82,83,73,79,74.04,RESCUED,,2026-07-18 17:00:00,SYNTHETIC_DEMO
RES-01354,DON-00118,REST-TG01-033,REC-TG01-011,VOL-TG01-006,Adilabad,pulao,83,8.77,26,100,81,87,89,77,84.59,MISSED,volunteer_unavailable,2026-06-12 06:00:00,SYNTHETIC_DEMO
RES-01355,DON-00093,REST-TG02-142,REC-TG02-010,VOL-TG02-004,Bhadradri Kothagudem,dal,60,1.43,5,65,55,96,92,78,79.38,EXPIRED,recipient_capacity_full,2026-07-30 20:00:00,SYNTHETIC_DEMO
RES-01356,DON-02396,REST-TG03-059,REC-TG03-019,VOL-TG03-007,Hanumakonda,bread,39,19.88,47,69,77,62,75,93,66.1,RESCUED,,2026-04-21 21:00:00,SYNTHETIC_DEMO
RES-01357,DON-02357,REST-TG04-044,REC-TG04-008,VOL-TG04-007,Hyderabad,pulao,70,3.2,9,79,61,82,67,72,76.91,MISSED,traffic_delay,2026-06-09 15:00:00,SYNTHETIC_DEMO
RES-01358,DON-01120,REST-TG05-101,REC-TG05-010,VOL-TG05-007,Jagtial,fruits,10,32.56,101,71,94,79,85,87,63.79,RESCUED,,2026-07-31 23:00:00,SYNTHETIC_DEMO
RES-01359,DON-00369,REST-TG06-056,REC-TG06-015,VOL-TG06-004,Jangaon,bread,14,2.03,5,95,100,94,97,97,96.05,MISSED,volunteer_unavailable,2026-07-26 13:00:00,SYNTHETIC_DEMO
RES-01360,DON-00850,REST-TG07-134,REC-TG07-008,VOL-TG07-008,Jayashankar Bhupalpally,bread,47,18.51,54,93,98,63,66,96,75.63,MISSED,volunteer_unavailable,2026-07-21 18:00:00,SYNTHETIC_DEMO
RES-01361,DON-00599,REST-TG08-133,REC-TG08-017,VOL-TG08-002,Jogulamba Gadwal,packaged_food,113,22.21,71,80,48,73,99,67,62.29,MISSED,expired_before_pickup,2026-05-18 15:00:00,SYNTHETIC_DEMO
RES-01362,DON-02035,REST-TG09-133,REC-TG09-015,VOL-TG09-007,Kamareddy,dal,109,1.49,5,83,96,94,66,69,87.34,MISSED,volunteer_unavailable,2026-08-10 11:00:00,SYNTHETIC_DEMO
RES-01363,DON-02251,REST-TG10-120,REC-TG10-009,VOL-TG10-007,Karimnagar,cooked_meal,25,10.72,39,98,68,64,61,79,74.14,RESCUED,,2026-07-27 06:00:00,SYNTHETIC_DEMO
RES-01364,DON-01609,REST-TG11-011,REC-TG11-014,VOL-TG11-005,Khammam,bread,73,24.27,60,90,56,69,88,51,61.11,RESCUED,,2026-09-18 18:00:00,SYNTHETIC_DEMO
RES-01365,DON-00194,REST-TG12-045,REC-TG12-006,VOL-TG12-007,Kumuram Bheem,vegetables,23,2.71,7,67,65,90,72,69,77.06,RESCUED,,2026-05-30 09:00:00,SYNTHETIC_DEMO
RES-01366,DON-02071,REST-TG13-059,REC-TG13-011,VOL-TG13-010,Mahabubabad,bread,24,34.79,94,67,83,78,82,65,56.55,RESCUED,,2026-05-19 19:00:00,SYNTHETIC_DEMO
RES-01367,DON-00012,REST-TG14-029,REC-TG14-007,VOL-TG14-003,Mahabubnagar,dal,93,21.25,49,93,74,93,96,58,72.57,RESCUED,,2026-07-23 19:00:00,SYNTHETIC_DEMO
RES-01368,DON-02532,REST-TG15-056,REC-TG15-011,VOL-TG15-002,Mancherial,bread,38,17.97,64,73,99,98,59,79,75.06,MISSED,volunteer_unavailable,2026-07-15 16:00:00,SYNTHETIC_DEMO
RES-01369,DON-02815,REST-TG16-120,REC-TG16-017,VOL-TG16-005,Medak,vegetables,68,17.11,55,97,70,61,77,53,68.33,PARTIAL,,2026-08-19 09:00:00,SYNTHETIC_DEMO
RES-01370,DON-02814,REST-TG17-075,REC-TG17-003,VOL-TG17-003,Medchal-Malkajgiri,dal,73,34.15,68,66,98,69,63,84,58.46,RESCUED,,2026-07-28 03:00:00,SYNTHETIC_DEMO
RES-01371,DON-01508,REST-TG18-035,REC-TG18-018,VOL-TG18-001,Mulugu,fruits,39,4.01,14,89,62,88,72,98,82.54,PARTIAL,,2026-06-24 09:00:00,SYNTHETIC_DEMO
RES-01372,DON-02325,REST-TG19-099,REC-TG19-012,VOL-TG19-001,Nagarkurnool,sandwich,87,28.63,80,68,57,84,63,83,56.75,RESCUED,,2026-06-23 18:00:00,SYNTHETIC_DEMO
RES-01373,DON-00440,REST-TG20-098,REC-TG20-008,VOL-TG20-008,Nalgonda,roti,111,15.94,56,87,53,93,82,76,71.36,PARTIAL,,2026-04-12 14:00:00,SYNTHETIC_DEMO
RES-01374,DON-01515,REST-TG21-090,REC-TG21-020,VOL-TG21-010,Narayanpet,fruits,104,32.98,84,74,81,97,93,97,65.99,RESCUED,,2026-07-18 18:00:00,SYNTHETIC_DEMO
RES-01375,DON-02127,REST-TG22-141,REC-TG22-017,VOL-TG22-009,Nirmal,roti,93,4.42,10,94,50,68,98,81,78.74,RESCUED,,2026-04-20 13:00:00,SYNTHETIC_DEMO
RES-01376,DON-00376,REST-TG23-092,REC-TG23-005,VOL-TG23-006,Nizamabad,rice,13,32.08,81,89,85,89,95,53,65.04,MISSED,expired_before_pickup,2026-06-24 21:00:00,SYNTHETIC_DEMO
RES-01377,DON-00666,REST-TG24-006,REC-TG24-009,VOL-TG24-007,Peddapalli,sandwich,115,31.8,93,69,84,68,66,83,57.99,EXPIRED,traffic_delay,2026-05-06 14:00:00,SYNTHETIC_DEMO
RES-01378,DON-00026,REST-TG25-113,REC-TG25-016,VOL-TG25-002,Rajanna Sircilla,pulao,90,10.96,31,94,64,65,66,69,72.02,MISSED,recipient_capacity_full,2026-05-09 13:00:00,SYNTHETIC_DEMO
RES-01379,DON-01706,REST-TG26-136,REC-TG26-010,VOL-TG26-004,Rangareddy,dal,42,18.31,43,67,85,70,65,55,64.82,RESCUED,,2026-09-23 08:00:00,SYNTHETIC_DEMO
RES-01380,DON-00593,REST-TG27-134,REC-TG27-005,VOL-TG27-003,Sangareddy,bakery,97,24.76,60,95,80,79,68,69,67.86,MISSED,traffic_delay,2026-08-28 23:00:00,SYNTHETIC_DEMO
RES-01381,DON-02671,REST-TG28-086,REC-TG28-003,VOL-TG28-010,Siddipet,packaged_food,48,15.4,40,70,75,100,73,91,74.4,RESCUED,,2026-06-08 10:00:00,SYNTHETIC_DEMO
RES-01382,DON-00324,REST-TG29-032,REC-TG29-018,VOL-TG29-003,Suryapet,pulao,107,27.92,103,68,88,97,88,97,69.31,PARTIAL,,2026-05-24 05:00:00,SYNTHETIC_DEMO
RES-01383,DON-02918,REST-TG30-137,REC-TG30-019,VOL-TG30-005,Vikarabad,bread,86,14.45,31,71,70,60,57,96,67.18,MISSED,recipient_capacity_full,2026-07-09 21:00:00,SYNTHETIC_DEMO
RES-01384,DON-00231,REST-TG31-006,REC-TG31-008,VOL-TG31-005,Wanaparthy,rice,76,17.71,50,83,97,94,90,50,76.45,EXPIRED,expired_before_pickup,2026-05-29 09:00:00,SYNTHETIC_DEMO
RES-01385,DON-01618,REST-TG32-068,REC-TG32-018,VOL-TG32-003,Warangal,packaged_food,82,6.43,14,97,88,96,56,75,84.91,RESCUED,,2026-05-16 09:00:00,SYNTHETIC_DEMO
RES-01386,DON-00079,REST-TG33-060,REC-TG33-007,VOL-TG33-004,Yadadri Bhuvanagiri,vegetables,25,22.01,63,71,74,85,50,79,63.93,MISSED,recipient_capacity_full,2026-09-12 06:00:00,SYNTHETIC_DEMO
RES-01387,DON-01122,REST-TG01-057,REC-TG01-009,VOL-TG01-002,Adilabad,biryani,33,31.52,84,77,72,61,83,56,55.34,MISSED,expired_before_pickup,2026-08-27 05:00:00,SYNTHETIC_DEMO
RES-01388,DON-00192,REST-TG02-138,REC-TG02-019,VOL-TG02-008,Bhadradri Kothagudem,fruits,47,21.41,65,73,73,66,50,84,62.21,EXPIRED,recipient_capacity_full,2026-09-23 02:00:00,SYNTHETIC_DEMO
RES-01389,DON-01567,REST-TG03-119,REC-TG03-007,VOL-TG03-006,Hanumakonda,roti,72,18.25,52,91,98,93,53,80,77.01,RESCUED,,2026-06-17 11:00:00,SYNTHETIC_DEMO
RES-01390,DON-02632,REST-TG04-021,REC-TG04-018,VOL-TG04-001,Hyderabad,cooked_meal,49,13.59,27,82,96,92,51,94,79.19,MISSED,expired_before_pickup,2026-04-22 17:00:00,SYNTHETIC_DEMO
RES-01391,DON-02725,REST-TG05-023,REC-TG05-014,VOL-TG05-004,Jagtial,bread,46,9.71,24,66,76,63,100,54,71.31,EXPIRED,traffic_delay,2026-04-05 07:00:00,SYNTHETIC_DEMO
RES-01392,DON-00931,REST-TG06-103,REC-TG06-020,VOL-TG06-004,Jangaon,biryani,96,13.01,33,88,96,87,61,100,81.66,RESCUED,,2026-07-01 15:00:00,SYNTHETIC_DEMO
RES-01393,DON-00125,REST-TG07-113,REC-TG07-020,VOL-TG07-001,Jayashankar Bhupalpally,fruits,49,1.92,7,98,65,88,54,61,80.93,MISSED,recipient_capacity_full,2026-04-17 07:00:00,SYNTHETIC_DEMO
RES-01394,DON-00207,REST-TG08-093,REC-TG08-007,VOL-TG08-002,Jogulamba Gadwal,fruits,67,19.01,57,89,87,84,67,83,74.22,PARTIAL,,2026-05-16 22:00:00,SYNTHETIC_DEMO
RES-01395,DON-02750,REST-TG09-047,REC-TG09-017,VOL-TG09-004,Kamareddy,roti,10,21.47,68,91,83,75,84,92,73.31,EXPIRED,expired_before_pickup,2026-08-18 04:00:00,SYNTHETIC_DEMO
RES-01396,DON-02683,REST-TG10-025,REC-TG10-006,VOL-TG10-003,Karimnagar,dal,25,18.33,56,93,72,83,93,59,72.56,RESCUED,,2026-07-19 23:00:00,SYNTHETIC_DEMO
RES-01397,DON-01715,REST-TG11-014,REC-TG11-015,VOL-TG11-010,Khammam,bakery,23,4.71,10,100,70,60,80,88,81.44,PARTIAL,,2026-08-17 17:00:00,SYNTHETIC_DEMO
RES-01398,DON-01734,REST-TG12-092,REC-TG12-013,VOL-TG12-008,Kumuram Bheem,pulao,54,31.18,117,74,73,86,64,68,58.23,MISSED,volunteer_unavailable,2026-04-13 21:00:00,SYNTHETIC_DEMO
RES-01399,DON-01968,REST-TG13-076,REC-TG13-014,VOL-TG13-002,Mahabubabad,vegetables,113,25.99,100,98,60,78,77,59,63.34,PARTIAL,,2026-08-09 22:00:00,SYNTHETIC_DEMO
RES-01400,DON-02461,REST-TG14-045,REC-TG14-004,VOL-TG14-002,Mahabubnagar,fruits,52,6.9,24,87,74,97,100,58,82.62,RESCUED,,2026-04-10 09:00:00,SYNTHETIC_DEMO
RES-01401,DON-01377,REST-TG15-063,REC-TG15-001,VOL-TG15-007,Mancherial,biryani,86,3.78,14,67,64,66,53,67,70.4,EXPIRED,expired_before_pickup,2026-05-08 20:00:00,SYNTHETIC_DEMO
RES-01402,DON-02604,REST-TG16-117,REC-TG16-009,VOL-TG16-006,Medak,pulao,68,14.21,47,71,63,91,72,62,68.7,EXPIRED,expired_before_pickup,2026-04-26 13:00:00,SYNTHETIC_DEMO
RES-01403,DON-01957,REST-TG17-047,REC-TG17-008,VOL-TG17-005,Medchal-Malkajgiri,bakery,104,12.34,34,86,58,67,81,98,72.94,RESCUED,,2026-04-15 02:00:00,SYNTHETIC_DEMO
RES-01404,DON-02296,REST-TG18-033,REC-TG18-007,VOL-TG18-001,Mulugu,pulao,60,26.64,97,77,76,97,57,69,63.72,RESCUED,,2026-09-23 03:00:00,SYNTHETIC_DEMO
RES-01405,DON-02540,REST-TG19-018,REC-TG19-008,VOL-TG19-010,Nagarkurnool,bread,86,18.19,68,85,91,68,68,54,69.61,RESCUED,,2026-09-06 12:00:00,SYNTHETIC_DEMO
RES-01406,DON-01356,REST-TG20-035,REC-TG20-004,VOL-TG20-006,Nalgonda,packaged_food,75,22.41,75,98,66,96,63,93,71.79,EXPIRED,recipient_capacity_full,2026-09-21 07:00:00,SYNTHETIC_DEMO
RES-01407,DON-01105,REST-TG21-026,REC-TG21-018,VOL-TG21-004,Narayanpet,rice,65,31.55,84,88,69,65,76,85,59.71,EXPIRED,traffic_delay,2026-03-30 14:00:00,SYNTHETIC_DEMO
RES-01408,DON-00528,REST-TG22-039,REC-TG22-013,VOL-TG22-002,Nirmal,vegetables,47,14.37,55,80,85,87,99,58,76.49,EXPIRED,traffic_delay,2026-08-22 22:00:00,SYNTHETIC_DEMO
RES-01409,DON-02948,REST-TG23-150,REC-TG23-003,VOL-TG23-007,Nizamabad,dal,40,32.93,115,72,76,64,59,84,54.98,RESCUED,,2026-04-26 15:00:00,SYNTHETIC_DEMO
RES-01410,DON-01059,REST-TG24-075,REC-TG24-006,VOL-TG24-005,Peddapalli,fruits,105,3.83,10,84,57,72,95,92,79.96,MISSED,expired_before_pickup,2026-08-20 10:00:00,SYNTHETIC_DEMO
RES-01411,DON-02164,REST-TG25-053,REC-TG25-003,VOL-TG25-009,Rajanna Sircilla,sandwich,111,29.92,111,67,48,69,92,59,52.08,PARTIAL,,2026-05-21 15:00:00,SYNTHETIC_DEMO
RES-01412,DON-01257,REST-TG26-028,REC-TG26-020,VOL-TG26-008,Rangareddy,vegetables,120,15.34,55,87,58,98,61,85,72.34,EXPIRED,traffic_delay,2026-06-23 04:00:00,SYNTHETIC_DEMO
RES-01413,DON-00571,REST-TG27-132,REC-TG27-009,VOL-TG27-002,Sangareddy,bread,73,12.63,29,83,88,66,50,88,73.88,RESCUED,,2026-08-03 10:00:00,SYNTHETIC_DEMO
RES-01414,DON-00429,REST-TG28-143,REC-TG28-020,VOL-TG28-007,Siddipet,bread,76,3.16,8,70,47,64,84,62,70.34,RESCUED,,2026-07-17 11:00:00,SYNTHETIC_DEMO
RES-01415,DON-00986,REST-TG29-019,REC-TG29-017,VOL-TG29-009,Suryapet,dal,80,5.15,18,91,85,73,84,63,82.17,PARTIAL,,2026-06-01 14:00:00,SYNTHETIC_DEMO
RES-01416,DON-00742,REST-TG30-050,REC-TG30-001,VOL-TG30-003,Vikarabad,biryani,71,30.75,94,86,98,80,55,93,66.64,RESCUED,,2026-04-20 02:00:00,SYNTHETIC_DEMO
RES-01417,DON-00359,REST-TG31-116,REC-TG31-013,VOL-TG31-009,Wanaparthy,fruits,32,24.3,94,83,88,94,71,92,72.24,EXPIRED,volunteer_unavailable,2026-05-24 11:00:00,SYNTHETIC_DEMO
RES-01418,DON-01348,REST-TG32-116,REC-TG32-013,VOL-TG32-005,Warangal,bread,46,8.77,17,67,98,88,96,51,79.64,RESCUED,,2026-07-20 16:00:00,SYNTHETIC_DEMO
RES-01419,DON-00225,REST-TG33-128,REC-TG33-010,VOL-TG33-005,Yadadri Bhuvanagiri,pulao,112,31.62,117,96,45,90,98,64,60.31,MISSED,traffic_delay,2026-04-06 03:00:00,SYNTHETIC_DEMO
RES-01420,DON-02123,REST-TG01-139,REC-TG01-018,VOL-TG01-004,Adilabad,roti,59,27.44,87,79,67,81,93,74,63.45,PARTIAL,,2026-09-09 07:00:00,SYNTHETIC_DEMO
RES-01421,DON-01081,REST-TG02-038,REC-TG02-002,VOL-TG02-002,Bhadradri Kothagudem,packaged_food,60,13.31,31,71,46,97,63,83,68.04,RESCUED,,2026-04-04 05:00:00,SYNTHETIC_DEMO
RES-01422,DON-01014,REST-TG03-070,REC-TG03-006,VOL-TG03-001,Hanumakonda,vegetables,55,3.65,14,70,71,97,90,61,80.24,RESCUED,,2026-08-01 13:00:00,SYNTHETIC_DEMO
RES-01423,DON-01957,REST-TG04-071,REC-TG04-008,VOL-TG04-005,Hyderabad,rice,64,31.32,95,99,61,86,87,67,62.93,PARTIAL,,2026-07-29 00:00:00,SYNTHETIC_DEMO
RES-01424,DON-01361,REST-TG05-049,REC-TG05-001,VOL-TG05-007,Jagtial,biryani,63,18.5,39,72,76,70,75,57,65.09,RESCUED,,2026-05-21 06:00:00,SYNTHETIC_DEMO
RES-01425,DON-01904,REST-TG06-052,REC-TG06-017,VOL-TG06-003,Jangaon,dal,52,13.54,29,82,66,67,77,83,70.98,RESCUED,,2026-06-17 07:00:00,SYNTHETIC_DEMO
RES-01426,DON-01050,REST-TG07-086,REC-TG07-012,VOL-TG07-005,Jayashankar Bhupalpally,dal,89,34.79,108,81,80,60,59,67,53.95,EXPIRED,volunteer_unavailable,2026-08-02 02:00:00,SYNTHETIC_DEMO
RES-01427,DON-02630,REST-TG08-101,REC-TG08-002,VOL-TG08-010,Jogulamba Gadwal,sandwich,78,6.51,23,98,83,99,86,75,87.5,RESCUED,,2026-07-23 01:00:00,SYNTHETIC_DEMO
RES-01428,DON-01152,REST-TG09-011,REC-TG09-005,VOL-TG09-005,Kamareddy,sandwich,61,16.15,51,78,56,85,69,64,66.31,RESCUED,,2026-09-06 15:00:00,SYNTHETIC_DEMO
RES-01429,DON-01751,REST-TG10-104,REC-TG10-010,VOL-TG10-004,Karimnagar,cooked_meal,114,34.26,136,80,98,81,51,62,59.58,RESCUED,,2026-03-31 08:00:00,SYNTHETIC_DEMO
RES-01430,DON-00617,REST-TG11-012,REC-TG11-015,VOL-TG11-007,Khammam,roti,36,14.4,43,76,80,96,69,90,76.21,RESCUED,,2026-05-20 08:00:00,SYNTHETIC_DEMO
RES-01431,DON-02009,REST-TG12-022,REC-TG12-013,VOL-TG12-004,Kumuram Bheem,rice,89,19.18,70,70,91,68,60,77,67.4,EXPIRED,volunteer_unavailable,2026-05-08 19:00:00,SYNTHETIC_DEMO
RES-01432,DON-01000,REST-TG13-150,REC-TG13-005,VOL-TG13-005,Mahabubabad,bakery,40,7.86,20,89,68,61,50,64,71.34,PARTIAL,,2026-04-20 02:00:00,SYNTHETIC_DEMO
RES-01433,DON-01622,REST-TG14-058,REC-TG14-013,VOL-TG14-006,Mahabubnagar,roti,38,18.37,53,80,93,75,82,92,75.13,RESCUED,,2026-08-26 22:00:00,SYNTHETIC_DEMO
RES-01434,DON-02296,REST-TG15-136,REC-TG15-006,VOL-TG15-006,Mancherial,vegetables,90,10.48,31,94,75,76,93,58,77.81,RESCUED,,2026-06-27 18:00:00,SYNTHETIC_DEMO
RES-01435,DON-00387,REST-TG16-068,REC-TG16-002,VOL-TG16-009,Medak,pulao,106,29.14,96,71,45,89,69,86,56.24,EXPIRED,expired_before_pickup,2026-07-28 02:00:00,SYNTHETIC_DEMO
RES-01436,DON-01355,REST-TG17-045,REC-TG17-004,VOL-TG17-003,Medchal-Malkajgiri,sandwich,93,13.65,27,95,47,88,63,91,72.25,EXPIRED,recipient_capacity_full,2026-04-05 17:00:00,SYNTHETIC_DEMO
RES-01437,DON-00659,REST-TG18-016,REC-TG18-006,VOL-TG18-005,Mulugu,pulao,105,12.9,35,96,75,69,59,51,71.34,EXPIRED,traffic_delay,2026-06-21 13:00:00,SYNTHETIC_DEMO
RES-01438,DON-01930,REST-TG19-116,REC-TG19-005,VOL-TG19-004,Nagarkurnool,rice,19,8.92,25,92,58,89,95,95,80.98,EXPIRED,expired_before_pickup,2026-07-04 19:00:00,SYNTHETIC_DEMO
RES-01439,DON-01921,REST-TG20-082,REC-TG20-015,VOL-TG20-003,Nalgonda,pulao,107,7.01,20,85,52,89,55,92,75.44,EXPIRED,recipient_capacity_full,2026-03-30 01:00:00,SYNTHETIC_DEMO
RES-01440,DON-01077,REST-TG21-040,REC-TG21-001,VOL-TG21-002,Narayanpet,cooked_meal,46,26.34,103,96,76,68,66,94,66.79,MISSED,traffic_delay,2026-09-21 14:00:00,SYNTHETIC_DEMO
RES-01441,DON-02342,REST-TG22-110,REC-TG22-002,VOL-TG22-001,Nirmal,roti,39,31.46,70,70,92,60,88,56,58.33,RESCUED,,2026-04-03 20:00:00,SYNTHETIC_DEMO
RES-01442,DON-00795,REST-TG23-138,REC-TG23-002,VOL-TG23-005,Nizamabad,pulao,103,31.89,70,97,64,70,79,68,59.62,MISSED,expired_before_pickup,2026-06-05 19:00:00,SYNTHETIC_DEMO
RES-01443,DON-00789,REST-TG24-050,REC-TG24-019,VOL-TG24-004,Peddapalli,roti,69,20.58,54,72,83,88,75,64,68.4,RESCUED,,2026-07-06 02:00:00,SYNTHETIC_DEMO
RES-01444,DON-02401,REST-TG25-089,REC-TG25-003,VOL-TG25-008,Rajanna Sircilla,dal,84,34.38,74,92,94,84,76,62,64.04,PARTIAL,,2026-08-20 01:00:00,SYNTHETIC_DEMO
RES-01445,DON-01503,REST-TG26-047,REC-TG26-015,VOL-TG26-001,Rangareddy,rice,38,28.61,61,81,47,98,94,61,60.36,EXPIRED,recipient_capacity_full,2026-04-27 20:00:00,SYNTHETIC_DEMO
RES-01446,DON-00414,REST-TG27-141,REC-TG27-011,VOL-TG27-005,Sangareddy,dal,41,20.79,69,93,68,86,65,97,71.45,RESCUED,,2026-08-03 07:00:00,SYNTHETIC_DEMO
RES-01447,DON-02533,REST-TG28-133,REC-TG28-006,VOL-TG28-006,Siddipet,cooked_meal,51,26.47,80,67,55,71,95,79,58.54,EXPIRED,volunteer_unavailable,2026-08-27 07:00:00,SYNTHETIC_DEMO
RES-01448,DON-02195,REST-TG29-018,REC-TG29-002,VOL-TG29-009,Suryapet,roti,50,21.7,53,78,51,79,58,79,60.85,EXPIRED,volunteer_unavailable,2026-07-19 19:00:00,SYNTHETIC_DEMO
RES-01449,DON-00460,REST-TG30-059,REC-TG30-017,VOL-TG30-002,Vikarabad,cooked_meal,11,32.95,76,75,94,71,91,89,63.91,EXPIRED,traffic_delay,2026-05-06 00:00:00,SYNTHETIC_DEMO
RES-01450,DON-02260,REST-TG31-001,REC-TG31-006,VOL-TG31-001,Wanaparthy,fruits,85,11.2,44,69,77,78,96,61,73.6,PARTIAL,,2026-08-28 05:00:00,SYNTHETIC_DEMO
RES-01451,DON-02982,REST-TG32-028,REC-TG32-017,VOL-TG32-006,Warangal,fruits,43,4.43,15,81,68,74,58,66,75.14,PARTIAL,,2026-04-09 07:00:00,SYNTHETIC_DEMO
RES-01452,DON-02435,REST-TG33-031,REC-TG33-003,VOL-TG33-006,Yadadri Bhuvanagiri,rice,80,20.37,78,72,55,83,74,65,62.2,RESCUED,,2026-05-17 03:00:00,SYNTHETIC_DEMO
RES-01453,DON-02223,REST-TG01-077,REC-TG01-012,VOL-TG01-005,Adilabad,packaged_food,43,2.44,6,67,88,76,83,73,81.26,RESCUED,,2026-09-16 22:00:00,SYNTHETIC_DEMO
RES-01454,DON-01234,REST-TG02-028,REC-TG02-010,VOL-TG02-003,Bhadradri Kothagudem,biryani,116,33.85,96,76,69,69,50,100,55.17,PARTIAL,,2026-05-30 01:00:00,SYNTHETIC_DEMO
RES-01455,DON-00240,REST-TG03-138,REC-TG03-017,VOL-TG03-004,Hanumakonda,roti,91,21.62,75,72,67,86,69,54,62.56,RESCUED,,2026-09-01 03:00:00,SYNTHETIC_DEMO
RES-01456,DON-00443,REST-TG04-148,REC-TG04-016,VOL-TG04-003,Hyderabad,roti,44,23.13,84,78,63,97,86,85,68.33,RESCUED,,2026-07-24 01:00:00,SYNTHETIC_DEMO
RES-01457,DON-02288,REST-TG05-148,REC-TG05-002,VOL-TG05-008,Jagtial,bread,93,6.41,16,82,99,95,77,54,83.97,PARTIAL,,2026-06-12 12:00:00,SYNTHETIC_DEMO
RES-01458,DON-01250,REST-TG06-149,REC-TG06-001,VOL-TG06-004,Jangaon,roti,45,23.87,62,65,63,90,60,99,62.95,RESCUED,,2026-08-07 08:00:00,SYNTHETIC_DEMO
RES-01459,DON-02138,REST-TG07-108,REC-TG07-013,VOL-TG07-005,Jayashankar Bhupalpally,fruits,109,30.86,76,70,90,84,66,62,60.36,RESCUED,,2026-06-17 18:00:00,SYNTHETIC_DEMO
RES-01460,DON-02124,REST-TG08-120,REC-TG08-010,VOL-TG08-004,Jogulamba Gadwal,sandwich,52,1.45,5,73,82,96,67,89,84.96,MISSED,recipient_capacity_full,2026-04-23 08:00:00,SYNTHETIC_DEMO
RES-01461,DON-00589,REST-TG09-111,REC-TG09-019,VOL-TG09-010,Kamareddy,cooked_meal,112,15.23,37,94,65,63,88,62,70.37,RESCUED,,2026-06-02 13:00:00,SYNTHETIC_DEMO
RES-01462,DON-00210,REST-TG10-087,REC-TG10-001,VOL-TG10-005,Karimnagar,fruits,102,29.96,83,97,85,81,84,68,67.35,EXPIRED,expired_before_pickup,2026-05-13 09:00:00,SYNTHETIC_DEMO
RES-01463,DON-01807,REST-TG11-092,REC-TG11-018,VOL-TG11-004,Khammam,bakery,85,21.15,67,69,47,85,61,98,61.74,RESCUED,,2026-09-14 19:00:00,SYNTHETIC_DEMO
RES-01464,DON-01386,REST-TG12-008,REC-TG12-020,VOL-TG12-001,Kumuram Bheem,rice,25,18.97,69,78,53,85,84,72,66.0,RESCUED,,2026-08-20 04:00:00,SYNTHETIC_DEMO
RES-01465,DON-00434,REST-TG13-008,REC-TG13-002,VOL-TG13-010,Mahabubabad,bakery,36,24.76,69,87,73,61,75,76,63.56,MISSED,traffic_delay,2026-08-09 22:00:00,SYNTHETIC_DEMO
RES-01466,DON-02943,REST-TG14-111,REC-TG14-019,VOL-TG14-001,Mahabubnagar,cooked_meal,113,26.83,56,85,72,68,75,79,62.84,RESCUED,,2026-04-10 17:00:00,SYNTHETIC_DEMO
RES-01467,DON-01403,REST-TG15-092,REC-TG15-014,VOL-TG15-008,Mancherial,biryani,83,10.57,40,89,67,93,63,56,74.5,RESCUED,,2026-09-16 10:00:00,SYNTHETIC_DEMO
RES-01468,DON-01804,REST-TG16-039,REC-TG16-007,VOL-TG16-003,Medak,fruits,56,33.5,80,69,96,80,55,81,59.67,EXPIRED,volunteer_unavailable,2026-08-24 08:00:00,SYNTHETIC_DEMO
RES-01469,DON-01822,REST-TG17-140,REC-TG17-020,VOL-TG17-005,Medchal-Malkajgiri,cooked_meal,120,4.98,14,94,78,97,85,82,87.09,MISSED,volunteer_unavailable,2026-08-08 05:00:00,SYNTHETIC_DEMO
RES-01470,DON-00661,REST-TG18-111,REC-TG18-006,VOL-TG18-005,Mulugu,vegetables,69,7.03,17,67,80,68,63,55,71.38,PARTIAL,,2026-04-29 05:00:00,SYNTHETIC_DEMO
RES-01471,DON-00866,REST-TG19-054,REC-TG19-016,VOL-TG19-004,Nagarkurnool,pulao,58,26.52,75,65,91,85,76,69,64.51,MISSED,recipient_capacity_full,2026-06-02 16:00:00,SYNTHETIC_DEMO
RES-01472,DON-00733,REST-TG20-075,REC-TG20-003,VOL-TG20-001,Nalgonda,fruits,13,28.29,59,83,80,96,78,97,69.29,RESCUED,,2026-09-13 22:00:00,SYNTHETIC_DEMO
RES-01473,DON-00544,REST-TG21-084,REC-TG21-004,VOL-TG21-001,Narayanpet,rice,99,18.11,58,73,68,67,85,97,68.51,MISSED,expired_before_pickup,2026-06-09 11:00:00,SYNTHETIC_DEMO
RES-01474,DON-02824,REST-TG22-125,REC-TG22-003,VOL-TG22-005,Nirmal,fruits,71,1.83,6,88,49,99,53,50,76.24,RESCUED,,2026-08-20 08:00:00,SYNTHETIC_DEMO
RES-01475,DON-02903,REST-TG23-145,REC-TG23-006,VOL-TG23-005,Nizamabad,packaged_food,36,31.6,125,95,58,63,83,61,56.88,MISSED,recipient_capacity_full,2026-07-22 19:00:00,SYNTHETIC_DEMO
RES-01476,DON-01435,REST-TG24-007,REC-TG24-011,VOL-TG24-006,Peddapalli,vegetables,69,16.91,36,88,84,93,70,94,77.67,RESCUED,,2026-06-21 16:00:00,SYNTHETIC_DEMO
RES-01477,DON-00937,REST-TG25-011,REC-TG25-010,VOL-TG25-006,Rajanna Sircilla,roti,87,15.57,45,68,83,100,61,52,70.38,RESCUED,,2026-07-03 17:00:00,SYNTHETIC_DEMO
RES-01478,DON-01593,REST-TG26-135,REC-TG26-013,VOL-TG26-009,Rangareddy,cooked_meal,89,19.06,49,75,95,82,78,85,73.99,RESCUED,,2026-05-29 11:00:00,SYNTHETIC_DEMO
RES-01479,DON-00930,REST-TG27-063,REC-TG27-020,VOL-TG27-004,Sangareddy,biryani,22,17.56,63,99,50,82,67,85,69.76,PARTIAL,,2026-08-28 07:00:00,SYNTHETIC_DEMO
RES-01480,DON-01955,REST-TG28-064,REC-TG28-004,VOL-TG28-001,Siddipet,dal,27,19.26,62,66,55,86,72,58,61.34,PARTIAL,,2026-08-06 16:00:00,SYNTHETIC_DEMO
RES-01481,DON-01582,REST-TG29-107,REC-TG29-009,VOL-TG29-003,Suryapet,bread,11,13.3,36,80,49,89,83,100,72.95,RESCUED,,2026-06-04 14:00:00,SYNTHETIC_DEMO
RES-01482,DON-00034,REST-TG30-106,REC-TG30-014,VOL-TG30-003,Vikarabad,bakery,14,27.21,87,81,49,76,79,98,60.66,RESCUED,,2026-09-04 01:00:00,SYNTHETIC_DEMO
RES-01483,DON-01032,REST-TG31-003,REC-TG31-014,VOL-TG31-008,Wanaparthy,biryani,51,22.97,52,68,79,95,80,65,66.74,MISSED,traffic_delay,2026-07-02 22:00:00,SYNTHETIC_DEMO
RES-01484,DON-01815,REST-TG32-055,REC-TG32-005,VOL-TG32-008,Warangal,cooked_meal,16,18.81,54,93,70,76,83,58,69.66,EXPIRED,recipient_capacity_full,2026-07-01 04:00:00,SYNTHETIC_DEMO
RES-01485,DON-00821,REST-TG33-123,REC-TG33-008,VOL-TG33-001,Yadadri Bhuvanagiri,vegetables,23,16.68,36,78,85,65,61,64,67.94,RESCUED,,2026-08-16 18:00:00,SYNTHETIC_DEMO
RES-01486,DON-01821,REST-TG01-129,REC-TG01-016,VOL-TG01-007,Adilabad,biryani,82,13.59,28,87,66,69,52,78,69.24,RESCUED,,2026-06-15 21:00:00,SYNTHETIC_DEMO
RES-01487,DON-01066,REST-TG02-136,REC-TG02-020,VOL-TG02-005,Bhadradri Kothagudem,bread,41,29.8,103,82,75,65,82,98,62.86,RESCUED,,2026-07-03 01:00:00,SYNTHETIC_DEMO
RES-01488,DON-00871,REST-TG03-044,REC-TG03-020,VOL-TG03-002,Hanumakonda,pulao,105,2.88,9,84,96,64,96,58,83.94,RESCUED,,2026-06-28 16:00:00,SYNTHETIC_DEMO
RES-01489,DON-02093,REST-TG04-037,REC-TG04-006,VOL-TG04-008,Hyderabad,dal,39,7.97,22,84,97,100,93,90,88.81,RESCUED,,2026-04-04 16:00:00,SYNTHETIC_DEMO
RES-01490,DON-00116,REST-TG05-084,REC-TG05-002,VOL-TG05-002,Jagtial,fruits,116,21.27,49,100,60,99,84,77,72.76,RESCUED,,2026-04-27 21:00:00,SYNTHETIC_DEMO
RES-01491,DON-00285,REST-TG06-058,REC-TG06-001,VOL-TG06-008,Jangaon,dal,20,33.09,104,98,96,100,93,57,70.16,PARTIAL,,2026-04-13 12:00:00,SYNTHETIC_DEMO
RES-01492,DON-02300,REST-TG07-007,REC-TG07-016,VOL-TG07-006,Jayashankar Bhupalpally,vegetables,80,32.93,101,95,66,91,52,67,59.23,RESCUED,,2026-09-17 13:00:00,SYNTHETIC_DEMO
RES-01493,DON-01100,REST-TG08-001,REC-TG08-007,VOL-TG08-003,Jogulamba Gadwal,dal,65,31.06,98,74,96,76,70,98,65.01,RESCUED,,2026-07-23 10:00:00,SYNTHETIC_DEMO
RES-01494,DON-02582,REST-TG09-101,REC-TG09-011,VOL-TG09-009,Kamareddy,roti,62,25.48,72,81,84,73,71,50,62.85,MISSED,recipient_capacity_full,2026-04-10 04:00:00,SYNTHETIC_DEMO
RES-01495,DON-02498,REST-TG10-113,REC-TG10-010,VOL-TG10-003,Karimnagar,roti,107,13.16,37,83,86,66,77,83,75.3,PARTIAL,,2026-09-01 22:00:00,SYNTHETIC_DEMO
RES-01496,DON-00480,REST-TG11-132,REC-TG11-002,VOL-TG11-007,Khammam,rice,83,23.38,56,98,58,63,87,97,67.35,RESCUED,,2026-09-04 23:00:00,SYNTHETIC_DEMO
RES-01497,DON-02692,REST-TG12-016,REC-TG12-016,VOL-TG12-003,Kumuram Bheem,sandwich,115,31.66,123,84,59,77,76,78,57.94,EXPIRED,expired_before_pickup,2026-06-30 07:00:00,SYNTHETIC_DEMO
RES-01498,DON-02754,REST-TG13-122,REC-TG13-014,VOL-TG13-005,Mahabubabad,pulao,35,13.74,41,99,89,78,51,73,76.89,PARTIAL,,2026-07-27 12:00:00,SYNTHETIC_DEMO
RES-01499,DON-00707,REST-TG14-097,REC-TG14-019,VOL-TG14-001,Mahabubnagar,pulao,83,24.97,56,100,82,76,80,62,69.16,RESCUED,,2026-09-22 19:00:00,SYNTHETIC_DEMO
RES-01500,DON-01795,REST-TG15-005,REC-TG15-020,VOL-TG15-010,Mancherial,bread,82,10.23,37,69,75,85,92,78,76.24,MISSED,traffic_delay,2026-08-04 18:00:00,SYNTHETIC_DEMO
RES-01501,DON-01275,REST-TG16-103,REC-TG16-020,VOL-TG16-009,Medak,sandwich,21,33.93,116,87,94,93,95,90,69.41,RESCUED,,2026-07-11 17:00:00,SYNTHETIC_DEMO
RES-01502,DON-02278,REST-TG17-084,REC-TG17-019,VOL-TG17-002,Medchal-Malkajgiri,fruits,35,10.03,36,95,57,70,69,82,73.84,MISSED,recipient_capacity_full,2026-04-18 11:00:00,SYNTHETIC_DEMO
RES-01503,DON-01236,REST-TG18-111,REC-TG18-005,VOL-TG18-003,Mulugu,rice,22,24.5,49,100,60,90,52,82,66.4,RESCUED,,2026-09-10 06:00:00,SYNTHETIC_DEMO
RES-01504,DON-01784,REST-TG19-122,REC-TG19-011,VOL-TG19-007,Nagarkurnool,rice,120,12.27,37,88,49,81,83,80,72.09,EXPIRED,traffic_delay,2026-04-03 19:00:00,SYNTHETIC_DEMO
RES-01505,DON-01006,REST-TG20-100,REC-TG20-011,VOL-TG20-006,Nalgonda,vegetables,77,15.22,42,67,69,65,55,86,65.18,RESCUED,,2026-05-31 05:00:00,SYNTHETIC_DEMO
RES-01506,DON-00887,REST-TG21-117,REC-TG21-016,VOL-TG21-002,Narayanpet,rice,18,28.62,78,91,79,92,73,72,66.86,RESCUED,,2026-07-28 06:00:00,SYNTHETIC_DEMO
RES-01507,DON-01847,REST-TG22-124,REC-TG22-008,VOL-TG22-002,Nirmal,cooked_meal,40,34.84,134,70,84,89,72,88,60.26,RESCUED,,2026-04-30 12:00:00,SYNTHETIC_DEMO
RES-01508,DON-02554,REST-TG23-053,REC-TG23-016,VOL-TG23-007,Nizamabad,vegetables,102,9.53,35,86,89,75,92,74,81.04,MISSED,volunteer_unavailable,2026-05-14 07:00:00,SYNTHETIC_DEMO
RES-01509,DON-02921,REST-TG24-021,REC-TG24-019,VOL-TG24-010,Peddapalli,cooked_meal,99,34.44,116,96,86,98,87,63,66.5,RESCUED,,2026-06-10 23:00:00,SYNTHETIC_DEMO
RES-01510,DON-01187,REST-TG25-123,REC-TG25-020,VOL-TG25-009,Rajanna Sircilla,fruits,119,28.68,64,83,67,81,72,75,61.36,EXPIRED,volunteer_unavailable,2026-08-05 12:00:00,SYNTHETIC_DEMO
RES-01511,DON-01588,REST-TG26-092,REC-TG26-015,VOL-TG26-004,Rangareddy,fruits,61,5.47,14,94,60,87,97,96,84.24,EXPIRED,expired_before_pickup,2026-06-14 22:00:00,SYNTHETIC_DEMO
RES-01512,DON-00436,REST-TG27-021,REC-TG27-020,VOL-TG27-005,Sangareddy,bakery,27,9.48,21,84,83,97,84,82,82.78,MISSED,recipient_capacity_full,2026-09-19 04:00:00,SYNTHETIC_DEMO
RES-01513,DON-02192,REST-TG28-028,REC-TG28-001,VOL-TG28-009,Siddipet,bakery,14,32.69,70,70,98,86,87,78,64.65,RESCUED,,2026-07-09 06:00:00,SYNTHETIC_DEMO
RES-01514,DON-02361,REST-TG29-057,REC-TG29-015,VOL-TG29-001,Suryapet,roti,117,23.78,51,97,75,60,79,97,69.01,RESCUED,,2026-06-19 03:00:00,SYNTHETIC_DEMO
RES-01515,DON-02461,REST-TG30-080,REC-TG30-015,VOL-TG30-007,Vikarabad,rice,93,24.36,81,82,88,90,67,89,70.7,RESCUED,,2026-05-07 07:00:00,SYNTHETIC_DEMO
RES-01516,DON-01686,REST-TG31-145,REC-TG31-020,VOL-TG31-007,Wanaparthy,rice,34,26.52,59,95,74,76,78,70,66.06,RESCUED,,2026-07-31 07:00:00,SYNTHETIC_DEMO
RES-01517,DON-02740,REST-TG32-063,REC-TG32-016,VOL-TG32-004,Warangal,roti,57,27.28,100,67,50,88,63,61,54.51,PARTIAL,,2026-08-28 20:00:00,SYNTHETIC_DEMO
RES-01518,DON-00552,REST-TG33-009,REC-TG33-005,VOL-TG33-001,Yadadri Bhuvanagiri,bread,108,7.03,19,65,48,84,50,89,69.08,EXPIRED,expired_before_pickup,2026-04-02 13:00:00,SYNTHETIC_DEMO
RES-01519,DON-00339,REST-TG01-092,REC-TG01-008,VOL-TG01-002,Adilabad,bread,102,5.49,18,95,98,88,77,89,89.48,PARTIAL,,2026-05-31 07:00:00,SYNTHETIC_DEMO
RES-01520,DON-02081,REST-TG02-005,REC-TG02-004,VOL-TG02-009,Bhadradri Kothagudem,roti,115,18.15,59,77,47,95,79,96,68.59,RESCUED,,2026-08-19 11:00:00,SYNTHETIC_DEMO
RES-01521,DON-00241,REST-TG03-062,REC-TG03-013,VOL-TG03-007,Hanumakonda,packaged_food,41,15.7,52,66,65,66,68,65,63.19,MISSED,recipient_capacity_full,2026-09-07 22:00:00,SYNTHETIC_DEMO
RES-01522,DON-02681,REST-TG04-117,REC-TG04-013,VOL-TG04-001,Hyderabad,cooked_meal,104,29.78,84,97,69,91,79,51,63.58,MISSED,volunteer_unavailable,2026-07-05 17:00:00,SYNTHETIC_DEMO
RES-01523,DON-01479,REST-TG05-063,REC-TG05-018,VOL-TG05-009,Jagtial,roti,76,19.1,56,97,81,68,69,73,71.36,PARTIAL,,2026-06-29 22:00:00,SYNTHETIC_DEMO
RES-01524,DON-02832,REST-TG06-108,REC-TG06-012,VOL-TG06-006,Jangaon,vegetables,109,30.01,116,96,75,74,96,60,64.46,RESCUED,,2026-07-12 21:00:00,SYNTHETIC_DEMO
RES-01525,DON-01629,REST-TG07-008,REC-TG07-002,VOL-TG07-009,Jayashankar Bhupalpally,cooked_meal,117,7.7,19,68,82,82,50,76,74.4,RESCUED,,2026-07-03 13:00:00,SYNTHETIC_DEMO
RES-01526,DON-01886,REST-TG08-043,REC-TG08-002,VOL-TG08-006,Jogulamba Gadwal,packaged_food,29,31.28,89,71,51,74,99,77,55.76,RESCUED,,2026-08-31 18:00:00,SYNTHETIC_DEMO
RES-01527,DON-01582,REST-TG09-043,REC-TG09-004,VOL-TG09-006,Kamareddy,packaged_food,50,12.94,40,78,99,88,83,90,81.66,MISSED,volunteer_unavailable,2026-07-06 18:00:00,SYNTHETIC_DEMO
RES-01528,DON-02415,REST-TG10-112,REC-TG10-017,VOL-TG10-005,Karimnagar,sandwich,33,15.92,45,75,84,85,76,65,72.28,EXPIRED,expired_before_pickup,2026-09-21 20:00:00,SYNTHETIC_DEMO
RES-01529,DON-00091,REST-TG11-102,REC-TG11-009,VOL-TG11-008,Khammam,dal,64,10.35,23,72,91,87,100,66,79.86,MISSED,volunteer_unavailable,2026-05-19 11:00:00,SYNTHETIC_DEMO
RES-01530,DON-02238,REST-TG12-104,REC-TG12-012,VOL-TG12-003,Kumuram Bheem,vegetables,32,29.95,113,88,82,88,91,93,69.21,RESCUED,,2026-08-31 10:00:00,SYNTHETIC_DEMO
RES-01531,DON-01803,REST-TG13-135,REC-TG13-007,VOL-TG13-002,Mahabubabad,fruits,16,19.52,41,77,56,82,73,99,67.16,EXPIRED,expired_before_pickup,2026-09-03 12:00:00,SYNTHETIC_DEMO
RES-01532,DON-00773,REST-TG14-042,REC-TG14-007,VOL-TG14-006,Mahabubnagar,packaged_food,100,18.98,65,89,68,84,71,54,67.94,MISSED,recipient_capacity_full,2026-07-15 10:00:00,SYNTHETIC_DEMO
RES-01533,DON-00563,REST-TG15-045,REC-TG15-004,VOL-TG15-002,Mancherial,pulao,34,5.69,22,75,57,74,67,59,71.04,RESCUED,,2026-04-30 19:00:00,SYNTHETIC_DEMO
RES-01534,DON-02280,REST-TG16-003,REC-TG16-004,VOL-TG16-010,Medak,roti,55,27.48,95,79,91,99,87,55,68.42,EXPIRED,expired_before_pickup,2026-06-30 12:00:00,SYNTHETIC_DEMO
RES-01535,DON-02611,REST-TG17-105,REC-TG17-003,VOL-TG17-008,Medchal-Malkajgiri,bread,67,0.99,5,85,56,78,88,89,81.89,PARTIAL,,2026-06-07 23:00:00,SYNTHETIC_DEMO
RES-01536,DON-00186,REST-TG18-068,REC-TG18-001,VOL-TG18-004,Mulugu,fruits,38,10.92,30,77,71,88,62,60,72.2,RESCUED,,2026-08-10 18:00:00,SYNTHETIC_DEMO
RES-01537,DON-02945,REST-TG19-111,REC-TG19-011,VOL-TG19-001,Nagarkurnool,dal,59,30.92,79,85,74,67,87,50,58.46,RESCUED,,2026-04-23 14:00:00,SYNTHETIC_DEMO
RES-01538,DON-01901,REST-TG20-130,REC-TG20-016,VOL-TG20-007,Nalgonda,roti,111,30.19,78,100,92,83,83,99,72.49,PARTIAL,,2026-06-07 06:00:00,SYNTHETIC_DEMO
RES-01539,DON-02944,REST-TG21-009,REC-TG21-019,VOL-TG21-009,Narayanpet,biryani,100,20.88,55,89,99,70,58,82,72.19,PARTIAL,,2026-04-27 06:00:00,SYNTHETIC_DEMO
RES-01540,DON-01893,REST-TG22-085,REC-TG22-008,VOL-TG22-001,Nirmal,packaged_food,43,20.92,80,65,50,99,93,80,65.21,RESCUED,,2026-08-11 23:00:00,SYNTHETIC_DEMO
RES-01541,DON-00130,REST-TG23-137,REC-TG23-004,VOL-TG23-008,Nizamabad,rice,119,29.35,62,66,63,87,97,72,59.79,EXPIRED,traffic_delay,2026-07-20 17:00:00,SYNTHETIC_DEMO
RES-01542,DON-01151,REST-TG24-090,REC-TG24-017,VOL-TG24-007,Peddapalli,bakery,35,20.27,58,76,92,78,88,52,69.82,MISSED,expired_before_pickup,2026-08-10 08:00:00,SYNTHETIC_DEMO
RES-01543,DON-01150,REST-TG25-042,REC-TG25-004,VOL-TG25-002,Rajanna Sircilla,dal,31,26.12,74,75,79,99,97,52,66.89,RESCUED,,2026-07-01 07:00:00,SYNTHETIC_DEMO
RES-01544,DON-01823,REST-TG26-127,REC-TG26-006,VOL-TG26-007,Rangareddy,packaged_food,89,21.21,45,87,67,92,56,91,69.15,EXPIRED,recipient_capacity_full,2026-08-21 11:00:00,SYNTHETIC_DEMO
RES-01545,DON-00310,REST-TG27-040,REC-TG27-017,VOL-TG27-003,Sangareddy,bakery,81,4.72,18,65,94,73,65,74,78.28,MISSED,volunteer_unavailable,2026-09-15 20:00:00,SYNTHETIC_DEMO
RES-01546,DON-00225,REST-TG28-117,REC-TG28-001,VOL-TG28-002,Siddipet,pulao,30,23.34,91,68,93,61,74,51,62.18,MISSED,volunteer_unavailable,2026-06-23 16:00:00,SYNTHETIC_DEMO
RES-01547,DON-00562,REST-TG29-143,REC-TG29-002,VOL-TG29-005,Suryapet,packaged_food,107,14.98,59,68,71,72,97,81,70.7,PARTIAL,,2026-08-07 00:00:00,SYNTHETIC_DEMO
RES-01548,DON-02328,REST-TG30-136,REC-TG30-006,VOL-TG30-005,Vikarabad,rice,26,23.38,75,68,72,79,75,65,62.15,RESCUED,,2026-07-23 16:00:00,SYNTHETIC_DEMO
RES-01549,DON-02240,REST-TG31-047,REC-TG31-013,VOL-TG31-003,Wanaparthy,cooked_meal,91,25.64,53,74,63,81,79,59,60.04,MISSED,traffic_delay,2026-08-17 01:00:00,SYNTHETIC_DEMO
RES-01550,DON-01756,REST-TG32-146,REC-TG32-004,VOL-TG32-008,Warangal,bread,18,27.81,105,97,79,74,70,58,64.24,PARTIAL,,2026-07-14 09:00:00,SYNTHETIC_DEMO
RES-01551,DON-00918,REST-TG33-050,REC-TG33-014,VOL-TG33-009,Yadadri Bhuvanagiri,packaged_food,73,11.76,30,81,57,70,54,85,68.6,RESCUED,,2026-05-20 03:00:00,SYNTHETIC_DEMO
RES-01552,DON-02346,REST-TG01-037,REC-TG01-002,VOL-TG01-005,Adilabad,pulao,75,33.44,76,97,85,73,60,90,63.46,PARTIAL,,2026-04-23 12:00:00,SYNTHETIC_DEMO
RES-01553,DON-00683,REST-TG02-048,REC-TG02-003,VOL-TG02-009,Bhadradri Kothagudem,roti,32,7.71,23,97,62,78,89,68,78.69,MISSED,recipient_capacity_full,2026-05-05 18:00:00,SYNTHETIC_DEMO
RES-01554,DON-01239,REST-TG03-035,REC-TG03-012,VOL-TG03-006,Hanumakonda,pulao,102,9.67,37,97,97,61,84,62,80.64,RESCUED,,2026-05-21 09:00:00,SYNTHETIC_DEMO
RES-01555,DON-01668,REST-TG04-083,REC-TG04-002,VOL-TG04-009,Hyderabad,bakery,34,3.04,8,81,66,97,68,84,81.98,MISSED,traffic_delay,2026-07-15 18:00:00,SYNTHETIC_DEMO
RES-01556,DON-00725,REST-TG05-099,REC-TG05-015,VOL-TG05-002,Jagtial,pulao,114,28.72,104,84,83,95,50,76,64.74,PARTIAL,,2026-08-05 04:00:00,SYNTHETIC_DEMO
RES-01557,DON-00599,REST-TG06-056,REC-TG06-014,VOL-TG06-002,Jangaon,vegetables,113,1.47,5,72,83,82,83,56,81.15,EXPIRED,traffic_delay,2026-06-05 18:00:00,SYNTHETIC_DEMO
RES-01558,DON-02386,REST-TG07-018,REC-TG07-019,VOL-TG07-002,Jayashankar Bhupalpally,pulao,90,2.51,5,84,59,84,64,67,77.51,RESCUED,,2026-04-29 13:00:00,SYNTHETIC_DEMO
RES-01559,DON-00741,REST-TG08-020,REC-TG08-017,VOL-TG08-005,Jogulamba Gadwal,bread,27,6.93,22,94,58,93,94,87,82.5,RESCUED,,2026-06-29 04:00:00,SYNTHETIC_DEMO
RES-01560,DON-02917,REST-TG09-042,REC-TG09-016,VOL-TG09-002,Kamareddy,biryani,69,12.33,40,90,51,63,64,88,69.04,EXPIRED,traffic_delay,2026-09-19 09:00:00,SYNTHETIC_DEMO
RES-01561,DON-02205,REST-TG10-015,REC-TG10-005,VOL-TG10-004,Karimnagar,fruits,98,8.33,18,93,68,93,80,92,82.4,EXPIRED,expired_before_pickup,2026-04-01 21:00:00,SYNTHETIC_DEMO
RES-01562,DON-02003,REST-TG11-129,REC-TG11-015,VOL-TG11-008,Khammam,roti,114,33.27,111,80,92,95,59,80,63.79,EXPIRED,traffic_delay,2026-05-06 23:00:00,SYNTHETIC_DEMO
RES-01563,DON-01795,REST-TG12-043,REC-TG12-018,VOL-TG12-001,Kumuram Bheem,cooked_meal,90,22.95,83,85,85,90,81,80,72.21,RESCUED,,2026-05-18 19:00:00,SYNTHETIC_DEMO
RES-01564,DON-01979,REST-TG13-054,REC-TG13-016,VOL-TG13-004,Mahabubabad,sandwich,40,29.45,71,85,45,81,62,56,53.91,RESCUED,,2026-06-17 16:00:00,SYNTHETIC_DEMO
RES-01565,DON-01527,REST-TG14-109,REC-TG14-015,VOL-TG14-007,Mahabubnagar,fruits,10,22.64,86,77,72,89,67,51,63.78,PARTIAL,,2026-06-10 10:00:00,SYNTHETIC_DEMO
RES-01566,DON-02557,REST-TG15-032,REC-TG15-006,VOL-TG15-006,Mancherial,rice,60,30.68,66,97,46,80,59,81,57.69,RESCUED,,2026-06-09 18:00:00,SYNTHETIC_DEMO
RES-01567,DON-00177,REST-TG16-106,REC-TG16-005,VOL-TG16-002,Medak,rice,13,9.54,37,81,77,73,65,52,72.44,RESCUED,,2026-07-16 07:00:00,SYNTHETIC_DEMO
RES-01568,DON-02976,REST-TG17-043,REC-TG17-009,VOL-TG17-001,Medchal-Malkajgiri,bakery,109,19.95,56,67,69,84,52,100,65.75,RESCUED,,2026-05-25 18:00:00,SYNTHETIC_DEMO
RES-01569,DON-02591,REST-TG18-091,REC-TG18-012,VOL-TG18-010,Mulugu,packaged_food,118,27.4,87,78,67,68,83,71,60.03,RESCUED,,2026-05-21 04:00:00,SYNTHETIC_DEMO
RES-01570,DON-00309,REST-TG19-069,REC-TG19-019,VOL-TG19-003,Nagarkurnool,packaged_food,48,10.84,34,82,68,64,79,80,72.76,MISSED,traffic_delay,2026-05-20 14:00:00,SYNTHETIC_DEMO
RES-01571,DON-00544,REST-TG20-057,REC-TG20-002,VOL-TG20-006,Nalgonda,packaged_food,37,25.6,88,66,63,68,76,85,58.81,PARTIAL,,2026-06-21 12:00:00,SYNTHETIC_DEMO
RES-01572,DON-00293,REST-TG21-025,REC-TG21-017,VOL-TG21-008,Narayanpet,biryani,102,33.64,89,90,64,76,61,56,54.87,EXPIRED,recipient_capacity_full,2026-07-31 07:00:00,SYNTHETIC_DEMO
RES-01573,DON-00166,REST-TG22-076,REC-TG22-013,VOL-TG22-006,Nirmal,sandwich,64,16.24,43,92,60,96,60,73,71.5,PARTIAL,,2026-06-02 09:00:00,SYNTHETIC_DEMO
RES-01574,DON-01840,REST-TG23-065,REC-TG23-017,VOL-TG23-008,Nizamabad,rice,87,23.98,61,77,54,79,56,61,57.62,RESCUED,,2026-09-21 04:00:00,SYNTHETIC_DEMO
RES-01575,DON-00365,REST-TG24-013,REC-TG24-016,VOL-TG24-002,Peddapalli,biryani,106,11.77,31,92,88,83,56,74,78.04,RESCUED,,2026-04-29 20:00:00,SYNTHETIC_DEMO
RES-01576,DON-02136,REST-TG25-094,REC-TG25-008,VOL-TG25-008,Rajanna Sircilla,sandwich,59,6.44,22,92,50,87,53,100,77.15,RESCUED,,2026-05-29 02:00:00,SYNTHETIC_DEMO
RES-01577,DON-00932,REST-TG26-108,REC-TG26-001,VOL-TG26-007,Rangareddy,biryani,44,16.77,61,91,80,71,64,99,74.17,MISSED,expired_before_pickup,2026-08-30 14:00:00,SYNTHETIC_DEMO
RES-01578,DON-02979,REST-TG27-067,REC-TG27-020,VOL-TG27-006,Sangareddy,biryani,26,15.77,60,83,58,60,61,58,62.84,RESCUED,,2026-05-12 06:00:00,SYNTHETIC_DEMO
RES-01579,DON-01109,REST-TG28-002,REC-TG28-020,VOL-TG28-007,Siddipet,dal,95,14.09,34,83,77,77,76,84,74.49,RESCUED,,2026-09-23 21:00:00,SYNTHETIC_DEMO
RES-01580,DON-00099,REST-TG29-083,REC-TG29-005,VOL-TG29-006,Suryapet,dal,86,20.44,80,91,87,92,67,99,76.4,EXPIRED,expired_before_pickup,2026-07-10 07:00:00,SYNTHETIC_DEMO
RES-01581,DON-00811,REST-TG30-061,REC-TG30-009,VOL-TG30-010,Vikarabad,roti,63,6.44,18,96,71,62,58,85,77.4,PARTIAL,,2026-08-22 19:00:00,SYNTHETIC_DEMO
RES-01582,DON-00718,REST-TG31-053,REC-TG31-006,VOL-TG31-009,Wanaparthy,dal,88,20.53,59,65,76,62,92,65,63.54,MISSED,volunteer_unavailable,2026-05-15 21:00:00,SYNTHETIC_DEMO
RES-01583,DON-01583,REST-TG32-048,REC-TG32-014,VOL-TG32-001,Warangal,bread,57,9.81,38,67,88,88,71,96,78.89,MISSED,traffic_delay,2026-06-15 12:00:00,SYNTHETIC_DEMO
RES-01584,DON-01728,REST-TG33-106,REC-TG33-013,VOL-TG33-007,Yadadri Bhuvanagiri,fruits,35,14.47,49,77,58,96,83,95,73.86,EXPIRED,volunteer_unavailable,2026-05-21 15:00:00,SYNTHETIC_DEMO
RES-01585,DON-02506,REST-TG01-122,REC-TG01-015,VOL-TG01-003,Adilabad,pulao,77,4.52,17,69,60,62,61,92,72.17,RESCUED,,2026-05-10 00:00:00,SYNTHETIC_DEMO
RES-01586,DON-00747,REST-TG02-030,REC-TG02-015,VOL-TG02-005,Bhadradri Kothagudem,dal,102,23.21,73,90,100,95,65,95,76.67,RESCUED,,2026-06-21 03:00:00,SYNTHETIC_DEMO
RES-01587,DON-01347,REST-TG03-079,REC-TG03-010,VOL-TG03-007,Hanumakonda,cooked_meal,15,33.68,68,79,90,63,85,71,59.79,EXPIRED,recipient_capacity_full,2026-07-17 04:00:00,SYNTHETIC_DEMO
RES-01588,DON-01943,REST-TG04-105,REC-TG04-002,VOL-TG04-003,Hyderabad,sandwich,94,4.44,15,92,71,72,76,68,79.63,RESCUED,,2026-04-13 18:00:00,SYNTHETIC_DEMO
RES-01589,DON-02780,REST-TG05-061,REC-TG05-008,VOL-TG05-010,Jagtial,rice,62,9.38,19,68,66,81,65,87,72.45,RESCUED,,2026-09-19 20:00:00,SYNTHETIC_DEMO
RES-01590,DON-01443,REST-TG06-084,REC-TG06-018,VOL-TG06-001,Jangaon,roti,36,18.27,69,76,98,68,75,89,73.35,RESCUED,,2026-04-23 17:00:00,SYNTHETIC_DEMO
RES-01591,DON-02886,REST-TG07-076,REC-TG07-013,VOL-TG07-007,Jayashankar Bhupalpally,bakery,14,12.57,30,79,82,69,54,81,72.07,MISSED,traffic_delay,2026-07-18 17:00:00,SYNTHETIC_DEMO
RES-01592,DON-00053,REST-TG08-142,REC-TG08-018,VOL-TG08-005,Jogulamba Gadwal,cooked_meal,86,7.94,17,93,50,73,93,92,77.38,RESCUED,,2026-05-07 13:00:00,SYNTHETIC_DEMO
RES-01593,DON-01777,REST-TG09-024,REC-TG09-016,VOL-TG09-007,Kamareddy,dal,50,30.69,71,89,57,85,57,52,55.93,RESCUED,,2026-05-29 09:00:00,SYNTHETIC_DEMO
RES-01594,DON-02789,REST-TG10-065,REC-TG10-020,VOL-TG10-010,Karimnagar,bakery,20,28.71,99,87,83,91,52,51,62.44,RESCUED,,2026-04-26 22:00:00,SYNTHETIC_DEMO
RES-01595,DON-00339,REST-TG11-093,REC-TG11-003,VOL-TG11-002,Khammam,vegetables,58,27.93,73,79,97,72,97,80,68.75,RESCUED,,2026-04-08 11:00:00,SYNTHETIC_DEMO
RES-01596,DON-01186,REST-TG12-038,REC-TG12-012,VOL-TG12-005,Kumuram Bheem,bread,29,3.22,12,87,100,92,84,70,89.3,RESCUED,,2026-06-25 08:00:00,SYNTHETIC_DEMO
RES-01597,DON-00110,REST-TG13-027,REC-TG13-004,VOL-TG13-004,Mahabubabad,cooked_meal,13,2.85,9,87,46,89,65,74,76.81,MISSED,recipient_capacity_full,2026-09-04 22:00:00,SYNTHETIC_DEMO
RES-01598,DON-02171,REST-TG14-082,REC-TG14-014,VOL-TG14-010,Mahabubnagar,bakery,110,5.03,14,73,86,65,99,65,79.36,RESCUED,,2026-04-10 19:00:00,SYNTHETIC_DEMO
RES-01599,DON-01636,REST-TG15-122,REC-TG15-020,VOL-TG15-010,Mancherial,pulao,32,21.53,61,93,86,62,70,71,68.82,RESCUED,,2026-09-05 04:00:00,SYNTHETIC_DEMO
RES-01600,DON-01198,REST-TG16-055,REC-TG16-018,VOL-TG16-008,Medak,rice,59,26.58,89,100,87,97,54,66,69.96,RESCUED,,2026-05-20 15:00:00,SYNTHETIC_DEMO
RES-01601,DON-02583,REST-TG17-006,REC-TG17-010,VOL-TG17-003,Medchal-Malkajgiri,sandwich,62,31.06,75,94,81,87,94,54,65.66,RESCUED,,2026-04-25 07:00:00,SYNTHETIC_DEMO
RES-01602,DON-02416,REST-TG18-015,REC-TG18-001,VOL-TG18-002,Mulugu,bakery,112,18.15,53,83,94,84,55,86,74.14,EXPIRED,volunteer_unavailable,2026-04-04 06:00:00,SYNTHETIC_DEMO
RES-01603,DON-00233,REST-TG19-110,REC-TG19-015,VOL-TG19-002,Nagarkurnool,dal,10,26.48,80,86,45,96,82,85,63.39,RESCUED,,2026-05-31 06:00:00,SYNTHETIC_DEMO
RES-01604,DON-00472,REST-TG20-073,REC-TG20-013,VOL-TG20-008,Nalgonda,fruits,38,15.81,55,93,78,90,50,91,75.51,PARTIAL,,2026-08-10 15:00:00,SYNTHETIC_DEMO
RES-01605,DON-02701,REST-TG21-127,REC-TG21-010,VOL-TG21-007,Narayanpet,cooked_meal,74,22.37,72,82,67,80,50,79,63.72,RESCUED,,2026-04-24 20:00:00,SYNTHETIC_DEMO
RES-01606,DON-00568,REST-TG22-011,REC-TG22-017,VOL-TG22-007,Nirmal,vegetables,43,3.34,9,65,79,85,56,67,76.46,EXPIRED,expired_before_pickup,2026-04-23 08:00:00,SYNTHETIC_DEMO
RES-01607,DON-00019,REST-TG23-046,REC-TG23-016,VOL-TG23-004,Nizamabad,bakery,110,12.13,35,94,77,99,51,81,78.59,RESCUED,,2026-08-06 14:00:00,SYNTHETIC_DEMO
RES-01608,DON-02694,REST-TG24-001,REC-TG24-018,VOL-TG24-005,Peddapalli,roti,85,33.89,71,94,54,76,83,64,56.49,PARTIAL,,2026-09-17 11:00:00,SYNTHETIC_DEMO
RES-01609,DON-02129,REST-TG25-109,REC-TG25-014,VOL-TG25-001,Rajanna Sircilla,dal,81,19.61,45,66,75,64,67,63,61.79,RESCUED,,2026-09-13 10:00:00,SYNTHETIC_DEMO
RES-01610,DON-00312,REST-TG26-084,REC-TG26-017,VOL-TG26-003,Rangareddy,fruits,116,17.53,46,92,85,85,81,90,77.73,RESCUED,,2026-06-06 07:00:00,SYNTHETIC_DEMO
RES-01611,DON-02510,REST-TG27-107,REC-TG27-020,VOL-TG27-005,Sangareddy,dal,48,25.05,79,96,79,73,82,76,68.86,MISSED,expired_before_pickup,2026-08-07 16:00:00,SYNTHETIC_DEMO
RES-01612,DON-01107,REST-TG28-090,REC-TG28-004,VOL-TG28-010,Siddipet,cooked_meal,104,27.01,67,77,68,65,78,56,57.86,PARTIAL,,2026-07-23 13:00:00,SYNTHETIC_DEMO
RES-01613,DON-02170,REST-TG29-042,REC-TG29-009,VOL-TG29-008,Suryapet,biryani,22,29.18,104,88,83,83,63,93,66.41,EXPIRED,volunteer_unavailable,2026-06-18 11:00:00,SYNTHETIC_DEMO
RES-01614,DON-02777,REST-TG30-092,REC-TG30-005,VOL-TG30-003,Vikarabad,packaged_food,94,24.86,92,76,80,60,83,55,61.24,MISSED,expired_before_pickup,2026-09-06 15:00:00,SYNTHETIC_DEMO
RES-01615,DON-02345,REST-TG31-042,REC-TG31-019,VOL-TG31-010,Wanaparthy,biryani,33,1.8,6,84,98,87,68,81,88.06,MISSED,volunteer_unavailable,2026-08-01 04:00:00,SYNTHETIC_DEMO
RES-01616,DON-02625,REST-TG32-067,REC-TG32-002,VOL-TG32-009,Warangal,sandwich,91,33.46,105,71,60,70,79,56,51.3,RESCUED,,2026-06-07 21:00:00,SYNTHETIC_DEMO
RES-01617,DON-00243,REST-TG33-062,REC-TG33-009,VOL-TG33-005,Yadadri Bhuvanagiri,fruits,40,24.09,88,92,76,61,50,71,62.64,PARTIAL,,2026-06-10 22:00:00,SYNTHETIC_DEMO
RES-01618,DON-02872,REST-TG01-105,REC-TG01-002,VOL-TG01-003,Adilabad,sandwich,42,32.32,84,98,67,88,73,86,64.01,RESCUED,,2026-07-13 17:00:00,SYNTHETIC_DEMO
RES-01619,DON-00261,REST-TG02-083,REC-TG02-007,VOL-TG02-007,Bhadradri Kothagudem,sandwich,98,21.88,55,77,61,61,54,89,60.42,MISSED,recipient_capacity_full,2026-08-20 17:00:00,SYNTHETIC_DEMO
RES-01620,DON-01436,REST-TG03-058,REC-TG03-013,VOL-TG03-010,Hanumakonda,pulao,66,34.81,97,83,52,86,57,63,52.04,PARTIAL,,2026-06-17 22:00:00,SYNTHETIC_DEMO
RES-01621,DON-00399,REST-TG04-086,REC-TG04-017,VOL-TG04-002,Hyderabad,bakery,69,30.28,108,66,84,73,76,89,60.82,RESCUED,,2026-08-15 12:00:00,SYNTHETIC_DEMO
RES-01622,DON-00589,REST-TG05-079,REC-TG05-016,VOL-TG05-008,Jagtial,fruits,38,18.36,39,70,46,81,93,88,65.34,RESCUED,,2026-06-30 15:00:00,SYNTHETIC_DEMO
RES-01623,DON-00587,REST-TG06-134,REC-TG06-002,VOL-TG06-006,Jangaon,bread,103,3.28,11,72,48,72,64,55,69.36,RESCUED,,2026-07-01 19:00:00,SYNTHETIC_DEMO
RES-01624,DON-01400,REST-TG07-138,REC-TG07-009,VOL-TG07-010,Jayashankar Bhupalpally,fruits,18,28.38,88,79,70,70,83,65,59.83,RESCUED,,2026-06-11 10:00:00,SYNTHETIC_DEMO
RES-01625,DON-00859,REST-TG08-114,REC-TG08-005,VOL-TG08-005,Jogulamba Gadwal,biryani,64,6.94,23,80,91,81,62,66,79.19,RESCUED,,2026-04-04 14:00:00,SYNTHETIC_DEMO
RES-01626,DON-00286,REST-TG09-050,REC-TG09-008,VOL-TG09-010,Kamareddy,vegetables,34,9.41,20,98,98,73,85,60,82.93,PARTIAL,,2026-09-17 04:00:00,SYNTHETIC_DEMO
RES-01627,DON-02797,REST-TG10-098,REC-TG10-008,VOL-TG10-002,Karimnagar,rice,82,11.62,40,78,58,81,65,84,70.95,PARTIAL,,2026-09-19 23:00:00,SYNTHETIC_DEMO
RES-01628,DON-02758,REST-TG11-055,REC-TG11-009,VOL-TG11-001,Khammam,cooked_meal,70,12.57,27,100,99,95,85,59,84.47,RESCUED,,2026-07-14 16:00:00,SYNTHETIC_DEMO
RES-01629,DON-02897,REST-TG12-022,REC-TG12-016,VOL-TG12-009,Kumuram Bheem,bread,63,2.64,10,85,65,66,61,85,77.61,RESCUED,,2026-06-13 13:00:00,SYNTHETIC_DEMO
RES-01630,DON-00682,REST-TG13-007,REC-TG13-017,VOL-TG13-010,Mahabubabad,vegetables,83,8.49,22,89,68,80,73,50,74.64,RESCUED,,2026-09-15 07:00:00,SYNTHETIC_DEMO
RES-01631,DON-02372,REST-TG14-145,REC-TG14-010,VOL-TG14-002,Mahabubnagar,rice,42,27.2,74,80,89,65,98,65,65.42,RESCUED,,2026-06-20 17:00:00,SYNTHETIC_DEMO
RES-01632,DON-00302,REST-TG15-048,REC-TG15-003,VOL-TG15-002,Mancherial,vegetables,117,25.26,59,99,52,80,64,87,64.26,RESCUED,,2026-08-19 13:00:00,SYNTHETIC_DEMO
RES-01633,DON-01095,REST-TG16-096,REC-TG16-005,VOL-TG16-001,Medak,packaged_food,103,34.31,75,79,49,69,77,95,53.64,PARTIAL,,2026-06-06 21:00:00,SYNTHETIC_DEMO
RES-01634,DON-00157,REST-TG17-083,REC-TG17-005,VOL-TG17-001,Medchal-Malkajgiri,pulao,42,13.33,40,96,47,74,60,55,66.68,EXPIRED,volunteer_unavailable,2026-08-22 16:00:00,SYNTHETIC_DEMO
RES-01635,DON-02595,REST-TG18-054,REC-TG18-010,VOL-TG18-008,Mulugu,roti,59,28.35,87,98,89,99,81,69,72.0,RESCUED,,2026-04-15 12:00:00,SYNTHETIC_DEMO
RES-01636,DON-01165,REST-TG19-078,REC-TG19-011,VOL-TG19-006,Nagarkurnool,rice,45,6.81,16,81,48,71,100,61,72.69,RESCUED,,2026-04-14 09:00:00,SYNTHETIC_DEMO
RES-01637,DON-00589,REST-TG20-119,REC-TG20-003,VOL-TG20-002,Nalgonda,bakery,44,5.44,10,65,87,100,56,70,79.11,RESCUED,,2026-04-02 23:00:00,SYNTHETIC_DEMO
RES-01638,DON-01273,REST-TG21-079,REC-TG21-015,VOL-TG21-003,Narayanpet,biryani,85,12.85,35,84,62,64,78,76,70.02,PARTIAL,,2026-09-01 00:00:00,SYNTHETIC_DEMO
RES-01639,DON-02750,REST-TG22-132,REC-TG22-008,VOL-TG22-004,Nirmal,roti,108,26.15,78,85,47,92,62,92,61.92,PARTIAL,,2026-05-20 10:00:00,SYNTHETIC_DEMO
RES-01640,DON-02966,REST-TG23-067,REC-TG23-009,VOL-TG23-002,Nizamabad,pulao,53,19.69,40,87,76,82,87,89,73.44,RESCUED,,2026-08-25 12:00:00,SYNTHETIC_DEMO
RES-01641,DON-00133,REST-TG24-051,REC-TG24-009,VOL-TG24-010,Peddapalli,roti,43,20.93,69,99,69,83,55,100,71.6,PARTIAL,,2026-08-26 07:00:00,SYNTHETIC_DEMO
RES-01642,DON-02080,REST-TG25-045,REC-TG25-011,VOL-TG25-006,Rajanna Sircilla,sandwich,80,18.66,67,85,73,97,62,63,70.32,PARTIAL,,2026-08-20 06:00:00,SYNTHETIC_DEMO
RES-01643,DON-02794,REST-TG26-036,REC-TG26-018,VOL-TG26-007,Rangareddy,sandwich,102,19.56,39,74,91,89,73,58,70.48,RESCUED,,2026-04-18 02:00:00,SYNTHETIC_DEMO
RES-01644,DON-02114,REST-TG27-067,REC-TG27-010,VOL-TG27-003,Sangareddy,fruits,30,27.28,88,100,91,78,54,91,69.91,RESCUED,,2026-08-14 21:00:00,SYNTHETIC_DEMO
RES-01645,DON-00535,REST-TG28-088,REC-TG28-015,VOL-TG28-009,Siddipet,vegetables,57,30.83,62,93,62,64,76,100,61.18,RESCUED,,2026-06-24 03:00:00,SYNTHETIC_DEMO
RES-01646,DON-02916,REST-TG29-020,REC-TG29-017,VOL-TG29-005,Suryapet,bakery,65,5.43,17,68,71,75,100,90,79.17,RESCUED,,2026-07-01 05:00:00,SYNTHETIC_DEMO
RES-01647,DON-00512,REST-TG30-024,REC-TG30-009,VOL-TG30-002,Vikarabad,packaged_food,46,24.56,71,70,66,95,53,83,62.51,RESCUED,,2026-04-24 05:00:00,SYNTHETIC_DEMO
RES-01648,DON-02306,REST-TG31-115,REC-TG31-008,VOL-TG31-005,Wanaparthy,pulao,112,23.66,55,77,67,97,91,79,68.45,EXPIRED,recipient_capacity_full,2026-09-08 05:00:00,SYNTHETIC_DEMO
RES-01649,DON-02634,REST-TG32-046,REC-TG32-014,VOL-TG32-009,Warangal,vegetables,104,19.57,49,93,91,68,89,57,72.62,RESCUED,,2026-06-02 20:00:00,SYNTHETIC_DEMO
RES-01650,DON-01561,REST-TG33-011,REC-TG33-012,VOL-TG33-005,Yadadri Bhuvanagiri,packaged_food,53,25.3,65,98,64,74,98,64,66.63,MISSED,traffic_delay,2026-08-14 20:00:00,SYNTHETIC_DEMO
RES-01651,DON-01129,REST-TG01-129,REC-TG01-013,VOL-TG01-008,Adilabad,bakery,55,5.36,14,100,68,94,55,56,79.97,RESCUED,,2026-07-14 06:00:00,SYNTHETIC_DEMO
RES-01652,DON-01960,REST-TG02-125,REC-TG02-007,VOL-TG02-003,Bhadradri Kothagudem,bread,50,33.38,124,84,55,64,72,79,53.66,PARTIAL,,2026-06-09 13:00:00,SYNTHETIC_DEMO
RES-01653,DON-02689,REST-TG03-046,REC-TG03-009,VOL-TG03-009,Hanumakonda,dal,30,31.74,73,79,64,61,68,95,56.38,MISSED,expired_before_pickup,2026-09-07 02:00:00,SYNTHETIC_DEMO
RES-01654,DON-02027,REST-TG04-074,REC-TG04-016,VOL-TG04-001,Hyderabad,pulao,112,23.15,80,75,65,89,98,94,69.01,EXPIRED,recipient_capacity_full,2026-06-22 20:00:00,SYNTHETIC_DEMO
RES-01655,DON-02593,REST-TG05-105,REC-TG05-020,VOL-TG05-004,Jagtial,bakery,86,25.81,87,69,62,65,80,64,56.91,RESCUED,,2026-08-31 12:00:00,SYNTHETIC_DEMO
RES-01656,DON-02450,REST-TG06-051,REC-TG06-017,VOL-TG06-007,Jangaon,dal,52,18.11,47,77,52,85,86,50,64.21,RESCUED,,2026-08-01 15:00:00,SYNTHETIC_DEMO
RES-01657,DON-02493,REST-TG07-063,REC-TG07-005,VOL-TG07-009,Jayashankar Bhupalpally,sandwich,18,13.23,36,87,94,89,70,93,81.4,RESCUED,,2026-08-07 22:00:00,SYNTHETIC_DEMO
RES-01658,DON-02607,REST-TG08-081,REC-TG08-015,VOL-TG08-008,Jogulamba Gadwal,fruits,49,13.3,47,87,66,98,98,64,77.0,PARTIAL,,2026-06-22 13:00:00,SYNTHETIC_DEMO
RES-01659,DON-01487,REST-TG09-017,REC-TG09-018,VOL-TG09-005,Kamareddy,packaged_food,93,7.67,16,76,92,89,56,61,78.17,PARTIAL,,2026-08-26 00:00:00,SYNTHETIC_DEMO
RES-01660,DON-02803,REST-TG10-016,REC-TG10-006,VOL-TG10-006,Karimnagar,rice,69,8.07,28,91,64,63,75,57,72.89,PARTIAL,,2026-08-17 17:00:00,SYNTHETIC_DEMO
RES-01661,DON-00899,REST-TG11-127,REC-TG11-002,VOL-TG11-004,Khammam,cooked_meal,67,29.43,67,77,98,60,61,94,63.48,EXPIRED,expired_before_pickup,2026-06-06 20:00:00,SYNTHETIC_DEMO
RES-01662,DON-01025,REST-TG12-097,REC-TG12-014,VOL-TG12-009,Kumuram Bheem,dal,11,21.64,69,69,74,80,89,96,68.64,EXPIRED,expired_before_pickup,2026-06-30 10:00:00,SYNTHETIC_DEMO
RES-01663,DON-02471,REST-TG13-044,REC-TG13-001,VOL-TG13-004,Mahabubabad,sandwich,90,7.6,17,86,50,65,78,64,70.72,PARTIAL,,2026-09-12 11:00:00,SYNTHETIC_DEMO
RES-01664,DON-01135,REST-TG14-107,REC-TG14-013,VOL-TG14-003,Mahabubnagar,pulao,61,9.35,21,86,70,79,77,61,75.17,EXPIRED,recipient_capacity_full,2026-05-31 20:00:00,SYNTHETIC_DEMO
RES-01665,DON-01192,REST-TG15-119,REC-TG15-013,VOL-TG15-004,Mancherial,dal,22,19.81,58,94,76,100,79,80,75.75,RESCUED,,2026-09-13 17:00:00,SYNTHETIC_DEMO
RES-01666,DON-00651,REST-TG16-016,REC-TG16-020,VOL-TG16-006,Medak,bakery,43,28.01,99,74,59,70,82,84,58.69,EXPIRED,expired_before_pickup,2026-05-06 04:00:00,SYNTHETIC_DEMO
RES-01667,DON-00781,REST-TG17-029,REC-TG17-017,VOL-TG17-004,Medchal-Malkajgiri,rice,119,25.86,60,76,77,62,72,55,59.13,RESCUED,,2026-09-19 05:00:00,SYNTHETIC_DEMO
RES-01668,DON-01514,REST-TG18-069,REC-TG18-002,VOL-TG18-004,Mulugu,sandwich,21,13.56,43,95,65,63,99,96,76.26,RESCUED,,2026-07-22 02:00:00,SYNTHETIC_DEMO
RES-01669,DON-02264,REST-TG19-030,REC-TG19-001,VOL-TG19-001,Nagarkurnool,packaged_food,56,14.7,44,77,83,85,91,57,74.05,EXPIRED,traffic_delay,2026-07-29 22:00:00,SYNTHETIC_DEMO
RES-01670,DON-02384,REST-TG20-144,REC-TG20-015,VOL-TG20-010,Nalgonda,biryani,45,19.96,65,67,89,70,76,69,66.94,EXPIRED,expired_before_pickup,2026-09-20 04:00:00,SYNTHETIC_DEMO
RES-01671,DON-00211,REST-TG21-095,REC-TG21-018,VOL-TG21-001,Narayanpet,sandwich,96,9.34,33,90,71,60,76,89,76.03,RESCUED,,2026-08-27 02:00:00,SYNTHETIC_DEMO
RES-01672,DON-00957,REST-TG22-021,REC-TG22-015,VOL-TG22-004,Nirmal,cooked_meal,15,18.03,67,83,68,81,77,78,69.97,RESCUED,,2026-04-03 22:00:00,SYNTHETIC_DEMO
RES-01673,DON-00835,REST-TG23-120,REC-TG23-005,VOL-TG23-007,Nizamabad,cooked_meal,97,29.71,105,86,99,68,72,64,64.58,MISSED,expired_before_pickup,2026-06-15 20:00:00,SYNTHETIC_DEMO
RES-01674,DON-02905,REST-TG24-134,REC-TG24-016,VOL-TG24-008,Peddapalli,bread,28,20.98,62,83,51,79,72,95,65.36,RESCUED,,2026-05-05 16:00:00,SYNTHETIC_DEMO
RES-01675,DON-00469,REST-TG25-125,REC-TG25-013,VOL-TG25-007,Rajanna Sircilla,rice,11,19.51,42,68,48,73,57,52,56.11,MISSED,traffic_delay,2026-07-29 10:00:00,SYNTHETIC_DEMO
RES-01676,DON-01764,REST-TG26-016,REC-TG26-006,VOL-TG26-007,Rangareddy,packaged_food,19,10.45,33,79,90,62,89,51,74.64,RESCUED,,2026-05-08 23:00:00,SYNTHETIC_DEMO
RES-01677,DON-02417,REST-TG27-126,REC-TG27-008,VOL-TG27-001,Sangareddy,vegetables,54,34.65,113,86,55,91,69,82,57.2,PARTIAL,,2026-07-26 21:00:00,SYNTHETIC_DEMO
RES-01678,DON-01525,REST-TG28-012,REC-TG28-016,VOL-TG28-010,Siddipet,dal,27,13.55,53,85,81,84,64,67,74.22,RESCUED,,2026-06-02 22:00:00,SYNTHETIC_DEMO
RES-01679,DON-00082,REST-TG29-068,REC-TG29-020,VOL-TG29-005,Suryapet,cooked_meal,64,30.49,116,65,48,95,84,84,56.87,PARTIAL,,2026-08-29 22:00:00,SYNTHETIC_DEMO
RES-01680,DON-01929,REST-TG30-130,REC-TG30-018,VOL-TG30-008,Vikarabad,roti,77,16.54,58,87,48,85,81,50,66.04,RESCUED,,2026-08-27 20:00:00,SYNTHETIC_DEMO
RES-01681,DON-00900,REST-TG31-073,REC-TG31-016,VOL-TG31-006,Wanaparthy,dal,111,4.8,16,77,54,85,65,74,74.42,RESCUED,,2026-06-28 13:00:00,SYNTHETIC_DEMO
RES-01682,DON-00885,REST-TG32-063,REC-TG32-007,VOL-TG32-010,Warangal,rice,110,16.66,63,69,86,83,85,88,73.85,MISSED,volunteer_unavailable,2026-05-08 04:00:00,SYNTHETIC_DEMO
RES-01683,DON-02635,REST-TG33-013,REC-TG33-006,VOL-TG33-003,Yadadri Bhuvanagiri,vegetables,87,19.19,53,100,91,60,69,70,72.39,RESCUED,,2026-09-23 17:00:00,SYNTHETIC_DEMO
RES-01684,DON-01472,REST-TG01-033,REC-TG01-015,VOL-TG01-004,Adilabad,rice,88,21.96,81,85,59,92,74,69,66.21,RESCUED,,2026-04-25 12:00:00,SYNTHETIC_DEMO
RES-01685,DON-02733,REST-TG02-062,REC-TG02-020,VOL-TG02-004,Bhadradri Kothagudem,bread,90,11.24,31,68,94,70,89,69,75.67,MISSED,traffic_delay,2026-09-09 00:00:00,SYNTHETIC_DEMO
RES-01686,DON-01260,REST-TG03-148,REC-TG03-004,VOL-TG03-001,Hanumakonda,dal,105,2.79,9,84,60,83,68,53,76.36,MISSED,expired_before_pickup,2026-03-31 01:00:00,SYNTHETIC_DEMO
RES-01687,DON-01595,REST-TG04-012,REC-TG04-012,VOL-TG04-010,Hyderabad,rice,64,1.71,6,87,92,98,90,85,91.78,RESCUED,,2026-04-17 00:00:00,SYNTHETIC_DEMO
RES-01688,DON-00215,REST-TG05-029,REC-TG05-010,VOL-TG05-001,Jagtial,sandwich,71,27.36,91,67,47,90,98,63,57.86,PARTIAL,,2026-09-08 18:00:00,SYNTHETIC_DEMO
RES-01689,DON-01268,REST-TG06-045,REC-TG06-012,VOL-TG06-009,Jangaon,sandwich,48,4.12,12,94,69,85,72,93,83.91,EXPIRED,expired_before_pickup,2026-08-24 02:00:00,SYNTHETIC_DEMO
RES-01690,DON-01971,REST-TG07-119,REC-TG07-008,VOL-TG07-009,Jayashankar Bhupalpally,cooked_meal,109,32.96,67,70,95,68,98,67,61.16,RESCUED,,2026-06-23 20:00:00,SYNTHETIC_DEMO
RES-01691,DON-00209,REST-TG08-093,REC-TG08-018,VOL-TG08-008,Jogulamba Gadwal,packaged_food,118,31.11,123,96,85,74,53,56,60.98,RESCUED,,2026-06-05 06:00:00,SYNTHETIC_DEMO
RES-01692,DON-00631,REST-TG09-042,REC-TG09-003,VOL-TG09-008,Kamareddy,biryani,118,16.39,48,82,88,74,68,74,72.59,RESCUED,,2026-04-03 16:00:00,SYNTHETIC_DEMO
RES-01693,DON-00278,REST-TG10-137,REC-TG10-002,VOL-TG10-004,Karimnagar,packaged_food,99,26.48,97,100,64,64,78,56,61.89,RESCUED,,2026-09-14 11:00:00,SYNTHETIC_DEMO
RES-01694,DON-01692,REST-TG11-030,REC-TG11-002,VOL-TG11-003,Khammam,bakery,43,23.13,54,99,51,93,93,92,70.93,PARTIAL,,2026-06-18 14:00:00,SYNTHETIC_DEMO
RES-01695,DON-00346,REST-TG12-091,REC-TG12-017,VOL-TG12-005,Kumuram Bheem,rice,91,10.94,40,91,64,70,95,100,78.19,RESCUED,,2026-05-11 12:00:00,SYNTHETIC_DEMO
RES-01696,DON-02271,REST-TG13-060,REC-TG13-008,VOL-TG13-007,Mahabubabad,rice,55,11.43,25,96,91,100,82,99,87.34,RESCUED,,2026-07-11 22:00:00,SYNTHETIC_DEMO
RES-01697,DON-02082,REST-TG14-033,REC-TG14-019,VOL-TG14-009,Mahabubnagar,fruits,107,5.93,12,90,100,97,69,85,88.71,PARTIAL,,2026-07-29 14:00:00,SYNTHETIC_DEMO
RES-01698,DON-00334,REST-TG15-145,REC-TG15-005,VOL-TG15-004,Mancherial,cooked_meal,85,34.51,70,97,74,73,82,68,60.5,EXPIRED,recipient_capacity_full,2026-04-11 06:00:00,SYNTHETIC_DEMO
RES-01699,DON-01183,REST-TG16-113,REC-TG16-017,VOL-TG16-009,Medak,rice,99,31.15,98,73,64,90,91,50,57.75,PARTIAL,,2026-04-04 14:00:00,SYNTHETIC_DEMO
RES-01700,DON-01652,REST-TG17-076,REC-TG17-007,VOL-TG17-003,Medchal-Malkajgiri,bread,60,25.73,70,94,81,70,78,50,64.92,EXPIRED,volunteer_unavailable,2026-07-12 20:00:00,SYNTHETIC_DEMO
RES-01701,DON-02339,REST-TG18-033,REC-TG18-004,VOL-TG18-006,Mulugu,bread,23,20.63,80,81,82,71,85,99,71.91,MISSED,expired_before_pickup,2026-07-24 13:00:00,SYNTHETIC_DEMO
RES-01702,DON-01136,REST-TG19-053,REC-TG19-009,VOL-TG19-004,Nagarkurnool,fruits,69,5.62,17,87,60,66,82,62,74.69,RESCUED,,2026-09-19 03:00:00,SYNTHETIC_DEMO
RES-01703,DON-02435,REST-TG20-007,REC-TG20-017,VOL-TG20-001,Nalgonda,fruits,83,25.66,92,68,80,68,96,85,64.57,MISSED,expired_before_pickup,2026-05-18 15:00:00,SYNTHETIC_DEMO
RES-01704,DON-01394,REST-TG21-119,REC-TG21-010,VOL-TG21-001,Narayanpet,roti,24,0.81,5,99,72,94,70,95,89.22,PARTIAL,,2026-07-05 05:00:00,SYNTHETIC_DEMO
RES-01705,DON-01273,REST-TG22-043,REC-TG22-001,VOL-TG22-009,Nirmal,fruits,107,33.24,83,93,59,71,57,97,57.71,RESCUED,,2026-06-05 21:00:00,SYNTHETIC_DEMO
RES-01706,DON-01602,REST-TG23-123,REC-TG23-018,VOL-TG23-004,Nizamabad,fruits,11,25.65,63,73,65,64,54,62,55.48,RESCUED,,2026-04-26 03:00:00,SYNTHETIC_DEMO
RES-01707,DON-02356,REST-TG24-026,REC-TG24-007,VOL-TG24-005,Peddapalli,pulao,77,13.48,38,67,80,92,79,81,74.57,MISSED,expired_before_pickup,2026-05-04 11:00:00,SYNTHETIC_DEMO
RES-01708,DON-02328,REST-TG25-015,REC-TG25-008,VOL-TG25-006,Rajanna Sircilla,rice,32,9.71,19,89,79,66,75,86,77.66,MISSED,expired_before_pickup,2026-06-24 19:00:00,SYNTHETIC_DEMO
RES-01709,DON-00470,REST-TG26-119,REC-TG26-010,VOL-TG26-008,Rangareddy,cooked_meal,24,31.99,75,70,57,83,95,50,54.5,RESCUED,,2026-06-19 22:00:00,SYNTHETIC_DEMO
RES-01710,DON-01490,REST-TG27-046,REC-TG27-003,VOL-TG27-002,Sangareddy,bakery,42,25.62,95,71,53,91,82,53,58.65,MISSED,expired_before_pickup,2026-06-20 08:00:00,SYNTHETIC_DEMO
RES-01711,DON-00108,REST-TG28-024,REC-TG28-008,VOL-TG28-008,Siddipet,pulao,29,9.33,34,89,67,60,62,79,72.64,EXPIRED,recipient_capacity_full,2026-04-04 09:00:00,SYNTHETIC_DEMO
RES-01712,DON-02099,REST-TG29-049,REC-TG29-004,VOL-TG29-002,Suryapet,fruits,99,10.18,40,93,79,64,53,93,76.33,RESCUED,,2026-09-22 16:00:00,SYNTHETIC_DEMO
RES-01713,DON-01602,REST-TG30-117,REC-TG30-014,VOL-TG30-002,Vikarabad,rice,92,20.67,58,85,100,93,67,97,77.59,RESCUED,,2026-03-29 14:00:00,SYNTHETIC_DEMO
RES-01714,DON-01534,REST-TG31-011,REC-TG31-002,VOL-TG31-010,Wanaparthy,fruits,13,33.25,118,95,89,73,77,61,62.8,PARTIAL,,2026-07-20 11:00:00,SYNTHETIC_DEMO
RES-01715,DON-00746,REST-TG32-101,REC-TG32-009,VOL-TG32-003,Warangal,rice,90,22.16,55,91,92,90,62,65,71.97,MISSED,volunteer_unavailable,2026-06-17 02:00:00,SYNTHETIC_DEMO
RES-01716,DON-00094,REST-TG33-050,REC-TG33-003,VOL-TG33-001,Yadadri Bhuvanagiri,dal,18,1.45,5,85,71,75,92,96,85.21,RESCUED,,2026-09-13 00:00:00,SYNTHETIC_DEMO
RES-01717,DON-02998,REST-TG01-016,REC-TG01-008,VOL-TG01-002,Adilabad,pulao,65,17.85,62,65,87,61,96,65,67.9,EXPIRED,expired_before_pickup,2026-06-10 12:00:00,SYNTHETIC_DEMO
RES-01718,DON-02965,REST-TG02-054,REC-TG02-009,VOL-TG02-001,Bhadradri Kothagudem,rice,100,17.38,68,86,91,80,91,97,78.79,EXPIRED,volunteer_unavailable,2026-07-09 00:00:00,SYNTHETIC_DEMO
RES-01719,DON-00541,REST-TG03-084,REC-TG03-016,VOL-TG03-008,Hanumakonda,sandwich,46,31.17,122,84,54,86,51,71,55.44,MISSED,traffic_delay,2026-08-27 15:00:00,SYNTHETIC_DEMO
RES-01720,DON-02398,REST-TG04-148,REC-TG04-001,VOL-TG04-010,Hyderabad,roti,103,2.36,6,74,88,64,73,73,79.91,RESCUED,,2026-09-02 23:00:00,SYNTHETIC_DEMO
RES-01721,DON-02886,REST-TG05-042,REC-TG05-003,VOL-TG05-007,Jagtial,dal,24,8.95,33,88,54,60,100,71,73.11,RESCUED,,2026-05-17 23:00:00,SYNTHETIC_DEMO
RES-01722,DON-02544,REST-TG06-107,REC-TG06-017,VOL-TG06-005,Jangaon,fruits,91,2.77,10,76,100,97,89,56,87.27,RESCUED,,2026-05-06 15:00:00,SYNTHETIC_DEMO
RES-01723,DON-01871,REST-TG07-050,REC-TG07-005,VOL-TG07-003,Jayashankar Bhupalpally,biryani,20,17.72,69,66,61,91,83,63,65.99,RESCUED,,2026-08-21 09:00:00,SYNTHETIC_DEMO
RES-01724,DON-01463,REST-TG08-090,REC-TG08-004,VOL-TG08-001,Jogulamba Gadwal,pulao,15,17.83,46,71,91,91,75,95,75.31,RESCUED,,2026-09-17 06:00:00,SYNTHETIC_DEMO
RES-01725,DON-02919,REST-TG09-026,REC-TG09-019,VOL-TG09-004,Kamareddy,dal,22,8.23,31,84,94,73,54,98,80.87,PARTIAL,,2026-05-14 21:00:00,SYNTHETIC_DEMO
RES-01726,DON-01206,REST-TG10-072,REC-TG10-020,VOL-TG10-001,Karimnagar,bread,47,8.37,30,99,94,64,50,68,79.02,RESCUED,,2026-06-18 01:00:00,SYNTHETIC_DEMO
RES-01727,DON-02711,REST-TG11-098,REC-TG11-020,VOL-TG11-010,Khammam,biryani,42,23.95,53,87,94,82,58,82,70.39,RESCUED,,2026-08-19 03:00:00,SYNTHETIC_DEMO
RES-01728,DON-02637,REST-TG12-037,REC-TG12-006,VOL-TG12-008,Kumuram Bheem,pulao,38,17.49,60,89,59,94,74,50,68.61,MISSED,volunteer_unavailable,2026-05-25 12:00:00,SYNTHETIC_DEMO
RES-01729,DON-01293,REST-TG13-127,REC-TG13-011,VOL-TG13-007,Mahabubabad,sandwich,23,7.56,23,92,48,63,87,69,72.65,EXPIRED,expired_before_pickup,2026-03-31 23:00:00,SYNTHETIC_DEMO
RES-01730,DON-01173,REST-TG14-089,REC-TG14-001,VOL-TG14-007,Mahabubnagar,fruits,26,22.4,57,77,99,93,79,69,72.95,RESCUED,,2026-08-11 02:00:00,SYNTHETIC_DEMO
RES-01731,DON-01356,REST-TG15-146,REC-TG15-019,VOL-TG15-007,Mancherial,bread,59,27.56,107,98,86,75,68,83,68.46,RESCUED,,2026-07-27 22:00:00,SYNTHETIC_DEMO
RES-01732,DON-00918,REST-TG16-014,REC-TG16-002,VOL-TG16-003,Medak,pulao,96,17.77,67,78,74,68,59,83,67.11,EXPIRED,expired_before_pickup,2026-07-27 10:00:00,SYNTHETIC_DEMO
RES-01733,DON-02892,REST-TG17-011,REC-TG17-009,VOL-TG17-002,Medchal-Malkajgiri,cooked_meal,93,14.43,50,75,81,74,81,56,70.69,RESCUED,,2026-08-05 13:00:00,SYNTHETIC_DEMO
RES-01734,DON-00966,REST-TG18-058,REC-TG18-003,VOL-TG18-008,Mulugu,bakery,28,22.9,54,81,88,69,55,71,65.39,EXPIRED,traffic_delay,2026-07-31 04:00:00,SYNTHETIC_DEMO
RES-01735,DON-02772,REST-TG19-029,REC-TG19-009,VOL-TG19-006,Nagarkurnool,vegetables,102,17.72,38,82,88,82,59,53,69.84,EXPIRED,recipient_capacity_full,2026-08-08 14:00:00,SYNTHETIC_DEMO
RES-01736,DON-02752,REST-TG20-038,REC-TG20-002,VOL-TG20-010,Nalgonda,bakery,23,3.09,10,98,95,62,72,53,83.19,RESCUED,,2026-08-11 08:00:00,SYNTHETIC_DEMO
RES-01737,DON-00298,REST-TG21-123,REC-TG21-019,VOL-TG21-003,Narayanpet,bread,29,32.8,122,77,70,68,50,58,51.97,PARTIAL,,2026-07-13 11:00:00,SYNTHETIC_DEMO
RES-01738,DON-02685,REST-TG22-016,REC-TG22-003,VOL-TG22-005,Nirmal,bakery,85,27.04,78,82,95,80,81,93,70.49,EXPIRED,volunteer_unavailable,2026-07-14 06:00:00,SYNTHETIC_DEMO
RES-01739,DON-02121,REST-TG23-029,REC-TG23-013,VOL-TG23-007,Nizamabad,vegetables,32,24.55,78,77,77,71,95,72,65.61,RESCUED,,2026-08-10 03:00:00,SYNTHETIC_DEMO
RES-01740,DON-00409,REST-TG24-092,REC-TG24-009,VOL-TG24-003,Peddapalli,vegetables,102,29.52,107,69,81,85,86,79,63.16,PARTIAL,,2026-07-03 21:00:00,SYNTHETIC_DEMO
RES-01741,DON-02016,REST-TG25-015,REC-TG25-017,VOL-TG25-008,Rajanna Sircilla,biryani,23,4.95,19,73,54,82,79,93,76.36,RESCUED,,2026-09-05 13:00:00,SYNTHETIC_DEMO
RES-01742,DON-00325,REST-TG26-130,REC-TG26-020,VOL-TG26-008,Rangareddy,fruits,31,19.54,42,87,69,85,80,59,68.89,EXPIRED,volunteer_unavailable,2026-06-19 06:00:00,SYNTHETIC_DEMO
RES-01743,DON-02407,REST-TG27-017,REC-TG27-011,VOL-TG27-006,Sangareddy,bread,34,32.14,124,82,59,60,72,55,51.94,PARTIAL,,2026-05-20 03:00:00,SYNTHETIC_DEMO
RES-01744,DON-02158,REST-TG28-140,REC-TG28-013,VOL-TG28-005,Siddipet,sandwich,65,21.39,56,68,75,68,63,70,61.82,RESCUED,,2026-09-23 21:00:00,SYNTHETIC_DEMO
RES-01745,DON-02762,REST-TG29-115,REC-TG29-015,VOL-TG29-002,Suryapet,pulao,65,30.08,101,68,46,61,56,54,46.46,PARTIAL,,2026-09-19 17:00:00,SYNTHETIC_DEMO
RES-01746,DON-00729,REST-TG30-144,REC-TG30-015,VOL-TG30-007,Vikarabad,bread,49,14.45,48,85,64,100,81,73,74.88,MISSED,expired_before_pickup,2026-05-19 06:00:00,SYNTHETIC_DEMO
RES-01747,DON-01335,REST-TG31-080,REC-TG31-003,VOL-TG31-004,Wanaparthy,fruits,56,14.92,40,93,72,66,83,84,73.94,EXPIRED,expired_before_pickup,2026-08-07 07:00:00,SYNTHETIC_DEMO
RES-01748,DON-02402,REST-TG32-064,REC-TG32-012,VOL-TG32-004,Warangal,vegetables,63,18.38,71,72,98,74,67,60,69.67,RESCUED,,2026-07-31 18:00:00,SYNTHETIC_DEMO
RES-01749,DON-01692,REST-TG33-018,REC-TG33-019,VOL-TG33-009,Yadadri Bhuvanagiri,roti,89,27.05,88,68,94,88,87,83,68.28,PARTIAL,,2026-08-09 00:00:00,SYNTHETIC_DEMO
RES-01750,DON-02728,REST-TG01-090,REC-TG01-001,VOL-TG01-004,Adilabad,vegetables,62,8.66,28,71,49,61,90,64,67.36,RESCUED,,2026-05-06 13:00:00,SYNTHETIC_DEMO
RES-01751,DON-02854,REST-TG02-013,REC-TG02-018,VOL-TG02-005,Bhadradri Kothagudem,vegetables,87,10.55,21,85,49,83,53,87,70.71,RESCUED,,2026-06-05 11:00:00,SYNTHETIC_DEMO
RES-01752,DON-02663,REST-TG03-073,REC-TG03-020,VOL-TG03-001,Hanumakonda,roti,116,8.3,31,94,99,97,81,99,90.22,MISSED,expired_before_pickup,2026-04-07 22:00:00,SYNTHETIC_DEMO
RES-01753,DON-00123,REST-TG04-041,REC-TG04-013,VOL-TG04-004,Hyderabad,roti,20,7.41,15,76,56,80,68,97,74.61,RESCUED,,2026-07-18 17:00:00,SYNTHETIC_DEMO
RES-01754,DON-02055,REST-TG05-076,REC-TG05-007,VOL-TG05-001,Jagtial,dal,83,15.92,33,87,48,80,95,54,67.53,RESCUED,,2026-06-12 03:00:00,SYNTHETIC_DEMO
RES-01755,DON-02237,REST-TG06-072,REC-TG06-015,VOL-TG06-010,Jangaon,packaged_food,49,26.0,89,98,78,72,73,72,66.93,EXPIRED,traffic_delay,2026-04-20 08:00:00,SYNTHETIC_DEMO
RES-01756,DON-02272,REST-TG07-013,REC-TG07-018,VOL-TG07-008,Jayashankar Bhupalpally,pulao,20,3.01,6,89,88,90,77,80,87.45,PARTIAL,,2026-08-19 03:00:00,SYNTHETIC_DEMO
RES-01757,DON-02330,REST-TG08-091,REC-TG08-003,VOL-TG08-003,Jogulamba Gadwal,roti,74,28.79,97,79,50,88,53,60,54.74,RESCUED,,2026-05-30 00:00:00,SYNTHETIC_DEMO
RES-01758,DON-00739,REST-TG09-018,REC-TG09-014,VOL-TG09-002,Kamareddy,vegetables,46,20.89,72,75,92,86,59,51,67.38,RESCUED,,2026-05-30 08:00:00,SYNTHETIC_DEMO
RES-01759,DON-01580,REST-TG10-087,REC-TG10-006,VOL-TG10-007,Karimnagar,cooked_meal,19,29.26,108,71,84,71,68,76,60.15,MISSED,traffic_delay,2026-04-20 18:00:00,SYNTHETIC_DEMO
RES-01760,DON-01939,REST-TG11-091,REC-TG11-018,VOL-TG11-001,Khammam,pulao,60,9.93,27,77,79,70,51,100,74.71,PARTIAL,,2026-06-12 10:00:00,SYNTHETIC_DEMO
RES-01761,DON-01869,REST-TG12-091,REC-TG12-016,VOL-TG12-005,Kumuram Bheem,bakery,21,31.75,73,93,57,71,84,70,58.37,EXPIRED,expired_before_pickup,2026-08-14 17:00:00,SYNTHETIC_DEMO
RES-01762,DON-02391,REST-TG13-104,REC-TG13-018,VOL-TG13-005,Mahabubabad,rice,29,13.46,45,76,92,78,67,87,76.09,RESCUED,,2026-09-24 12:00:00,SYNTHETIC_DEMO
RES-01763,DON-01442,REST-TG14-058,REC-TG14-009,VOL-TG14-002,Mahabubnagar,sandwich,17,7.61,18,100,93,78,82,69,84.96,RESCUED,,2026-04-14 11:00:00,SYNTHETIC_DEMO
RES-01764,DON-01511,REST-TG15-037,REC-TG15-009,VOL-TG15-003,Mancherial,sandwich,116,2.23,5,79,87,72,95,50,81.91,MISSED,recipient_capacity_full,2026-05-21 18:00:00,SYNTHETIC_DEMO
RES-01765,DON-00962,REST-TG16-135,REC-TG16-001,VOL-TG16-009,Medak,packaged_food,108,16.01,56,94,95,100,87,68,81.86,MISSED,traffic_delay,2026-06-26 02:00:00,SYNTHETIC_DEMO
RES-01766,DON-01177,REST-TG17-080,REC-TG17-007,VOL-TG17-007,Medchal-Malkajgiri,dal,78,22.38,77,66,67,70,98,77,63.61,RESCUED,,2026-06-12 17:00:00,SYNTHETIC_DEMO
RES-01767,DON-00878,REST-TG18-078,REC-TG18-015,VOL-TG18-008,Mulugu,bread,54,22.44,80,78,90,70,99,76,70.57,EXPIRED,traffic_delay,2026-05-30 23:00:00,SYNTHETIC_DEMO
RES-01768,DON-01569,REST-TG19-056,REC-TG19-008,VOL-TG19-004,Nagarkurnool,dal,60,13.31,50,65,100,87,96,50,76.14,EXPIRED,traffic_delay,2026-04-15 18:00:00,SYNTHETIC_DEMO
RES-01769,DON-01437,REST-TG20-055,REC-TG20-011,VOL-TG20-003,Nalgonda,fruits,83,25.12,80,65,60,74,90,88,60.96,MISSED,expired_before_pickup,2026-07-21 06:00:00,SYNTHETIC_DEMO
RES-01770,DON-02141,REST-TG21-013,REC-TG21-002,VOL-TG21-009,Narayanpet,bakery,45,16.15,47,77,59,94,84,98,72.96,RESCUED,,2026-08-22 06:00:00,SYNTHETIC_DEMO
RES-01771,DON-01796,REST-TG22-080,REC-TG22-008,VOL-TG22-010,Nirmal,biryani,92,21.22,84,88,45,78,76,55,61.24,PARTIAL,,2026-07-20 23:00:00,SYNTHETIC_DEMO
RES-01772,DON-00781,REST-TG23-100,REC-TG23-009,VOL-TG23-005,Nizamabad,roti,81,7.46,22,73,45,93,66,95,73.32,PARTIAL,,2026-03-31 10:00:00,SYNTHETIC_DEMO
RES-01773,DON-00253,REST-TG24-039,REC-TG24-019,VOL-TG24-004,Peddapalli,pulao,58,17.65,66,95,65,88,80,55,71.09,RESCUED,,2026-07-05 02:00:00,SYNTHETIC_DEMO
RES-01774,DON-01322,REST-TG25-042,REC-TG25-010,VOL-TG25-010,Rajanna Sircilla,pulao,49,11.15,37,88,84,78,83,67,78.14,EXPIRED,expired_before_pickup,2026-08-01 04:00:00,SYNTHETIC_DEMO
RES-01775,DON-00676,REST-TG26-019,REC-TG26-019,VOL-TG26-010,Rangareddy,bakery,94,10.25,26,78,45,75,77,70,68.23,RESCUED,,2026-08-31 04:00:00,SYNTHETIC_DEMO
RES-01776,DON-00018,REST-TG27-070,REC-TG27-001,VOL-TG27-010,Sangareddy,roti,93,24.89,66,96,80,72,73,65,67.02,RESCUED,,2026-05-12 17:00:00,SYNTHETIC_DEMO
RES-01777,DON-00728,REST-TG28-120,REC-TG28-017,VOL-TG28-010,Siddipet,rice,72,29.63,108,73,94,88,55,59,61.84,RESCUED,,2026-04-30 09:00:00,SYNTHETIC_DEMO
RES-01778,DON-00515,REST-TG29-112,REC-TG29-011,VOL-TG29-004,Suryapet,roti,78,23.43,50,95,96,67,92,96,75.31,PARTIAL,,2026-08-08 23:00:00,SYNTHETIC_DEMO
RES-01779,DON-01985,REST-TG30-090,REC-TG30-001,VOL-TG30-005,Vikarabad,bread,65,18.78,61,81,48,60,54,58,57.59,RESCUED,,2026-06-11 20:00:00,SYNTHETIC_DEMO
RES-01780,DON-01522,REST-TG31-098,REC-TG31-020,VOL-TG31-006,Wanaparthy,roti,94,2.09,7,95,84,73,85,95,88.26,RESCUED,,2026-05-06 06:00:00,SYNTHETIC_DEMO
RES-01781,DON-02812,REST-TG32-080,REC-TG32-010,VOL-TG32-003,Warangal,bakery,70,26.31,103,89,92,85,95,95,74.16,RESCUED,,2026-06-21 16:00:00,SYNTHETIC_DEMO
RES-01782,DON-00891,REST-TG33-133,REC-TG33-011,VOL-TG33-008,Yadadri Bhuvanagiri,bakery,38,26.32,104,96,98,89,62,99,74.45,EXPIRED,volunteer_unavailable,2026-08-23 05:00:00,SYNTHETIC_DEMO
RES-01783,DON-01850,REST-TG01-129,REC-TG01-003,VOL-TG01-004,Adilabad,roti,36,2.04,5,80,56,63,58,76,73.59,RESCUED,,2026-09-08 03:00:00,SYNTHETIC_DEMO
RES-01784,DON-01025,REST-TG02-096,REC-TG02-006,VOL-TG02-005,Bhadradri Kothagudem,vegetables,113,17.88,56,79,93,73,77,86,73.88,RESCUED,,2026-09-04 17:00:00,SYNTHETIC_DEMO
RES-01785,DON-01292,REST-TG03-122,REC-TG03-020,VOL-TG03-008,Hanumakonda,fruits,72,19.57,44,99,59,92,51,86,70.12,EXPIRED,traffic_delay,2026-09-01 14:00:00,SYNTHETIC_DEMO
RES-01786,DON-01942,REST-TG04-040,REC-TG04-003,VOL-TG04-010,Hyderabad,bakery,28,32.56,82,99,45,63,81,80,56.09,MISSED,traffic_delay,2026-05-03 12:00:00,SYNTHETIC_DEMO
RES-01787,DON-01640,REST-TG05-150,REC-TG05-016,VOL-TG05-006,Jagtial,fruits,102,6.56,19,96,73,61,94,82,80.86,MISSED,volunteer_unavailable,2026-04-24 05:00:00,SYNTHETIC_DEMO
RES-01788,DON-02575,REST-TG06-148,REC-TG06-016,VOL-TG06-002,Jangaon,cooked_meal,120,2.45,7,97,96,61,89,60,85.9,RESCUED,,2026-08-14 03:00:00,SYNTHETIC_DEMO
RES-01789,DON-00060,REST-TG07-024,REC-TG07-013,VOL-TG07-002,Jayashankar Bhupalpally,biryani,59,6.47,24,77,71,96,95,54,79.28,MISSED,volunteer_unavailable,2026-06-15 10:00:00,SYNTHETIC_DEMO
RES-01790,DON-01317,REST-TG08-117,REC-TG08-001,VOL-TG08-009,Jogulamba Gadwal,roti,86,7.97,19,80,45,80,87,50,70.01,PARTIAL,,2026-06-05 16:00:00,SYNTHETIC_DEMO
RES-01791,DON-01182,REST-TG09-144,REC-TG09-018,VOL-TG09-001,Kamareddy,rice,53,27.06,80,70,52,80,77,63,56.07,EXPIRED,recipient_capacity_full,2026-09-05 03:00:00,SYNTHETIC_DEMO
RES-01792,DON-02711,REST-TG10-062,REC-TG10-015,VOL-TG10-010,Karimnagar,cooked_meal,87,15.96,48,99,51,81,54,52,66.35,RESCUED,,2026-04-16 11:00:00,SYNTHETIC_DEMO
RES-01793,DON-02456,REST-TG11-096,REC-TG11-016,VOL-TG11-004,Khammam,bakery,20,32.54,66,100,94,67,98,83,68.71,RESCUED,,2026-04-18 02:00:00,SYNTHETIC_DEMO
RES-01794,DON-01158,REST-TG12-012,REC-TG12-018,VOL-TG12-010,Kumuram Bheem,vegetables,99,3.46,10,95,81,93,50,51,81.78,RESCUED,,2026-08-22 08:00:00,SYNTHETIC_DEMO
RES-01795,DON-02456,REST-TG13-036,REC-TG13-007,VOL-TG13-009,Mahabubabad,bakery,102,28.62,104,90,90,99,94,95,74.31,RESCUED,,2026-06-28 02:00:00,SYNTHETIC_DEMO
RES-01796,DON-00256,REST-TG14-069,REC-TG14-016,VOL-TG14-003,Mahabubnagar,dal,10,20.62,64,68,72,73,81,92,66.52,RESCUED,,2026-08-02 20:00:00,SYNTHETIC_DEMO
RES-01797,DON-01824,REST-TG15-001,REC-TG15-010,VOL-TG15-008,Mancherial,dal,79,13.21,37,87,51,98,75,73,72.66,RESCUED,,2026-07-19 20:00:00,SYNTHETIC_DEMO
RES-01798,DON-01118,REST-TG16-092,REC-TG16-005,VOL-TG16-008,Medak,bakery,110,22.04,58,91,51,73,68,98,65.21,MISSED,expired_before_pickup,2026-08-11 23:00:00,SYNTHETIC_DEMO
RES-01799,DON-00222,REST-TG17-025,REC-TG17-002,VOL-TG17-007,Medchal-Malkajgiri,bread,14,23.43,73,97,77,80,67,73,69.06,EXPIRED,traffic_delay,2026-08-10 06:00:00,SYNTHETIC_DEMO
RES-01800,DON-02595,REST-TG18-029,REC-TG18-009,VOL-TG18-002,Mulugu,dal,32,1.54,6,98,56,69,100,81,83.15,PARTIAL,,2026-09-02 00:00:00,SYNTHETIC_DEMO
RES-01801,DON-01166,REST-TG19-099,REC-TG19-003,VOL-TG19-010,Nagarkurnool,packaged_food,59,7.73,28,98,65,75,76,96,80.53,PARTIAL,,2026-09-09 01:00:00,SYNTHETIC_DEMO
RES-01802,DON-00971,REST-TG20-081,REC-TG20-013,VOL-TG20-004,Nalgonda,cooked_meal,78,34.11,136,83,88,64,90,62,59.64,RESCUED,,2026-07-11 13:00:00,SYNTHETIC_DEMO
RES-01803,DON-00788,REST-TG21-117,REC-TG21-012,VOL-TG21-001,Narayanpet,packaged_food,38,13.53,41,93,88,73,60,53,73.79,PARTIAL,,2026-04-22 08:00:00,SYNTHETIC_DEMO
RES-01804,DON-02645,REST-TG22-029,REC-TG22-011,VOL-TG22-009,Nirmal,bread,50,0.92,5,84,84,96,69,79,87.14,PARTIAL,,2026-07-06 16:00:00,SYNTHETIC_DEMO
RES-01805,DON-01055,REST-TG23-131,REC-TG23-007,VOL-TG23-005,Nizamabad,pulao,21,5.16,18,89,74,77,99,95,84.86,RESCUED,,2026-05-21 16:00:00,SYNTHETIC_DEMO
RES-01806,DON-00950,REST-TG24-081,REC-TG24-004,VOL-TG24-008,Peddapalli,vegetables,83,6.98,25,95,63,99,88,62,81.46,RESCUED,,2026-06-01 17:00:00,SYNTHETIC_DEMO
RES-01807,DON-01809,REST-TG25-111,REC-TG25-007,VOL-TG25-006,Rajanna Sircilla,bakery,109,23.3,73,87,90,79,65,62,68.31,RESCUED,,2026-04-14 09:00:00,SYNTHETIC_DEMO
RES-01808,DON-00355,REST-TG26-118,REC-TG26-014,VOL-TG26-008,Rangareddy,vegetables,10,30.44,94,75,87,73,67,98,63.11,RESCUED,,2026-08-02 12:00:00,SYNTHETIC_DEMO
RES-01809,DON-01911,REST-TG27-035,REC-TG27-004,VOL-TG27-006,Sangareddy,sandwich,100,30.93,81,89,45,78,94,58,56.61,RESCUED,,2026-09-06 14:00:00,SYNTHETIC_DEMO
RES-01810,DON-00584,REST-TG28-066,REC-TG28-008,VOL-TG28-005,Siddipet,vegetables,12,24.06,87,69,83,65,82,73,63.46,RESCUED,,2026-07-09 23:00:00,SYNTHETIC_DEMO
RES-01811,DON-02821,REST-TG29-119,REC-TG29-003,VOL-TG29-009,Suryapet,pulao,83,8.49,18,87,75,93,62,70,78.49,RESCUED,,2026-03-31 04:00:00,SYNTHETIC_DEMO
RES-01812,DON-02419,REST-TG30-064,REC-TG30-017,VOL-TG30-002,Vikarabad,pulao,31,22.4,76,99,58,95,56,73,67.55,RESCUED,,2026-06-10 21:00:00,SYNTHETIC_DEMO
RES-01813,DON-00428,REST-TG31-053,REC-TG31-008,VOL-TG31-008,Wanaparthy,roti,91,18.79,57,90,99,72,52,85,73.88,MISSED,volunteer_unavailable,2026-06-06 02:00:00,SYNTHETIC_DEMO
RES-01814,DON-02527,REST-TG32-103,REC-TG32-011,VOL-TG32-003,Warangal,rice,106,23.46,81,87,71,65,99,68,66.29,EXPIRED,expired_before_pickup,2026-05-26 09:00:00,SYNTHETIC_DEMO
RES-01815,DON-01280,REST-TG33-039,REC-TG33-007,VOL-TG33-004,Yadadri Bhuvanagiri,bread,109,18.28,56,97,61,77,76,73,69.99,EXPIRED,recipient_capacity_full,2026-07-18 05:00:00,SYNTHETIC_DEMO
RES-01816,DON-02083,REST-TG01-002,REC-TG01-001,VOL-TG01-005,Adilabad,packaged_food,110,12.69,25,100,62,99,51,62,74.49,RESCUED,,2026-08-16 19:00:00,SYNTHETIC_DEMO
RES-01817,DON-02990,REST-TG02-133,REC-TG02-008,VOL-TG02-001,Bhadradri Kothagudem,pulao,117,33.85,70,93,83,75,87,86,64.57,RESCUED,,2026-04-17 07:00:00,SYNTHETIC_DEMO
RES-01818,DON-00866,REST-TG03-096,REC-TG03-012,VOL-TG03-004,Hanumakonda,roti,47,13.8,42,90,70,89,79,84,76.79,RESCUED,,2026-07-02 01:00:00,SYNTHETIC_DEMO
RES-01819,DON-01896,REST-TG04-141,REC-TG04-016,VOL-TG04-006,Hyderabad,rice,120,11.93,27,85,88,62,62,70,73.58,RESCUED,,2026-07-29 18:00:00,SYNTHETIC_DEMO
RES-01820,DON-02191,REST-TG05-138,REC-TG05-020,VOL-TG05-009,Jagtial,sandwich,35,4.55,18,94,88,85,72,97,87.8,MISSED,volunteer_unavailable,2026-08-28 13:00:00,SYNTHETIC_DEMO
RES-01821,DON-00237,REST-TG06-130,REC-TG06-003,VOL-TG06-003,Jangaon,bakery,120,8.45,26,73,65,79,90,50,72.41,MISSED,volunteer_unavailable,2026-05-04 02:00:00,SYNTHETIC_DEMO
RES-01822,DON-00339,REST-TG07-083,REC-TG07-009,VOL-TG07-002,Jayashankar Bhupalpally,packaged_food,102,5.08,13,78,89,64,91,81,81.57,RESCUED,,2026-07-05 22:00:00,SYNTHETIC_DEMO
RES-01823,DON-01419,REST-TG08-115,REC-TG08-019,VOL-TG08-008,Jogulamba Gadwal,vegetables,120,8.97,27,96,97,97,91,68,87.64,MISSED,expired_before_pickup,2026-08-11 10:00:00,SYNTHETIC_DEMO
RES-01824,DON-01068,REST-TG09-119,REC-TG09-019,VOL-TG09-004,Kamareddy,roti,77,9.48,33,78,81,78,100,56,77.33,PARTIAL,,2026-09-15 14:00:00,SYNTHETIC_DEMO
RES-01825,DON-00085,REST-TG10-003,REC-TG10-010,VOL-TG10-006,Karimnagar,vegetables,113,33.87,84,71,49,88,99,82,56.11,PARTIAL,,2026-07-27 09:00:00,SYNTHETIC_DEMO
RES-01826,DON-02439,REST-TG11-041,REC-TG11-020,VOL-TG11-005,Khammam,roti,37,11.87,42,76,70,64,70,60,68.32,MISSED,expired_before_pickup,2026-08-31 00:00:00,SYNTHETIC_DEMO
RES-01827,DON-02597,REST-TG12-018,REC-TG12-013,VOL-TG12-008,Kumuram Bheem,pulao,36,33.6,95,78,45,88,59,64,51.1,EXPIRED,volunteer_unavailable,2026-08-13 20:00:00,SYNTHETIC_DEMO
RES-01828,DON-02972,REST-TG13-106,REC-TG13-018,VOL-TG13-007,Mahabubabad,sandwich,63,7.25,16,72,77,68,90,82,77.02,RESCUED,,2026-05-29 14:00:00,SYNTHETIC_DEMO
RES-01829,DON-02663,REST-TG14-122,REC-TG14-005,VOL-TG14-010,Mahabubnagar,sandwich,28,21.07,82,86,87,67,95,99,74.0,RESCUED,,2026-09-05 20:00:00,SYNTHETIC_DEMO
RES-01830,DON-00649,REST-TG15-030,REC-TG15-020,VOL-TG15-004,Mancherial,packaged_food,53,30.28,84,76,73,70,88,56,58.07,MISSED,expired_before_pickup,2026-08-28 21:00:00,SYNTHETIC_DEMO
RES-01831,DON-02985,REST-TG16-100,REC-TG16-002,VOL-TG16-001,Medak,bakery,71,26.24,97,68,88,99,100,98,72.11,RESCUED,,2026-09-10 19:00:00,SYNTHETIC_DEMO
RES-01832,DON-00490,REST-TG17-085,REC-TG17-017,VOL-TG17-002,Medchal-Malkajgiri,bakery,113,34.05,70,89,98,81,82,77,66.13,RESCUED,,2026-07-12 05:00:00,SYNTHETIC_DEMO
RES-01833,DON-01811,REST-TG18-095,REC-TG18-010,VOL-TG18-006,Mulugu,bread,55,9.19,25,99,68,91,78,74,80.69,MISSED,traffic_delay,2026-09-10 12:00:00,SYNTHETIC_DEMO
RES-01834,DON-02290,REST-TG19-009,REC-TG19-020,VOL-TG19-007,Nagarkurnool,biryani,96,10.14,40,84,45,83,94,61,71.51,EXPIRED,expired_before_pickup,2026-06-06 09:00:00,SYNTHETIC_DEMO
RES-01835,DON-01576,REST-TG20-148,REC-TG20-007,VOL-TG20-002,Nalgonda,vegetables,25,5.24,20,96,61,82,76,67,79.26,PARTIAL,,2026-08-27 17:00:00,SYNTHETIC_DEMO
RES-01836,DON-02365,REST-TG21-044,REC-TG21-001,VOL-TG21-010,Narayanpet,roti,30,14.06,41,95,78,97,95,96,83.21,RESCUED,,2026-08-22 11:00:00,SYNTHETIC_DEMO
RES-01837,DON-01404,REST-TG22-145,REC-TG22-008,VOL-TG22-009,Nirmal,dal,120,31.67,69,80,78,65,85,79,60.13,RESCUED,,2026-04-16 18:00:00,SYNTHETIC_DEMO
RES-01838,DON-01441,REST-TG23-144,REC-TG23-001,VOL-TG23-001,Nizamabad,rice,116,4.92,16,100,74,95,77,62,84.44,EXPIRED,traffic_delay,2026-05-19 16:00:00,SYNTHETIC_DEMO
RES-01839,DON-01440,REST-TG24-136,REC-TG24-017,VOL-TG24-005,Peddapalli,bread,96,22.04,45,65,78,77,53,51,59.81,RESCUED,,2026-04-10 01:00:00,SYNTHETIC_DEMO
RES-01840,DON-01722,REST-TG25-089,REC-TG25-020,VOL-TG25-010,Rajanna Sircilla,bread,119,4.5,16,73,54,73,67,60,70.84,MISSED,recipient_capacity_full,2026-08-30 01:00:00,SYNTHETIC_DEMO
RES-01841,DON-02665,REST-TG26-064,REC-TG26-019,VOL-TG26-005,Rangareddy,bread,61,22.62,51,73,73,82,84,69,65.64,RESCUED,,2026-09-07 19:00:00,SYNTHETIC_DEMO
RES-01842,DON-00444,REST-TG27-086,REC-TG27-007,VOL-TG27-008,Sangareddy,cooked_meal,81,5.84,13,100,66,70,86,67,79.83,RESCUED,,2026-05-03 15:00:00,SYNTHETIC_DEMO
RES-01843,DON-01161,REST-TG28-092,REC-TG28-004,VOL-TG28-004,Siddipet,fruits,91,28.75,94,74,90,79,57,99,64.71,RESCUED,,2026-08-30 13:00:00,SYNTHETIC_DEMO
RES-01844,DON-01701,REST-TG29-012,REC-TG29-002,VOL-TG29-010,Suryapet,bread,64,31.84,120,74,53,79,57,74,52.61,PARTIAL,,2026-06-13 05:00:00,SYNTHETIC_DEMO
RES-01845,DON-02813,REST-TG30-124,REC-TG30-016,VOL-TG30-005,Vikarabad,sandwich,75,8.02,26,76,100,83,90,66,82.52,MISSED,traffic_delay,2026-08-08 17:00:00,SYNTHETIC_DEMO
RES-01846,DON-02274,REST-TG31-134,REC-TG31-008,VOL-TG31-002,Wanaparthy,cooked_meal,75,24.29,76,83,80,74,58,84,65.55,RESCUED,,2026-04-19 11:00:00,SYNTHETIC_DEMO
RES-01847,DON-01880,REST-TG32-131,REC-TG32-018,VOL-TG32-002,Warangal,roti,87,1.19,5,89,94,100,86,70,91.35,MISSED,recipient_capacity_full,2026-07-25 21:00:00,SYNTHETIC_DEMO
RES-01848,DON-02515,REST-TG33-144,REC-TG33-008,VOL-TG33-003,Yadadri Bhuvanagiri,fruits,22,18.99,67,96,53,66,75,62,64.84,EXPIRED,recipient_capacity_full,2026-04-22 04:00:00,SYNTHETIC_DEMO
RES-01849,DON-01798,REST-TG01-144,REC-TG01-018,VOL-TG01-009,Adilabad,bakery,84,11.08,29,91,96,77,57,96,81.34,RESCUED,,2026-07-26 19:00:00,SYNTHETIC_DEMO
RES-01850,DON-02325,REST-TG02-117,REC-TG02-006,VOL-TG02-009,Bhadradri Kothagudem,rice,91,29.47,114,74,96,70,82,58,62.45,MISSED,volunteer_unavailable,2026-08-23 09:00:00,SYNTHETIC_DEMO
RES-01851,DON-01524,REST-TG03-047,REC-TG03-005,VOL-TG03-009,Hanumakonda,sandwich,105,14.09,33,92,71,64,51,62,68.44,MISSED,expired_before_pickup,2026-06-04 07:00:00,SYNTHETIC_DEMO
RES-01852,DON-02662,REST-TG04-023,REC-TG04-017,VOL-TG04-002,Hyderabad,bread,89,5.18,12,92,90,92,63,82,86.0,RESCUED,,2026-04-05 16:00:00,SYNTHETIC_DEMO
RES-01853,DON-02395,REST-TG05-121,REC-TG05-015,VOL-TG05-010,Jagtial,bread,52,11.37,32,72,80,77,99,51,73.83,MISSED,expired_before_pickup,2026-09-12 13:00:00,SYNTHETIC_DEMO
RES-01854,DON-01102,REST-TG06-082,REC-TG06-011,VOL-TG06-006,Jangaon,biryani,98,4.85,13,91,49,90,91,78,79.94,RESCUED,,2026-09-11 09:00:00,SYNTHETIC_DEMO
RES-01855,DON-02856,REST-TG07-036,REC-TG07-009,VOL-TG07-004,Jayashankar Bhupalpally,vegetables,106,2.7,10,79,98,78,69,95,86.57,PARTIAL,,2026-04-17 18:00:00,SYNTHETIC_DEMO
RES-01856,DON-01861,REST-TG08-069,REC-TG08-009,VOL-TG08-005,Jogulamba Gadwal,fruits,66,17.41,44,66,77,90,79,92,71.76,RESCUED,,2026-06-13 09:00:00,SYNTHETIC_DEMO
RES-01857,DON-02092,REST-TG09-098,REC-TG09-019,VOL-TG09-009,Kamareddy,bread,31,32.33,80,87,51,68,53,59,50.91,PARTIAL,,2026-07-11 10:00:00,SYNTHETIC_DEMO
RES-01858,DON-01010,REST-TG10-003,REC-TG10-014,VOL-TG10-004,Karimnagar,bread,11,5.68,21,99,98,99,64,90,90.59,MISSED,traffic_delay,2026-08-22 06:00:00,SYNTHETIC_DEMO
RES-01859,DON-02283,REST-TG11-093,REC-TG11-001,VOL-TG11-002,Khammam,sandwich,42,1.02,5,69,81,70,66,72,78.57,PARTIAL,,2026-09-14 19:00:00,SYNTHETIC_DEMO
RES-01860,DON-00237,REST-TG12-022,REC-TG12-014,VOL-TG12-006,Kumuram Bheem,biryani,49,29.5,66,92,93,86,81,73,69.23,RESCUED,,2026-06-01 04:00:00,SYNTHETIC_DEMO
RES-01861,DON-02261,REST-TG13-141,REC-TG13-006,VOL-TG13-003,Mahabubabad,dal,66,30.88,90,67,49,86,65,64,51.94,RESCUED,,2026-05-05 15:00:00,SYNTHETIC_DEMO
RES-01862,DON-01590,REST-TG14-013,REC-TG14-015,VOL-TG14-004,Mahabubnagar,rice,48,6.14,17,96,81,90,94,85,87.41,PARTIAL,,2026-07-24 23:00:00,SYNTHETIC_DEMO
RES-01863,DON-02140,REST-TG15-073,REC-TG15-018,VOL-TG15-002,Mancherial,bread,102,33.0,68,82,61,94,75,82,59.83,RESCUED,,2026-08-14 02:00:00,SYNTHETIC_DEMO
RES-01864,DON-01812,REST-TG16-121,REC-TG16-019,VOL-TG16-005,Medak,dal,64,18.64,60,94,62,67,67,82,67.84,PARTIAL,,2026-08-31 18:00:00,SYNTHETIC_DEMO
RES-01865,DON-02114,REST-TG17-093,REC-TG17-012,VOL-TG17-005,Medchal-Malkajgiri,cooked_meal,95,15.28,52,94,45,62,74,55,64.09,EXPIRED,volunteer_unavailable,2026-07-16 22:00:00,SYNTHETIC_DEMO
RES-01866,DON-01405,REST-TG18-062,REC-TG18-019,VOL-TG18-009,Mulugu,biryani,38,7.39,16,81,79,61,90,87,78.57,MISSED,traffic_delay,2026-07-01 17:00:00,SYNTHETIC_DEMO
RES-01867,DON-00316,REST-TG19-086,REC-TG19-001,VOL-TG19-003,Nagarkurnool,fruits,40,2.57,7,89,51,88,58,64,76.56,PARTIAL,,2026-07-10 02:00:00,SYNTHETIC_DEMO
RES-01868,DON-00901,REST-TG20-026,REC-TG20-006,VOL-TG20-003,Nalgonda,dal,114,5.56,21,76,83,60,55,90,76.33,RESCUED,,2026-09-19 05:00:00,SYNTHETIC_DEMO
RES-01869,DON-02356,REST-TG21-125,REC-TG21-017,VOL-TG21-009,Narayanpet,cooked_meal,68,30.88,113,65,86,98,75,79,63.24,RESCUED,,2026-06-26 07:00:00,SYNTHETIC_DEMO
RES-01870,DON-00020,REST-TG22-098,REC-TG22-004,VOL-TG22-007,Nirmal,biryani,93,7.32,15,93,55,81,75,54,74.42,EXPIRED,recipient_capacity_full,2026-06-01 09:00:00,SYNTHETIC_DEMO
RES-01871,DON-01914,REST-TG23-064,REC-TG23-011,VOL-TG23-004,Nizamabad,vegetables,95,28.67,75,80,84,98,50,55,62.52,RESCUED,,2026-07-09 23:00:00,SYNTHETIC_DEMO
RES-01872,DON-01732,REST-TG24-123,REC-TG24-018,VOL-TG24-007,Peddapalli,rice,51,26.48,71,66,60,79,91,93,61.54,RESCUED,,2026-08-05 16:00:00,SYNTHETIC_DEMO
RES-01873,DON-00663,REST-TG25-064,REC-TG25-008,VOL-TG25-003,Rajanna Sircilla,fruits,56,31.1,110,73,98,94,74,79,66.39,MISSED,traffic_delay,2026-09-08 17:00:00,SYNTHETIC_DEMO
RES-01874,DON-02680,REST-TG26-043,REC-TG26-001,VOL-TG26-006,Rangareddy,biryani,90,30.02,79,78,83,77,74,96,64.31,RESCUED,,2026-05-11 23:00:00,SYNTHETIC_DEMO
RES-01875,DON-01726,REST-TG27-034,REC-TG27-017,VOL-TG27-008,Sangareddy,roti,48,7.09,15,88,85,91,68,92,84.19,PARTIAL,,2026-06-18 07:00:00,SYNTHETIC_DEMO
RES-01876,DON-02799,REST-TG28-092,REC-TG28-020,VOL-TG28-006,Siddipet,packaged_food,69,18.2,63,100,97,66,99,51,76.3,RESCUED,,2026-04-12 06:00:00,SYNTHETIC_DEMO
RES-01877,DON-02608,REST-TG29-061,REC-TG29-017,VOL-TG29-005,Suryapet,pulao,49,23.71,93,85,52,85,65,73,62.01,RESCUED,,2026-09-05 21:00:00,SYNTHETIC_DEMO
RES-01878,DON-00815,REST-TG30-048,REC-TG30-013,VOL-TG30-010,Vikarabad,bread,50,28.24,68,66,87,88,90,79,65.53,PARTIAL,,2026-06-11 07:00:00,SYNTHETIC_DEMO
RES-01879,DON-02973,REST-TG31-087,REC-TG31-012,VOL-TG31-007,Wanaparthy,fruits,48,5.37,20,97,53,84,72,75,78.46,MISSED,expired_before_pickup,2026-05-28 19:00:00,SYNTHETIC_DEMO
RES-01880,DON-01643,REST-TG32-111,REC-TG32-004,VOL-TG32-006,Warangal,bakery,38,9.73,21,65,66,78,87,57,70.35,PARTIAL,,2026-09-11 23:00:00,SYNTHETIC_DEMO
RES-01881,DON-00703,REST-TG33-114,REC-TG33-007,VOL-TG33-003,Yadadri Bhuvanagiri,bread,26,28.41,74,80,47,88,51,71,55.51,RESCUED,,2026-05-14 21:00:00,SYNTHETIC_DEMO
RES-01882,DON-00649,REST-TG01-129,REC-TG01-016,VOL-TG01-005,Adilabad,bread,82,34.24,115,72,92,76,67,100,61.44,PARTIAL,,2026-06-20 03:00:00,SYNTHETIC_DEMO
RES-01883,DON-00091,REST-TG02-025,REC-TG02-020,VOL-TG02-001,Bhadradri Kothagudem,fruits,63,29.73,81,66,84,83,63,97,62.21,RESCUED,,2026-05-07 13:00:00,SYNTHETIC_DEMO
RES-01884,DON-02996,REST-TG03-067,REC-TG03-016,VOL-TG03-006,Hanumakonda,pulao,84,28.69,107,82,84,75,78,86,65.36,RESCUED,,2026-05-15 14:00:00,SYNTHETIC_DEMO
RES-01885,DON-00784,REST-TG04-044,REC-TG04-015,VOL-TG04-003,Hyderabad,dal,33,29.07,96,76,74,61,74,58,56.59,RESCUED,,2026-04-29 20:00:00,SYNTHETIC_DEMO
RES-01886,DON-02609,REST-TG05-064,REC-TG05-005,VOL-TG05-002,Jagtial,dal,38,3.17,8,67,47,87,93,92,77.09,RESCUED,,2026-06-01 19:00:00,SYNTHETIC_DEMO
RES-01887,DON-02359,REST-TG06-116,REC-TG06-016,VOL-TG06-001,Jangaon,roti,49,27.21,83,98,53,92,88,65,64.86,RESCUED,,2026-08-12 20:00:00,SYNTHETIC_DEMO
RES-01888,DON-01879,REST-TG07-014,REC-TG07-014,VOL-TG07-002,Jayashankar Bhupalpally,dal,39,6.5,23,95,97,98,76,51,86.16,RESCUED,,2026-09-07 00:00:00,SYNTHETIC_DEMO
RES-01889,DON-00165,REST-TG08-105,REC-TG08-016,VOL-TG08-004,Jogulamba Gadwal,cooked_meal,56,34.79,116,97,55,77,69,82,57.2,MISSED,volunteer_unavailable,2026-05-06 05:00:00,SYNTHETIC_DEMO
RES-01890,DON-00082,REST-TG09-061,REC-TG09-008,VOL-TG09-007,Kamareddy,pulao,21,25.6,81,65,84,61,53,84,59.36,RESCUED,,2026-05-28 17:00:00,SYNTHETIC_DEMO
RES-01891,DON-02537,REST-TG10-039,REC-TG10-013,VOL-TG10-003,Karimnagar,packaged_food,98,14.24,54,66,70,86,55,65,66.93,RESCUED,,2026-09-17 15:00:00,SYNTHETIC_DEMO
RES-01892,DON-00392,REST-TG11-057,REC-TG11-010,VOL-TG11-008,Khammam,packaged_food,38,3.33,12,80,50,86,90,72,77.72,RESCUED,,2026-05-24 06:00:00,SYNTHETIC_DEMO
RES-01893,DON-02878,REST-TG12-096,REC-TG12-005,VOL-TG12-009,Kumuram Bheem,bakery,19,27.7,93,81,94,74,82,84,67.91,RESCUED,,2026-05-27 05:00:00,SYNTHETIC_DEMO
RES-01894,DON-00797,REST-TG13-067,REC-TG13-018,VOL-TG13-008,Mahabubabad,packaged_food,32,23.94,85,81,64,64,87,58,61.0,RESCUED,,2026-06-01 00:00:00,SYNTHETIC_DEMO
RES-01895,DON-02149,REST-TG14-118,REC-TG14-014,VOL-TG14-010,Mahabubnagar,bakery,87,22.28,59,79,93,99,98,76,75.74,PARTIAL,,2026-06-07 14:00:00,SYNTHETIC_DEMO
RES-01896,DON-02913,REST-TG15-035,REC-TG15-016,VOL-TG15-001,Mancherial,cooked_meal,77,3.45,12,96,60,83,53,53,76.79,PARTIAL,,2026-08-06 06:00:00,SYNTHETIC_DEMO
RES-01897,DON-02658,REST-TG16-005,REC-TG16-018,VOL-TG16-007,Medak,pulao,39,31.13,122,65,86,92,64,56,58.76,PARTIAL,,2026-05-31 22:00:00,SYNTHETIC_DEMO
RES-01898,DON-00548,REST-TG17-082,REC-TG17-002,VOL-TG17-010,Medchal-Malkajgiri,cooked_meal,28,6.84,27,95,56,62,71,61,72.81,RESCUED,,2026-06-16 05:00:00,SYNTHETIC_DEMO
RES-01899,DON-02592,REST-TG18-016,REC-TG18-016,VOL-TG18-010,Mulugu,biryani,102,3.24,10,75,78,82,91,87,83.39,EXPIRED,recipient_capacity_full,2026-05-31 15:00:00,SYNTHETIC_DEMO
RES-01900,DON-01778,REST-TG19-107,REC-TG19-012,VOL-TG19-005,Nagarkurnool,rice,36,26.27,85,77,98,74,95,50,66.84,MISSED,expired_before_pickup,2026-07-14 05:00:00,SYNTHETIC_DEMO
RES-01901,DON-02128,REST-TG20-063,REC-TG20-005,VOL-TG20-002,Nalgonda,rice,22,10.55,28,80,83,84,54,69,74.96,MISSED,expired_before_pickup,2026-07-13 01:00:00,SYNTHETIC_DEMO
RES-01902,DON-02140,REST-TG21-025,REC-TG21-001,VOL-TG21-006,Narayanpet,vegetables,64,5.41,16,81,76,80,97,100,84.24,RESCUED,,2026-09-21 17:00:00,SYNTHETIC_DEMO
RES-01903,DON-01752,REST-TG22-109,REC-TG22-008,VOL-TG22-010,Nirmal,biryani,48,12.29,46,83,86,80,54,93,76.72,RESCUED,,2026-08-24 00:00:00,SYNTHETIC_DEMO
RES-01904,DON-01366,REST-TG23-101,REC-TG23-018,VOL-TG23-005,Nizamabad,rice,62,30.99,82,93,89,80,71,64,64.76,RESCUED,,2026-08-03 10:00:00,SYNTHETIC_DEMO
RES-01905,DON-02953,REST-TG24-118,REC-TG24-018,VOL-TG24-004,Peddapalli,fruits,67,11.35,24,90,52,75,70,84,71.94,RESCUED,,2026-05-08 12:00:00,SYNTHETIC_DEMO
RES-01906,DON-02957,REST-TG25-046,REC-TG25-013,VOL-TG25-008,Rajanna Sircilla,pulao,86,17.64,41,85,66,71,60,73,66.55,RESCUED,,2026-08-09 19:00:00,SYNTHETIC_DEMO
RES-01907,DON-02582,REST-TG26-042,REC-TG26-001,VOL-TG26-001,Rangareddy,roti,112,34.26,91,67,47,81,88,53,49.58,RESCUED,,2026-08-27 02:00:00,SYNTHETIC_DEMO
RES-01908,DON-00764,REST-TG27-143,REC-TG27-006,VOL-TG27-007,Sangareddy,cooked_meal,35,29.02,80,71,83,70,96,80,63.17,EXPIRED,recipient_capacity_full,2026-06-27 05:00:00,SYNTHETIC_DEMO
RES-01909,DON-02246,REST-TG28-100,REC-TG28-005,VOL-TG28-005,Siddipet,cooked_meal,82,29.41,102,71,60,60,77,76,54.49,PARTIAL,,2026-07-16 04:00:00,SYNTHETIC_DEMO
RES-01910,DON-01798,REST-TG29-074,REC-TG29-017,VOL-TG29-001,Suryapet,bakery,16,16.86,36,75,97,64,70,70,70.96,PARTIAL,,2026-08-02 02:00:00,SYNTHETIC_DEMO
RES-01911,DON-02036,REST-TG30-086,REC-TG30-007,VOL-TG30-004,Vikarabad,roti,109,23.85,78,94,55,83,74,96,67.21,RESCUED,,2026-08-09 21:00:00,SYNTHETIC_DEMO
RES-01912,DON-01617,REST-TG31-013,REC-TG31-001,VOL-TG31-004,Wanaparthy,fruits,91,15.33,52,82,88,82,72,50,72.55,RESCUED,,2026-04-04 17:00:00,SYNTHETIC_DEMO
RES-01913,DON-01056,REST-TG32-103,REC-TG32-019,VOL-TG32-003,Warangal,fruits,91,10.57,21,69,80,72,78,98,75.65,MISSED,recipient_capacity_full,2026-06-29 22:00:00,SYNTHETIC_DEMO
RES-01914,DON-00713,REST-TG33-024,REC-TG33-016,VOL-TG33-006,Yadadri Bhuvanagiri,packaged_food,118,12.94,46,85,80,68,76,60,72.56,RESCUED,,2026-08-08 04:00:00,SYNTHETIC_DEMO
RES-01915,DON-02125,REST-TG01-077,REC-TG01-017,VOL-TG01-001,Adilabad,bakery,17,1.67,5,70,61,82,60,85,76.81,MISSED,expired_before_pickup,2026-09-11 22:00:00,SYNTHETIC_DEMO
RES-01916,DON-02985,REST-TG02-090,REC-TG02-012,VOL-TG02-010,Bhadradri Kothagudem,biryani,18,24.98,77,99,96,77,68,65,71.01,MISSED,traffic_delay,2026-06-09 11:00:00,SYNTHETIC_DEMO
RES-01917,DON-02044,REST-TG03-122,REC-TG03-012,VOL-TG03-007,Hanumakonda,bread,62,31.03,111,73,65,87,78,74,58.69,MISSED,expired_before_pickup,2026-05-09 20:00:00,SYNTHETIC_DEMO
RES-01918,DON-00370,REST-TG04-096,REC-TG04-007,VOL-TG04-002,Hyderabad,sandwich,89,9.52,31,69,46,84,86,100,72.4,RESCUED,,2026-09-15 15:00:00,SYNTHETIC_DEMO
RES-01919,DON-00257,REST-TG05-004,REC-TG05-012,VOL-TG05-005,Jagtial,sandwich,100,26.14,76,77,80,68,78,88,64.53,RESCUED,,2026-04-02 01:00:00,SYNTHETIC_DEMO
RES-01920,DON-00882,REST-TG06-059,REC-TG06-003,VOL-TG06-002,Jangaon,packaged_food,100,26.39,86,74,64,65,50,59,54.4,RESCUED,,2026-05-14 10:00:00,SYNTHETIC_DEMO
RES-01921,DON-01621,REST-TG07-140,REC-TG07-002,VOL-TG07-005,Jayashankar Bhupalpally,dal,119,4.86,11,92,80,94,98,85,88.33,EXPIRED,expired_before_pickup,2026-07-21 17:00:00,SYNTHETIC_DEMO
RES-01922,DON-02462,REST-TG08-039,REC-TG08-007,VOL-TG08-006,Jogulamba Gadwal,bread,91,24.86,77,68,56,92,54,81,59.34,MISSED,expired_before_pickup,2026-05-11 21:00:00,SYNTHETIC_DEMO
RES-01923,DON-00229,REST-TG09-108,REC-TG09-010,VOL-TG09-009,Kamareddy,biryani,32,6.85,18,72,89,70,97,70,79.51,MISSED,expired_before_pickup,2026-06-12 19:00:00,SYNTHETIC_DEMO
RES-01924,DON-00068,REST-TG10-031,REC-TG10-011,VOL-TG10-007,Karimnagar,cooked_meal,111,33.15,67,86,61,99,74,87,61.67,RESCUED,,2026-06-09 00:00:00,SYNTHETIC_DEMO
RES-01925,DON-02571,REST-TG11-124,REC-TG11-018,VOL-TG11-002,Khammam,sandwich,86,27.19,85,81,74,92,68,68,63.98,MISSED,volunteer_unavailable,2026-07-05 09:00:00,SYNTHETIC_DEMO
RES-01926,DON-01925,REST-TG12-077,REC-TG12-002,VOL-TG12-008,Kumuram Bheem,rice,55,28.75,106,84,45,64,92,90,58.06,RESCUED,,2026-09-24 03:00:00,SYNTHETIC_DEMO
RES-01927,DON-00349,REST-TG13-089,REC-TG13-009,VOL-TG13-010,Mahabubabad,rice,64,17.86,46,66,79,69,55,75,64.59,RESCUED,,2026-05-05 22:00:00,SYNTHETIC_DEMO
RES-01928,DON-00168,REST-TG14-094,REC-TG14-017,VOL-TG14-009,Mahabubnagar,dal,118,34.63,133,95,82,91,77,84,65.41,RESCUED,,2026-06-10 04:00:00,SYNTHETIC_DEMO
RES-01929,DON-01927,REST-TG15-106,REC-TG15-012,VOL-TG15-005,Mancherial,sandwich,51,10.1,38,91,93,74,86,58,80.09,RESCUED,,2026-08-04 02:00:00,SYNTHETIC_DEMO
RES-01930,DON-00257,REST-TG16-062,REC-TG16-005,VOL-TG16-010,Medak,vegetables,92,11.61,35,79,54,97,75,57,71.06,RESCUED,,2026-08-12 07:00:00,SYNTHETIC_DEMO
RES-01931,DON-01069,REST-TG17-009,REC-TG17-008,VOL-TG17-009,Medchal-Malkajgiri,roti,87,24.29,58,75,71,74,65,100,64.45,EXPIRED,recipient_capacity_full,2026-07-21 22:00:00,SYNTHETIC_DEMO
RES-01932,DON-00217,REST-TG18-029,REC-TG18-018,VOL-TG18-007,Mulugu,biryani,48,14.64,49,96,51,92,53,64,69.44,EXPIRED,expired_before_pickup,2026-06-09 01:00:00,SYNTHETIC_DEMO
RES-01933,DON-00907,REST-TG19-092,REC-TG19-015,VOL-TG19-003,Nagarkurnool,packaged_food,24,14.93,42,66,71,70,99,64,68.54,RESCUED,,2026-08-22 02:00:00,SYNTHETIC_DEMO
RES-01934,DON-02651,REST-TG20-125,REC-TG20-006,VOL-TG20-001,Nalgonda,fruits,87,19.65,63,72,59,88,100,50,65.36,RESCUED,,2026-08-11 01:00:00,SYNTHETIC_DEMO
RES-01935,DON-01681,REST-TG21-063,REC-TG21-006,VOL-TG21-001,Narayanpet,biryani,83,19.12,70,97,85,98,68,55,74.74,MISSED,traffic_delay,2026-04-09 21:00:00,SYNTHETIC_DEMO
RES-01936,DON-00712,REST-TG22-141,REC-TG22-004,VOL-TG22-007,Nirmal,bakery,17,24.29,89,68,86,84,56,74,64.05,EXPIRED,recipient_capacity_full,2026-07-02 01:00:00,SYNTHETIC_DEMO
RES-01937,DON-02796,REST-TG23-089,REC-TG23-016,VOL-TG23-005,Nizamabad,bread,50,17.45,55,68,56,80,87,70,65.04,PARTIAL,,2026-07-23 19:00:00,SYNTHETIC_DEMO
RES-01938,DON-00797,REST-TG24-051,REC-TG24-003,VOL-TG24-003,Peddapalli,roti,23,26.96,91,81,86,67,60,62,61.39,MISSED,expired_before_pickup,2026-04-28 10:00:00,SYNTHETIC_DEMO
RES-01939,DON-01938,REST-TG25-020,REC-TG25-002,VOL-TG25-003,Rajanna Sircilla,packaged_food,101,29.56,92,87,68,95,66,78,63.54,RESCUED,,2026-06-09 17:00:00,SYNTHETIC_DEMO
RES-01940,DON-01638,REST-TG26-060,REC-TG26-019,VOL-TG26-005,Rangareddy,fruits,104,4.57,12,73,86,62,67,80,77.54,RESCUED,,2026-05-16 19:00:00,SYNTHETIC_DEMO
RES-01941,DON-01952,REST-TG27-080,REC-TG27-007,VOL-TG27-001,Sangareddy,fruits,48,24.7,64,88,91,77,77,56,68.01,RESCUED,,2026-04-13 07:00:00,SYNTHETIC_DEMO
RES-01942,DON-02382,REST-TG28-050,REC-TG28-007,VOL-TG28-001,Siddipet,pulao,71,9.88,29,89,49,84,59,93,73.34,RESCUED,,2026-08-30 08:00:00,SYNTHETIC_DEMO
RES-01943,DON-00038,REST-TG29-020,REC-TG29-001,VOL-TG29-001,Suryapet,pulao,119,1.86,5,74,93,76,55,62,80.17,MISSED,recipient_capacity_full,2026-09-08 16:00:00,SYNTHETIC_DEMO
RES-01944,DON-02754,REST-TG30-069,REC-TG30-008,VOL-TG30-009,Vikarabad,pulao,32,27.65,93,80,48,93,97,75,62.0,RESCUED,,2026-08-07 01:00:00,SYNTHETIC_DEMO
RES-01945,DON-00405,REST-TG31-134,REC-TG31-009,VOL-TG31-003,Wanaparthy,pulao,103,30.03,91,90,68,100,98,88,68.75,EXPIRED,traffic_delay,2026-05-29 11:00:00,SYNTHETIC_DEMO
RES-01946,DON-01685,REST-TG32-067,REC-TG32-013,VOL-TG32-002,Warangal,biryani,70,2.34,7,89,92,68,60,97,85.43,EXPIRED,volunteer_unavailable,2026-08-23 20:00:00,SYNTHETIC_DEMO
RES-01947,DON-02233,REST-TG33-081,REC-TG33-007,VOL-TG33-005,Yadadri Bhuvanagiri,packaged_food,12,28.55,92,85,51,75,72,76,57.86,RESCUED,,2026-07-26 04:00:00,SYNTHETIC_DEMO
RES-01948,DON-02962,REST-TG01-023,REC-TG01-018,VOL-TG01-001,Adilabad,roti,47,23.34,72,78,47,96,80,65,62.23,PARTIAL,,2026-08-02 14:00:00,SYNTHETIC_DEMO
RES-01949,DON-00808,REST-TG02-040,REC-TG02-019,VOL-TG02-006,Bhadradri Kothagudem,bread,47,5.26,20,76,75,76,88,95,81.14,EXPIRED,traffic_delay,2026-09-10 00:00:00,SYNTHETIC_DEMO
RES-01950,DON-01774,REST-TG03-097,REC-TG03-017,VOL-TG03-006,Hanumakonda,cooked_meal,79,1.11,5,93,89,92,93,82,91.91,RESCUED,,2026-05-15 10:00:00,SYNTHETIC_DEMO
RES-01951,DON-02133,REST-TG04-132,REC-TG04-012,VOL-TG04-007,Hyderabad,pulao,13,1.4,5,71,51,73,78,59,73.05,PARTIAL,,2026-05-10 09:00:00,SYNTHETIC_DEMO
RES-01952,DON-01206,REST-TG05-122,REC-TG05-007,VOL-TG05-008,Jagtial,roti,46,31.66,114,94,65,64,54,59,55.09,MISSED,recipient_capacity_full,2026-06-20 11:00:00,SYNTHETIC_DEMO
RES-01953,DON-01191,REST-TG06-068,REC-TG06-017,VOL-TG06-008,Jangaon,packaged_food,50,13.98,53,66,49,98,72,78,67.71,EXPIRED,recipient_capacity_full,2026-04-28 11:00:00,SYNTHETIC_DEMO
RES-01954,DON-01702,REST-TG07-098,REC-TG07-014,VOL-TG07-001,Jayashankar Bhupalpally,rice,14,28.55,87,87,69,86,95,76,65.81,MISSED,expired_before_pickup,2026-04-17 00:00:00,SYNTHETIC_DEMO
RES-01955,DON-02309,REST-TG08-070,REC-TG08-019,VOL-TG08-010,Jogulamba Gadwal,biryani,74,1.13,5,76,79,66,87,66,80.39,EXPIRED,recipient_capacity_full,2026-07-22 09:00:00,SYNTHETIC_DEMO
RES-01956,DON-01966,REST-TG09-116,REC-TG09-003,VOL-TG09-003,Kamareddy,rice,21,7.44,29,89,95,78,97,50,82.89,RESCUED,,2026-09-20 09:00:00,SYNTHETIC_DEMO
RES-01957,DON-02734,REST-TG10-100,REC-TG10-019,VOL-TG10-001,Karimnagar,bakery,45,1.86,5,96,88,80,50,96,87.07,EXPIRED,volunteer_unavailable,2026-09-17 13:00:00,SYNTHETIC_DEMO
RES-01958,DON-00362,REST-TG11-030,REC-TG11-014,VOL-TG11-001,Khammam,bakery,118,4.82,10,89,96,63,51,94,82.51,RESCUED,,2026-07-10 05:00:00,SYNTHETIC_DEMO
RES-01959,DON-00517,REST-TG12-086,REC-TG12-009,VOL-TG12-006,Kumuram Bheem,bakery,24,15.52,38,92,72,79,89,68,74.26,PARTIAL,,2026-04-12 23:00:00,SYNTHETIC_DEMO
RES-01960,DON-02009,REST-TG13-121,REC-TG13-002,VOL-TG13-009,Mahabubabad,biryani,119,31.75,115,80,48,96,92,78,59.32,MISSED,expired_before_pickup,2026-09-15 17:00:00,SYNTHETIC_DEMO
RES-01961,DON-00636,REST-TG14-118,REC-TG14-020,VOL-TG14-008,Mahabubnagar,bakery,30,33.92,105,78,62,87,62,68,54.82,MISSED,recipient_capacity_full,2026-07-09 03:00:00,SYNTHETIC_DEMO
RES-01962,DON-01062,REST-TG15-056,REC-TG15-008,VOL-TG15-009,Mancherial,packaged_food,76,33.87,85,77,96,74,64,65,59.41,EXPIRED,traffic_delay,2026-09-05 06:00:00,SYNTHETIC_DEMO
RES-01963,DON-02487,REST-TG16-072,REC-TG16-013,VOL-TG16-010,Medak,packaged_food,94,26.8,89,75,73,74,87,59,61.16,RESCUED,,2026-07-01 01:00:00,SYNTHETIC_DEMO
RES-01964,DON-01449,REST-TG17-144,REC-TG17-008,VOL-TG17-005,Medchal-Malkajgiri,bakery,105,13.81,28,77,61,98,79,68,72.14,RESCUED,,2026-05-24 18:00:00,SYNTHETIC_DEMO
RES-01965,DON-02968,REST-TG18-120,REC-TG18-003,VOL-TG18-002,Mulugu,vegetables,49,28.49,61,89,65,95,62,98,65.7,MISSED,expired_before_pickup,2026-04-25 14:00:00,SYNTHETIC_DEMO
RES-01966,DON-02628,REST-TG19-095,REC-TG19-006,VOL-TG19-008,Nagarkurnool,cooked_meal,54,2.76,10,100,91,93,89,56,89.68,RESCUED,,2026-05-12 14:00:00,SYNTHETIC_DEMO
RES-01967,DON-01150,REST-TG20-125,REC-TG20-008,VOL-TG20-008,Nalgonda,biryani,99,10.07,23,98,93,89,67,57,81.76,RESCUED,,2026-09-12 00:00:00,SYNTHETIC_DEMO
RES-01968,DON-01320,REST-TG21-091,REC-TG21-003,VOL-TG21-002,Narayanpet,rice,106,21.39,43,76,45,75,63,97,61.17,PARTIAL,,2026-05-13 09:00:00,SYNTHETIC_DEMO
RES-01969,DON-02064,REST-TG22-113,REC-TG22-019,VOL-TG22-003,Nirmal,roti,77,4.79,17,84,79,69,75,96,81.63,RESCUED,,2026-04-29 02:00:00,SYNTHETIC_DEMO
RES-01970,DON-02539,REST-TG23-034,REC-TG23-019,VOL-TG23-009,Nizamabad,bakery,48,3.62,11,75,60,93,87,82,80.26,PARTIAL,,2026-08-22 15:00:00,SYNTHETIC_DEMO
RES-01971,DON-01693,REST-TG24-048,REC-TG24-009,VOL-TG24-008,Peddapalli,roti,35,9.87,23,69,93,61,96,84,77.5,RESCUED,,2026-06-20 12:00:00,SYNTHETIC_DEMO
RES-01972,DON-02396,REST-TG25-097,REC-TG25-005,VOL-TG25-002,Rajanna Sircilla,bread,18,0.99,5,100,51,90,66,97,84.29,EXPIRED,expired_before_pickup,2026-08-04 22:00:00,SYNTHETIC_DEMO
RES-01973,DON-02950,REST-TG26-013,REC-TG26-012,VOL-TG26-010,Rangareddy,bread,16,21.07,46,87,60,91,86,82,69.8,EXPIRED,traffic_delay,2026-05-17 10:00:00,SYNTHETIC_DEMO
RES-01974,DON-01253,REST-TG27-108,REC-TG27-007,VOL-TG27-002,Sangareddy,roti,89,1.99,5,97,74,69,79,88,84.83,PARTIAL,,2026-05-16 11:00:00,SYNTHETIC_DEMO
RES-01975,DON-02767,REST-TG28-047,REC-TG28-004,VOL-TG28-006,Siddipet,bakery,88,1.74,5,89,100,76,65,97,89.16,RESCUED,,2026-08-02 14:00:00,SYNTHETIC_DEMO
RES-01976,DON-01006,REST-TG29-092,REC-TG29-005,VOL-TG29-009,Suryapet,pulao,10,12.89,32,75,75,73,69,67,70.34,PARTIAL,,2026-09-07 06:00:00,SYNTHETIC_DEMO
RES-01977,DON-00565,REST-TG30-073,REC-TG30-014,VOL-TG30-008,Vikarabad,sandwich,76,27.69,87,74,48,63,98,78,56.67,PARTIAL,,2026-06-05 00:00:00,SYNTHETIC_DEMO
RES-01978,DON-01210,REST-TG31-003,REC-TG31-018,VOL-TG31-007,Wanaparthy,cooked_meal,17,10.87,31,85,71,83,86,64,75.89,RESCUED,,2026-04-11 12:00:00,SYNTHETIC_DEMO
RES-01979,DON-02706,REST-TG32-017,REC-TG32-020,VOL-TG32-007,Warangal,fruits,30,24.99,79,65,70,73,58,93,60.2,PARTIAL,,2026-06-04 18:00:00,SYNTHETIC_DEMO
RES-01980,DON-00818,REST-TG33-075,REC-TG33-012,VOL-TG33-008,Yadadri Bhuvanagiri,fruits,70,5.88,12,67,71,64,86,74,74.0,RESCUED,,2026-06-07 18:00:00,SYNTHETIC_DEMO
RES-01981,DON-02464,REST-TG01-023,REC-TG01-019,VOL-TG01-003,Adilabad,rice,97,8.25,18,73,53,80,99,94,75.61,RESCUED,,2026-04-28 23:00:00,SYNTHETIC_DEMO
RES-01982,DON-00945,REST-TG02-148,REC-TG02-009,VOL-TG02-010,Bhadradri Kothagudem,pulao,11,27.83,78,93,89,92,95,92,74.02,RESCUED,,2026-08-30 19:00:00,SYNTHETIC_DEMO
RES-01983,DON-02401,REST-TG03-124,REC-TG03-007,VOL-TG03-001,Hanumakonda,vegetables,82,23.24,85,80,82,79,85,84,69.55,RESCUED,,2026-05-08 04:00:00,SYNTHETIC_DEMO
RES-01984,DON-00883,REST-TG04-008,REC-TG04-005,VOL-TG04-005,Hyderabad,rice,31,26.96,96,89,54,68,90,85,62.04,EXPIRED,traffic_delay,2026-09-02 23:00:00,SYNTHETIC_DEMO
RES-01985,DON-01831,REST-TG05-027,REC-TG05-008,VOL-TG05-004,Jagtial,roti,27,10.76,35,93,64,60,65,54,69.61,RESCUED,,2026-09-10 20:00:00,SYNTHETIC_DEMO
RES-01986,DON-02302,REST-TG06-128,REC-TG06-012,VOL-TG06-007,Jangaon,dal,36,24.81,79,87,75,87,60,62,64.93,RESCUED,,2026-09-03 15:00:00,SYNTHETIC_DEMO
RES-01987,DON-00243,REST-TG07-127,REC-TG07-002,VOL-TG07-002,Jayashankar Bhupalpally,cooked_meal,42,14.27,39,69,51,65,62,54,60.16,RESCUED,,2026-05-02 19:00:00,SYNTHETIC_DEMO
RES-01988,DON-02788,REST-TG08-097,REC-TG08-005,VOL-TG08-001,Jogulamba Gadwal,cooked_meal,104,15.3,36,98,51,73,97,91,73.62,PARTIAL,,2026-07-31 22:00:00,SYNTHETIC_DEMO
RES-01989,DON-02158,REST-TG09-027,REC-TG09-016,VOL-TG09-009,Kamareddy,biryani,83,0.8,5,78,57,65,76,54,74.18,RESCUED,,2026-05-09 20:00:00,SYNTHETIC_DEMO
RES-01990,DON-02016,REST-TG10-103,REC-TG10-018,VOL-TG10-007,Karimnagar,cooked_meal,103,11.27,25,75,95,69,56,51,72.0,RESCUED,,2026-08-10 10:00:00,SYNTHETIC_DEMO
RES-01991,DON-01597,REST-TG11-135,REC-TG11-017,VOL-TG11-007,Khammam,bread,67,14.16,51,77,75,61,52,81,67.74,RESCUED,,2026-09-06 15:00:00,SYNTHETIC_DEMO
RES-01992,DON-00128,REST-TG12-010,REC-TG12-012,VOL-TG12-008,Kumuram Bheem,cooked_meal,51,22.33,69,69,71,84,72,56,62.45,PARTIAL,,2026-04-10 14:00:00,SYNTHETIC_DEMO
RES-01993,DON-01769,REST-TG13-022,REC-TG13-007,VOL-TG13-009,Mahabubabad,packaged_food,49,6.87,21,93,82,65,99,97,84.44,RESCUED,,2026-09-24 12:00:00,SYNTHETIC_DEMO
RES-01994,DON-01404,REST-TG14-103,REC-TG14-018,VOL-TG14-009,Mahabubnagar,cooked_meal,42,8.73,23,75,86,63,81,99,78.41,RESCUED,,2026-04-25 09:00:00,SYNTHETIC_DEMO
RES-01995,DON-02700,REST-TG15-001,REC-TG15-003,VOL-TG15-009,Mancherial,cooked_meal,109,23.98,86,88,85,81,96,82,72.42,PARTIAL,,2026-04-02 02:00:00,SYNTHETIC_DEMO
RES-01996,DON-00294,REST-TG16-038,REC-TG16-010,VOL-TG16-002,Medak,bakery,98,18.33,65,96,94,96,87,73,80.31,RESCUED,,2026-09-21 01:00:00,SYNTHETIC_DEMO
RES-01997,DON-01755,REST-TG17-108,REC-TG17-014,VOL-TG17-010,Medchal-Malkajgiri,sandwich,94,25.25,90,99,85,84,99,63,72.56,RESCUED,,2026-09-03 08:00:00,SYNTHETIC_DEMO
RES-01998,DON-00938,REST-TG18-127,REC-TG18-001,VOL-TG18-007,Mulugu,pulao,13,10.91,30,94,46,82,56,99,73.01,RESCUED,,2026-04-05 18:00:00,SYNTHETIC_DEMO
RES-01999,DON-00540,REST-TG19-111,REC-TG19-017,VOL-TG19-001,Nagarkurnool,cooked_meal,19,29.14,111,72,79,60,88,88,60.99,MISSED,recipient_capacity_full,2026-08-01 13:00:00,SYNTHETIC_DEMO
RES-02000,DON-02182,REST-TG20-139,REC-TG20-006,VOL-TG20-008,Nalgonda,sandwich,108,1.92,6,67,51,93,54,60,72.58,EXPIRED,traffic_delay,2026-09-21 23:00:00,SYNTHETIC_DEMO
RES-02001,DON-02100,REST-TG21-034,REC-TG21-002,VOL-TG21-009,Narayanpet,dal,15,30.6,115,83,85,75,91,66,63.69,MISSED,traffic_delay,2026-06-30 20:00:00,SYNTHETIC_DEMO
RES-02002,DON-01256,REST-TG22-061,REC-TG22-015,VOL-TG22-003,Nirmal,bakery,103,7.3,25,88,98,76,77,66,82.69,EXPIRED,traffic_delay,2026-09-18 12:00:00,SYNTHETIC_DEMO
RES-02003,DON-00738,REST-TG23-100,REC-TG23-008,VOL-TG23-009,Nizamabad,bread,58,24.38,57,75,100,96,63,74,70.69,EXPIRED,recipient_capacity_full,2026-05-28 06:00:00,SYNTHETIC_DEMO
RES-02004,DON-02493,REST-TG24-077,REC-TG24-017,VOL-TG24-006,Peddapalli,bakery,38,29.98,68,88,60,76,81,82,60.89,RESCUED,,2026-09-22 20:00:00,SYNTHETIC_DEMO
RES-02005,DON-01661,REST-TG25-015,REC-TG25-014,VOL-TG25-001,Rajanna Sircilla,bakery,54,32.92,66,97,78,62,66,99,62.29,EXPIRED,expired_before_pickup,2026-05-26 21:00:00,SYNTHETIC_DEMO
RES-02006,DON-02292,REST-TG26-089,REC-TG26-015,VOL-TG26-002,Rangareddy,sandwich,117,28.53,76,65,87,97,50,96,64.17,RESCUED,,2026-05-04 13:00:00,SYNTHETIC_DEMO
RES-02007,DON-01893,REST-TG27-067,REC-TG27-007,VOL-TG27-007,Sangareddy,vegetables,35,28.73,89,71,54,92,72,75,57.98,EXPIRED,volunteer_unavailable,2026-08-04 15:00:00,SYNTHETIC_DEMO
RES-02008,DON-02756,REST-TG28-066,REC-TG28-005,VOL-TG28-009,Siddipet,dal,59,7.58,29,97,91,90,93,83,88.29,EXPIRED,expired_before_pickup,2026-09-06 13:00:00,SYNTHETIC_DEMO
RES-02009,DON-00724,REST-TG29-021,REC-TG29-019,VOL-TG29-003,Suryapet,dal,97,2.88,6,66,65,74,71,99,77.24,PARTIAL,,2026-04-23 05:00:00,SYNTHETIC_DEMO
RES-02010,DON-00853,REST-TG30-067,REC-TG30-009,VOL-TG30-007,Vikarabad,vegetables,117,34.08,76,93,70,79,74,67,59.21,MISSED,expired_before_pickup,2026-07-04 02:00:00,SYNTHETIC_DEMO
RES-02011,DON-00005,REST-TG31-096,REC-TG31-019,VOL-TG31-001,Wanaparthy,sandwich,112,31.97,74,66,82,72,65,51,54.16,EXPIRED,volunteer_unavailable,2026-08-03 16:00:00,SYNTHETIC_DEMO
RES-02012,DON-02394,REST-TG32-135,REC-TG32-013,VOL-TG32-008,Warangal,cooked_meal,36,1.16,5,98,100,71,82,85,91.12,RESCUED,,2026-07-09 05:00:00,SYNTHETIC_DEMO
RES-02013,DON-01893,REST-TG33-147,REC-TG33-005,VOL-TG33-001,Yadadri Bhuvanagiri,roti,29,13.0,36,82,67,79,100,78,75.16,RESCUED,,2026-04-28 22:00:00,SYNTHETIC_DEMO
RES-02014,DON-01260,REST-TG01-038,REC-TG01-017,VOL-TG01-005,Adilabad,roti,13,28.34,86,93,58,99,59,68,62.51,RESCUED,,2026-07-06 18:00:00,SYNTHETIC_DEMO
RES-02015,DON-02548,REST-TG02-063,REC-TG02-017,VOL-TG02-001,Bhadradri Kothagudem,rice,48,22.42,62,95,98,97,96,75,79.24,RESCUED,,2026-04-22 08:00:00,SYNTHETIC_DEMO
RES-02016,DON-01802,REST-TG03-069,REC-TG03-007,VOL-TG03-008,Hanumakonda,sandwich,59,28.62,100,70,72,90,86,96,64.66,RESCUED,,2026-05-22 19:00:00,SYNTHETIC_DEMO
RES-02017,DON-02692,REST-TG04-123,REC-TG04-010,VOL-TG04-004,Hyderabad,pulao,76,9.42,28,78,55,96,79,82,75.37,PARTIAL,,2026-05-06 05:00:00,SYNTHETIC_DEMO
RES-02018,DON-02501,REST-TG05-021,REC-TG05-019,VOL-TG05-010,Jagtial,bread,72,16.07,64,77,50,99,91,70,69.87,RESCUED,,2026-06-23 14:00:00,SYNTHETIC_DEMO
RES-02019,DON-01126,REST-TG06-063,REC-TG06-015,VOL-TG06-003,Jangaon,biryani,51,3.34,12,92,86,68,87,74,84.51,RESCUED,,2026-07-03 10:00:00,SYNTHETIC_DEMO
RES-02020,DON-00141,REST-TG07-072,REC-TG07-011,VOL-TG07-001,Jayashankar Bhupalpally,bread,94,2.58,9,74,62,69,80,61,74.81,RESCUED,,2026-06-15 18:00:00,SYNTHETIC_DEMO
RES-02021,DON-00330,REST-TG08-034,REC-TG08-015,VOL-TG08-005,Jogulamba Gadwal,pulao,15,2.28,5,91,82,76,57,94,84.47,PARTIAL,,2026-09-11 16:00:00,SYNTHETIC_DEMO
RES-02022,DON-02195,REST-TG09-146,REC-TG09-009,VOL-TG09-010,Kamareddy,packaged_food,91,27.1,104,76,98,70,81,82,67.24,RESCUED,,2026-06-18 16:00:00,SYNTHETIC_DEMO
RES-02023,DON-01593,REST-TG10-069,REC-TG10-002,VOL-TG10-009,Karimnagar,sandwich,44,19.18,58,98,93,87,86,57,76.85,EXPIRED,recipient_capacity_full,2026-04-14 12:00:00,SYNTHETIC_DEMO
RES-02024,DON-02076,REST-TG11-012,REC-TG11-015,VOL-TG11-002,Khammam,fruits,100,28.06,80,84,81,60,65,63,59.76,RESCUED,,2026-04-19 09:00:00,SYNTHETIC_DEMO
RES-02025,DON-00623,REST-TG12-067,REC-TG12-017,VOL-TG12-009,Kumuram Bheem,vegetables,50,17.48,39,97,49,63,52,61,62.46,EXPIRED,volunteer_unavailable,2026-06-12 01:00:00,SYNTHETIC_DEMO
RES-02026,DON-00177,REST-TG13-062,REC-TG13-011,VOL-TG13-003,Mahabubabad,pulao,13,2.42,8,89,48,92,75,51,77.07,RESCUED,,2026-04-03 05:00:00,SYNTHETIC_DEMO
RES-02027,DON-02918,REST-TG14-109,REC-TG14-017,VOL-TG14-008,Mahabubnagar,sandwich,47,26.8,96,68,70,95,88,52,61.71,PARTIAL,,2026-09-13 01:00:00,SYNTHETIC_DEMO
RES-02028,DON-01268,REST-TG15-118,REC-TG15-019,VOL-TG15-007,Mancherial,roti,85,12.59,46,73,55,91,67,97,71.66,EXPIRED,traffic_delay,2026-06-08 03:00:00,SYNTHETIC_DEMO
RES-02029,DON-00221,REST-TG16-091,REC-TG16-018,VOL-TG16-010,Medak,bakery,36,28.14,93,84,57,91,89,50,60.65,RESCUED,,2026-07-31 07:00:00,SYNTHETIC_DEMO
RES-02030,DON-01800,REST-TG17-123,REC-TG17-006,VOL-TG17-007,Medchal-Malkajgiri,roti,40,23.34,80,95,62,91,73,100,70.68,PARTIAL,,2026-05-03 02:00:00,SYNTHETIC_DEMO
RES-02031,DON-01203,REST-TG18-040,REC-TG18-017,VOL-TG18-009,Mulugu,roti,73,11.85,27,94,52,73,91,54,71.19,MISSED,traffic_delay,2026-05-19 16:00:00,SYNTHETIC_DEMO
RES-02032,DON-00899,REST-TG19-010,REC-TG19-013,VOL-TG19-001,Nagarkurnool,biryani,68,11.28,37,96,88,72,63,96,80.44,EXPIRED,volunteer_unavailable,2026-09-17 00:00:00,SYNTHETIC_DEMO
RES-02033,DON-02002,REST-TG20-041,REC-TG20-006,VOL-TG20-006,Nalgonda,sandwich,54,26.44,68,88,63,86,50,70,61.21,RESCUED,,2026-04-17 09:00:00,SYNTHETIC_DEMO
RES-02034,DON-02205,REST-TG21-061,REC-TG21-019,VOL-TG21-001,Narayanpet,dal,118,19.43,41,79,90,88,52,57,69.02,EXPIRED,volunteer_unavailable,2026-06-28 03:00:00,SYNTHETIC_DEMO
RES-02035,DON-02381,REST-TG22-110,REC-TG22-001,VOL-TG22-007,Nirmal,vegetables,84,15.13,44,95,70,74,92,68,74.29,RESCUED,,2026-08-09 04:00:00,SYNTHETIC_DEMO
RES-02036,DON-02838,REST-TG23-024,REC-TG23-005,VOL-TG23-007,Nizamabad,vegetables,33,8.08,21,85,95,81,87,87,84.78,RESCUED,,2026-07-24 23:00:00,SYNTHETIC_DEMO
RES-02037,DON-00130,REST-TG24-028,REC-TG24-018,VOL-TG24-004,Peddapalli,roti,71,13.27,29,86,98,85,63,51,76.47,EXPIRED,recipient_capacity_full,2026-04-11 08:00:00,SYNTHETIC_DEMO
RES-02038,DON-02183,REST-TG25-064,REC-TG25-007,VOL-TG25-003,Rajanna Sircilla,roti,90,12.47,33,96,85,97,91,88,84.74,RESCUED,,2026-09-17 00:00:00,SYNTHETIC_DEMO
RES-02039,DON-01609,REST-TG26-088,REC-TG26-006,VOL-TG26-001,Rangareddy,packaged_food,28,24.9,85,74,53,63,95,83,59.86,MISSED,expired_before_pickup,2026-09-08 09:00:00,SYNTHETIC_DEMO
RES-02040,DON-02766,REST-TG27-121,REC-TG27-012,VOL-TG27-001,Sangareddy,bakery,118,9.81,35,81,71,77,94,73,76.64,RESCUED,,2026-03-31 16:00:00,SYNTHETIC_DEMO
RES-02041,DON-01886,REST-TG28-046,REC-TG28-005,VOL-TG28-008,Siddipet,pulao,98,20.58,56,81,63,87,61,89,67.15,RESCUED,,2026-06-24 11:00:00,SYNTHETIC_DEMO
RES-02042,DON-00343,REST-TG29-112,REC-TG29-015,VOL-TG29-002,Suryapet,cooked_meal,80,1.0,5,94,84,98,76,85,90.69,EXPIRED,volunteer_unavailable,2026-07-31 03:00:00,SYNTHETIC_DEMO
RES-02043,DON-02754,REST-TG30-089,REC-TG30-013,VOL-TG30-005,Vikarabad,vegetables,120,9.34,19,74,79,81,87,80,77.78,RESCUED,,2026-07-16 13:00:00,SYNTHETIC_DEMO
RES-02044,DON-02544,REST-TG31-115,REC-TG31-018,VOL-TG31-003,Wanaparthy,packaged_food,39,33.15,120,76,81,90,53,83,59.82,EXPIRED,expired_before_pickup,2026-06-22 13:00:00,SYNTHETIC_DEMO
RES-02045,DON-01658,REST-TG32-135,REC-TG32-015,VOL-TG32-007,Warangal,sandwich,30,33.99,81,75,66,66,82,52,52.22,RESCUED,,2026-08-18 18:00:00,SYNTHETIC_DEMO
RES-02046,DON-01634,REST-TG33-082,REC-TG33-013,VOL-TG33-003,Yadadri Bhuvanagiri,cooked_meal,13,13.71,31,98,64,67,62,72,71.06,MISSED,expired_before_pickup,2026-04-21 00:00:00,SYNTHETIC_DEMO
RES-02047,DON-01415,REST-TG01-028,REC-TG01-005,VOL-TG01-010,Adilabad,biryani,63,9.6,32,98,79,99,100,51,83.49,RESCUED,,2026-06-30 17:00:00,SYNTHETIC_DEMO
RES-02048,DON-00711,REST-TG02-124,REC-TG02-001,VOL-TG02-006,Bhadradri Kothagudem,roti,73,2.15,5,69,100,82,99,96,89.06,EXPIRED,traffic_delay,2026-09-11 21:00:00,SYNTHETIC_DEMO
RES-02049,DON-02430,REST-TG03-030,REC-TG03-020,VOL-TG03-001,Hanumakonda,vegetables,63,26.39,90,93,88,75,63,63,66.2,MISSED,traffic_delay,2026-05-17 11:00:00,SYNTHETIC_DEMO
RES-02050,DON-00943,REST-TG04-107,REC-TG04-007,VOL-TG04-005,Hyderabad,fruits,41,24.35,81,81,97,76,84,89,71.91,PARTIAL,,2026-05-10 02:00:00,SYNTHETIC_DEMO
RES-02051,DON-00381,REST-TG05-007,REC-TG05-008,VOL-TG05-005,Jagtial,sandwich,54,25.61,63,83,97,75,70,85,69.46,PARTIAL,,2026-09-01 14:00:00,SYNTHETIC_DEMO
RES-02052,DON-01097,REST-TG06-115,REC-TG06-001,VOL-TG06-007,Jangaon,bread,53,2.6,7,84,93,67,84,56,82.59,MISSED,traffic_delay,2026-07-15 14:00:00,SYNTHETIC_DEMO
RES-02053,DON-01162,REST-TG07-022,REC-TG07-017,VOL-TG07-007,Jayashankar Bhupalpally,vegetables,19,7.39,23,66,50,96,84,81,73.82,EXPIRED,volunteer_unavailable,2026-06-13 07:00:00,SYNTHETIC_DEMO
RES-02054,DON-00962,REST-TG08-053,REC-TG08-014,VOL-TG08-007,Jogulamba Gadwal,packaged_food,25,29.12,94,72,77,67,86,77,60.35,PARTIAL,,2026-08-23 01:00:00,SYNTHETIC_DEMO
RES-02055,DON-01987,REST-TG09-069,REC-TG09-004,VOL-TG09-007,Kamareddy,bakery,27,19.13,40,66,91,83,52,93,69.69,RESCUED,,2026-08-15 13:00:00,SYNTHETIC_DEMO
RES-02056,DON-01417,REST-TG10-058,REC-TG10-011,VOL-TG10-002,Karimnagar,sandwich,66,15.32,38,70,50,64,97,95,66.86,RESCUED,,2026-04-14 01:00:00,SYNTHETIC_DEMO
RES-02057,DON-00896,REST-TG11-057,REC-TG11-001,VOL-TG11-010,Khammam,bread,74,6.39,22,96,95,62,67,74,82.04,RESCUED,,2026-05-06 05:00:00,SYNTHETIC_DEMO
RES-02058,DON-00034,REST-TG12-063,REC-TG12-012,VOL-TG12-007,Kumuram Bheem,pulao,75,22.39,62,97,45,90,99,88,69.61,RESCUED,,2026-08-08 08:00:00,SYNTHETIC_DEMO
RES-02059,DON-00366,REST-TG13-142,REC-TG13-009,VOL-TG13-007,Mahabubabad,fruits,60,21.55,74,93,92,95,59,65,73.26,RESCUED,,2026-08-26 15:00:00,SYNTHETIC_DEMO
RES-02060,DON-01947,REST-TG14-121,REC-TG14-020,VOL-TG14-004,Mahabubnagar,bread,24,6.09,23,95,81,99,94,81,88.2,PARTIAL,,2026-09-24 00:00:00,SYNTHETIC_DEMO
RES-02061,DON-00603,REST-TG15-089,REC-TG15-013,VOL-TG15-006,Mancherial,rice,91,31.46,106,72,70,93,61,70,57.98,PARTIAL,,2026-04-28 03:00:00,SYNTHETIC_DEMO
RES-02062,DON-02616,REST-TG16-018,REC-TG16-016,VOL-TG16-003,Medak,roti,69,18.23,47,88,56,75,66,86,67.23,MISSED,expired_before_pickup,2026-07-15 01:00:00,SYNTHETIC_DEMO
RES-02063,DON-00942,REST-TG17-048,REC-TG17-013,VOL-TG17-009,Medchal-Malkajgiri,rice,93,27.43,92,94,95,71,100,51,68.96,RESCUED,,2026-04-29 19:00:00,SYNTHETIC_DEMO
RES-02064,DON-02863,REST-TG18-063,REC-TG18-008,VOL-TG18-006,Mulugu,packaged_food,14,26.0,73,100,78,92,74,63,69.53,RESCUED,,2026-09-21 19:00:00,SYNTHETIC_DEMO
RES-02065,DON-00556,REST-TG19-082,REC-TG19-018,VOL-TG19-008,Nagarkurnool,cooked_meal,119,10.85,23,87,80,77,68,55,74.5,MISSED,recipient_capacity_full,2026-04-29 07:00:00,SYNTHETIC_DEMO
RES-02066,DON-02875,REST-TG20-090,REC-TG20-009,VOL-TG20-002,Nalgonda,vegetables,115,25.33,100,95,69,94,99,96,73.31,PARTIAL,,2026-09-03 12:00:00,SYNTHETIC_DEMO
RES-02067,DON-02716,REST-TG21-144,REC-TG21-005,VOL-TG21-009,Narayanpet,cooked_meal,58,5.22,10,91,65,67,58,75,75.82,RESCUED,,2026-06-13 02:00:00,SYNTHETIC_DEMO
RES-02068,DON-01458,REST-TG22-076,REC-TG22-017,VOL-TG22-002,Nirmal,roti,100,20.52,79,94,89,73,94,68,74.09,MISSED,volunteer_unavailable,2026-05-31 02:00:00,SYNTHETIC_DEMO
RES-02069,DON-01222,REST-TG23-095,REC-TG23-004,VOL-TG23-006,Nizamabad,sandwich,106,25.88,64,92,90,71,77,93,70.56,RESCUED,,2026-08-02 13:00:00,SYNTHETIC_DEMO
RES-02070,DON-02927,REST-TG24-105,REC-TG24-016,VOL-TG24-007,Peddapalli,roti,19,20.94,69,88,69,100,85,64,71.34,PARTIAL,,2026-05-03 11:00:00,SYNTHETIC_DEMO
RES-02071,DON-00100,REST-TG25-055,REC-TG25-019,VOL-TG25-008,Rajanna Sircilla,pulao,28,17.98,39,65,62,87,76,53,63.51,RESCUED,,2026-06-05 01:00:00,SYNTHETIC_DEMO
RES-02072,DON-02716,REST-TG26-134,REC-TG26-002,VOL-TG26-009,Rangareddy,packaged_food,21,29.12,114,81,72,62,96,55,59.2,RESCUED,,2026-06-18 02:00:00,SYNTHETIC_DEMO
RES-02073,DON-01443,REST-TG27-002,REC-TG27-019,VOL-TG27-007,Sangareddy,biryani,10,4.05,14,83,55,84,75,97,79.51,PARTIAL,,2026-08-19 20:00:00,SYNTHETIC_DEMO
RES-02074,DON-02341,REST-TG28-028,REC-TG28-019,VOL-TG28-004,Siddipet,rice,27,4.11,10,99,49,65,54,86,75.41,MISSED,volunteer_unavailable,2026-09-10 01:00:00,SYNTHETIC_DEMO
RES-02075,DON-01086,REST-TG29-107,REC-TG29-006,VOL-TG29-006,Suryapet,dal,79,34.09,107,73,63,86,65,72,54.45,RESCUED,,2026-05-11 21:00:00,SYNTHETIC_DEMO
RES-02076,DON-00294,REST-TG30-132,REC-TG30-007,VOL-TG30-007,Vikarabad,fruits,84,1.6,5,83,85,86,59,61,82.36,PARTIAL,,2026-07-22 16:00:00,SYNTHETIC_DEMO
RES-02077,DON-00075,REST-TG31-108,REC-TG31-011,VOL-TG31-001,Wanaparthy,rice,115,11.82,27,66,71,63,61,74,66.91,MISSED,volunteer_unavailable,2026-04-11 20:00:00,SYNTHETIC_DEMO
RES-02078,DON-02101,REST-TG32-134,REC-TG32-020,VOL-TG32-009,Warangal,packaged_food,74,17.09,41,69,69,99,61,78,69.14,RESCUED,,2026-04-22 08:00:00,SYNTHETIC_DEMO
RES-02079,DON-01325,REST-TG33-092,REC-TG33-017,VOL-TG33-004,Yadadri Bhuvanagiri,biryani,25,8.57,24,73,83,96,80,51,77.58,RESCUED,,2026-06-06 09:00:00,SYNTHETIC_DEMO
RES-02080,DON-01095,REST-TG01-126,REC-TG01-015,VOL-TG01-010,Adilabad,bakery,45,1.06,5,67,91,93,75,52,82.49,PARTIAL,,2026-06-30 13:00:00,SYNTHETIC_DEMO
RES-02081,DON-01629,REST-TG02-003,REC-TG02-008,VOL-TG02-010,Bhadradri Kothagudem,vegetables,52,31.84,119,83,80,62,75,85,60.16,EXPIRED,expired_before_pickup,2026-07-11 14:00:00,SYNTHETIC_DEMO
RES-02082,DON-02432,REST-TG03-142,REC-TG03-002,VOL-TG03-010,Hanumakonda,cooked_meal,115,20.18,47,84,79,64,75,70,67.29,RESCUED,,2026-06-06 15:00:00,SYNTHETIC_DEMO
RES-02083,DON-01437,REST-TG04-017,REC-TG04-003,VOL-TG04-009,Hyderabad,bread,46,21.24,56,83,98,64,73,67,69.63,RESCUED,,2026-05-29 14:00:00,SYNTHETIC_DEMO
RES-02084,DON-01249,REST-TG05-019,REC-TG05-009,VOL-TG05-007,Jagtial,packaged_food,35,22.22,57,90,92,97,93,81,77.48,RESCUED,,2026-05-23 01:00:00,SYNTHETIC_DEMO
RES-02085,DON-02716,REST-TG06-056,REC-TG06-010,VOL-TG06-003,Jangaon,packaged_food,94,32.83,77,99,71,69,65,73,59.7,RESCUED,,2026-06-15 13:00:00,SYNTHETIC_DEMO
RES-02086,DON-01498,REST-TG07-094,REC-TG07-008,VOL-TG07-010,Jayashankar Bhupalpally,vegetables,76,19.21,72,76,52,92,75,52,63.38,MISSED,recipient_capacity_full,2026-04-05 18:00:00,SYNTHETIC_DEMO
RES-02087,DON-00757,REST-TG08-067,REC-TG08-020,VOL-TG08-008,Jogulamba Gadwal,sandwich,10,2.16,5,68,71,94,55,52,76.06,EXPIRED,volunteer_unavailable,2026-06-24 07:00:00,SYNTHETIC_DEMO
RES-02088,DON-02153,REST-TG09-061,REC-TG09-004,VOL-TG09-010,Kamareddy,pulao,94,26.6,102,98,86,72,55,85,67.6,PARTIAL,,2026-09-20 13:00:00,SYNTHETIC_DEMO
RES-02089,DON-00068,REST-TG10-114,REC-TG10-005,VOL-TG10-002,Karimnagar,pulao,92,14.89,30,86,87,68,82,63,73.66,RESCUED,,2026-08-09 15:00:00,SYNTHETIC_DEMO
RES-02090,DON-00069,REST-TG11-138,REC-TG11-002,VOL-TG11-004,Khammam,cooked_meal,88,0.96,5,90,67,100,75,50,83.21,EXPIRED,volunteer_unavailable,2026-06-25 04:00:00,SYNTHETIC_DEMO
RES-02091,DON-02703,REST-TG12-135,REC-TG12-006,VOL-TG12-002,Kumuram Bheem,fruits,89,11.66,34,94,85,64,75,97,79.27,EXPIRED,volunteer_unavailable,2026-08-15 05:00:00,SYNTHETIC_DEMO
RES-02092,DON-00362,REST-TG13-003,REC-TG13-003,VOL-TG13-006,Mahabubabad,rice,116,2.24,8,94,61,64,76,87,80.3,EXPIRED,volunteer_unavailable,2026-05-03 01:00:00,SYNTHETIC_DEMO
RES-02093,DON-00703,REST-TG14-028,REC-TG14-017,VOL-TG14-005,Mahabubnagar,bakery,52,7.59,26,72,82,63,66,80,74.43,EXPIRED,volunteer_unavailable,2026-06-29 13:00:00,SYNTHETIC_DEMO
RES-02094,DON-02208,REST-TG15-137,REC-TG15-009,VOL-TG15-002,Mancherial,packaged_food,50,3.72,11,95,98,96,83,62,89.84,RESCUED,,2026-06-03 04:00:00,SYNTHETIC_DEMO
RES-02095,DON-00248,REST-TG16-118,REC-TG16-001,VOL-TG16-006,Medak,cooked_meal,71,25.46,64,93,59,90,71,85,66.31,RESCUED,,2026-09-06 05:00:00,SYNTHETIC_DEMO
RES-02096,DON-01957,REST-TG17-092,REC-TG17-016,VOL-TG17-001,Medchal-Malkajgiri,sandwich,31,32.03,86,90,66,66,62,81,57.52,EXPIRED,volunteer_unavailable,2026-06-30 15:00:00,SYNTHETIC_DEMO
RES-02097,DON-01574,REST-TG18-145,REC-TG18-003,VOL-TG18-009,Mulugu,bakery,94,21.45,56,71,50,74,55,90,59.48,MISSED,expired_before_pickup,2026-09-02 12:00:00,SYNTHETIC_DEMO
RES-02098,DON-02222,REST-TG19-019,REC-TG19-014,VOL-TG19-009,Nagarkurnool,rice,14,26.76,98,75,50,86,56,79,57.29,RESCUED,,2026-04-19 21:00:00,SYNTHETIC_DEMO
RES-02099,DON-00979,REST-TG20-139,REC-TG20-004,VOL-TG20-009,Nalgonda,roti,82,9.18,33,95,89,71,89,72,81.99,RESCUED,,2026-09-20 18:00:00,SYNTHETIC_DEMO
RES-02100,DON-00808,REST-TG21-040,REC-TG21-015,VOL-TG21-010,Narayanpet,roti,69,12.26,42,82,97,88,66,89,80.74,RESCUED,,2026-09-23 09:00:00,SYNTHETIC_DEMO
RES-02101,DON-01877,REST-TG22-067,REC-TG22-004,VOL-TG22-006,Nirmal,roti,52,21.88,56,75,77,77,57,69,63.92,RESCUED,,2026-06-02 22:00:00,SYNTHETIC_DEMO
RES-02102,DON-02547,REST-TG23-016,REC-TG23-012,VOL-TG23-002,Nizamabad,biryani,91,30.75,72,87,96,82,77,98,69.44,PARTIAL,,2026-04-21 11:00:00,SYNTHETIC_DEMO
RES-02103,DON-00384,REST-TG24-028,REC-TG24-013,VOL-TG24-005,Peddapalli,cooked_meal,114,18.5,43,93,89,65,96,66,74.14,MISSED,expired_before_pickup,2026-08-21 17:00:00,SYNTHETIC_DEMO
RES-02104,DON-02811,REST-TG25-065,REC-TG25-018,VOL-TG25-009,Rajanna Sircilla,cooked_meal,113,24.77,76,71,46,68,100,81,59.01,RESCUED,,2026-04-20 09:00:00,SYNTHETIC_DEMO
RES-02105,DON-00554,REST-TG26-077,REC-TG26-014,VOL-TG26-006,Rangareddy,dal,12,9.86,21,87,54,99,64,51,72.51,MISSED,volunteer_unavailable,2026-07-13 15:00:00,SYNTHETIC_DEMO
RES-02106,DON-00275,REST-TG27-085,REC-TG27-016,VOL-TG27-005,Sangareddy,biryani,12,26.95,97,86,87,87,51,64,64.9,EXPIRED,recipient_capacity_full,2026-06-10 16:00:00,SYNTHETIC_DEMO
RES-02107,DON-01802,REST-TG28-094,REC-TG28-013,VOL-TG28-008,Siddipet,bakery,42,19.49,46,70,83,88,80,54,68.28,RESCUED,,2026-04-12 16:00:00,SYNTHETIC_DEMO
RES-02108,DON-01239,REST-TG29-009,REC-TG29-020,VOL-TG29-004,Suryapet,rice,77,26.44,76,83,47,92,75,95,62.91,RESCUED,,2026-04-26 06:00:00,SYNTHETIC_DEMO
RES-02109,DON-02448,REST-TG30-138,REC-TG30-014,VOL-TG30-001,Vikarabad,biryani,55,5.45,17,83,100,65,82,95,85.16,MISSED,expired_before_pickup,2026-08-18 12:00:00,SYNTHETIC_DEMO
RES-02110,DON-01927,REST-TG31-047,REC-TG31-002,VOL-TG31-003,Wanaparthy,sandwich,33,25.23,68,81,72,95,67,94,67.93,EXPIRED,expired_before_pickup,2026-07-15 02:00:00,SYNTHETIC_DEMO
RES-02111,DON-01089,REST-TG32-052,REC-TG32-017,VOL-TG32-003,Warangal,roti,14,29.23,112,87,92,63,95,52,64.07,MISSED,traffic_delay,2026-07-23 02:00:00,SYNTHETIC_DEMO
RES-02112,DON-00872,REST-TG33-017,REC-TG33-010,VOL-TG33-007,Yadadri Bhuvanagiri,fruits,89,31.64,99,77,67,73,62,85,56.85,RESCUED,,2026-06-14 00:00:00,SYNTHETIC_DEMO
RES-02113,DON-00605,REST-TG01-148,REC-TG01-003,VOL-TG01-003,Adilabad,dal,24,21.49,49,89,46,67,55,91,61.3,RESCUED,,2026-08-14 13:00:00,SYNTHETIC_DEMO
RES-02114,DON-00317,REST-TG02-103,REC-TG02-010,VOL-TG02-005,Bhadradri Kothagudem,bread,26,13.28,32,79,57,91,57,70,69.06,RESCUED,,2026-04-20 13:00:00,SYNTHETIC_DEMO
RES-02115,DON-00881,REST-TG03-024,REC-TG03-013,VOL-TG03-001,Hanumakonda,pulao,63,1.36,5,71,52,100,51,68,75.53,PARTIAL,,2026-05-15 12:00:00,SYNTHETIC_DEMO
RES-02116,DON-02901,REST-TG04-051,REC-TG04-020,VOL-TG04-006,Hyderabad,cooked_meal,114,17.36,37,77,62,96,72,100,72.0,RESCUED,,2026-08-19 13:00:00,SYNTHETIC_DEMO
RES-02117,DON-00348,REST-TG05-102,REC-TG05-007,VOL-TG05-004,Jagtial,roti,89,7.71,27,99,67,76,91,75,80.69,PARTIAL,,2026-06-16 19:00:00,SYNTHETIC_DEMO
RES-02118,DON-01362,REST-TG06-026,REC-TG06-014,VOL-TG06-005,Jangaon,rice,55,21.92,67,87,48,65,74,79,61.39,RESCUED,,2026-04-11 07:00:00,SYNTHETIC_DEMO
RES-02119,DON-01761,REST-TG07-067,REC-TG07-006,VOL-TG07-002,Jayashankar Bhupalpally,roti,12,5.41,15,87,99,62,74,53,80.34,MISSED,traffic_delay,2026-07-19 23:00:00,SYNTHETIC_DEMO
RES-02120,DON-01826,REST-TG08-104,REC-TG08-007,VOL-TG08-010,Jogulamba Gadwal,pulao,16,11.84,32,98,60,88,90,87,79.04,MISSED,volunteer_unavailable,2026-05-24 01:00:00,SYNTHETIC_DEMO
RES-02121,DON-00774,REST-TG09-028,REC-TG09-016,VOL-TG09-009,Kamareddy,pulao,94,29.62,114,88,98,86,77,60,67.64,EXPIRED,expired_before_pickup,2026-07-16 06:00:00,SYNTHETIC_DEMO
RES-02122,DON-02372,REST-TG10-143,REC-TG10-007,VOL-TG10-009,Karimnagar,packaged_food,83,26.76,76,73,96,100,57,93,69.69,PARTIAL,,2026-05-11 14:00:00,SYNTHETIC_DEMO
RES-02123,DON-00129,REST-TG11-134,REC-TG11-007,VOL-TG11-010,Khammam,fruits,43,3.94,13,79,70,72,75,56,75.89,RESCUED,,2026-09-19 06:00:00,SYNTHETIC_DEMO
RES-02124,DON-01318,REST-TG12-018,REC-TG12-013,VOL-TG12-005,Kumuram Bheem,roti,77,31.41,100,85,49,81,58,61,53.41,RESCUED,,2026-04-20 08:00:00,SYNTHETIC_DEMO
RES-02125,DON-02987,REST-TG13-147,REC-TG13-006,VOL-TG13-002,Mahabubabad,roti,60,7.0,23,81,45,98,98,98,79.5,MISSED,traffic_delay,2026-07-07 08:00:00,SYNTHETIC_DEMO
RES-02126,DON-00405,REST-TG14-032,REC-TG14-015,VOL-TG14-006,Mahabubnagar,dal,46,23.81,53,97,66,62,50,70,61.89,RESCUED,,2026-09-10 19:00:00,SYNTHETIC_DEMO
RES-02127,DON-01269,REST-TG15-147,REC-TG15-011,VOL-TG15-010,Mancherial,biryani,70,22.96,46,67,92,71,52,67,62.95,EXPIRED,volunteer_unavailable,2026-05-10 05:00:00,SYNTHETIC_DEMO
RES-02128,DON-02391,REST-TG16-077,REC-TG16-015,VOL-TG16-001,Medak,bread,104,32.84,67,71,68,82,95,73,58.44,MISSED,traffic_delay,2026-06-25 13:00:00,SYNTHETIC_DEMO
RES-02129,DON-01067,REST-TG17-003,REC-TG17-018,VOL-TG17-008,Medchal-Malkajgiri,bread,24,34.23,75,84,86,90,76,70,62.65,RESCUED,,2026-06-22 12:00:00,SYNTHETIC_DEMO
RES-02130,DON-02027,REST-TG18-052,REC-TG18-016,VOL-TG18-006,Mulugu,fruits,74,9.78,31,86,60,93,85,92,78.86,RESCUED,,2026-08-16 19:00:00,SYNTHETIC_DEMO
RES-02131,DON-01974,REST-TG19-009,REC-TG19-011,VOL-TG19-006,Nagarkurnool,bread,21,3.42,7,82,58,84,51,55,73.76,RESCUED,,2026-05-19 23:00:00,SYNTHETIC_DEMO
RES-02132,DON-00933,REST-TG20-038,REC-TG20-004,VOL-TG20-006,Nalgonda,bakery,110,27.1,96,68,76,63,51,71,56.09,PARTIAL,,2026-07-08 18:00:00,SYNTHETIC_DEMO
RES-02133,DON-02921,REST-TG21-002,REC-TG21-018,VOL-TG21-010,Narayanpet,pulao,60,32.96,79,79,60,79,57,70,53.81,RESCUED,,2026-05-08 10:00:00,SYNTHETIC_DEMO
RES-02134,DON-00576,REST-TG22-102,REC-TG22-006,VOL-TG22-006,Nirmal,fruits,78,30.34,105,72,96,79,63,65,61.58,EXPIRED,traffic_delay,2026-04-14 11:00:00,SYNTHETIC_DEMO
RES-02135,DON-00292,REST-TG23-131,REC-TG23-014,VOL-TG23-003,Nizamabad,bakery,60,6.77,14,98,84,71,60,91,82.31,PARTIAL,,2026-04-13 19:00:00,SYNTHETIC_DEMO
RES-02136,DON-01631,REST-TG24-110,REC-TG24-019,VOL-TG24-001,Peddapalli,sandwich,18,18.12,50,94,75,94,64,62,72.56,EXPIRED,expired_before_pickup,2026-07-07 22:00:00,SYNTHETIC_DEMO
RES-02137,DON-00126,REST-TG25-012,REC-TG25-014,VOL-TG25-003,Rajanna Sircilla,packaged_food,92,22.28,86,65,86,99,96,81,71.84,MISSED,recipient_capacity_full,2026-04-18 03:00:00,SYNTHETIC_DEMO
RES-02138,DON-01764,REST-TG26-088,REC-TG26-020,VOL-TG26-009,Rangareddy,fruits,25,11.44,37,93,94,87,56,72,80.08,RESCUED,,2026-08-22 04:00:00,SYNTHETIC_DEMO
RES-02139,DON-02633,REST-TG27-020,REC-TG27-015,VOL-TG27-006,Sangareddy,vegetables,87,6.73,22,83,60,96,75,84,79.09,PARTIAL,,2026-06-20 17:00:00,SYNTHETIC_DEMO
RES-02140,DON-00613,REST-TG28-034,REC-TG28-010,VOL-TG28-009,Siddipet,pulao,39,14.16,30,84,57,88,57,52,67.19,MISSED,volunteer_unavailable,2026-06-23 13:00:00,SYNTHETIC_DEMO
RES-02141,DON-01692,REST-TG29-061,REC-TG29-008,VOL-TG29-007,Suryapet,bread,16,15.09,36,87,46,95,54,91,69.57,RESCUED,,2026-09-23 02:00:00,SYNTHETIC_DEMO
RES-02142,DON-02130,REST-TG30-041,REC-TG30-014,VOL-TG30-002,Vikarabad,pulao,74,1.5,5,82,67,97,79,56,81.78,MISSED,volunteer_unavailable,2026-04-15 20:00:00,SYNTHETIC_DEMO
RES-02143,DON-02894,REST-TG31-108,REC-TG31-001,VOL-TG31-009,Wanaparthy,biryani,85,11.27,28,97,74,74,95,62,77.95,RESCUED,,2026-09-20 02:00:00,SYNTHETIC_DEMO
RES-02144,DON-00324,REST-TG32-058,REC-TG32-019,VOL-TG32-004,Warangal,packaged_food,61,16.87,41,95,51,76,68,55,65.85,MISSED,recipient_capacity_full,2026-05-07 21:00:00,SYNTHETIC_DEMO
RES-02145,DON-01344,REST-TG33-047,REC-TG33-001,VOL-TG33-003,Yadadri Bhuvanagiri,pulao,105,17.5,62,79,47,71,84,83,65.05,PARTIAL,,2026-09-10 10:00:00,SYNTHETIC_DEMO
RES-02146,DON-00337,REST-TG01-140,REC-TG01-004,VOL-TG01-009,Adilabad,roti,24,3.99,9,90,82,68,89,64,82.05,RESCUED,,2026-09-05 05:00:00,SYNTHETIC_DEMO
RES-02147,DON-00753,REST-TG02-110,REC-TG02-013,VOL-TG02-002,Bhadradri Kothagudem,fruits,22,3.65,13,75,76,63,98,80,79.84,MISSED,recipient_capacity_full,2026-04-10 12:00:00,SYNTHETIC_DEMO
RES-02148,DON-00205,REST-TG03-044,REC-TG03-011,VOL-TG03-008,Hanumakonda,pulao,106,34.79,92,82,55,85,69,79,55.1,EXPIRED,volunteer_unavailable,2026-06-17 21:00:00,SYNTHETIC_DEMO
RES-02149,DON-02776,REST-TG04-072,REC-TG04-016,VOL-TG04-010,Hyderabad,rice,113,24.74,88,77,91,68,73,62,64.63,RESCUED,,2026-09-04 18:00:00,SYNTHETIC_DEMO
RES-02150,DON-01297,REST-TG05-103,REC-TG05-010,VOL-TG05-001,Jagtial,sandwich,44,10.45,39,67,54,80,55,66,65.84,RESCUED,,2026-09-23 14:00:00,SYNTHETIC_DEMO
RES-02151,DON-02543,REST-TG06-002,REC-TG06-005,VOL-TG06-010,Jangaon,rice,78,23.31,50,94,56,90,86,56,66.05,RESCUED,,2026-07-20 22:00:00,SYNTHETIC_DEMO
RES-02152,DON-02368,REST-TG07-027,REC-TG07-003,VOL-TG07-005,Jayashankar Bhupalpally,roti,43,21.18,70,93,72,60,83,75,67.67,MISSED,volunteer_unavailable,2026-05-04 13:00:00,SYNTHETIC_DEMO
RES-02153,DON-00967,REST-TG08-147,REC-TG08-020,VOL-TG08-001,Jogulamba Gadwal,bakery,45,28.5,81,92,88,83,57,85,67.29,RESCUED,,2026-06-20 13:00:00,SYNTHETIC_DEMO
RES-02154,DON-01308,REST-TG09-061,REC-TG09-012,VOL-TG09-003,Kamareddy,dal,43,26.33,79,94,76,76,94,82,69.19,EXPIRED,traffic_delay,2026-07-02 16:00:00,SYNTHETIC_DEMO
RES-02155,DON-02895,REST-TG10-049,REC-TG10-017,VOL-TG10-007,Karimnagar,dal,57,2.55,8,100,56,99,75,57,82.43,RESCUED,,2026-09-04 21:00:00,SYNTHETIC_DEMO
RES-02156,DON-00533,REST-TG11-043,REC-TG11-015,VOL-TG11-004,Khammam,sandwich,101,34.96,78,72,66,100,77,75,57.83,MISSED,recipient_capacity_full,2026-06-22 07:00:00,SYNTHETIC_DEMO
RES-02157,DON-01446,REST-TG12-090,REC-TG12-001,VOL-TG12-008,Kumuram Bheem,fruits,93,2.91,7,95,89,82,97,56,87.32,EXPIRED,expired_before_pickup,2026-08-16 10:00:00,SYNTHETIC_DEMO
RES-02158,DON-02784,REST-TG13-123,REC-TG13-006,VOL-TG13-004,Mahabubabad,packaged_food,56,11.65,23,89,96,68,78,90,80.68,PARTIAL,,2026-07-16 12:00:00,SYNTHETIC_DEMO
RES-02159,DON-00908,REST-TG14-050,REC-TG14-008,VOL-TG14-010,Mahabubnagar,pulao,43,17.56,60,100,95,74,70,56,75.16,EXPIRED,recipient_capacity_full,2026-08-13 21:00:00,SYNTHETIC_DEMO
RES-02160,DON-01673,REST-TG15-107,REC-TG15-018,VOL-TG15-002,Mancherial,cooked_meal,19,32.32,114,90,70,90,91,99,66.41,RESCUED,,2026-09-02 02:00:00,SYNTHETIC_DEMO
RES-02161,DON-00235,REST-TG16-079,REC-TG16-012,VOL-TG16-003,Medak,rice,57,33.15,79,74,67,75,93,51,55.17,EXPIRED,expired_before_pickup,2026-06-15 11:00:00,SYNTHETIC_DEMO
RES-02162,DON-02643,REST-TG17-052,REC-TG17-019,VOL-TG17-004,Medchal-Malkajgiri,bread,74,22.04,61,100,94,84,74,58,73.86,RESCUED,,2026-08-01 23:00:00,SYNTHETIC_DEMO
RES-02163,DON-01001,REST-TG18-037,REC-TG18-010,VOL-TG18-001,Mulugu,fruits,88,28.77,93,98,59,86,70,71,62.85,MISSED,traffic_delay,2026-07-14 02:00:00,SYNTHETIC_DEMO
RES-02164,DON-01475,REST-TG19-005,REC-TG19-001,VOL-TG19-004,Nagarkurnool,roti,22,17.15,53,69,48,61,56,90,59.9,PARTIAL,,2026-06-11 19:00:00,SYNTHETIC_DEMO
RES-02165,DON-02374,REST-TG20-106,REC-TG20-013,VOL-TG20-005,Nalgonda,dal,73,10.35,29,99,54,87,98,96,80.66,RESCUED,,2026-09-08 05:00:00,SYNTHETIC_DEMO
RES-02166,DON-00369,REST-TG21-051,REC-TG21-006,VOL-TG21-008,Narayanpet,cooked_meal,81,20.55,52,91,94,69,72,64,71.27,MISSED,recipient_capacity_full,2026-05-17 20:00:00,SYNTHETIC_DEMO
RES-02167,DON-01959,REST-TG22-115,REC-TG22-017,VOL-TG22-006,Nirmal,dal,74,5.08,17,73,54,72,75,52,70.27,EXPIRED,expired_before_pickup,2026-09-13 13:00:00,SYNTHETIC_DEMO
RES-02168,DON-01830,REST-TG23-051,REC-TG23-015,VOL-TG23-001,Nizamabad,packaged_food,10,11.23,33,80,65,99,76,90,77.43,EXPIRED,volunteer_unavailable,2026-08-06 12:00:00,SYNTHETIC_DEMO
RES-02169,DON-02547,REST-TG24-009,REC-TG24-009,VOL-TG24-007,Peddapalli,vegetables,113,21.87,76,70,45,98,77,84,63.18,RESCUED,,2026-09-23 15:00:00,SYNTHETIC_DEMO
RES-02170,DON-02208,REST-TG25-007,REC-TG25-014,VOL-TG25-004,Rajanna Sircilla,pulao,24,3.44,7,87,64,94,62,69,79.94,RESCUED,,2026-06-03 04:00:00,SYNTHETIC_DEMO
RES-02171,DON-01849,REST-TG26-087,REC-TG26-004,VOL-TG26-008,Rangareddy,fruits,82,30.52,121,71,90,80,61,70,60.5,RESCUED,,2026-08-31 13:00:00,SYNTHETIC_DEMO
RES-02172,DON-01799,REST-TG27-084,REC-TG27-016,VOL-TG27-003,Sangareddy,pulao,54,17.4,69,83,89,85,52,85,73.42,RESCUED,,2026-05-18 17:00:00,SYNTHETIC_DEMO
RES-02173,DON-02243,REST-TG28-139,REC-TG28-019,VOL-TG28-003,Siddipet,biryani,66,19.64,73,74,59,100,96,70,69.17,RESCUED,,2026-08-23 10:00:00,SYNTHETIC_DEMO
RES-02174,DON-00240,REST-TG29-030,REC-TG29-006,VOL-TG29-007,Suryapet,dal,29,10.22,37,98,73,92,71,53,78.1,PARTIAL,,2026-05-15 15:00:00,SYNTHETIC_DEMO
RES-02175,DON-02085,REST-TG30-094,REC-TG30-019,VOL-TG30-010,Vikarabad,pulao,23,21.65,49,69,50,79,80,57,58.89,RESCUED,,2026-07-21 21:00:00,SYNTHETIC_DEMO
RES-02176,DON-00716,REST-TG31-112,REC-TG31-016,VOL-TG31-004,Wanaparthy,cooked_meal,34,32.41,125,65,46,76,91,66,51.15,RESCUED,,2026-08-03 21:00:00,SYNTHETIC_DEMO
RES-02177,DON-00904,REST-TG32-105,REC-TG32-014,VOL-TG32-002,Warangal,fruits,120,6.73,19,72,67,90,99,72,78.59,PARTIAL,,2026-08-13 21:00:00,SYNTHETIC_DEMO
RES-02178,DON-02557,REST-TG33-068,REC-TG33-008,VOL-TG33-003,Yadadri Bhuvanagiri,fruits,96,3.28,10,84,62,93,64,76,79.81,RESCUED,,2026-06-05 04:00:00,SYNTHETIC_DEMO
RES-02179,DON-01547,REST-TG01-045,REC-TG01-006,VOL-TG01-010,Adilabad,pulao,11,5.57,12,71,67,67,55,59,70.07,RESCUED,,2026-04-15 07:00:00,SYNTHETIC_DEMO
RES-02180,DON-00200,REST-TG02-075,REC-TG02-002,VOL-TG02-006,Bhadradri Kothagudem,bakery,98,20.7,62,89,50,78,95,78,67.01,MISSED,expired_before_pickup,2026-09-08 00:00:00,SYNTHETIC_DEMO
RES-02181,DON-02520,REST-TG03-139,REC-TG03-013,VOL-TG03-003,Hanumakonda,biryani,12,4.56,13,98,79,70,71,83,83.04,RESCUED,,2026-05-07 11:00:00,SYNTHETIC_DEMO
RES-02182,DON-00381,REST-TG04-011,REC-TG04-002,VOL-TG04-008,Hyderabad,fruits,47,6.22,15,98,54,81,84,87,80.21,RESCUED,,2026-05-05 00:00:00,SYNTHETIC_DEMO
RES-02183,DON-00910,REST-TG05-120,REC-TG05-015,VOL-TG05-008,Jagtial,sandwich,18,20.7,74,75,62,61,83,67,61.76,EXPIRED,expired_before_pickup,2026-08-07 19:00:00,SYNTHETIC_DEMO
RES-02184,DON-02979,REST-TG06-069,REC-TG06-008,VOL-TG06-007,Jangaon,biryani,29,8.52,24,97,67,98,84,82,83.01,EXPIRED,volunteer_unavailable,2026-06-13 09:00:00,SYNTHETIC_DEMO
RES-02185,DON-02582,REST-TG07-032,REC-TG07-015,VOL-TG07-010,Jayashankar Bhupalpally,fruits,60,26.9,106,91,79,100,89,76,71.29,MISSED,traffic_delay,2026-05-14 09:00:00,SYNTHETIC_DEMO
RES-02186,DON-00275,REST-TG08-121,REC-TG08-020,VOL-TG08-005,Jogulamba Gadwal,biryani,72,33.81,102,92,64,94,55,93,60.95,RESCUED,,2026-08-05 01:00:00,SYNTHETIC_DEMO
RES-02187,DON-00210,REST-TG09-012,REC-TG09-012,VOL-TG09-009,Kamareddy,packaged_food,104,21.76,76,72,95,88,75,71,70.66,RESCUED,,2026-05-15 00:00:00,SYNTHETIC_DEMO
RES-02188,DON-00986,REST-TG10-148,REC-TG10-019,VOL-TG10-006,Karimnagar,vegetables,77,7.81,26,66,87,72,86,87,78.12,RESCUED,,2026-05-17 07:00:00,SYNTHETIC_DEMO
RES-02189,DON-00145,REST-TG11-150,REC-TG11-016,VOL-TG11-007,Khammam,fruits,21,1.1,5,97,66,96,98,63,87.31,MISSED,volunteer_unavailable,2026-05-23 03:00:00,SYNTHETIC_DEMO
RES-02190,DON-02261,REST-TG12-018,REC-TG12-011,VOL-TG12-003,Kumuram Bheem,rice,111,31.1,96,88,52,70,94,87,59.39,MISSED,volunteer_unavailable,2026-08-19 12:00:00,SYNTHETIC_DEMO
RES-02191,DON-00601,REST-TG13-021,REC-TG13-015,VOL-TG13-004,Mahabubabad,rice,90,11.11,38,74,59,67,66,64,66.71,RESCUED,,2026-08-14 23:00:00,SYNTHETIC_DEMO
RES-02192,DON-02185,REST-TG14-058,REC-TG14-004,VOL-TG14-006,Mahabubnagar,dal,13,10.98,37,67,73,93,72,58,72.11,MISSED,volunteer_unavailable,2026-07-26 00:00:00,SYNTHETIC_DEMO
RES-02193,DON-00998,REST-TG15-050,REC-TG15-006,VOL-TG15-008,Mancherial,rice,47,31.08,63,73,67,88,53,88,58.1,MISSED,volunteer_unavailable,2026-07-19 11:00:00,SYNTHETIC_DEMO
RES-02194,DON-02552,REST-TG16-052,REC-TG16-009,VOL-TG16-001,Medak,pulao,111,2.19,6,100,59,82,85,85,84.54,RESCUED,,2026-08-11 20:00:00,SYNTHETIC_DEMO
RES-02195,DON-00177,REST-TG17-034,REC-TG17-007,VOL-TG17-009,Medchal-Malkajgiri,dal,103,3.07,10,88,88,69,73,82,83.86,EXPIRED,recipient_capacity_full,2026-06-23 23:00:00,SYNTHETIC_DEMO
RES-02196,DON-00644,REST-TG18-080,REC-TG18-010,VOL-TG18-007,Mulugu,cooked_meal,16,4.55,10,84,63,77,100,96,82.3,MISSED,volunteer_unavailable,2026-09-11 00:00:00,SYNTHETIC_DEMO
RES-02197,DON-02059,REST-TG19-078,REC-TG19-019,VOL-TG19-002,Nagarkurnool,pulao,37,33.73,80,86,50,99,52,61,54.26,PARTIAL,,2026-05-17 01:00:00,SYNTHETIC_DEMO
RES-02198,DON-01027,REST-TG20-050,REC-TG20-009,VOL-TG20-001,Nalgonda,fruits,75,1.02,5,77,88,81,66,79,83.92,PARTIAL,,2026-06-20 15:00:00,SYNTHETIC_DEMO
RES-02199,DON-00575,REST-TG21-114,REC-TG21-003,VOL-TG21-002,Narayanpet,dal,88,12.15,30,65,59,89,67,58,66.97,RESCUED,,2026-08-11 09:00:00,SYNTHETIC_DEMO
RES-02200,DON-00227,REST-TG22-133,REC-TG22-017,VOL-TG22-005,Nirmal,packaged_food,94,6.88,20,83,65,69,80,70,75.04,EXPIRED,expired_before_pickup,2026-06-25 07:00:00,SYNTHETIC_DEMO
RES-02201,DON-02358,REST-TG23-029,REC-TG23-001,VOL-TG23-010,Nizamabad,fruits,90,31.03,106,92,64,62,71,62,56.64,EXPIRED,recipient_capacity_full,2026-07-30 13:00:00,SYNTHETIC_DEMO
RES-02202,DON-00903,REST-TG24-073,REC-TG24-018,VOL-TG24-007,Peddapalli,sandwich,48,28.37,60,93,83,91,90,97,72.29,RESCUED,,2026-09-03 00:00:00,SYNTHETIC_DEMO
RES-02203,DON-00218,REST-TG25-014,REC-TG25-020,VOL-TG25-005,Rajanna Sircilla,bread,26,4.23,15,73,58,64,72,52,70.18,PARTIAL,,2026-07-07 03:00:00,SYNTHETIC_DEMO
RES-02204,DON-01151,REST-TG26-006,REC-TG26-006,VOL-TG26-003,Rangareddy,roti,19,12.92,38,79,69,92,53,63,70.77,RESCUED,,2026-06-28 04:00:00,SYNTHETIC_DEMO
RES-02205,DON-02218,REST-TG27-051,REC-TG27-003,VOL-TG27-005,Sangareddy,vegetables,22,17.94,69,88,55,89,87,75,70.34,RESCUED,,2026-08-16 17:00:00,SYNTHETIC_DEMO
RES-02206,DON-02464,REST-TG28-048,REC-TG28-008,VOL-TG28-008,Siddipet,vegetables,60,5.7,20,68,78,77,87,51,75.48,RESCUED,,2026-09-14 17:00:00,SYNTHETIC_DEMO
RES-02207,DON-02131,REST-TG29-110,REC-TG29-018,VOL-TG29-001,Suryapet,cooked_meal,14,14.88,49,89,80,85,65,67,74.12,EXPIRED,volunteer_unavailable,2026-05-19 10:00:00,SYNTHETIC_DEMO
RES-02208,DON-01598,REST-TG30-057,REC-TG30-010,VOL-TG30-007,Vikarabad,pulao,53,32.41,108,87,82,68,73,52,58.35,RESCUED,,2026-05-20 22:00:00,SYNTHETIC_DEMO
RES-02209,DON-01523,REST-TG31-073,REC-TG31-017,VOL-TG31-002,Wanaparthy,biryani,88,26.65,88,97,59,83,59,79,63.41,RESCUED,,2026-04-13 13:00:00,SYNTHETIC_DEMO
RES-02210,DON-00456,REST-TG32-047,REC-TG32-001,VOL-TG32-007,Warangal,bread,59,15.7,38,85,100,71,74,79,76.74,RESCUED,,2026-08-02 04:00:00,SYNTHETIC_DEMO
RES-02211,DON-02875,REST-TG33-094,REC-TG33-019,VOL-TG33-007,Yadadri Bhuvanagiri,packaged_food,51,20.66,58,98,58,100,80,68,71.24,PARTIAL,,2026-06-22 18:00:00,SYNTHETIC_DEMO
RES-02212,DON-00410,REST-TG01-004,REC-TG01-018,VOL-TG01-009,Adilabad,cooked_meal,39,11.81,32,94,100,68,79,63,79.76,RESCUED,,2026-07-11 05:00:00,SYNTHETIC_DEMO
RES-02213,DON-02068,REST-TG02-046,REC-TG02-017,VOL-TG02-003,Bhadradri Kothagudem,bakery,81,14.0,51,78,45,93,73,83,69.15,EXPIRED,volunteer_unavailable,2026-04-25 03:00:00,SYNTHETIC_DEMO
RES-02214,DON-01524,REST-TG03-112,REC-TG03-017,VOL-TG03-010,Hanumakonda,biryani,112,8.87,34,99,87,86,73,66,82.66,RESCUED,,2026-08-06 15:00:00,SYNTHETIC_DEMO
RES-02215,DON-00746,REST-TG04-137,REC-TG04-002,VOL-TG04-009,Hyderabad,dal,43,22.92,51,83,49,85,63,59,59.98,PARTIAL,,2026-06-15 00:00:00,SYNTHETIC_DEMO
RES-02216,DON-01225,REST-TG05-079,REC-TG05-017,VOL-TG05-007,Jagtial,rice,115,11.34,34,85,90,83,89,96,82.85,EXPIRED,expired_before_pickup,2026-05-26 09:00:00,SYNTHETIC_DEMO
RES-02217,DON-02216,REST-TG06-073,REC-TG06-004,VOL-TG06-005,Jangaon,bread,38,11.91,25,71,76,64,98,75,72.79,EXPIRED,volunteer_unavailable,2026-08-14 12:00:00,SYNTHETIC_DEMO
RES-02218,DON-00714,REST-TG07-115,REC-TG07-018,VOL-TG07-005,Jayashankar Bhupalpally,fruits,70,7.01,14,80,79,70,76,67,76.59,RESCUED,,2026-08-01 16:00:00,SYNTHETIC_DEMO
RES-02219,DON-00880,REST-TG08-049,REC-TG08-010,VOL-TG08-005,Jogulamba Gadwal,pulao,104,2.46,5,82,70,79,58,98,81.09,RESCUED,,2026-09-15 18:00:00,SYNTHETIC_DEMO
RES-02220,DON-02930,REST-TG09-026,REC-TG09-012,VOL-TG09-001,Kamareddy,rice,88,32.58,94,98,71,84,65,89,63.53,RESCUED,,2026-05-07 00:00:00,SYNTHETIC_DEMO
RES-02221,DON-02552,REST-TG10-046,REC-TG10-015,VOL-TG10-003,Karimnagar,biryani,120,1.78,6,78,59,88,95,83,82.13,MISSED,volunteer_unavailable,2026-05-01 00:00:00,SYNTHETIC_DEMO
RES-02222,DON-00274,REST-TG11-132,REC-TG11-015,VOL-TG11-002,Khammam,fruits,93,1.28,5,98,66,70,92,69,83.49,MISSED,expired_before_pickup,2026-07-12 06:00:00,SYNTHETIC_DEMO
RES-02223,DON-01474,REST-TG12-118,REC-TG12-013,VOL-TG12-006,Kumuram Bheem,dal,30,34.91,94,95,98,79,84,76,66.51,RESCUED,,2026-06-15 04:00:00,SYNTHETIC_DEMO
RES-02224,DON-01222,REST-TG13-032,REC-TG13-016,VOL-TG13-007,Mahabubabad,vegetables,54,33.39,133,81,77,62,59,54,53.35,RESCUED,,2026-06-15 23:00:00,SYNTHETIC_DEMO
RES-02225,DON-01230,REST-TG14-037,REC-TG14-015,VOL-TG14-005,Mahabubnagar,fruits,16,28.19,110,81,56,94,71,57,59.16,PARTIAL,,2026-07-21 08:00:00,SYNTHETIC_DEMO
RES-02226,DON-00886,REST-TG15-099,REC-TG15-018,VOL-TG15-009,Mancherial,vegetables,32,27.67,74,90,84,92,54,65,65.74,MISSED,volunteer_unavailable,2026-06-17 15:00:00,SYNTHETIC_DEMO
RES-02227,DON-00473,REST-TG16-080,REC-TG16-003,VOL-TG16-009,Medak,pulao,111,8.24,18,97,57,74,52,99,76.11,RESCUED,,2026-07-16 17:00:00,SYNTHETIC_DEMO
RES-02228,DON-01697,REST-TG17-072,REC-TG17-013,VOL-TG17-009,Medchal-Malkajgiri,cooked_meal,15,19.86,40,70,100,77,81,51,69.56,EXPIRED,recipient_capacity_full,2026-05-07 10:00:00,SYNTHETIC_DEMO
RES-02229,DON-02533,REST-TG18-125,REC-TG18-005,VOL-TG18-008,Mulugu,vegetables,94,14.35,56,74,98,93,62,91,78.4,PARTIAL,,2026-09-01 02:00:00,SYNTHETIC_DEMO
RES-02230,DON-02885,REST-TG19-083,REC-TG19-018,VOL-TG19-007,Nagarkurnool,cooked_meal,113,32.19,79,91,81,86,95,96,68.41,RESCUED,,2026-06-12 22:00:00,SYNTHETIC_DEMO
RES-02231,DON-02484,REST-TG20-082,REC-TG20-005,VOL-TG20-001,Nalgonda,roti,30,21.39,48,73,48,68,51,60,55.22,RESCUED,,2026-05-10 02:00:00,SYNTHETIC_DEMO
RES-02232,DON-01090,REST-TG21-104,REC-TG21-004,VOL-TG21-003,Narayanpet,cooked_meal,23,31.27,68,83,72,96,90,57,62.76,EXPIRED,expired_before_pickup,2026-08-27 18:00:00,SYNTHETIC_DEMO
RES-02233,DON-01004,REST-TG22-102,REC-TG22-008,VOL-TG22-007,Nirmal,cooked_meal,40,10.87,29,92,94,67,86,72,80.29,RESCUED,,2026-07-04 03:00:00,SYNTHETIC_DEMO
RES-02234,DON-01850,REST-TG23-127,REC-TG23-009,VOL-TG23-010,Nizamabad,bakery,103,19.07,63,69,95,82,51,57,67.28,MISSED,traffic_delay,2026-07-05 09:00:00,SYNTHETIC_DEMO
RES-02235,DON-02453,REST-TG24-112,REC-TG24-004,VOL-TG24-001,Peddapalli,bread,42,14.17,41,98,50,93,84,59,72.73,RESCUED,,2026-06-04 15:00:00,SYNTHETIC_DEMO
RES-02236,DON-02228,REST-TG25-094,REC-TG25-016,VOL-TG25-004,Rajanna Sircilla,rice,71,14.28,29,97,89,92,99,52,80.9,RESCUED,,2026-05-14 15:00:00,SYNTHETIC_DEMO
RES-02237,DON-01767,REST-TG26-087,REC-TG26-020,VOL-TG26-002,Rangareddy,cooked_meal,49,22.41,58,74,55,64,77,66,58.69,PARTIAL,,2026-09-20 15:00:00,SYNTHETIC_DEMO
RES-02238,DON-02553,REST-TG27-054,REC-TG27-019,VOL-TG27-010,Sangareddy,vegetables,72,5.73,21,78,71,66,90,87,78.31,RESCUED,,2026-04-28 06:00:00,SYNTHETIC_DEMO
RES-02239,DON-01530,REST-TG28-144,REC-TG28-003,VOL-TG28-004,Siddipet,rice,26,33.55,92,95,84,80,56,59,60.34,EXPIRED,traffic_delay,2026-06-17 03:00:00,SYNTHETIC_DEMO
RES-02240,DON-02117,REST-TG29-086,REC-TG29-008,VOL-TG29-005,Suryapet,bakery,74,15.87,51,70,69,65,74,98,68.41,MISSED,expired_before_pickup,2026-09-22 21:00:00,SYNTHETIC_DEMO
RES-02241,DON-01618,REST-TG30-054,REC-TG30-004,VOL-TG30-006,Vikarabad,pulao,38,34.56,73,90,60,68,76,97,57.81,RESCUED,,2026-08-17 05:00:00,SYNTHETIC_DEMO
RES-02242,DON-01251,REST-TG31-025,REC-TG31-017,VOL-TG31-001,Wanaparthy,bread,116,9.9,21,90,55,63,53,90,70.68,EXPIRED,volunteer_unavailable,2026-05-12 00:00:00,SYNTHETIC_DEMO
RES-02243,DON-01755,REST-TG32-106,REC-TG32-020,VOL-TG32-008,Warangal,vegetables,106,30.85,115,74,100,90,65,80,65.76,RESCUED,,2026-05-03 02:00:00,SYNTHETIC_DEMO
RES-02244,DON-02355,REST-TG33-101,REC-TG33-015,VOL-TG33-008,Yadadri Bhuvanagiri,packaged_food,84,24.74,98,69,99,60,70,63,63.23,EXPIRED,expired_before_pickup,2026-06-19 06:00:00,SYNTHETIC_DEMO
RES-02245,DON-01563,REST-TG01-099,REC-TG01-010,VOL-TG01-007,Adilabad,bakery,61,23.86,78,75,56,94,60,51,59.36,PARTIAL,,2026-08-25 16:00:00,SYNTHETIC_DEMO
RES-02246,DON-00822,REST-TG02-063,REC-TG02-011,VOL-TG02-008,Bhadradri Kothagudem,cooked_meal,111,11.74,29,91,78,86,81,92,80.61,MISSED,volunteer_unavailable,2026-07-11 02:00:00,SYNTHETIC_DEMO
RES-02247,DON-01242,REST-TG03-104,REC-TG03-018,VOL-TG03-008,Hanumakonda,rice,117,31.92,83,84,46,89,96,79,59.05,EXPIRED,traffic_delay,2026-09-04 04:00:00,SYNTHETIC_DEMO
RES-02248,DON-02207,REST-TG04-079,REC-TG04-002,VOL-TG04-003,Hyderabad,cooked_meal,53,30.76,82,81,83,68,61,64,58.53,RESCUED,,2026-06-26 02:00:00,SYNTHETIC_DEMO
RES-02249,DON-01789,REST-TG05-070,REC-TG05-002,VOL-TG05-010,Jagtial,rice,77,4.15,11,99,76,72,54,87,81.94,RESCUED,,2026-08-30 10:00:00,SYNTHETIC_DEMO
RES-02250,DON-00227,REST-TG06-110,REC-TG06-007,VOL-TG06-009,Jangaon,bakery,89,18.69,67,73,50,71,78,66,61.3,RESCUED,,2026-07-31 06:00:00,SYNTHETIC_DEMO
RES-02251,DON-02415,REST-TG07-048,REC-TG07-010,VOL-TG07-001,Jayashankar Bhupalpally,bakery,108,22.0,76,87,46,93,58,87,64.34,MISSED,traffic_delay,2026-04-07 07:00:00,SYNTHETIC_DEMO
RES-02252,DON-02809,REST-TG08-065,REC-TG08-015,VOL-TG08-004,Jogulamba Gadwal,bakery,50,34.76,129,78,92,82,86,88,63.87,PARTIAL,,2026-08-21 13:00:00,SYNTHETIC_DEMO
RES-02253,DON-00286,REST-TG09-122,REC-TG09-018,VOL-TG09-009,Kamareddy,rice,74,7.1,14,80,81,78,56,66,76.03,RESCUED,,2026-06-04 00:00:00,SYNTHETIC_DEMO
RES-02254,DON-01675,REST-TG10-145,REC-TG10-017,VOL-TG10-009,Karimnagar,biryani,99,34.28,85,85,87,69,95,81,62.86,EXPIRED,volunteer_unavailable,2026-04-29 08:00:00,SYNTHETIC_DEMO
RES-02255,DON-00066,REST-TG11-009,REC-TG11-006,VOL-TG11-003,Khammam,sandwich,104,25.45,67,81,58,90,80,83,64.42,RESCUED,,2026-08-05 18:00:00,SYNTHETIC_DEMO
RES-02256,DON-02626,REST-TG12-130,REC-TG12-007,VOL-TG12-006,Kumuram Bheem,sandwich,120,16.86,50,67,100,97,51,63,72.31,RESCUED,,2026-04-30 16:00:00,SYNTHETIC_DEMO
RES-02257,DON-02901,REST-TG13-002,REC-TG13-017,VOL-TG13-003,Mahabubabad,bakery,48,25.51,80,72,45,81,96,100,61.93,PARTIAL,,2026-08-16 02:00:00,SYNTHETIC_DEMO
RES-02258,DON-00810,REST-TG14-014,REC-TG14-017,VOL-TG14-008,Mahabubnagar,sandwich,89,1.65,5,68,95,77,80,79,83.87,RESCUED,,2026-05-03 08:00:00,SYNTHETIC_DEMO
RES-02259,DON-01405,REST-TG15-127,REC-TG15-020,VOL-TG15-007,Mancherial,vegetables,64,34.77,88,86,59,65,65,67,52.11,EXPIRED,expired_before_pickup,2026-07-28 22:00:00,SYNTHETIC_DEMO
RES-02260,DON-02981,REST-TG16-009,REC-TG16-004,VOL-TG16-009,Medak,cooked_meal,96,11.87,44,77,93,87,88,70,79.37,PARTIAL,,2026-07-20 16:00:00,SYNTHETIC_DEMO
RES-02261,DON-01031,REST-TG17-131,REC-TG17-014,VOL-TG17-006,Medchal-Malkajgiri,roti,38,1.52,5,100,97,73,98,100,94.06,RESCUED,,2026-05-28 00:00:00,SYNTHETIC_DEMO
RES-02262,DON-00511,REST-TG18-121,REC-TG18-008,VOL-TG18-002,Mulugu,rice,99,5.79,14,68,97,92,68,90,83.46,RESCUED,,2026-07-01 22:00:00,SYNTHETIC_DEMO
RES-02263,DON-02722,REST-TG19-015,REC-TG19-008,VOL-TG19-004,Nagarkurnool,dal,60,34.73,96,78,91,62,79,76,58.79,MISSED,volunteer_unavailable,2026-08-07 19:00:00,SYNTHETIC_DEMO
RES-02264,DON-02308,REST-TG20-008,REC-TG20-007,VOL-TG20-003,Nalgonda,fruits,41,17.93,67,96,76,98,69,51,73.29,MISSED,recipient_capacity_full,2026-06-14 12:00:00,SYNTHETIC_DEMO
RES-02265,DON-00887,REST-TG21-007,REC-TG21-003,VOL-TG21-003,Narayanpet,dal,95,19.7,57,95,98,62,96,99,78.33,RESCUED,,2026-04-18 01:00:00,SYNTHETIC_DEMO
RES-02266,DON-00972,REST-TG22-025,REC-TG22-010,VOL-TG22-006,Nirmal,cooked_meal,83,19.52,69,75,50,60,97,100,64.76,MISSED,traffic_delay,2026-06-29 06:00:00,SYNTHETIC_DEMO
RES-02267,DON-00022,REST-TG23-040,REC-TG23-009,VOL-TG23-007,Nizamabad,rice,66,11.71,45,67,73,91,66,91,73.99,RESCUED,,2026-05-06 23:00:00,SYNTHETIC_DEMO
RES-02268,DON-00549,REST-TG24-025,REC-TG24-007,VOL-TG24-003,Peddapalli,packaged_food,111,24.23,67,94,90,64,80,82,70.29,RESCUED,,2026-07-04 13:00:00,SYNTHETIC_DEMO
RES-02269,DON-01677,REST-TG25-059,REC-TG25-005,VOL-TG25-009,Rajanna Sircilla,pulao,120,34.05,118,95,96,76,68,50,62.08,PARTIAL,,2026-07-05 15:00:00,SYNTHETIC_DEMO
RES-02270,DON-01938,REST-TG26-091,REC-TG26-019,VOL-TG26-006,Rangareddy,bakery,52,27.51,103,88,50,66,74,97,59.95,MISSED,recipient_capacity_full,2026-08-16 09:00:00,SYNTHETIC_DEMO
RES-02271,DON-01298,REST-TG27-121,REC-TG27-003,VOL-TG27-004,Sangareddy,rice,64,25.88,83,98,51,63,86,55,59.86,MISSED,traffic_delay,2026-08-07 01:00:00,SYNTHETIC_DEMO
RES-02272,DON-01585,REST-TG28-073,REC-TG28-007,VOL-TG28-009,Siddipet,dal,31,1.08,5,79,78,95,75,94,86.78,EXPIRED,recipient_capacity_full,2026-08-08 09:00:00,SYNTHETIC_DEMO
RES-02273,DON-00700,REST-TG29-085,REC-TG29-012,VOL-TG29-009,Suryapet,rice,63,34.67,132,76,94,78,72,93,62.44,RESCUED,,2026-06-13 09:00:00,SYNTHETIC_DEMO
RES-02274,DON-01520,REST-TG30-120,REC-TG30-007,VOL-TG30-009,Vikarabad,rice,68,20.79,59,73,55,82,93,58,63.15,MISSED,recipient_capacity_full,2026-08-06 05:00:00,SYNTHETIC_DEMO
RES-02275,DON-02007,REST-TG31-042,REC-TG31-011,VOL-TG31-006,Wanaparthy,pulao,102,15.36,40,88,75,76,74,62,71.63,RESCUED,,2026-08-23 07:00:00,SYNTHETIC_DEMO
RES-02276,DON-00608,REST-TG32-146,REC-TG32-010,VOL-TG32-006,Warangal,sandwich,27,3.82,13,96,64,74,63,58,77.47,RESCUED,,2026-03-31 23:00:00,SYNTHETIC_DEMO
RES-02277,DON-02222,REST-TG33-135,REC-TG33-006,VOL-TG33-003,Yadadri Bhuvanagiri,vegetables,24,9.64,22,83,99,60,72,69,77.61,MISSED,volunteer_unavailable,2026-08-10 01:00:00,SYNTHETIC_DEMO
RES-02278,DON-01222,REST-TG01-038,REC-TG01-004,VOL-TG01-010,Adilabad,dal,58,13.8,41,90,92,60,70,50,72.54,RESCUED,,2026-04-07 06:00:00,SYNTHETIC_DEMO
RES-02279,DON-02832,REST-TG02-104,REC-TG02-014,VOL-TG02-008,Bhadradri Kothagudem,bread,47,16.67,42,98,99,79,61,55,75.94,MISSED,expired_before_pickup,2026-06-01 03:00:00,SYNTHETIC_DEMO
RES-02280,DON-02698,REST-TG03-083,REC-TG03-008,VOL-TG03-003,Hanumakonda,packaged_food,98,26.47,74,94,93,88,100,99,76.59,RESCUED,,2026-08-19 21:00:00,SYNTHETIC_DEMO
RES-02281,DON-00008,REST-TG04-048,REC-TG04-004,VOL-TG04-003,Hyderabad,biryani,70,34.44,129,95,60,78,56,50,53.7,PARTIAL,,2026-05-08 20:00:00,SYNTHETIC_DEMO
RES-02282,DON-02655,REST-TG05-071,REC-TG05-020,VOL-TG05-005,Jagtial,packaged_food,118,19.14,49,76,53,81,59,81,63.28,MISSED,recipient_capacity_full,2026-04-12 19:00:00,SYNTHETIC_DEMO
RES-02283,DON-00437,REST-TG06-045,REC-TG06-019,VOL-TG06-001,Jangaon,fruits,60,28.06,70,67,61,89,90,58,58.71,RESCUED,,2026-07-24 11:00:00,SYNTHETIC_DEMO
RES-02284,DON-01987,REST-TG07-093,REC-TG07-010,VOL-TG07-005,Jayashankar Bhupalpally,fruits,39,10.64,22,97,73,76,70,86,78.4,EXPIRED,recipient_capacity_full,2026-07-19 00:00:00,SYNTHETIC_DEMO
RES-02285,DON-01085,REST-TG08-050,REC-TG08-017,VOL-TG08-007,Jogulamba Gadwal,cooked_meal,12,3.55,8,78,85,97,91,87,87.41,RESCUED,,2026-09-03 19:00:00,SYNTHETIC_DEMO
RES-02286,DON-02944,REST-TG09-017,REC-TG09-010,VOL-TG09-004,Kamareddy,packaged_food,96,16.79,48,90,45,86,98,97,72.41,RESCUED,,2026-06-07 14:00:00,SYNTHETIC_DEMO
RES-02287,DON-01999,REST-TG10-059,REC-TG10-003,VOL-TG10-006,Karimnagar,vegetables,83,18.26,56,74,70,82,51,70,65.16,RESCUED,,2026-05-14 09:00:00,SYNTHETIC_DEMO
RES-02288,DON-01861,REST-TG11-109,REC-TG11-014,VOL-TG11-006,Khammam,packaged_food,109,18.1,60,79,98,88,64,97,76.77,RESCUED,,2026-08-26 19:00:00,SYNTHETIC_DEMO
RES-02289,DON-01285,REST-TG12-017,REC-TG12-016,VOL-TG12-006,Kumuram Bheem,bread,42,32.34,74,92,89,94,60,57,63.9,RESCUED,,2026-07-07 05:00:00,SYNTHETIC_DEMO
RES-02290,DON-00468,REST-TG13-109,REC-TG13-010,VOL-TG13-005,Mahabubabad,roti,101,22.28,66,94,66,65,77,58,64.34,EXPIRED,traffic_delay,2026-04-23 01:00:00,SYNTHETIC_DEMO
RES-02291,DON-00116,REST-TG14-032,REC-TG14-010,VOL-TG14-005,Mahabubnagar,biryani,68,5.84,13,78,76,86,79,97,82.13,MISSED,recipient_capacity_full,2026-07-05 12:00:00,SYNTHETIC_DEMO
RES-02292,DON-01789,REST-TG15-105,REC-TG15-019,VOL-TG15-010,Mancherial,biryani,37,27.69,109,87,72,60,83,76,61.92,EXPIRED,expired_before_pickup,2026-08-31 13:00:00,SYNTHETIC_DEMO
RES-02293,DON-02074,REST-TG16-057,REC-TG16-015,VOL-TG16-002,Medak,vegetables,101,29.94,63,70,87,93,88,73,65.06,MISSED,traffic_delay,2026-07-11 18:00:00,SYNTHETIC_DEMO
RES-02294,DON-01054,REST-TG17-002,REC-TG17-009,VOL-TG17-009,Medchal-Malkajgiri,bread,95,33.51,68,100,57,84,94,80,62.46,RESCUED,,2026-09-18 02:00:00,SYNTHETIC_DEMO
RES-02295,DON-01472,REST-TG18-101,REC-TG18-008,VOL-TG18-006,Mulugu,rice,56,33.85,115,92,51,99,73,65,58.07,EXPIRED,volunteer_unavailable,2026-08-11 11:00:00,SYNTHETIC_DEMO
RES-02296,DON-00217,REST-TG19-051,REC-TG19-017,VOL-TG19-004,Nagarkurnool,vegetables,111,5.98,21,87,54,68,97,56,74.43,RESCUED,,2026-07-15 18:00:00,SYNTHETIC_DEMO
RES-02297,DON-02608,REST-TG20-037,REC-TG20-010,VOL-TG20-001,Nalgonda,fruits,87,20.84,78,83,100,74,59,59,69.61,MISSED,traffic_delay,2026-04-11 12:00:00,SYNTHETIC_DEMO
RES-02298,DON-01793,REST-TG21-074,REC-TG21-005,VOL-TG21-005,Narayanpet,packaged_food,73,32.89,95,80,46,98,51,85,55.01,RESCUED,,2026-08-16 02:00:00,SYNTHETIC_DEMO
RES-02299,DON-01842,REST-TG22-011,REC-TG22-001,VOL-TG22-006,Nirmal,vegetables,119,7.89,31,85,60,87,98,83,79.51,PARTIAL,,2026-07-01 12:00:00,SYNTHETIC_DEMO
RES-02300,DON-01697,REST-TG23-138,REC-TG23-019,VOL-TG23-007,Nizamabad,rice,96,11.11,24,90,70,89,55,60,73.91,RESCUED,,2026-04-25 20:00:00,SYNTHETIC_DEMO
RES-02301,DON-02631,REST-TG24-027,REC-TG24-012,VOL-TG24-004,Peddapalli,fruits,24,6.47,14,77,87,66,71,84,78.58,RESCUED,,2026-05-25 04:00:00,SYNTHETIC_DEMO
RES-02302,DON-00280,REST-TG25-046,REC-TG25-008,VOL-TG25-005,Rajanna Sircilla,dal,12,31.19,107,84,92,97,94,63,68.17,PARTIAL,,2026-06-28 13:00:00,SYNTHETIC_DEMO
RES-02303,DON-00348,REST-TG26-049,REC-TG26-020,VOL-TG26-010,Rangareddy,cooked_meal,17,28.23,85,100,66,86,58,71,63.84,RESCUED,,2026-05-24 10:00:00,SYNTHETIC_DEMO
RES-02304,DON-00788,REST-TG27-090,REC-TG27-001,VOL-TG27-005,Sangareddy,rice,41,18.83,54,91,51,62,53,61,60.65,PARTIAL,,2026-06-01 08:00:00,SYNTHETIC_DEMO
RES-02305,DON-01935,REST-TG28-023,REC-TG28-002,VOL-TG28-008,Siddipet,cooked_meal,66,9.85,33,97,78,76,58,53,75.46,MISSED,volunteer_unavailable,2026-05-19 07:00:00,SYNTHETIC_DEMO
RES-02306,DON-02247,REST-TG29-069,REC-TG29-009,VOL-TG29-002,Suryapet,sandwich,102,26.12,89,67,77,67,61,57,56.99,RESCUED,,2026-09-23 10:00:00,SYNTHETIC_DEMO
RES-02307,DON-02498,REST-TG30-114,REC-TG30-007,VOL-TG30-005,Vikarabad,fruits,77,26.29,63,71,76,63,72,58,58.07,RESCUED,,2026-06-14 01:00:00,SYNTHETIC_DEMO
RES-02308,DON-02221,REST-TG31-140,REC-TG31-017,VOL-TG31-002,Wanaparthy,dal,99,3.91,9,78,58,66,55,96,74.41,EXPIRED,traffic_delay,2026-04-19 15:00:00,SYNTHETIC_DEMO
RES-02309,DON-00074,REST-TG32-046,REC-TG32-015,VOL-TG32-009,Warangal,biryani,38,17.23,61,88,98,65,68,54,71.84,PARTIAL,,2026-09-21 00:00:00,SYNTHETIC_DEMO
RES-02310,DON-01211,REST-TG33-019,REC-TG33-019,VOL-TG33-001,Yadadri Bhuvanagiri,bread,56,31.16,68,76,72,84,79,90,61.84,PARTIAL,,2026-04-17 22:00:00,SYNTHETIC_DEMO
RES-02311,DON-00161,REST-TG01-030,REC-TG01-003,VOL-TG01-010,Adilabad,bread,114,33.03,115,66,78,89,60,88,58.36,EXPIRED,volunteer_unavailable,2026-04-01 19:00:00,SYNTHETIC_DEMO
RES-02312,DON-01669,REST-TG02-060,REC-TG02-014,VOL-TG02-010,Bhadradri Kothagudem,bread,64,5.42,17,75,87,77,93,69,81.28,RESCUED,,2026-07-26 18:00:00,SYNTHETIC_DEMO
RES-02313,DON-02262,REST-TG03-144,REC-TG03-011,VOL-TG03-008,Hanumakonda,roti,72,3.15,10,86,85,92,51,94,85.25,RESCUED,,2026-06-28 13:00:00,SYNTHETIC_DEMO
RES-02314,DON-01507,REST-TG04-055,REC-TG04-003,VOL-TG04-006,Hyderabad,bread,41,2.88,9,93,90,63,57,51,79.79,RESCUED,,2026-05-09 01:00:00,SYNTHETIC_DEMO
RES-02315,DON-00607,REST-TG05-146,REC-TG05-002,VOL-TG05-003,Jagtial,bread,97,25.85,92,84,61,79,71,100,64.49,RESCUED,,2026-05-10 12:00:00,SYNTHETIC_DEMO
RES-02316,DON-00717,REST-TG06-066,REC-TG06-006,VOL-TG06-004,Jangaon,packaged_food,43,16.71,52,68,74,93,60,93,70.71,PARTIAL,,2026-04-24 06:00:00,SYNTHETIC_DEMO
RES-02317,DON-02384,REST-TG07-054,REC-TG07-015,VOL-TG07-005,Jayashankar Bhupalpally,vegetables,95,25.49,63,71,59,67,95,67,59.04,EXPIRED,recipient_capacity_full,2026-08-16 23:00:00,SYNTHETIC_DEMO
RES-02318,DON-00136,REST-TG08-109,REC-TG08-017,VOL-TG08-006,Jogulamba Gadwal,fruits,99,7.92,29,86,48,94,95,82,77.94,MISSED,recipient_capacity_full,2026-09-20 04:00:00,SYNTHETIC_DEMO
RES-02319,DON-00465,REST-TG09-060,REC-TG09-012,VOL-TG09-009,Kamareddy,pulao,87,9.65,31,86,62,87,83,60,75.06,MISSED,recipient_capacity_full,2026-06-26 21:00:00,SYNTHETIC_DEMO
RES-02320,DON-01533,REST-TG10-040,REC-TG10-017,VOL-TG10-009,Karimnagar,pulao,41,32.79,119,84,86,94,72,82,65.08,RESCUED,,2026-03-29 16:00:00,SYNTHETIC_DEMO
RES-02321,DON-02964,REST-TG11-034,REC-TG11-018,VOL-TG11-001,Khammam,cooked_meal,48,30.71,95,92,53,79,51,71,56.11,MISSED,volunteer_unavailable,2026-06-13 04:00:00,SYNTHETIC_DEMO
RES-02322,DON-02624,REST-TG12-120,REC-TG12-002,VOL-TG12-002,Kumuram Bheem,fruits,43,6.44,20,84,69,76,51,74,74.9,EXPIRED,traffic_delay,2026-08-23 04:00:00,SYNTHETIC_DEMO
RES-02323,DON-02057,REST-TG13-030,REC-TG13-002,VOL-TG13-007,Mahabubabad,cooked_meal,78,21.64,72,72,78,67,97,58,65.09,MISSED,recipient_capacity_full,2026-05-31 09:00:00,SYNTHETIC_DEMO
RES-02324,DON-02363,REST-TG14-063,REC-TG14-008,VOL-TG14-007,Mahabubnagar,cooked_meal,96,33.2,97,80,68,92,78,74,59.89,MISSED,volunteer_unavailable,2026-04-20 19:00:00,SYNTHETIC_DEMO
RES-02325,DON-00423,REST-TG15-062,REC-TG15-017,VOL-TG15-009,Mancherial,vegetables,120,4.67,15,72,92,80,94,73,83.16,RESCUED,,2026-09-19 07:00:00,SYNTHETIC_DEMO
RES-02326,DON-00366,REST-TG16-104,REC-TG16-020,VOL-TG16-002,Medak,sandwich,13,2.82,5,93,70,92,90,85,86.89,RESCUED,,2026-08-20 18:00:00,SYNTHETIC_DEMO
RES-02327,DON-01192,REST-TG17-130,REC-TG17-002,VOL-TG17-006,Medchal-Malkajgiri,fruits,116,21.07,54,93,63,89,68,76,68.9,EXPIRED,volunteer_unavailable,2026-06-12 18:00:00,SYNTHETIC_DEMO
RES-02328,DON-01593,REST-TG18-059,REC-TG18-019,VOL-TG18-003,Mulugu,dal,55,17.41,65,68,48,87,50,98,63.61,MISSED,expired_before_pickup,2026-05-13 09:00:00,SYNTHETIC_DEMO
RES-02329,DON-00620,REST-TG19-027,REC-TG19-016,VOL-TG19-005,Nagarkurnool,biryani,30,11.07,36,90,59,81,93,68,75.14,PARTIAL,,2026-09-02 22:00:00,SYNTHETIC_DEMO
RES-02330,DON-01578,REST-TG20-058,REC-TG20-003,VOL-TG20-010,Nalgonda,sandwich,86,3.36,13,100,78,83,100,88,89.45,RESCUED,,2026-05-06 07:00:00,SYNTHETIC_DEMO
RES-02331,DON-00448,REST-TG21-100,REC-TG21-004,VOL-TG21-001,Narayanpet,pulao,37,30.99,73,87,59,94,87,89,63.76,MISSED,recipient_capacity_full,2026-07-24 16:00:00,SYNTHETIC_DEMO
RES-02332,DON-02394,REST-TG22-023,REC-TG22-005,VOL-TG22-006,Nirmal,fruits,64,3.24,10,79,84,96,80,100,87.69,PARTIAL,,2026-04-13 21:00:00,SYNTHETIC_DEMO
RES-02333,DON-01448,REST-TG23-138,REC-TG23-012,VOL-TG23-004,Nizamabad,sandwich,40,8.53,21,67,45,84,73,98,71.01,RESCUED,,2026-04-24 17:00:00,SYNTHETIC_DEMO
RES-02334,DON-00336,REST-TG24-134,REC-TG24-019,VOL-TG24-006,Peddapalli,pulao,24,22.18,85,75,82,98,91,69,71.26,EXPIRED,traffic_delay,2026-07-26 07:00:00,SYNTHETIC_DEMO
RES-02335,DON-01187,REST-TG25-037,REC-TG25-017,VOL-TG25-010,Rajanna Sircilla,roti,58,7.05,23,72,61,90,62,67,72.96,MISSED,traffic_delay,2026-07-10 14:00:00,SYNTHETIC_DEMO
RES-02336,DON-01525,REST-TG26-077,REC-TG26-020,VOL-TG26-007,Rangareddy,pulao,112,4.82,10,98,54,77,62,79,77.61,EXPIRED,traffic_delay,2026-04-10 05:00:00,SYNTHETIC_DEMO
RES-02337,DON-02126,REST-TG27-146,REC-TG27-012,VOL-TG27-002,Sangareddy,packaged_food,72,19.69,76,81,60,75,68,64,63.59,RESCUED,,2026-07-15 08:00:00,SYNTHETIC_DEMO
RES-02338,DON-00495,REST-TG28-014,REC-TG28-013,VOL-TG28-009,Siddipet,pulao,90,21.34,59,83,76,86,54,77,67.56,RESCUED,,2026-05-08 05:00:00,SYNTHETIC_DEMO
RES-02339,DON-02500,REST-TG29-101,REC-TG29-017,VOL-TG29-007,Suryapet,fruits,111,11.54,33,88,50,64,92,79,71.06,RESCUED,,2026-03-30 15:00:00,SYNTHETIC_DEMO
RES-02340,DON-00383,REST-TG30-147,REC-TG30-005,VOL-TG30-003,Vikarabad,dal,88,1.88,5,66,69,63,54,73,72.81,RESCUED,,2026-07-23 02:00:00,SYNTHETIC_DEMO
RES-02341,DON-00119,REST-TG31-094,REC-TG31-019,VOL-TG31-002,Wanaparthy,vegetables,17,1.87,5,65,50,83,65,85,74.11,EXPIRED,traffic_delay,2026-04-04 02:00:00,SYNTHETIC_DEMO
RES-02342,DON-01994,REST-TG32-086,REC-TG32-008,VOL-TG32-002,Warangal,fruits,99,9.98,36,71,87,82,93,61,77.17,MISSED,traffic_delay,2026-08-27 11:00:00,SYNTHETIC_DEMO
RES-02343,DON-01911,REST-TG33-021,REC-TG33-004,VOL-TG33-004,Yadadri Bhuvanagiri,dal,94,21.12,42,97,76,63,68,92,69.96,EXPIRED,recipient_capacity_full,2026-08-16 01:00:00,SYNTHETIC_DEMO
RES-02344,DON-01658,REST-TG01-124,REC-TG01-018,VOL-TG01-010,Adilabad,sandwich,115,27.15,92,76,66,74,75,73,59.91,EXPIRED,recipient_capacity_full,2026-07-20 13:00:00,SYNTHETIC_DEMO
RES-02345,DON-00350,REST-TG02-025,REC-TG02-002,VOL-TG02-007,Bhadradri Kothagudem,pulao,81,11.14,32,73,83,69,70,77,73.29,RESCUED,,2026-06-16 12:00:00,SYNTHETIC_DEMO
RES-02346,DON-02273,REST-TG03-061,REC-TG03-010,VOL-TG03-010,Hanumakonda,pulao,60,3.63,13,84,49,67,88,61,73.96,PARTIAL,,2026-08-20 08:00:00,SYNTHETIC_DEMO
RES-02347,DON-00058,REST-TG04-053,REC-TG04-018,VOL-TG04-007,Hyderabad,fruits,70,18.56,56,100,86,63,68,79,73.09,RESCUED,,2026-06-18 12:00:00,SYNTHETIC_DEMO
RES-02348,DON-02580,REST-TG05-150,REC-TG05-011,VOL-TG05-002,Jagtial,cooked_meal,73,9.97,31,74,99,88,65,63,78.48,RESCUED,,2026-06-05 00:00:00,SYNTHETIC_DEMO
RES-02349,DON-02925,REST-TG06-022,REC-TG06-003,VOL-TG06-003,Jangaon,vegetables,102,2.28,8,73,56,89,95,59,77.92,RESCUED,,2026-07-09 00:00:00,SYNTHETIC_DEMO
RES-02350,DON-00319,REST-TG07-008,REC-TG07-015,VOL-TG07-002,Jayashankar Bhupalpally,pulao,57,9.49,23,68,77,99,63,53,73.67,EXPIRED,recipient_capacity_full,2026-08-19 03:00:00,SYNTHETIC_DEMO
RES-02351,DON-00476,REST-TG08-072,REC-TG08-002,VOL-TG08-005,Jogulamba Gadwal,sandwich,50,32.14,102,93,88,95,79,90,69.39,RESCUED,,2026-04-01 12:00:00,SYNTHETIC_DEMO
RES-02352,DON-02802,REST-TG09-081,REC-TG09-015,VOL-TG09-002,Kamareddy,rice,109,21.84,48,94,97,91,64,84,76.05,RESCUED,,2026-06-07 17:00:00,SYNTHETIC_DEMO
RES-02353,DON-00067,REST-TG10-121,REC-TG10-003,VOL-TG10-010,Karimnagar,bakery,29,15.15,49,79,57,96,98,88,74.38,RESCUED,,2026-05-24 16:00:00,SYNTHETIC_DEMO
RES-02354,DON-01786,REST-TG11-117,REC-TG11-017,VOL-TG11-008,Khammam,bread,12,17.98,51,87,80,92,72,54,71.96,RESCUED,,2026-08-20 06:00:00,SYNTHETIC_DEMO
RES-02355,DON-02728,REST-TG12-051,REC-TG12-004,VOL-TG12-003,Kumuram Bheem,vegetables,11,6.72,20,89,84,97,54,53,80.05,MISSED,traffic_delay,2026-09-18 15:00:00,SYNTHETIC_DEMO
RES-02356,DON-00254,REST-TG13-101,REC-TG13-017,VOL-TG13-007,Mahabubabad,roti,114,34.92,90,76,96,67,87,94,62.61,EXPIRED,expired_before_pickup,2026-05-18 04:00:00,SYNTHETIC_DEMO
RES-02357,DON-01290,REST-TG14-053,REC-TG14-018,VOL-TG14-010,Mahabubnagar,sandwich,98,10.46,24,95,91,86,82,62,82.03,RESCUED,,2026-04-08 15:00:00,SYNTHETIC_DEMO
RES-02358,DON-02761,REST-TG15-004,REC-TG15-007,VOL-TG15-004,Mancherial,bread,114,10.33,25,77,82,100,63,71,77.82,EXPIRED,expired_before_pickup,2026-09-13 18:00:00,SYNTHETIC_DEMO
RES-02359,DON-01199,REST-TG16-008,REC-TG16-002,VOL-TG16-001,Medak,roti,64,18.7,53,90,71,98,92,52,72.94,RESCUED,,2026-05-07 13:00:00,SYNTHETIC_DEMO
RES-02360,DON-02654,REST-TG17-133,REC-TG17-005,VOL-TG17-001,Medchal-Malkajgiri,bread,61,23.71,94,96,79,87,75,79,71.51,PARTIAL,,2026-08-16 23:00:00,SYNTHETIC_DEMO
RES-02361,DON-00112,REST-TG18-048,REC-TG18-012,VOL-TG18-006,Mulugu,sandwich,76,33.4,79,79,46,61,82,62,49.69,PARTIAL,,2026-07-30 00:00:00,SYNTHETIC_DEMO
RES-02362,DON-01662,REST-TG19-064,REC-TG19-001,VOL-TG19-002,Nagarkurnool,vegetables,87,15.12,34,85,88,73,69,84,75.05,PARTIAL,,2026-08-19 22:00:00,SYNTHETIC_DEMO
RES-02363,DON-00758,REST-TG20-094,REC-TG20-009,VOL-TG20-004,Nalgonda,rice,39,7.06,27,100,95,76,87,64,85.46,PARTIAL,,2026-07-07 18:00:00,SYNTHETIC_DEMO
RES-02364,DON-01700,REST-TG21-064,REC-TG21-018,VOL-TG21-008,Narayanpet,biryani,13,26.08,77,81,95,94,69,78,70.37,RESCUED,,2026-04-06 00:00:00,SYNTHETIC_DEMO
RES-02365,DON-01174,REST-TG22-076,REC-TG22-016,VOL-TG22-008,Nirmal,pulao,32,26.18,81,87,62,83,83,81,64.95,EXPIRED,expired_before_pickup,2026-07-02 03:00:00,SYNTHETIC_DEMO
RES-02366,DON-01496,REST-TG23-115,REC-TG23-011,VOL-TG23-002,Nizamabad,biryani,91,34.75,84,75,85,98,54,70,59.28,RESCUED,,2026-08-12 21:00:00,SYNTHETIC_DEMO
RES-02367,DON-02278,REST-TG24-005,REC-TG24-004,VOL-TG24-004,Peddapalli,fruits,67,26.26,89,78,87,100,73,54,66.94,MISSED,traffic_delay,2026-08-20 10:00:00,SYNTHETIC_DEMO
RES-02368,DON-02679,REST-TG25-103,REC-TG25-007,VOL-TG25-006,Rajanna Sircilla,vegetables,21,18.1,53,99,62,73,72,59,68.32,RESCUED,,2026-05-13 06:00:00,SYNTHETIC_DEMO
RES-02369,DON-01519,REST-TG26-046,REC-TG26-014,VOL-TG26-007,Rangareddy,biryani,85,10.75,31,80,57,63,56,87,68.47,RESCUED,,2026-05-30 02:00:00,SYNTHETIC_DEMO
RES-02370,DON-02551,REST-TG27-087,REC-TG27-018,VOL-TG27-005,Sangareddy,biryani,64,15.81,51,81,65,78,99,69,71.41,MISSED,traffic_delay,2026-08-04 04:00:00,SYNTHETIC_DEMO
RES-02371,DON-02840,REST-TG28-150,REC-TG28-015,VOL-TG28-001,Siddipet,vegetables,40,29.44,112,67,46,99,67,70,55.12,RESCUED,,2026-04-12 17:00:00,SYNTHETIC_DEMO
RES-02372,DON-01269,REST-TG29-074,REC-TG29-003,VOL-TG29-002,Suryapet,pulao,29,19.01,67,99,84,91,97,81,79.47,MISSED,traffic_delay,2026-05-05 05:00:00,SYNTHETIC_DEMO
RES-02373,DON-01964,REST-TG30-077,REC-TG30-011,VOL-TG30-010,Vikarabad,cooked_meal,107,13.56,37,66,59,86,53,63,64.81,EXPIRED,volunteer_unavailable,2026-06-29 03:00:00,SYNTHETIC_DEMO
RES-02374,DON-02955,REST-TG31-101,REC-TG31-005,VOL-TG31-004,Wanaparthy,pulao,21,9.45,37,78,90,84,64,92,80.05,EXPIRED,expired_before_pickup,2026-06-26 22:00:00,SYNTHETIC_DEMO
RES-02375,DON-00728,REST-TG32-117,REC-TG32-014,VOL-TG32-003,Warangal,bakery,51,33.24,105,84,67,65,58,82,55.21,MISSED,recipient_capacity_full,2026-09-15 10:00:00,SYNTHETIC_DEMO
RES-02376,DON-00095,REST-TG33-032,REC-TG33-019,VOL-TG33-003,Yadadri Bhuvanagiri,fruits,106,21.28,78,85,63,61,78,56,61.95,MISSED,traffic_delay,2026-08-02 08:00:00,SYNTHETIC_DEMO
RES-02377,DON-00397,REST-TG01-066,REC-TG01-010,VOL-TG01-007,Adilabad,roti,33,4.01,13,76,71,81,87,68,79.19,RESCUED,,2026-08-16 02:00:00,SYNTHETIC_DEMO
RES-02378,DON-00101,REST-TG02-026,REC-TG02-011,VOL-TG02-009,Bhadradri Kothagudem,rice,93,5.56,19,94,77,93,72,94,85.78,PARTIAL,,2026-04-18 04:00:00,SYNTHETIC_DEMO
RES-02379,DON-02049,REST-TG03-025,REC-TG03-018,VOL-TG03-003,Hanumakonda,fruits,113,31.08,86,81,70,73,77,63,57.95,MISSED,recipient_capacity_full,2026-04-09 18:00:00,SYNTHETIC_DEMO
RES-02380,DON-00227,REST-TG04-048,REC-TG04-018,VOL-TG04-001,Hyderabad,rice,103,6.48,20,94,53,78,73,54,74.17,EXPIRED,volunteer_unavailable,2026-04-15 05:00:00,SYNTHETIC_DEMO
RES-02381,DON-01323,REST-TG05-054,REC-TG05-018,VOL-TG05-003,Jagtial,sandwich,60,20.43,71,86,59,62,89,55,63.11,RESCUED,,2026-08-13 09:00:00,SYNTHETIC_DEMO
RES-02382,DON-00240,REST-TG06-138,REC-TG06-003,VOL-TG06-008,Jangaon,vegetables,90,25.97,62,88,99,70,84,93,72.05,RESCUED,,2026-05-22 04:00:00,SYNTHETIC_DEMO
RES-02383,DON-02481,REST-TG07-136,REC-TG07-017,VOL-TG07-004,Jayashankar Bhupalpally,pulao,48,5.09,18,68,83,75,91,80,79.91,MISSED,recipient_capacity_full,2026-08-13 13:00:00,SYNTHETIC_DEMO
RES-02384,DON-01091,REST-TG08-086,REC-TG08-010,VOL-TG08-001,Jogulamba Gadwal,fruits,29,17.26,51,68,52,64,95,80,63.77,RESCUED,,2026-07-31 16:00:00,SYNTHETIC_DEMO
RES-02385,DON-02314,REST-TG09-098,REC-TG09-020,VOL-TG09-008,Kamareddy,rice,16,18.19,52,89,90,76,79,51,72.21,RESCUED,,2026-08-03 13:00:00,SYNTHETIC_DEMO
RES-02386,DON-00660,REST-TG10-044,REC-TG10-014,VOL-TG10-003,Karimnagar,dal,62,25.01,65,95,83,86,54,96,70.64,MISSED,traffic_delay,2026-05-23 10:00:00,SYNTHETIC_DEMO
RES-02387,DON-02622,REST-TG11-024,REC-TG11-013,VOL-TG11-003,Khammam,fruits,21,33.61,116,77,73,69,80,93,58.64,PARTIAL,,2026-07-19 00:00:00,SYNTHETIC_DEMO
RES-02388,DON-02877,REST-TG12-071,REC-TG12-011,VOL-TG12-007,Kumuram Bheem,rice,26,26.26,99,75,65,79,81,93,63.49,PARTIAL,,2026-07-27 07:00:00,SYNTHETIC_DEMO
RES-02389,DON-02907,REST-TG13-095,REC-TG13-007,VOL-TG13-005,Mahabubabad,sandwich,42,12.64,49,85,98,84,82,92,82.57,PARTIAL,,2026-05-17 08:00:00,SYNTHETIC_DEMO
RES-02390,DON-00709,REST-TG14-092,REC-TG14-018,VOL-TG14-007,Mahabubnagar,cooked_meal,97,1.36,5,94,86,98,85,55,88.73,EXPIRED,expired_before_pickup,2026-09-02 10:00:00,SYNTHETIC_DEMO
RES-02391,DON-02513,REST-TG15-112,REC-TG15-007,VOL-TG15-008,Mancherial,biryani,63,19.77,43,71,53,87,54,92,63.33,RESCUED,,2026-04-05 11:00:00,SYNTHETIC_DEMO
RES-02392,DON-01090,REST-TG16-044,REC-TG16-019,VOL-TG16-006,Medak,packaged_food,95,11.45,43,97,88,96,55,67,80.42,MISSED,recipient_capacity_full,2026-05-14 10:00:00,SYNTHETIC_DEMO
RES-02393,DON-01887,REST-TG17-011,REC-TG17-004,VOL-TG17-009,Medchal-Malkajgiri,dal,96,30.37,65,79,72,73,95,51,59.06,RESCUED,,2026-07-26 04:00:00,SYNTHETIC_DEMO
RES-02394,DON-00603,REST-TG18-121,REC-TG18-006,VOL-TG18-005,Mulugu,pulao,79,6.91,25,73,56,70,57,94,71.46,EXPIRED,expired_before_pickup,2026-07-09 18:00:00,SYNTHETIC_DEMO
RES-02395,DON-01503,REST-TG19-031,REC-TG19-006,VOL-TG19-001,Nagarkurnool,vegetables,77,34.55,106,74,60,86,73,70,54.32,RESCUED,,2026-06-04 03:00:00,SYNTHETIC_DEMO
RES-02396,DON-01822,REST-TG20-115,REC-TG20-018,VOL-TG20-006,Nalgonda,dal,76,28.22,57,94,47,81,92,69,61.29,PARTIAL,,2026-07-27 19:00:00,SYNTHETIC_DEMO
RES-02397,DON-01533,REST-TG21-003,REC-TG21-008,VOL-TG21-008,Narayanpet,sandwich,50,4.18,9,91,54,69,96,70,77.96,EXPIRED,traffic_delay,2026-05-11 20:00:00,SYNTHETIC_DEMO
RES-02398,DON-01559,REST-TG22-115,REC-TG22-010,VOL-TG22-003,Nirmal,roti,94,10.04,27,73,73,80,56,73,71.93,RESCUED,,2026-04-06 03:00:00,SYNTHETIC_DEMO
RES-02399,DON-02697,REST-TG23-035,REC-TG23-012,VOL-TG23-008,Nizamabad,vegetables,43,26.57,63,74,98,83,57,59,64.47,EXPIRED,recipient_capacity_full,2026-09-11 04:00:00,SYNTHETIC_DEMO
RES-02400,DON-01892,REST-TG24-003,REC-TG24-002,VOL-TG24-008,Peddapalli,packaged_food,64,5.75,16,65,50,83,66,74,70.34,EXPIRED,expired_before_pickup,2026-08-16 03:00:00,SYNTHETIC_DEMO
RES-02401,DON-00052,REST-TG25-076,REC-TG25-006,VOL-TG25-004,Rajanna Sircilla,bread,72,27.86,69,87,69,96,91,58,65.6,MISSED,expired_before_pickup,2026-06-23 12:00:00,SYNTHETIC_DEMO
RES-02402,DON-02117,REST-TG26-137,REC-TG26-004,VOL-TG26-010,Rangareddy,dal,15,29.04,64,99,56,76,58,79,60.36,PARTIAL,,2026-06-04 02:00:00,SYNTHETIC_DEMO
RES-02403,DON-00486,REST-TG27-080,REC-TG27-005,VOL-TG27-002,Sangareddy,bakery,65,2.73,9,67,49,90,51,65,71.35,RESCUED,,2026-06-04 06:00:00,SYNTHETIC_DEMO
RES-02404,DON-00493,REST-TG28-115,REC-TG28-019,VOL-TG28-002,Siddipet,packaged_food,73,27.84,69,71,74,93,88,97,66.56,RESCUED,,2026-04-19 04:00:00,SYNTHETIC_DEMO
RES-02405,DON-02845,REST-TG29-042,REC-TG29-003,VOL-TG29-008,Suryapet,vegetables,91,30.32,89,77,65,67,70,100,58.79,RESCUED,,2026-04-01 05:00:00,SYNTHETIC_DEMO
RES-02406,DON-02143,REST-TG30-009,REC-TG30-010,VOL-TG30-006,Vikarabad,sandwich,14,17.75,42,84,74,77,89,75,71.87,PARTIAL,,2026-09-06 12:00:00,SYNTHETIC_DEMO
RES-02407,DON-00442,REST-TG31-051,REC-TG31-017,VOL-TG31-009,Wanaparthy,cooked_meal,31,0.81,5,92,83,93,78,89,90.07,RESCUED,,2026-09-13 14:00:00,SYNTHETIC_DEMO
RES-02408,DON-02342,REST-TG32-092,REC-TG32-012,VOL-TG32-001,Warangal,bakery,118,6.96,20,94,99,98,92,60,88.53,RESCUED,,2026-07-04 11:00:00,SYNTHETIC_DEMO
RES-02409,DON-01596,REST-TG33-127,REC-TG33-015,VOL-TG33-007,Yadadri Bhuvanagiri,cooked_meal,78,29.08,105,79,47,75,54,85,54.58,RESCUED,,2026-07-26 09:00:00,SYNTHETIC_DEMO
RES-02410,DON-00131,REST-TG01-034,REC-TG01-011,VOL-TG01-005,Adilabad,rice,29,21.17,51,77,59,81,95,99,68.63,RESCUED,,2026-06-13 02:00:00,SYNTHETIC_DEMO
RES-02411,DON-02497,REST-TG02-016,REC-TG02-006,VOL-TG02-010,Bhadradri Kothagudem,biryani,63,31.66,83,73,87,99,64,50,60.64,RESCUED,,2026-04-18 12:00:00,SYNTHETIC_DEMO
RES-02412,DON-02768,REST-TG03-132,REC-TG03-013,VOL-TG03-008,Hanumakonda,roti,34,20.73,72,75,82,77,70,55,65.64,MISSED,expired_before_pickup,2026-09-06 14:00:00,SYNTHETIC_DEMO
RES-02413,DON-00818,REST-TG04-132,REC-TG04-013,VOL-TG04-002,Hyderabad,roti,41,20.93,42,88,94,64,92,88,74.05,MISSED,volunteer_unavailable,2026-08-27 23:00:00,SYNTHETIC_DEMO
RES-02414,DON-01472,REST-TG05-040,REC-TG05-006,VOL-TG05-005,Jagtial,rice,94,15.74,34,88,58,83,52,67,67.31,RESCUED,,2026-07-05 11:00:00,SYNTHETIC_DEMO
RES-02415,DON-00860,REST-TG06-019,REC-TG06-016,VOL-TG06-008,Jangaon,bread,63,14.59,40,73,88,98,73,59,74.68,RESCUED,,2026-06-30 22:00:00,SYNTHETIC_DEMO
RES-02416,DON-02763,REST-TG07-089,REC-TG07-018,VOL-TG07-005,Jayashankar Bhupalpally,biryani,22,0.85,5,92,68,78,88,88,85.69,PARTIAL,,2026-06-17 11:00:00,SYNTHETIC_DEMO
RES-02417,DON-01824,REST-TG08-026,REC-TG08-006,VOL-TG08-004,Jogulamba Gadwal,sandwich,94,18.96,67,79,84,74,71,74,69.66,MISSED,traffic_delay,2026-05-17 18:00:00,SYNTHETIC_DEMO
RES-02418,DON-01100,REST-TG09-064,REC-TG09-012,VOL-TG09-007,Kamareddy,packaged_food,103,5.61,19,73,55,77,82,72,73.54,PARTIAL,,2026-07-28 06:00:00,SYNTHETIC_DEMO
RES-02419,DON-02691,REST-TG10-024,REC-TG10-020,VOL-TG10-005,Karimnagar,biryani,70,23.9,67,91,82,97,94,88,75.28,PARTIAL,,2026-04-18 05:00:00,SYNTHETIC_DEMO
RES-02420,DON-02460,REST-TG11-055,REC-TG11-012,VOL-TG11-003,Khammam,roti,68,22.78,78,97,87,93,56,68,71.88,MISSED,traffic_delay,2026-06-14 02:00:00,SYNTHETIC_DEMO
RES-02421,DON-00147,REST-TG12-144,REC-TG12-007,VOL-TG12-003,Kumuram Bheem,packaged_food,77,29.54,68,81,63,76,93,63,59.7,MISSED,recipient_capacity_full,2026-04-10 22:00:00,SYNTHETIC_DEMO
RES-02422,DON-01451,REST-TG13-119,REC-TG13-015,VOL-TG13-003,Mahabubabad,bread,58,16.98,44,86,51,89,80,83,69.92,MISSED,traffic_delay,2026-06-17 11:00:00,SYNTHETIC_DEMO
RES-02423,DON-02968,REST-TG14-067,REC-TG14-012,VOL-TG14-004,Mahabubnagar,vegetables,67,7.44,16,93,68,98,88,57,81.09,PARTIAL,,2026-08-21 10:00:00,SYNTHETIC_DEMO
RES-02424,DON-02189,REST-TG15-053,REC-TG15-005,VOL-TG15-009,Mancherial,sandwich,41,6.61,18,95,83,61,88,51,78.93,RESCUED,,2026-05-18 05:00:00,SYNTHETIC_DEMO
RES-02425,DON-01772,REST-TG16-097,REC-TG16-017,VOL-TG16-009,Medak,dal,14,23.22,57,82,59,93,94,60,65.96,RESCUED,,2026-09-16 04:00:00,SYNTHETIC_DEMO
RES-02426,DON-01213,REST-TG17-110,REC-TG17-020,VOL-TG17-006,Medchal-Malkajgiri,rice,82,29.94,110,78,65,86,56,55,56.21,MISSED,expired_before_pickup,2026-08-06 22:00:00,SYNTHETIC_DEMO
RES-02427,DON-02808,REST-TG18-102,REC-TG18-008,VOL-TG18-007,Mulugu,rice,120,26.24,55,87,45,78,65,72,58.06,EXPIRED,expired_before_pickup,2026-07-25 08:00:00,SYNTHETIC_DEMO
RES-02428,DON-02111,REST-TG19-082,REC-TG19-003,VOL-TG19-008,Nagarkurnool,pulao,118,4.46,10,95,96,79,58,98,87.46,RESCUED,,2026-05-10 16:00:00,SYNTHETIC_DEMO
RES-02429,DON-00384,REST-TG20-067,REC-TG20-012,VOL-TG20-002,Nalgonda,fruits,52,19.62,54,91,62,64,73,81,66.59,RESCUED,,2026-06-10 08:00:00,SYNTHETIC_DEMO
RES-02430,DON-00244,REST-TG21-097,REC-TG21-003,VOL-TG21-006,Narayanpet,vegetables,92,14.8,42,94,67,62,79,64,70.23,RESCUED,,2026-07-13 17:00:00,SYNTHETIC_DEMO
RES-02431,DON-01953,REST-TG22-049,REC-TG22-015,VOL-TG22-008,Nirmal,sandwich,37,4.79,11,98,57,90,84,51,79.58,PARTIAL,,2026-08-04 19:00:00,SYNTHETIC_DEMO
RES-02432,DON-01293,REST-TG23-096,REC-TG23-015,VOL-TG23-010,Nizamabad,rice,81,34.8,129,68,63,89,87,59,54.29,RESCUED,,2026-04-06 04:00:00,SYNTHETIC_DEMO
RES-02433,DON-01323,REST-TG24-029,REC-TG24-014,VOL-TG24-007,Peddapalli,vegetables,81,5.86,14,99,50,74,72,72,76.11,MISSED,traffic_delay,2026-05-08 02:00:00,SYNTHETIC_DEMO
RES-02434,DON-00796,REST-TG25-047,REC-TG25-004,VOL-TG25-008,Rajanna Sircilla,biryani,38,14.8,44,81,96,77,54,76,74.38,MISSED,traffic_delay,2026-07-17 12:00:00,SYNTHETIC_DEMO
RES-02435,DON-01973,REST-TG26-042,REC-TG26-002,VOL-TG26-002,Rangareddy,rice,39,26.45,61,80,46,74,57,76,55.71,RESCUED,,2026-05-18 19:00:00,SYNTHETIC_DEMO
RES-02436,DON-02196,REST-TG27-020,REC-TG27-016,VOL-TG27-010,Sangareddy,sandwich,69,6.38,16,78,72,84,98,98,82.64,RESCUED,,2026-07-20 11:00:00,SYNTHETIC_DEMO
RES-02437,DON-02948,REST-TG28-056,REC-TG28-017,VOL-TG28-005,Siddipet,roti,36,3.49,12,99,65,70,89,81,82.81,MISSED,expired_before_pickup,2026-05-20 22:00:00,SYNTHETIC_DEMO
RES-02438,DON-02307,REST-TG29-134,REC-TG29-020,VOL-TG29-008,Suryapet,vegetables,16,14.18,43,70,60,92,74,93,71.37,RESCUED,,2026-08-19 17:00:00,SYNTHETIC_DEMO
RES-02439,DON-00282,REST-TG30-128,REC-TG30-005,VOL-TG30-009,Vikarabad,biryani,18,26.72,99,76,63,63,82,59,57.26,RESCUED,,2026-04-02 02:00:00,SYNTHETIC_DEMO
RES-02440,DON-02841,REST-TG31-081,REC-TG31-016,VOL-TG31-008,Wanaparthy,bakery,89,4.23,11,92,45,85,89,55,76.53,RESCUED,,2026-04-08 01:00:00,SYNTHETIC_DEMO
RES-02441,DON-01410,REST-TG32-025,REC-TG32-013,VOL-TG32-002,Warangal,fruits,56,27.55,90,70,57,91,51,75,56.97,MISSED,recipient_capacity_full,2026-04-12 11:00:00,SYNTHETIC_DEMO
RES-02442,DON-02939,REST-TG33-006,REC-TG33-012,VOL-TG33-007,Yadadri Bhuvanagiri,sandwich,117,28.07,71,90,71,94,69,71,65.25,EXPIRED,expired_before_pickup,2026-08-10 10:00:00,SYNTHETIC_DEMO
RES-02443,DON-01346,REST-TG01-030,REC-TG01-011,VOL-TG01-006,Adilabad,packaged_food,76,1.31,5,98,79,72,50,68,82.06,RESCUED,,2026-05-18 04:00:00,SYNTHETIC_DEMO
RES-02444,DON-02009,REST-TG02-150,REC-TG02-001,VOL-TG02-006,Bhadradri Kothagudem,packaged_food,85,19.1,53,91,100,63,53,83,72.61,EXPIRED,traffic_delay,2026-09-01 09:00:00,SYNTHETIC_DEMO
RES-02445,DON-01484,REST-TG03-050,REC-TG03-015,VOL-TG03-010,Hanumakonda,vegetables,90,6.93,21,77,73,98,74,51,77.25,PARTIAL,,2026-06-20 15:00:00,SYNTHETIC_DEMO
RES-02446,DON-00546,REST-TG04-013,REC-TG04-011,VOL-TG04-009,Hyderabad,vegetables,56,21.19,45,81,86,82,81,76,71.26,EXPIRED,recipient_capacity_full,2026-07-25 19:00:00,SYNTHETIC_DEMO
RES-02447,DON-00049,REST-TG05-073,REC-TG05-007,VOL-TG05-009,Jagtial,sandwich,88,14.58,51,89,65,81,74,70,71.94,RESCUED,,2026-08-09 07:00:00,SYNTHETIC_DEMO
RES-02448,DON-01820,REST-TG06-057,REC-TG06-007,VOL-TG06-001,Jangaon,cooked_meal,46,17.66,39,72,85,97,100,75,75.84,PARTIAL,,2026-07-20 20:00:00,SYNTHETIC_DEMO
RES-02449,DON-00289,REST-TG07-095,REC-TG07-007,VOL-TG07-003,Jayashankar Bhupalpally,dal,37,30.91,93,85,100,76,68,88,66.92,RESCUED,,2026-09-21 08:00:00,SYNTHETIC_DEMO
RES-02450,DON-00111,REST-TG08-054,REC-TG08-010,VOL-TG08-001,Jogulamba Gadwal,bread,84,18.93,47,76,100,82,92,72,75.38,MISSED,recipient_capacity_full,2026-09-21 02:00:00,SYNTHETIC_DEMO
RES-02451,DON-02144,REST-TG09-028,REC-TG09-005,VOL-TG09-008,Kamareddy,biryani,107,2.51,7,80,65,82,86,77,80.81,PARTIAL,,2026-07-13 07:00:00,SYNTHETIC_DEMO
RES-02452,DON-01797,REST-TG10-144,REC-TG10-006,VOL-TG10-009,Karimnagar,bakery,108,4.7,17,90,70,70,77,56,77.44,RESCUED,,2026-09-14 05:00:00,SYNTHETIC_DEMO
RES-02453,DON-02291,REST-TG11-149,REC-TG11-008,VOL-TG11-003,Khammam,pulao,111,11.12,26,81,61,75,79,89,73.51,RESCUED,,2026-09-02 12:00:00,SYNTHETIC_DEMO
RES-02454,DON-01311,REST-TG12-056,REC-TG12-004,VOL-TG12-009,Kumuram Bheem,roti,73,34.28,107,95,84,62,96,96,64.81,RESCUED,,2026-07-10 16:00:00,SYNTHETIC_DEMO
RES-02455,DON-00511,REST-TG13-016,REC-TG13-013,VOL-TG13-005,Mahabubabad,fruits,104,20.29,77,82,68,80,83,95,70.31,RESCUED,,2026-07-28 17:00:00,SYNTHETIC_DEMO
RES-02456,DON-02185,REST-TG14-083,REC-TG14-018,VOL-TG14-006,Mahabubnagar,packaged_food,112,3.1,7,72,55,87,70,64,74.64,RESCUED,,2026-05-03 14:00:00,SYNTHETIC_DEMO
RES-02457,DON-02016,REST-TG15-024,REC-TG15-016,VOL-TG15-002,Mancherial,bread,19,33.17,116,85,45,73,91,86,55.96,PARTIAL,,2026-06-25 12:00:00,SYNTHETIC_DEMO
RES-02458,DON-02154,REST-TG16-129,REC-TG16-001,VOL-TG16-005,Medak,pulao,112,34.17,92,96,60,79,50,66,55.24,RESCUED,,2026-06-18 14:00:00,SYNTHETIC_DEMO
RES-02459,DON-01577,REST-TG17-106,REC-TG17-011,VOL-TG17-002,Medchal-Malkajgiri,bread,60,1.98,6,74,54,84,97,85,79.99,RESCUED,,2026-08-21 22:00:00,SYNTHETIC_DEMO
RES-02460,DON-00114,REST-TG18-051,REC-TG18-001,VOL-TG18-005,Mulugu,bread,109,13.55,48,74,47,64,65,82,63.82,RESCUED,,2026-07-22 18:00:00,SYNTHETIC_DEMO
RES-02461,DON-00762,REST-TG19-071,REC-TG19-013,VOL-TG19-001,Nagarkurnool,packaged_food,68,31.1,81,71,65,79,71,100,58.94,RESCUED,,2026-08-07 23:00:00,SYNTHETIC_DEMO
RES-02462,DON-00118,REST-TG20-051,REC-TG20-018,VOL-TG20-010,Nalgonda,roti,116,27.84,71,67,60,73,56,71,54.16,RESCUED,,2026-04-21 17:00:00,SYNTHETIC_DEMO
RES-02463,DON-02268,REST-TG21-057,REC-TG21-009,VOL-TG21-002,Narayanpet,sandwich,112,34.18,113,71,66,84,51,86,54.29,PARTIAL,,2026-06-11 11:00:00,SYNTHETIC_DEMO
RES-02464,DON-02259,REST-TG22-060,REC-TG22-012,VOL-TG22-010,Nirmal,bread,77,1.04,5,65,71,82,89,86,81.26,RESCUED,,2026-06-05 20:00:00,SYNTHETIC_DEMO
RES-02465,DON-02117,REST-TG23-125,REC-TG23-009,VOL-TG23-005,Nizamabad,rice,57,28.74,81,74,52,96,81,56,57.77,MISSED,recipient_capacity_full,2026-04-22 03:00:00,SYNTHETIC_DEMO
RES-02466,DON-02150,REST-TG24-003,REC-TG24-003,VOL-TG24-004,Peddapalli,fruits,53,10.73,31,90,65,74,69,99,76.24,RESCUED,,2026-08-07 18:00:00,SYNTHETIC_DEMO
RES-02467,DON-01368,REST-TG25-094,REC-TG25-002,VOL-TG25-007,Rajanna Sircilla,pulao,30,17.2,40,97,77,72,51,89,72.31,RESCUED,,2026-04-10 00:00:00,SYNTHETIC_DEMO
RES-02468,DON-00976,REST-TG26-112,REC-TG26-020,VOL-TG26-009,Rangareddy,cooked_meal,111,16.4,46,71,83,74,87,60,69.89,RESCUED,,2026-07-16 07:00:00,SYNTHETIC_DEMO
RES-02469,DON-00483,REST-TG27-045,REC-TG27-016,VOL-TG27-002,Sangareddy,vegetables,83,31.01,72,93,63,64,69,89,59.45,RESCUED,,2026-09-13 19:00:00,SYNTHETIC_DEMO
RES-02470,DON-01811,REST-TG28-008,REC-TG28-015,VOL-TG28-010,Siddipet,rice,74,21.74,66,97,57,66,79,71,65.17,PARTIAL,,2026-07-19 17:00:00,SYNTHETIC_DEMO
RES-02471,DON-00984,REST-TG29-025,REC-TG29-007,VOL-TG29-003,Suryapet,cooked_meal,116,20.24,68,89,81,67,90,60,69.59,RESCUED,,2026-05-26 00:00:00,SYNTHETIC_DEMO
RES-02472,DON-01187,REST-TG30-029,REC-TG30-007,VOL-TG30-009,Vikarabad,cooked_meal,114,11.54,28,68,71,69,96,68,71.31,MISSED,traffic_delay,2026-05-19 16:00:00,SYNTHETIC_DEMO
RES-02473,DON-01595,REST-TG31-109,REC-TG31-004,VOL-TG31-009,Wanaparthy,bakery,112,23.74,82,86,88,95,69,83,72.29,RESCUED,,2026-09-10 03:00:00,SYNTHETIC_DEMO
RES-02474,DON-00090,REST-TG32-048,REC-TG32-009,VOL-TG32-006,Warangal,dal,100,34.74,76,91,92,78,92,85,66.19,RESCUED,,2026-08-04 04:00:00,SYNTHETIC_DEMO
RES-02475,DON-00051,REST-TG33-060,REC-TG33-010,VOL-TG33-006,Yadadri Bhuvanagiri,biryani,57,21.53,73,88,67,69,90,58,65.77,RESCUED,,2026-05-31 02:00:00,SYNTHETIC_DEMO
RES-02476,DON-00247,REST-TG01-127,REC-TG01-016,VOL-TG01-006,Adilabad,vegetables,51,29.3,105,84,63,74,88,65,59.87,MISSED,volunteer_unavailable,2026-07-31 16:00:00,SYNTHETIC_DEMO
RES-02477,DON-00811,REST-TG02-107,REC-TG02-020,VOL-TG02-006,Bhadradri Kothagudem,fruits,86,10.1,29,74,69,93,63,58,72.44,MISSED,traffic_delay,2026-09-09 04:00:00,SYNTHETIC_DEMO
RES-02478,DON-01149,REST-TG03-116,REC-TG03-009,VOL-TG03-008,Hanumakonda,packaged_food,34,21.29,59,80,90,89,55,76,70.24,PARTIAL,,2026-09-13 11:00:00,SYNTHETIC_DEMO
RES-02479,DON-01379,REST-TG04-004,REC-TG04-008,VOL-TG04-009,Hyderabad,rice,48,2.67,6,95,72,93,62,69,83.54,RESCUED,,2026-06-07 23:00:00,SYNTHETIC_DEMO
RES-02480,DON-02105,REST-TG05-079,REC-TG05-019,VOL-TG05-002,Jagtial,dal,117,7.21,25,89,61,64,72,89,75.55,PARTIAL,,2026-04-26 02:00:00,SYNTHETIC_DEMO
RES-02481,DON-01899,REST-TG06-082,REC-TG06-020,VOL-TG06-004,Jangaon,packaged_food,115,29.66,106,99,92,68,63,88,67.31,MISSED,volunteer_unavailable,2026-09-13 05:00:00,SYNTHETIC_DEMO
RES-02482,DON-00186,REST-TG07-046,REC-TG07-019,VOL-TG07-009,Jayashankar Bhupalpally,biryani,50,10.35,30,95,81,84,60,66,78.01,RESCUED,,2026-05-18 07:00:00,SYNTHETIC_DEMO
RES-02483,DON-02372,REST-TG08-127,REC-TG08-002,VOL-TG08-007,Jogulamba Gadwal,dal,20,19.39,39,98,82,67,92,51,71.5,RESCUED,,2026-09-12 03:00:00,SYNTHETIC_DEMO
RES-02484,DON-00684,REST-TG09-140,REC-TG09-017,VOL-TG09-006,Kamareddy,fruits,67,8.5,20,84,63,73,96,66,75.48,RESCUED,,2026-06-11 16:00:00,SYNTHETIC_DEMO
RES-02485,DON-00238,REST-TG10-023,REC-TG10-014,VOL-TG10-002,Karimnagar,sandwich,88,28.33,110,80,45,75,70,81,56.11,RESCUED,,2026-06-15 07:00:00,SYNTHETIC_DEMO
RES-02486,DON-00669,REST-TG11-002,REC-TG11-019,VOL-TG11-004,Khammam,roti,29,29.4,103,98,67,96,71,96,68.1,MISSED,volunteer_unavailable,2026-08-24 06:00:00,SYNTHETIC_DEMO
RES-02487,DON-00991,REST-TG12-010,REC-TG12-001,VOL-TG12-006,Kumuram Bheem,cooked_meal,23,9.14,25,84,57,89,65,81,74.62,MISSED,volunteer_unavailable,2026-08-04 22:00:00,SYNTHETIC_DEMO
RES-02488,DON-00101,REST-TG13-129,REC-TG13-015,VOL-TG13-009,Mahabubabad,packaged_food,67,28.02,60,72,92,60,60,99,62.69,RESCUED,,2026-05-21 07:00:00,SYNTHETIC_DEMO
RES-02489,DON-01033,REST-TG14-113,REC-TG14-010,VOL-TG14-006,Mahabubnagar,dal,36,20.95,73,98,59,73,59,91,67.39,RESCUED,,2026-05-29 12:00:00,SYNTHETIC_DEMO
RES-02490,DON-02093,REST-TG15-118,REC-TG15-012,VOL-TG15-005,Mancherial,pulao,43,30.61,101,85,49,82,61,76,55.94,PARTIAL,,2026-08-02 11:00:00,SYNTHETIC_DEMO
RES-02491,DON-02821,REST-TG16-041,REC-TG16-004,VOL-TG16-010,Medak,bakery,89,13.78,52,95,74,91,81,51,75.81,RESCUED,,2026-05-06 21:00:00,SYNTHETIC_DEMO
RES-02492,DON-00121,REST-TG17-062,REC-TG17-020,VOL-TG17-007,Medchal-Malkajgiri,roti,56,18.58,40,68,88,94,53,65,68.83,RESCUED,,2026-05-12 09:00:00,SYNTHETIC_DEMO
RES-02493,DON-00177,REST-TG18-013,REC-TG18-017,VOL-TG18-010,Mulugu,bread,20,28.07,109,100,74,64,65,65,62.35,EXPIRED,expired_before_pickup,2026-05-02 15:00:00,SYNTHETIC_DEMO
RES-02494,DON-01010,REST-TG19-127,REC-TG19-020,VOL-TG19-010,Nagarkurnool,vegetables,68,23.33,83,93,49,63,74,69,60.49,PARTIAL,,2026-09-16 11:00:00,SYNTHETIC_DEMO
RES-02495,DON-02065,REST-TG20-122,REC-TG20-009,VOL-TG20-007,Nalgonda,packaged_food,56,29.65,112,74,46,98,71,57,55.32,RESCUED,,2026-04-30 02:00:00,SYNTHETIC_DEMO
RES-02496,DON-01019,REST-TG21-029,REC-TG21-006,VOL-TG21-009,Narayanpet,bread,82,17.86,47,74,61,78,85,64,65.84,MISSED,recipient_capacity_full,2026-05-23 18:00:00,SYNTHETIC_DEMO
RES-02497,DON-00951,REST-TG22-117,REC-TG22-017,VOL-TG22-010,Nirmal,fruits,97,32.28,89,78,81,80,99,86,64.24,RESCUED,,2026-04-20 07:00:00,SYNTHETIC_DEMO
RES-02498,DON-00980,REST-TG23-068,REC-TG23-006,VOL-TG23-005,Nizamabad,vegetables,86,7.32,18,65,83,84,84,90,79.37,RESCUED,,2026-08-17 02:00:00,SYNTHETIC_DEMO
RES-02499,DON-02231,REST-TG24-081,REC-TG24-017,VOL-TG24-009,Peddapalli,roti,30,8.86,28,93,49,88,84,90,77.67,RESCUED,,2026-05-19 03:00:00,SYNTHETIC_DEMO
RES-02500,DON-00588,REST-TG25-093,REC-TG25-020,VOL-TG25-008,Rajanna Sircilla,dal,14,31.61,110,75,59,62,86,92,56.32,RESCUED,,2026-04-16 18:00:00,SYNTHETIC_DEMO
RES-02501,DON-02310,REST-TG26-127,REC-TG26-007,VOL-TG26-003,Rangareddy,roti,50,12.31,37,73,65,69,97,90,72.86,PARTIAL,,2026-09-17 14:00:00,SYNTHETIC_DEMO
RES-02502,DON-00142,REST-TG27-063,REC-TG27-002,VOL-TG27-004,Sangareddy,biryani,117,8.74,34,68,81,73,95,95,78.51,RESCUED,,2026-05-21 05:00:00,SYNTHETIC_DEMO
RES-02503,DON-02899,REST-TG28-038,REC-TG28-014,VOL-TG28-009,Siddipet,bread,68,26.36,85,86,92,70,99,60,68.17,MISSED,expired_before_pickup,2026-05-30 13:00:00,SYNTHETIC_DEMO
RES-02504,DON-01850,REST-TG29-093,REC-TG29-003,VOL-TG29-003,Suryapet,rice,11,28.69,82,75,74,93,88,71,64.16,EXPIRED,expired_before_pickup,2026-08-05 15:00:00,SYNTHETIC_DEMO
RES-02505,DON-02204,REST-TG30-126,REC-TG30-011,VOL-TG30-001,Vikarabad,pulao,80,6.62,21,92,88,93,80,58,84.02,RESCUED,,2026-06-16 21:00:00,SYNTHETIC_DEMO
RES-02506,DON-01325,REST-TG31-137,REC-TG31-012,VOL-TG31-008,Wanaparthy,bakery,17,22.93,59,79,54,72,99,62,62.12,EXPIRED,volunteer_unavailable,2026-06-04 03:00:00,SYNTHETIC_DEMO
RES-02507,DON-00364,REST-TG32-006,REC-TG32-015,VOL-TG32-005,Warangal,pulao,52,12.17,30,78,66,67,54,57,66.26,PARTIAL,,2026-07-19 07:00:00,SYNTHETIC_DEMO
RES-02508,DON-00617,REST-TG33-131,REC-TG33-016,VOL-TG33-002,Yadadri Bhuvanagiri,sandwich,116,8.29,28,68,100,74,69,83,78.98,RESCUED,,2026-08-16 03:00:00,SYNTHETIC_DEMO
RES-02509,DON-02752,REST-TG01-070,REC-TG01-007,VOL-TG01-010,Adilabad,roti,77,18.63,45,98,48,83,57,71,66.14,EXPIRED,recipient_capacity_full,2026-07-07 16:00:00,SYNTHETIC_DEMO
RES-02510,DON-02146,REST-TG02-078,REC-TG02-009,VOL-TG02-006,Bhadradri Kothagudem,packaged_food,120,7.01,15,93,93,81,79,96,86.84,EXPIRED,recipient_capacity_full,2026-05-20 08:00:00,SYNTHETIC_DEMO
RES-02511,DON-02985,REST-TG03-010,REC-TG03-019,VOL-TG03-009,Hanumakonda,roti,58,29.09,75,77,81,81,70,62,61.17,EXPIRED,volunteer_unavailable,2026-06-06 15:00:00,SYNTHETIC_DEMO
RES-02512,DON-01614,REST-TG04-100,REC-TG04-006,VOL-TG04-008,Hyderabad,sandwich,52,9.64,26,88,90,86,52,94,81.21,RESCUED,,2026-08-28 16:00:00,SYNTHETIC_DEMO
RES-02513,DON-02990,REST-TG05-008,REC-TG05-013,VOL-TG05-004,Jagtial,bakery,98,31.67,69,72,91,94,79,90,65.98,RESCUED,,2026-05-09 19:00:00,SYNTHETIC_DEMO
RES-02514,DON-01946,REST-TG06-146,REC-TG06-003,VOL-TG06-003,Jangaon,dal,98,6.75,16,68,92,81,72,75,79.03,RESCUED,,2026-08-06 08:00:00,SYNTHETIC_DEMO
RES-02515,DON-02754,REST-TG07-119,REC-TG07-006,VOL-TG07-009,Jayashankar Bhupalpally,packaged_food,66,9.5,25,100,93,62,88,86,83.51,RESCUED,,2026-04-17 20:00:00,SYNTHETIC_DEMO
RES-02516,DON-02793,REST-TG08-123,REC-TG08-016,VOL-TG08-008,Jogulamba Gadwal,vegetables,96,18.18,42,85,90,96,86,74,77.41,EXPIRED,volunteer_unavailable,2026-04-07 11:00:00,SYNTHETIC_DEMO
RES-02517,DON-02190,REST-TG09-103,REC-TG09-003,VOL-TG09-004,Kamareddy,fruits,90,29.1,104,86,86,71,57,78,62.76,RESCUED,,2026-09-24 19:00:00,SYNTHETIC_DEMO
RES-02518,DON-00803,REST-TG10-017,REC-TG10-001,VOL-TG10-004,Karimnagar,bread,93,17.38,45,73,68,91,64,82,69.04,RESCUED,,2026-06-24 07:00:00,SYNTHETIC_DEMO
RES-02519,DON-02713,REST-TG11-116,REC-TG11-015,VOL-TG11-005,Khammam,bread,79,21.4,45,92,50,79,95,98,69.26,MISSED,traffic_delay,2026-08-23 22:00:00,SYNTHETIC_DEMO
RES-02520,DON-02056,REST-TG12-146,REC-TG12-019,VOL-TG12-009,Kumuram Bheem,bread,57,13.54,45,74,48,71,97,61,66.18,MISSED,volunteer_unavailable,2026-05-29 05:00:00,SYNTHETIC_DEMO
RES-02521,DON-01874,REST-TG13-067,REC-TG13-006,VOL-TG13-005,Mahabubabad,vegetables,103,7.69,15,95,65,72,57,72,75.21,RESCUED,,2026-06-01 03:00:00,SYNTHETIC_DEMO
RES-02522,DON-01656,REST-TG14-144,REC-TG14-001,VOL-TG14-006,Mahabubnagar,packaged_food,13,8.48,30,94,45,98,82,70,76.64,MISSED,expired_before_pickup,2026-07-25 08:00:00,SYNTHETIC_DEMO
RES-02523,DON-00958,REST-TG15-142,REC-TG15-008,VOL-TG15-007,Mancherial,dal,14,29.64,68,79,92,60,77,77,62.43,RESCUED,,2026-04-28 14:00:00,SYNTHETIC_DEMO
RES-02524,DON-01717,REST-TG16-085,REC-TG16-001,VOL-TG16-006,Medak,rice,58,6.96,26,97,54,84,74,85,78.73,PARTIAL,,2026-06-19 15:00:00,SYNTHETIC_DEMO
RES-02525,DON-00902,REST-TG17-120,REC-TG17-020,VOL-TG17-003,Medchal-Malkajgiri,vegetables,104,6.04,21,76,47,97,92,86,77.64,MISSED,traffic_delay,2026-05-24 08:00:00,SYNTHETIC_DEMO
RES-02526,DON-01330,REST-TG18-003,REC-TG18-006,VOL-TG18-001,Mulugu,roti,63,1.39,5,99,56,85,67,100,84.46,RESCUED,,2026-07-29 03:00:00,SYNTHETIC_DEMO
RES-02527,DON-02468,REST-TG19-136,REC-TG19-002,VOL-TG19-004,Nagarkurnool,rice,109,12.08,47,90,48,81,99,66,72.62,RESCUED,,2026-04-27 13:00:00,SYNTHETIC_DEMO
RES-02528,DON-02462,REST-TG20-103,REC-TG20-018,VOL-TG20-004,Nalgonda,roti,101,6.76,21,76,99,70,73,100,82.97,RESCUED,,2026-04-18 11:00:00,SYNTHETIC_DEMO
RES-02529,DON-02597,REST-TG21-051,REC-TG21-002,VOL-TG21-008,Narayanpet,fruits,38,23.8,90,77,85,88,53,100,68.9,EXPIRED,volunteer_unavailable,2026-05-26 11:00:00,SYNTHETIC_DEMO
RES-02530,DON-01528,REST-TG22-080,REC-TG22-011,VOL-TG22-010,Nirmal,biryani,48,32.85,102,78,48,70,67,81,52.04,RESCUED,,2026-07-20 15:00:00,SYNTHETIC_DEMO
RES-02531,DON-00415,REST-TG23-045,REC-TG23-019,VOL-TG23-001,Nizamabad,pulao,69,29.21,106,65,53,84,62,64,52.94,RESCUED,,2026-05-09 15:00:00,SYNTHETIC_DEMO
RES-02532,DON-02590,REST-TG24-037,REC-TG24-013,VOL-TG24-005,Peddapalli,roti,79,9.65,31,78,75,77,55,97,75.46,RESCUED,,2026-06-10 01:00:00,SYNTHETIC_DEMO
RES-02533,DON-00113,REST-TG25-101,REC-TG25-007,VOL-TG25-007,Rajanna Sircilla,sandwich,43,5.06,12,81,47,88,88,85,77.49,MISSED,traffic_delay,2026-09-04 22:00:00,SYNTHETIC_DEMO
RES-02534,DON-02474,REST-TG26-086,REC-TG26-016,VOL-TG26-005,Rangareddy,pulao,88,25.83,93,86,84,89,60,83,68.2,MISSED,traffic_delay,2026-05-06 05:00:00,SYNTHETIC_DEMO
RES-02535,DON-02242,REST-TG27-079,REC-TG27-019,VOL-TG27-001,Sangareddy,dal,61,20.59,57,79,64,97,88,90,71.24,PARTIAL,,2026-07-28 18:00:00,SYNTHETIC_DEMO
RES-02536,DON-00773,REST-TG28-047,REC-TG28-006,VOL-TG28-001,Siddipet,pulao,46,10.31,25,94,75,71,96,61,77.79,RESCUED,,2026-04-05 16:00:00,SYNTHETIC_DEMO
RES-02537,DON-02877,REST-TG29-141,REC-TG29-010,VOL-TG29-006,Suryapet,roti,28,11.63,32,78,97,95,67,50,77.64,PARTIAL,,2026-08-07 05:00:00,SYNTHETIC_DEMO
RES-02538,DON-01658,REST-TG30-035,REC-TG30-009,VOL-TG30-010,Vikarabad,pulao,54,31.53,118,83,59,99,81,77,61.53,RESCUED,,2026-07-30 03:00:00,SYNTHETIC_DEMO
RES-02539,DON-01399,REST-TG31-117,REC-TG31-005,VOL-TG31-010,Wanaparthy,vegetables,82,18.68,69,75,91,79,83,62,71.21,MISSED,recipient_capacity_full,2026-06-10 02:00:00,SYNTHETIC_DEMO
RES-02540,DON-01264,REST-TG32-086,REC-TG32-012,VOL-TG32-002,Warangal,roti,120,13.1,39,97,57,95,81,99,78.69,RESCUED,,2026-06-23 23:00:00,SYNTHETIC_DEMO
RES-02541,DON-02329,REST-TG33-105,REC-TG33-004,VOL-TG33-002,Yadadri Bhuvanagiri,cooked_meal,30,2.92,7,79,61,73,59,70,74.76,RESCUED,,2026-06-12 07:00:00,SYNTHETIC_DEMO
RES-02542,DON-02997,REST-TG01-135,REC-TG01-011,VOL-TG01-008,Adilabad,pulao,16,32.63,81,65,91,94,92,69,63.09,RESCUED,,2026-07-02 12:00:00,SYNTHETIC_DEMO
RES-02543,DON-01598,REST-TG02-112,REC-TG02-013,VOL-TG02-003,Bhadradri Kothagudem,bread,22,2.88,8,90,51,71,76,90,78.39,PARTIAL,,2026-09-03 13:00:00,SYNTHETIC_DEMO
RES-02544,DON-01932,REST-TG03-068,REC-TG03-002,VOL-TG03-004,Hanumakonda,packaged_food,68,15.87,44,89,53,99,70,56,69.51,RESCUED,,2026-06-16 17:00:00,SYNTHETIC_DEMO
RES-02545,DON-01825,REST-TG04-069,REC-TG04-006,VOL-TG04-006,Hyderabad,fruits,55,26.45,59,91,85,71,55,62,63.66,EXPIRED,volunteer_unavailable,2026-05-17 18:00:00,SYNTHETIC_DEMO
RES-02546,DON-00271,REST-TG05-119,REC-TG05-014,VOL-TG05-003,Jagtial,roti,72,12.75,49,76,99,70,67,70,75.09,EXPIRED,recipient_capacity_full,2026-07-19 22:00:00,SYNTHETIC_DEMO
RES-02547,DON-01486,REST-TG06-006,REC-TG06-010,VOL-TG06-008,Jangaon,fruits,39,31.36,101,93,100,85,50,86,67.55,PARTIAL,,2026-04-30 22:00:00,SYNTHETIC_DEMO
RES-02548,DON-01174,REST-TG07-037,REC-TG07-008,VOL-TG07-002,Jayashankar Bhupalpally,roti,67,5.64,12,88,68,77,54,83,77.42,RESCUED,,2026-04-21 12:00:00,SYNTHETIC_DEMO
RES-02549,DON-01493,REST-TG08-104,REC-TG08-013,VOL-TG08-004,Jogulamba Gadwal,vegetables,17,25.34,73,82,67,84,52,64,60.9,MISSED,expired_before_pickup,2026-07-08 02:00:00,SYNTHETIC_DEMO
RES-02550,DON-01986,REST-TG09-038,REC-TG09-005,VOL-TG09-008,Kamareddy,fruits,44,1.14,5,78,65,78,62,61,76.79,RESCUED,,2026-04-25 09:00:00,SYNTHETIC_DEMO
RES-02551,DON-02522,REST-TG10-036,REC-TG10-010,VOL-TG10-001,Karimnagar,pulao,94,10.17,27,67,75,99,50,50,70.99,RESCUED,,2026-06-14 12:00:00,SYNTHETIC_DEMO
RES-02552,DON-00268,REST-TG11-144,REC-TG11-012,VOL-TG11-003,Khammam,biryani,19,14.87,45,75,79,98,54,100,75.28,RESCUED,,2026-06-22 02:00:00,SYNTHETIC_DEMO
RES-02553,DON-01942,REST-TG12-127,REC-TG12-006,VOL-TG12-005,Kumuram Bheem,dal,46,19.49,72,68,64,69,67,96,64.13,RESCUED,,2026-05-28 04:00:00,SYNTHETIC_DEMO
RES-02554,DON-00401,REST-TG13-144,REC-TG13-015,VOL-TG13-003,Mahabubabad,biryani,45,5.01,19,70,72,98,53,65,76.32,EXPIRED,recipient_capacity_full,2026-04-05 13:00:00,SYNTHETIC_DEMO
RES-02555,DON-01016,REST-TG14-149,REC-TG14-015,VOL-TG14-007,Mahabubnagar,roti,73,11.82,33,65,77,91,62,68,71.61,RESCUED,,2026-09-08 17:00:00,SYNTHETIC_DEMO
RES-02556,DON-02413,REST-TG15-092,REC-TG15-007,VOL-TG15-010,Mancherial,bakery,86,23.33,61,70,61,87,65,58,59.89,RESCUED,,2026-08-23 10:00:00,SYNTHETIC_DEMO
RES-02557,DON-01284,REST-TG16-076,REC-TG16-017,VOL-TG16-007,Medak,cooked_meal,17,21.22,67,72,88,93,67,82,70.69,PARTIAL,,2026-05-21 20:00:00,SYNTHETIC_DEMO
RES-02558,DON-01916,REST-TG17-029,REC-TG17-009,VOL-TG17-004,Medchal-Malkajgiri,bakery,108,8.28,27,84,88,100,97,67,84.89,RESCUED,,2026-07-31 12:00:00,SYNTHETIC_DEMO
RES-02559,DON-00641,REST-TG18-070,REC-TG18-005,VOL-TG18-005,Mulugu,sandwich,61,8.78,31,73,46,73,97,77,70.88,RESCUED,,2026-06-13 07:00:00,SYNTHETIC_DEMO
RES-02560,DON-00810,REST-TG19-054,REC-TG19-009,VOL-TG19-005,Nagarkurnool,biryani,23,24.48,80,83,63,68,84,52,60.51,RESCUED,,2026-07-01 02:00:00,SYNTHETIC_DEMO
RES-02561,DON-02854,REST-TG20-141,REC-TG20-014,VOL-TG20-005,Nalgonda,pulao,73,17.07,46,66,51,99,74,94,67.86,RESCUED,,2026-08-22 07:00:00,SYNTHETIC_DEMO
RES-02562,DON-02914,REST-TG21-102,REC-TG21-011,VOL-TG21-007,Narayanpet,biryani,107,26.19,77,84,60,68,60,83,59.59,MISSED,traffic_delay,2026-04-15 06:00:00,SYNTHETIC_DEMO
RES-02563,DON-02057,REST-TG22-120,REC-TG22-007,VOL-TG22-009,Nirmal,biryani,89,27.36,81,75,56,72,93,62,57.96,RESCUED,,2026-09-05 09:00:00,SYNTHETIC_DEMO
RES-02564,DON-02691,REST-TG23-067,REC-TG23-002,VOL-TG23-009,Nizamabad,cooked_meal,80,31.46,70,92,64,100,98,97,68.23,PARTIAL,,2026-06-20 00:00:00,SYNTHETIC_DEMO
RES-02565,DON-02394,REST-TG24-028,REC-TG24-004,VOL-TG24-004,Peddapalli,bakery,46,10.0,37,98,92,93,96,96,89.01,MISSED,volunteer_unavailable,2026-08-09 19:00:00,SYNTHETIC_DEMO
RES-02566,DON-00803,REST-TG25-085,REC-TG25-001,VOL-TG25-001,Rajanna Sircilla,bakery,116,4.98,14,93,89,95,66,90,87.69,PARTIAL,,2026-06-10 16:00:00,SYNTHETIC_DEMO
RES-02567,DON-02476,REST-TG26-099,REC-TG26-001,VOL-TG26-004,Rangareddy,vegetables,30,18.82,47,95,96,88,56,70,75.56,MISSED,volunteer_unavailable,2026-07-20 18:00:00,SYNTHETIC_DEMO
RES-02568,DON-00021,REST-TG27-016,REC-TG27-015,VOL-TG27-003,Sangareddy,bakery,66,13.0,36,71,86,70,58,88,72.21,RESCUED,,2026-08-07 04:00:00,SYNTHETIC_DEMO
RES-02569,DON-00291,REST-TG28-025,REC-TG28-017,VOL-TG28-006,Siddipet,dal,73,3.22,12,88,70,93,92,72,84.65,MISSED,traffic_delay,2026-08-27 20:00:00,SYNTHETIC_DEMO
RES-02570,DON-01641,REST-TG29-079,REC-TG29-006,VOL-TG29-002,Suryapet,dal,15,9.73,24,69,88,71,76,62,73.9,EXPIRED,traffic_delay,2026-05-30 18:00:00,SYNTHETIC_DEMO
RES-02571,DON-00871,REST-TG30-018,REC-TG30-019,VOL-TG30-006,Vikarabad,pulao,79,27.19,78,97,62,92,65,61,63.78,RESCUED,,2026-04-17 23:00:00,SYNTHETIC_DEMO
RES-02572,DON-02798,REST-TG31-114,REC-TG31-010,VOL-TG31-008,Wanaparthy,bread,49,33.49,128,98,61,82,87,94,63.28,RESCUED,,2026-08-20 23:00:00,SYNTHETIC_DEMO
RES-02573,DON-02140,REST-TG32-031,REC-TG32-015,VOL-TG32-006,Warangal,rice,82,20.8,53,78,77,92,95,63,70.74,RESCUED,,2026-08-27 20:00:00,SYNTHETIC_DEMO
RES-02574,DON-02226,REST-TG33-127,REC-TG33-014,VOL-TG33-009,Yadadri Bhuvanagiri,cooked_meal,96,1.51,5,74,47,96,71,93,78.92,RESCUED,,2026-05-18 13:00:00,SYNTHETIC_DEMO
RES-02575,DON-02117,REST-TG01-025,REC-TG01-004,VOL-TG01-003,Adilabad,sandwich,96,8.2,28,100,86,94,89,55,84.84,MISSED,expired_before_pickup,2026-08-29 09:00:00,SYNTHETIC_DEMO
RES-02576,DON-01195,REST-TG02-108,REC-TG02-001,VOL-TG02-010,Bhadradri Kothagudem,rice,77,34.21,134,69,80,73,94,50,55.71,MISSED,traffic_delay,2026-04-11 12:00:00,SYNTHETIC_DEMO
RES-02577,DON-01314,REST-TG03-037,REC-TG03-009,VOL-TG03-003,Hanumakonda,cooked_meal,54,13.57,27,72,80,73,53,100,71.96,EXPIRED,traffic_delay,2026-09-05 09:00:00,SYNTHETIC_DEMO
RES-02578,DON-00040,REST-TG04-043,REC-TG04-020,VOL-TG04-010,Hyderabad,packaged_food,64,32.06,119,65,73,97,92,84,61.85,PARTIAL,,2026-07-12 22:00:00,SYNTHETIC_DEMO
RES-02579,DON-02390,REST-TG05-017,REC-TG05-018,VOL-TG05-001,Jagtial,fruits,93,20.15,67,91,54,93,72,97,70.46,RESCUED,,2026-07-26 10:00:00,SYNTHETIC_DEMO
RES-02580,DON-01109,REST-TG06-150,REC-TG06-015,VOL-TG06-007,Jangaon,roti,12,19.78,41,89,48,83,68,71,64.62,PARTIAL,,2026-08-20 13:00:00,SYNTHETIC_DEMO
RES-02581,DON-00926,REST-TG07-007,REC-TG07-017,VOL-TG07-007,Jayashankar Bhupalpally,roti,34,6.52,20,93,49,94,66,96,79.04,PARTIAL,,2026-08-25 03:00:00,SYNTHETIC_DEMO
RES-02582,DON-01553,REST-TG08-010,REC-TG08-009,VOL-TG08-004,Jogulamba Gadwal,biryani,21,27.33,55,78,74,85,62,71,61.93,MISSED,volunteer_unavailable,2026-04-23 12:00:00,SYNTHETIC_DEMO
RES-02583,DON-02809,REST-TG09-083,REC-TG09-017,VOL-TG09-001,Kamareddy,biryani,26,21.66,63,66,84,66,59,64,61.73,RESCUED,,2026-09-12 15:00:00,SYNTHETIC_DEMO
RES-02584,DON-02307,REST-TG10-040,REC-TG10-008,VOL-TG10-009,Karimnagar,packaged_food,117,31.63,81,74,66,82,84,72,58.31,MISSED,traffic_delay,2026-09-09 20:00:00,SYNTHETIC_DEMO
RES-02585,DON-02045,REST-TG11-003,REC-TG11-013,VOL-TG11-006,Khammam,sandwich,55,25.61,53,73,64,71,70,93,61.06,MISSED,recipient_capacity_full,2026-07-26 14:00:00,SYNTHETIC_DEMO
RES-02586,DON-02149,REST-TG12-069,REC-TG12-006,VOL-TG12-004,Kumuram Bheem,pulao,55,30.38,109,83,72,81,89,93,64.65,MISSED,volunteer_unavailable,2026-06-29 00:00:00,SYNTHETIC_DEMO
RES-02587,DON-02095,REST-TG13-020,REC-TG13-013,VOL-TG13-006,Mahabubabad,packaged_food,42,8.19,18,70,97,62,56,78,75.25,EXPIRED,volunteer_unavailable,2026-04-04 13:00:00,SYNTHETIC_DEMO
RES-02588,DON-02284,REST-TG14-117,REC-TG14-003,VOL-TG14-001,Mahabubnagar,rice,37,26.35,90,87,87,82,61,74,66.78,PARTIAL,,2026-08-06 21:00:00,SYNTHETIC_DEMO
RES-02589,DON-01892,REST-TG15-115,REC-TG15-002,VOL-TG15-007,Mancherial,roti,69,14.91,57,92,87,90,52,87,77.55,RESCUED,,2026-05-30 06:00:00,SYNTHETIC_DEMO
RES-02590,DON-01889,REST-TG16-092,REC-TG16-002,VOL-TG16-003,Medak,pulao,69,32.09,90,83,53,63,54,58,49.93,MISSED,traffic_delay,2026-04-07 19:00:00,SYNTHETIC_DEMO
RES-02591,DON-00516,REST-TG17-072,REC-TG17-002,VOL-TG17-005,Medchal-Malkajgiri,rice,38,14.1,36,82,64,67,59,96,69.68,RESCUED,,2026-08-23 12:00:00,SYNTHETIC_DEMO
RES-02592,DON-02712,REST-TG18-129,REC-TG18-019,VOL-TG18-001,Mulugu,pulao,82,31.9,72,80,50,65,63,72,51.46,MISSED,traffic_delay,2026-03-30 16:00:00,SYNTHETIC_DEMO
RES-02593,DON-00741,REST-TG19-033,REC-TG19-013,VOL-TG19-004,Nagarkurnool,bread,71,22.9,47,85,82,95,85,62,70.99,PARTIAL,,2026-08-22 05:00:00,SYNTHETIC_DEMO
RES-02594,DON-02167,REST-TG20-012,REC-TG20-001,VOL-TG20-003,Nalgonda,bakery,94,6.15,20,98,54,90,50,81,77.61,RESCUED,,2026-08-21 14:00:00,SYNTHETIC_DEMO
RES-02595,DON-02548,REST-TG21-146,REC-TG21-006,VOL-TG21-003,Narayanpet,dal,96,3.15,9,95,49,78,59,76,76.75,MISSED,volunteer_unavailable,2026-07-26 04:00:00,SYNTHETIC_DEMO
RES-02596,DON-02913,REST-TG22-085,REC-TG22-008,VOL-TG22-009,Nirmal,pulao,63,20.26,62,93,96,93,96,85,80.38,RESCUED,,2026-04-29 21:00:00,SYNTHETIC_DEMO
RES-02597,DON-00125,REST-TG23-095,REC-TG23-006,VOL-TG23-001,Nizamabad,biryani,17,17.88,68,82,89,84,55,67,71.23,RESCUED,,2026-09-01 21:00:00,SYNTHETIC_DEMO
RES-02598,DON-01796,REST-TG24-062,REC-TG24-009,VOL-TG24-005,Peddapalli,pulao,22,14.27,31,89,52,73,82,57,67.86,RESCUED,,2026-06-07 14:00:00,SYNTHETIC_DEMO
RES-02599,DON-01984,REST-TG25-001,REC-TG25-019,VOL-TG25-009,Rajanna Sircilla,roti,43,12.19,42,92,96,90,53,100,82.69,EXPIRED,expired_before_pickup,2026-09-23 19:00:00,SYNTHETIC_DEMO
RES-02600,DON-00967,REST-TG26-067,REC-TG26-016,VOL-TG26-009,Rangareddy,biryani,64,8.38,26,70,96,65,99,99,81.76,EXPIRED,volunteer_unavailable,2026-05-23 14:00:00,SYNTHETIC_DEMO
RES-02601,DON-02034,REST-TG27-062,REC-TG27-005,VOL-TG27-008,Sangareddy,packaged_food,44,11.08,31,80,50,72,92,71,70.19,MISSED,traffic_delay,2026-07-17 08:00:00,SYNTHETIC_DEMO
RES-02602,DON-01369,REST-TG28-106,REC-TG28-014,VOL-TG28-007,Siddipet,sandwich,101,8.69,20,97,91,98,88,56,85.49,PARTIAL,,2026-04-21 20:00:00,SYNTHETIC_DEMO
RES-02603,DON-02011,REST-TG29-060,REC-TG29-014,VOL-TG29-010,Suryapet,cooked_meal,16,1.31,5,81,71,71,97,62,81.01,EXPIRED,traffic_delay,2026-05-28 20:00:00,SYNTHETIC_DEMO
RES-02604,DON-01402,REST-TG30-104,REC-TG30-010,VOL-TG30-008,Vikarabad,bakery,35,29.52,86,89,71,69,99,52,61.36,RESCUED,,2026-06-03 03:00:00,SYNTHETIC_DEMO
RES-02605,DON-01390,REST-TG31-002,REC-TG31-010,VOL-TG31-010,Wanaparthy,rice,44,4.66,9,84,56,96,50,87,77.77,RESCUED,,2026-08-08 16:00:00,SYNTHETIC_DEMO
RES-02606,DON-01138,REST-TG32-049,REC-TG32-013,VOL-TG32-006,Warangal,roti,94,5.03,11,94,93,82,89,92,89.21,MISSED,expired_before_pickup,2026-07-15 21:00:00,SYNTHETIC_DEMO
RES-02607,DON-01641,REST-TG33-087,REC-TG33-007,VOL-TG33-001,Yadadri Bhuvanagiri,pulao,59,10.84,34,80,96,70,84,68,78.16,EXPIRED,recipient_capacity_full,2026-04-16 00:00:00,SYNTHETIC_DEMO
RES-02608,DON-01235,REST-TG01-069,REC-TG01-019,VOL-TG01-006,Adilabad,bread,50,21.9,60,66,95,76,51,78,65.86,MISSED,expired_before_pickup,2026-05-14 06:00:00,SYNTHETIC_DEMO
RES-02609,DON-00076,REST-TG02-008,REC-TG02-010,VOL-TG02-009,Bhadradri Kothagudem,roti,84,12.12,28,96,57,81,78,75,74.39,RESCUED,,2026-08-05 10:00:00,SYNTHETIC_DEMO
RES-02610,DON-00217,REST-TG03-082,REC-TG03-020,VOL-TG03-004,Hanumakonda,bakery,41,28.16,87,72,70,92,98,53,62.19,RESCUED,,2026-04-25 12:00:00,SYNTHETIC_DEMO
RES-02611,DON-00158,REST-TG04-101,REC-TG04-003,VOL-TG04-004,Hyderabad,vegetables,66,9.17,20,71,85,82,92,83,79.45,EXPIRED,traffic_delay,2026-08-23 05:00:00,SYNTHETIC_DEMO
RES-02612,DON-02877,REST-TG05-122,REC-TG05-008,VOL-TG05-006,Jagtial,bread,10,31.44,116,72,90,71,59,69,58.39,RESCUED,,2026-08-20 07:00:00,SYNTHETIC_DEMO
RES-02613,DON-00965,REST-TG06-107,REC-TG06-007,VOL-TG06-006,Jangaon,bread,19,13.17,45,79,75,74,67,73,71.49,MISSED,volunteer_unavailable,2026-05-20 22:00:00,SYNTHETIC_DEMO
RES-02614,DON-01059,REST-TG07-002,REC-TG07-009,VOL-TG07-002,Jayashankar Bhupalpally,fruits,31,2.67,10,85,64,86,88,95,84.09,EXPIRED,recipient_capacity_full,2026-04-19 04:00:00,SYNTHETIC_DEMO
RES-02615,DON-02110,REST-TG08-062,REC-TG08-008,VOL-TG08-005,Jogulamba Gadwal,bread,11,11.37,23,84,80,61,53,79,72.03,EXPIRED,expired_before_pickup,2026-06-21 12:00:00,SYNTHETIC_DEMO
RES-02616,DON-02674,REST-TG09-056,REC-TG09-001,VOL-TG09-001,Kamareddy,bakery,13,13.85,48,86,93,70,69,62,74.51,RESCUED,,2026-04-18 13:00:00,SYNTHETIC_DEMO
RES-02617,DON-00801,REST-TG10-137,REC-TG10-018,VOL-TG10-010,Karimnagar,cooked_meal,40,29.95,98,95,92,78,97,58,68.21,MISSED,volunteer_unavailable,2026-04-07 17:00:00,SYNTHETIC_DEMO
RES-02618,DON-01873,REST-TG11-105,REC-TG11-001,VOL-TG11-009,Khammam,sandwich,32,10.3,33,100,88,69,84,70,80.99,MISSED,volunteer_unavailable,2026-08-06 06:00:00,SYNTHETIC_DEMO
RES-02619,DON-02652,REST-TG12-032,REC-TG12-014,VOL-TG12-005,Kumuram Bheem,pulao,42,24.18,93,87,45,76,72,100,62.73,RESCUED,,2026-07-01 17:00:00,SYNTHETIC_DEMO
RES-02620,DON-01656,REST-TG13-009,REC-TG13-014,VOL-TG13-001,Mahabubabad,rice,69,9.76,34,89,55,68,96,95,76.13,RESCUED,,2026-04-25 11:00:00,SYNTHETIC_DEMO
RES-02621,DON-01223,REST-TG14-033,REC-TG14-009,VOL-TG14-009,Mahabubnagar,bread,107,18.38,53,90,88,79,61,92,74.62,MISSED,traffic_delay,2026-08-21 07:00:00,SYNTHETIC_DEMO
RES-02622,DON-00388,REST-TG15-075,REC-TG15-015,VOL-TG15-002,Mancherial,rice,93,25.51,84,70,50,85,83,75,59.33,PARTIAL,,2026-06-20 03:00:00,SYNTHETIC_DEMO
RES-02623,DON-02689,REST-TG16-021,REC-TG16-012,VOL-TG16-007,Medak,dal,20,12.08,44,77,56,78,65,75,68.67,RESCUED,,2026-04-23 03:00:00,SYNTHETIC_DEMO
RES-02624,DON-00903,REST-TG17-108,REC-TG17-005,VOL-TG17-003,Medchal-Malkajgiri,cooked_meal,104,5.64,12,90,70,77,74,53,77.22,MISSED,volunteer_unavailable,2026-09-01 03:00:00,SYNTHETIC_DEMO
RES-02625,DON-02830,REST-TG18-025,REC-TG18-012,VOL-TG18-008,Mulugu,roti,55,4.2,14,85,96,99,81,77,88.85,EXPIRED,recipient_capacity_full,2026-06-28 17:00:00,SYNTHETIC_DEMO
RES-02626,DON-01605,REST-TG19-141,REC-TG19-007,VOL-TG19-003,Nagarkurnool,cooked_meal,114,27.58,58,88,91,75,69,89,68.15,PARTIAL,,2026-09-23 23:00:00,SYNTHETIC_DEMO
RES-02627,DON-00565,REST-TG20-022,REC-TG20-004,VOL-TG20-007,Nalgonda,roti,17,17.29,42,80,73,92,52,86,70.85,RESCUED,,2026-04-13 03:00:00,SYNTHETIC_DEMO
RES-02628,DON-00125,REST-TG21-071,REC-TG21-011,VOL-TG21-006,Narayanpet,biryani,39,24.24,93,100,71,66,66,57,64.09,RESCUED,,2026-06-15 01:00:00,SYNTHETIC_DEMO
RES-02629,DON-00205,REST-TG22-065,REC-TG22-005,VOL-TG22-003,Nirmal,fruits,107,18.84,71,65,59,89,52,68,61.69,RESCUED,,2026-08-10 05:00:00,SYNTHETIC_DEMO
RES-02630,DON-02409,REST-TG23-141,REC-TG23-002,VOL-TG23-009,Nizamabad,packaged_food,104,32.78,77,92,87,60,73,54,59.09,MISSED,volunteer_unavailable,2026-05-30 22:00:00,SYNTHETIC_DEMO
RES-02631,DON-00642,REST-TG24-136,REC-TG24-001,VOL-TG24-002,Peddapalli,fruits,71,25.77,68,100,90,62,54,90,68.29,MISSED,traffic_delay,2026-06-01 12:00:00,SYNTHETIC_DEMO
RES-02632,DON-01232,REST-TG25-100,REC-TG25-015,VOL-TG25-003,Rajanna Sircilla,packaged_food,75,19.33,48,69,83,90,68,78,69.69,MISSED,traffic_delay,2026-04-27 08:00:00,SYNTHETIC_DEMO
RES-02633,DON-01842,REST-TG26-058,REC-TG26-003,VOL-TG26-005,Rangareddy,roti,59,9.22,34,88,67,86,60,54,73.71,RESCUED,,2026-07-05 01:00:00,SYNTHETIC_DEMO
RES-02634,DON-02582,REST-TG27-149,REC-TG27-002,VOL-TG27-001,Sangareddy,vegetables,85,10.97,39,90,82,73,84,99,80.81,RESCUED,,2026-06-23 15:00:00,SYNTHETIC_DEMO
RES-02635,DON-00234,REST-TG28-110,REC-TG28-013,VOL-TG28-010,Siddipet,bread,80,9.86,21,69,86,96,78,87,79.86,EXPIRED,expired_before_pickup,2026-06-28 02:00:00,SYNTHETIC_DEMO
RES-02636,DON-02844,REST-TG29-065,REC-TG29-014,VOL-TG29-007,Suryapet,vegetables,19,28.79,59,99,64,83,55,57,60.69,RESCUED,,2026-04-05 20:00:00,SYNTHETIC_DEMO
RES-02637,DON-01774,REST-TG30-074,REC-TG30-002,VOL-TG30-002,Vikarabad,pulao,116,15.93,44,77,100,65,60,57,70.47,EXPIRED,volunteer_unavailable,2026-05-21 01:00:00,SYNTHETIC_DEMO
RES-02638,DON-00156,REST-TG31-027,REC-TG31-016,VOL-TG31-002,Wanaparthy,packaged_food,73,5.49,14,71,83,97,98,100,86.23,RESCUED,,2026-05-06 06:00:00,SYNTHETIC_DEMO
RES-02639,DON-01687,REST-TG32-112,REC-TG32-002,VOL-TG32-001,Warangal,roti,80,3.72,12,84,89,63,66,56,78.59,PARTIAL,,2026-09-04 02:00:00,SYNTHETIC_DEMO
RES-02640,DON-00394,REST-TG33-048,REC-TG33-013,VOL-TG33-006,Yadadri Bhuvanagiri,cooked_meal,110,14.73,39,86,85,64,73,63,71.88,MISSED,traffic_delay,2026-07-09 07:00:00,SYNTHETIC_DEMO
RES-02641,DON-02501,REST-TG01-146,REC-TG01-020,VOL-TG01-008,Adilabad,roti,86,23.7,90,85,47,86,67,81,62.17,EXPIRED,traffic_delay,2026-04-17 16:00:00,SYNTHETIC_DEMO
RES-02642,DON-02139,REST-TG02-045,REC-TG02-007,VOL-TG02-009,Bhadradri Kothagudem,vegetables,51,11.97,33,65,81,72,57,60,68.15,MISSED,expired_before_pickup,2026-09-16 16:00:00,SYNTHETIC_DEMO
RES-02643,DON-00127,REST-TG03-093,REC-TG03-001,VOL-TG03-008,Hanumakonda,biryani,119,26.42,85,86,59,91,71,91,64.98,PARTIAL,,2026-08-15 22:00:00,SYNTHETIC_DEMO
RES-02644,DON-02991,REST-TG04-102,REC-TG04-014,VOL-TG04-001,Hyderabad,bread,52,8.56,23,85,88,78,60,80,79.19,RESCUED,,2026-07-24 06:00:00,SYNTHETIC_DEMO
RES-02645,DON-00731,REST-TG05-047,REC-TG05-001,VOL-TG05-004,Jagtial,fruits,37,15.09,47,66,100,98,94,63,77.82,RESCUED,,2026-03-29 12:00:00,SYNTHETIC_DEMO
RES-02646,DON-00047,REST-TG06-111,REC-TG06-014,VOL-TG06-010,Jangaon,rice,98,17.78,37,78,66,83,62,60,65.75,PARTIAL,,2026-09-06 14:00:00,SYNTHETIC_DEMO
RES-02647,DON-01638,REST-TG07-104,REC-TG07-008,VOL-TG07-004,Jayashankar Bhupalpally,biryani,84,5.42,17,73,47,70,74,84,71.43,MISSED,recipient_capacity_full,2026-04-13 20:00:00,SYNTHETIC_DEMO
RES-02648,DON-01673,REST-TG08-083,REC-TG08-005,VOL-TG08-010,Jogulamba Gadwal,cooked_meal,104,25.43,76,91,89,83,78,84,71.49,MISSED,volunteer_unavailable,2026-08-11 03:00:00,SYNTHETIC_DEMO
RES-02649,DON-00062,REST-TG09-024,REC-TG09-018,VOL-TG09-010,Kamareddy,pulao,116,5.23,19,91,93,74,82,74,84.76,RESCUED,,2026-07-03 07:00:00,SYNTHETIC_DEMO
RES-02650,DON-01728,REST-TG10-149,REC-TG10-001,VOL-TG10-006,Karimnagar,pulao,116,24.5,63,71,67,99,96,65,66.05,EXPIRED,recipient_capacity_full,2026-09-17 09:00:00,SYNTHETIC_DEMO
RES-02651,DON-02704,REST-TG11-064,REC-TG11-014,VOL-TG11-007,Khammam,rice,19,11.01,33,74,46,67,89,86,68.69,RESCUED,,2026-06-06 14:00:00,SYNTHETIC_DEMO
RES-02652,DON-00913,REST-TG12-127,REC-TG12-011,VOL-TG12-001,Kumuram Bheem,packaged_food,119,28.34,86,79,78,99,54,74,63.81,RESCUED,,2026-08-22 21:00:00,SYNTHETIC_DEMO
RES-02653,DON-01576,REST-TG13-088,REC-TG13-005,VOL-TG13-010,Mahabubabad,bread,42,1.14,5,97,73,85,98,77,88.44,MISSED,volunteer_unavailable,2026-07-19 00:00:00,SYNTHETIC_DEMO
RES-02654,DON-01677,REST-TG14-009,REC-TG14-018,VOL-TG14-008,Mahabubnagar,bread,102,21.09,51,92,83,90,70,63,71.74,RESCUED,,2026-05-10 20:00:00,SYNTHETIC_DEMO
RES-02655,DON-00935,REST-TG15-056,REC-TG15-001,VOL-TG15-004,Mancherial,biryani,32,11.58,27,96,92,95,69,73,82.78,EXPIRED,recipient_capacity_full,2026-05-09 13:00:00,SYNTHETIC_DEMO
RES-02656,DON-01537,REST-TG16-142,REC-TG16-012,VOL-TG16-004,Medak,dal,63,17.93,45,76,97,94,68,58,73.49,RESCUED,,2026-08-16 13:00:00,SYNTHETIC_DEMO
RES-02657,DON-02849,REST-TG17-029,REC-TG17-001,VOL-TG17-009,Medchal-Malkajgiri,fruits,53,10.57,32,73,93,65,63,68,73.5,EXPIRED,traffic_delay,2026-06-19 05:00:00,SYNTHETIC_DEMO
RES-02658,DON-00411,REST-TG18-035,REC-TG18-016,VOL-TG18-006,Mulugu,bread,74,7.73,18,84,84,89,73,92,82.93,EXPIRED,recipient_capacity_full,2026-06-10 20:00:00,SYNTHETIC_DEMO
RES-02659,DON-00879,REST-TG19-086,REC-TG19-002,VOL-TG19-002,Nagarkurnool,fruits,47,26.2,80,84,50,71,64,60,56.14,RESCUED,,2026-07-13 07:00:00,SYNTHETIC_DEMO
RES-02660,DON-01872,REST-TG20-057,REC-TG20-001,VOL-TG20-007,Nalgonda,cooked_meal,77,11.76,35,66,97,61,59,76,71.85,RESCUED,,2026-05-29 00:00:00,SYNTHETIC_DEMO
RES-02661,DON-01120,REST-TG21-125,REC-TG21-011,VOL-TG21-008,Narayanpet,cooked_meal,20,1.99,7,71,73,77,89,60,78.83,RESCUED,,2026-04-08 07:00:00,SYNTHETIC_DEMO
RES-02662,DON-01394,REST-TG22-098,REC-TG22-011,VOL-TG22-005,Nirmal,rice,59,5.83,21,82,60,66,70,98,75.94,PARTIAL,,2026-08-08 01:00:00,SYNTHETIC_DEMO
RES-02663,DON-02443,REST-TG23-046,REC-TG23-008,VOL-TG23-002,Nizamabad,pulao,66,3.93,9,79,94,94,99,57,86.49,MISSED,volunteer_unavailable,2026-09-07 20:00:00,SYNTHETIC_DEMO
RES-02664,DON-00943,REST-TG24-034,REC-TG24-017,VOL-TG24-006,Peddapalli,sandwich,118,27.04,106,97,80,95,80,70,70.34,RESCUED,,2026-04-19 16:00:00,SYNTHETIC_DEMO
RES-02665,DON-00251,REST-TG25-142,REC-TG25-008,VOL-TG25-003,Rajanna Sircilla,fruits,103,19.44,56,76,99,67,53,77,69.16,RESCUED,,2026-08-30 00:00:00,SYNTHETIC_DEMO
RES-02666,DON-01202,REST-TG26-131,REC-TG26-016,VOL-TG26-006,Rangareddy,fruits,69,7.24,25,92,56,60,94,85,76.33,RESCUED,,2026-07-18 20:00:00,SYNTHETIC_DEMO
RES-02667,DON-01845,REST-TG27-027,REC-TG27-019,VOL-TG27-008,Sangareddy,cooked_meal,43,14.01,38,88,86,77,98,86,79.74,MISSED,traffic_delay,2026-08-31 21:00:00,SYNTHETIC_DEMO
RES-02668,DON-01550,REST-TG28-058,REC-TG28-004,VOL-TG28-003,Siddipet,packaged_food,11,23.67,51,87,61,60,100,56,62.29,RESCUED,,2026-09-15 02:00:00,SYNTHETIC_DEMO
RES-02669,DON-00965,REST-TG29-138,REC-TG29-001,VOL-TG29-003,Suryapet,biryani,30,6.22,17,83,58,97,70,52,75.51,RESCUED,,2026-03-31 14:00:00,SYNTHETIC_DEMO
RES-02670,DON-02876,REST-TG30-058,REC-TG30-003,VOL-TG30-004,Vikarabad,pulao,10,28.54,89,83,64,62,92,69,59.41,MISSED,volunteer_unavailable,2026-09-14 14:00:00,SYNTHETIC_DEMO
RES-02671,DON-00045,REST-TG31-037,REC-TG31-012,VOL-TG31-002,Wanaparthy,bakery,13,9.18,35,69,66,93,76,52,72.19,RESCUED,,2026-05-04 00:00:00,SYNTHETIC_DEMO
RES-02672,DON-01252,REST-TG32-022,REC-TG32-015,VOL-TG32-005,Warangal,bakery,18,17.65,41,100,86,96,93,71,80.39,MISSED,traffic_delay,2026-07-12 15:00:00,SYNTHETIC_DEMO
RES-02673,DON-02429,REST-TG33-147,REC-TG33-014,VOL-TG33-010,Yadadri Bhuvanagiri,bakery,26,7.07,14,81,72,88,51,82,77.05,MISSED,traffic_delay,2026-04-11 06:00:00,SYNTHETIC_DEMO
RES-02674,DON-01995,REST-TG01-106,REC-TG01-016,VOL-TG01-002,Adilabad,bakery,16,12.86,27,69,68,93,79,61,71.16,RESCUED,,2026-05-06 02:00:00,SYNTHETIC_DEMO
RES-02675,DON-02419,REST-TG02-132,REC-TG02-006,VOL-TG02-001,Bhadradri Kothagudem,packaged_food,119,5.78,16,76,76,89,83,52,78.12,RESCUED,,2026-09-05 06:00:00,SYNTHETIC_DEMO
RES-02676,DON-00833,REST-TG03-145,REC-TG03-004,VOL-TG03-002,Hanumakonda,rice,114,16.65,48,79,100,71,54,76,72.56,RESCUED,,2026-04-16 10:00:00,SYNTHETIC_DEMO
RES-02677,DON-00859,REST-TG04-026,REC-TG04-020,VOL-TG04-009,Hyderabad,pulao,93,14.26,35,69,79,85,84,67,72.26,RESCUED,,2026-09-01 22:00:00,SYNTHETIC_DEMO
RES-02678,DON-00984,REST-TG05-053,REC-TG05-013,VOL-TG05-002,Jagtial,fruits,36,31.22,123,89,61,72,82,90,60.7,RESCUED,,2026-05-20 15:00:00,SYNTHETIC_DEMO
RES-02679,DON-01674,REST-TG06-023,REC-TG06-016,VOL-TG06-003,Jangaon,packaged_food,84,4.57,11,97,45,84,83,68,77.84,RESCUED,,2026-05-10 20:00:00,SYNTHETIC_DEMO
RES-02680,DON-00219,REST-TG07-127,REC-TG07-015,VOL-TG07-007,Jayashankar Bhupalpally,rice,88,1.74,6,70,51,78,74,82,75.26,RESCUED,,2026-05-06 12:00:00,SYNTHETIC_DEMO
RES-02681,DON-01354,REST-TG08-146,REC-TG08-010,VOL-TG08-005,Jogulamba Gadwal,cooked_meal,25,3.55,9,67,52,68,97,100,76.16,PARTIAL,,2026-06-29 01:00:00,SYNTHETIC_DEMO
RES-02682,DON-02897,REST-TG09-015,REC-TG09-020,VOL-TG09-001,Kamareddy,packaged_food,82,22.24,88,67,59,73,58,91,60.16,EXPIRED,expired_before_pickup,2026-06-21 00:00:00,SYNTHETIC_DEMO
RES-02683,DON-01997,REST-TG10-010,REC-TG10-004,VOL-TG10-005,Karimnagar,packaged_food,96,20.73,68,89,57,86,65,76,66.39,RESCUED,,2026-08-22 17:00:00,SYNTHETIC_DEMO
RES-02684,DON-00676,REST-TG11-137,REC-TG11-005,VOL-TG11-009,Khammam,rice,74,22.14,71,78,46,76,50,55,55.89,RESCUED,,2026-07-27 23:00:00,SYNTHETIC_DEMO
RES-02685,DON-02121,REST-TG12-148,REC-TG12-005,VOL-TG12-009,Kumuram Bheem,cooked_meal,114,33.75,71,98,50,79,81,78,58.24,PARTIAL,,2026-07-15 15:00:00,SYNTHETIC_DEMO
RES-02686,DON-00728,REST-TG13-016,REC-TG13-013,VOL-TG13-006,Mahabubabad,vegetables,53,32.49,109,73,74,91,79,58,58.54,EXPIRED,traffic_delay,2026-05-29 03:00:00,SYNTHETIC_DEMO
RES-02687,DON-01915,REST-TG14-063,REC-TG14-001,VOL-TG14-001,Mahabubnagar,dal,22,14.41,48,86,77,81,73,59,72.66,MISSED,expired_before_pickup,2026-09-15 07:00:00,SYNTHETIC_DEMO
RES-02688,DON-02064,REST-TG15-059,REC-TG15-005,VOL-TG15-008,Mancherial,sandwich,80,9.51,21,68,88,98,53,81,77.51,PARTIAL,,2026-08-29 19:00:00,SYNTHETIC_DEMO
RES-02689,DON-02198,REST-TG16-041,REC-TG16-018,VOL-TG16-004,Medak,sandwich,74,17.97,63,78,71,72,71,59,65.76,RESCUED,,2026-08-09 16:00:00,SYNTHETIC_DEMO
RES-02690,DON-00713,REST-TG17-083,REC-TG17-006,VOL-TG17-005,Medchal-Malkajgiri,pulao,54,33.72,86,65,75,80,88,58,55.51,RESCUED,,2026-04-03 07:00:00,SYNTHETIC_DEMO
RES-02691,DON-01546,REST-TG18-094,REC-TG18-003,VOL-TG18-010,Mulugu,rice,16,1.53,5,71,96,87,59,86,84.86,RESCUED,,2026-06-27 15:00:00,SYNTHETIC_DEMO
RES-02692,DON-00470,REST-TG19-025,REC-TG19-014,VOL-TG19-006,Nagarkurnool,biryani,16,4.42,10,100,97,63,85,91,88.29,PARTIAL,,2026-07-09 23:00:00,SYNTHETIC_DEMO
RES-02693,DON-02719,REST-TG20-144,REC-TG20-014,VOL-TG20-010,Nalgonda,cooked_meal,19,24.86,77,83,82,83,55,76,65.79,MISSED,traffic_delay,2026-09-07 17:00:00,SYNTHETIC_DEMO
RES-02694,DON-00612,REST-TG21-083,REC-TG21-019,VOL-TG21-008,Narayanpet,rice,48,18.68,69,83,56,75,54,76,63.71,RESCUED,,2026-04-16 03:00:00,SYNTHETIC_DEMO
RES-02695,DON-01208,REST-TG22-067,REC-TG22-019,VOL-TG22-001,Nirmal,bakery,77,2.43,8,97,72,73,73,61,81.41,MISSED,traffic_delay,2026-08-24 20:00:00,SYNTHETIC_DEMO
RES-02696,DON-01748,REST-TG23-097,REC-TG23-014,VOL-TG23-008,Nizamabad,roti,33,14.75,30,91,55,61,50,78,65.61,PARTIAL,,2026-09-08 13:00:00,SYNTHETIC_DEMO
RES-02697,DON-02255,REST-TG24-007,REC-TG24-005,VOL-TG24-001,Peddapalli,rice,72,14.8,31,100,96,94,85,90,85.23,PARTIAL,,2026-05-10 11:00:00,SYNTHETIC_DEMO
RES-02698,DON-00202,REST-TG25-122,REC-TG25-002,VOL-TG25-006,Rajanna Sircilla,vegetables,90,22.91,46,76,80,65,67,73,63.59,RESCUED,,2026-04-17 05:00:00,SYNTHETIC_DEMO
RES-02699,DON-02535,REST-TG26-100,REC-TG26-009,VOL-TG26-007,Rangareddy,bakery,29,4.68,14,66,74,95,79,54,77.21,MISSED,expired_before_pickup,2026-07-11 14:00:00,SYNTHETIC_DEMO
RES-02700,DON-02924,REST-TG27-093,REC-TG27-016,VOL-TG27-006,Sangareddy,sandwich,79,18.49,48,86,74,98,59,57,70.09,RESCUED,,2026-09-02 17:00:00,SYNTHETIC_DEMO
RES-02701,DON-01911,REST-TG28-073,REC-TG28-001,VOL-TG28-008,Siddipet,fruits,69,3.72,14,85,90,71,87,70,83.69,MISSED,recipient_capacity_full,2026-04-14 04:00:00,SYNTHETIC_DEMO
RES-02702,DON-00872,REST-TG29-062,REC-TG29-005,VOL-TG29-004,Suryapet,cooked_meal,37,5.98,17,92,75,83,72,83,82.08,RESCUED,,2026-07-13 21:00:00,SYNTHETIC_DEMO
RES-02703,DON-02213,REST-TG30-032,REC-TG30-018,VOL-TG30-009,Vikarabad,bakery,119,14.27,40,80,45,92,85,52,67.31,RESCUED,,2026-06-21 09:00:00,SYNTHETIC_DEMO
RES-02704,DON-02648,REST-TG31-083,REC-TG31-008,VOL-TG31-006,Wanaparthy,pulao,14,21.01,52,94,91,92,83,54,74.49,EXPIRED,volunteer_unavailable,2026-08-21 13:00:00,SYNTHETIC_DEMO
RES-02705,DON-00379,REST-TG32-052,REC-TG32-020,VOL-TG32-010,Warangal,rice,72,34.79,102,89,97,61,94,70,62.9,PARTIAL,,2026-09-03 09:00:00,SYNTHETIC_DEMO
RES-02706,DON-01796,REST-TG33-047,REC-TG33-001,VOL-TG33-003,Yadadri Bhuvanagiri,cooked_meal,96,19.29,66,81,64,75,88,95,69.77,RESCUED,,2026-07-02 19:00:00,SYNTHETIC_DEMO
RES-02707,DON-02202,REST-TG01-087,REC-TG01-013,VOL-TG01-003,Adilabad,rice,27,16.22,34,80,53,62,78,53,62.41,RESCUED,,2026-07-09 11:00:00,SYNTHETIC_DEMO
RES-02708,DON-00476,REST-TG02-094,REC-TG02-020,VOL-TG02-010,Bhadradri Kothagudem,dal,68,3.07,7,98,52,75,99,62,80.16,RESCUED,,2026-05-17 07:00:00,SYNTHETIC_DEMO
RES-02709,DON-02710,REST-TG03-126,REC-TG03-017,VOL-TG03-008,Hanumakonda,bread,13,7.12,26,98,75,100,70,79,84.41,RESCUED,,2026-07-27 16:00:00,SYNTHETIC_DEMO
RES-02710,DON-00294,REST-TG04-034,REC-TG04-009,VOL-TG04-004,Hyderabad,cooked_meal,97,19.64,54,89,99,61,83,51,71.12,RESCUED,,2026-08-29 15:00:00,SYNTHETIC_DEMO
RES-02711,DON-02014,REST-TG05-035,REC-TG05-020,VOL-TG05-007,Jagtial,packaged_food,10,16.15,62,99,66,67,55,68,68.81,MISSED,expired_before_pickup,2026-09-13 07:00:00,SYNTHETIC_DEMO
RES-02712,DON-01327,REST-TG06-114,REC-TG06-002,VOL-TG06-002,Jangaon,bakery,65,11.12,41,84,74,66,58,50,69.36,RESCUED,,2026-07-11 04:00:00,SYNTHETIC_DEMO
RES-02713,DON-01951,REST-TG07-113,REC-TG07-013,VOL-TG07-006,Jayashankar Bhupalpally,vegetables,48,7.84,21,100,51,65,83,81,75.75,RESCUED,,2026-09-12 18:00:00,SYNTHETIC_DEMO
RES-02714,DON-02181,REST-TG08-110,REC-TG08-016,VOL-TG08-004,Jogulamba Gadwal,packaged_food,32,14.68,31,68,62,74,76,51,64.31,RESCUED,,2026-04-22 08:00:00,SYNTHETIC_DEMO
RES-02715,DON-02614,REST-TG09-030,REC-TG09-008,VOL-TG09-010,Kamareddy,packaged_food,72,3.61,8,65,65,96,57,63,74.82,PARTIAL,,2026-07-21 13:00:00,SYNTHETIC_DEMO
RES-02716,DON-02391,REST-TG10-137,REC-TG10-003,VOL-TG10-003,Karimnagar,roti,20,15.17,36,95,70,68,71,70,71.46,PARTIAL,,2026-08-02 15:00:00,SYNTHETIC_DEMO
RES-02717,DON-00379,REST-TG11-031,REC-TG11-004,VOL-TG11-006,Khammam,vegetables,46,0.71,5,77,85,87,92,79,87.04,RESCUED,,2026-06-14 12:00:00,SYNTHETIC_DEMO
RES-02718,DON-02494,REST-TG12-068,REC-TG12-010,VOL-TG12-003,Kumuram Bheem,vegetables,77,16.42,46,67,55,71,78,70,63.12,RESCUED,,2026-04-12 12:00:00,SYNTHETIC_DEMO
RES-02719,DON-00868,REST-TG13-043,REC-TG13-013,VOL-TG13-008,Mahabubabad,bread,71,1.41,5,65,82,99,86,56,82.44,RESCUED,,2026-06-29 23:00:00,SYNTHETIC_DEMO
RES-02720,DON-01640,REST-TG14-070,REC-TG14-012,VOL-TG14-003,Mahabubnagar,rice,33,2.6,8,95,61,68,79,85,80.94,MISSED,volunteer_unavailable,2026-05-21 12:00:00,SYNTHETIC_DEMO
RES-02721,DON-01169,REST-TG15-038,REC-TG15-018,VOL-TG15-006,Mancherial,vegetables,100,34.31,123,97,48,84,64,94,57.89,RESCUED,,2026-06-09 18:00:00,SYNTHETIC_DEMO
RES-02722,DON-02646,REST-TG16-024,REC-TG16-017,VOL-TG16-006,Medak,bakery,39,17.75,47,71,100,75,80,80,73.77,RESCUED,,2026-05-15 22:00:00,SYNTHETIC_DEMO
RES-02723,DON-00637,REST-TG17-033,REC-TG17-018,VOL-TG17-003,Medchal-Malkajgiri,packaged_food,60,12.65,48,84,94,66,56,91,76.16,RESCUED,,2026-07-04 00:00:00,SYNTHETIC_DEMO
RES-02724,DON-00653,REST-TG18-044,REC-TG18-008,VOL-TG18-003,Mulugu,bread,56,6.88,16,67,60,91,50,81,72.24,PARTIAL,,2026-05-30 17:00:00,SYNTHETIC_DEMO
RES-02725,DON-01649,REST-TG19-120,REC-TG19-019,VOL-TG19-005,Nagarkurnool,rice,12,27.06,91,76,83,69,83,66,62.72,PARTIAL,,2026-07-22 22:00:00,SYNTHETIC_DEMO
RES-02726,DON-01811,REST-TG20-029,REC-TG20-018,VOL-TG20-004,Nalgonda,roti,19,11.83,30,86,47,77,81,59,68.7,RESCUED,,2026-07-02 23:00:00,SYNTHETIC_DEMO
RES-02727,DON-00955,REST-TG21-004,REC-TG21-004,VOL-TG21-006,Narayanpet,biryani,112,13.82,33,75,60,84,64,56,66.73,MISSED,recipient_capacity_full,2026-08-02 09:00:00,SYNTHETIC_DEMO
RES-02728,DON-02803,REST-TG22-108,REC-TG22-016,VOL-TG22-002,Nirmal,packaged_food,77,23.87,59,86,67,94,82,54,66.25,EXPIRED,traffic_delay,2026-08-20 19:00:00,SYNTHETIC_DEMO
RES-02729,DON-00989,REST-TG23-112,REC-TG23-001,VOL-TG23-001,Nizamabad,roti,93,33.79,127,78,46,70,95,87,54.36,RESCUED,,2026-04-29 21:00:00,SYNTHETIC_DEMO
RES-02730,DON-02366,REST-TG24-036,REC-TG24-012,VOL-TG24-004,Peddapalli,bakery,21,27.18,56,75,72,82,71,100,64.39,PARTIAL,,2026-05-15 21:00:00,SYNTHETIC_DEMO
RES-02731,DON-00736,REST-TG25-017,REC-TG25-013,VOL-TG25-005,Rajanna Sircilla,bread,72,7.29,15,100,86,75,52,76,81.04,RESCUED,,2026-04-01 12:00:00,SYNTHETIC_DEMO
RES-02732,DON-02672,REST-TG26-109,REC-TG26-009,VOL-TG26-002,Rangareddy,fruits,94,28.24,110,74,68,80,99,60,61.13,RESCUED,,2026-09-17 03:00:00,SYNTHETIC_DEMO
RES-02733,DON-00815,REST-TG27-139,REC-TG27-012,VOL-TG27-010,Sangareddy,cooked_meal,30,19.77,66,77,73,98,91,79,72.58,RESCUED,,2026-08-30 06:00:00,SYNTHETIC_DEMO
RES-02734,DON-02477,REST-TG28-097,REC-TG28-008,VOL-TG28-008,Siddipet,roti,69,1.46,5,77,45,60,89,59,72.16,RESCUED,,2026-04-19 00:00:00,SYNTHETIC_DEMO
RES-02735,DON-00240,REST-TG29-102,REC-TG29-005,VOL-TG29-006,Suryapet,sandwich,94,7.97,21,96,48,79,53,72,72.46,EXPIRED,recipient_capacity_full,2026-08-12 00:00:00,SYNTHETIC_DEMO
RES-02736,DON-01018,REST-TG30-088,REC-TG30-018,VOL-TG30-004,Vikarabad,roti,48,10.89,34,89,82,74,86,83,79.42,MISSED,traffic_delay,2026-09-18 21:00:00,SYNTHETIC_DEMO
RES-02737,DON-01789,REST-TG31-018,REC-TG31-004,VOL-TG31-006,Wanaparthy,bakery,53,30.5,99,79,88,84,82,61,63.51,RESCUED,,2026-06-11 12:00:00,SYNTHETIC_DEMO
RES-02738,DON-02079,REST-TG32-090,REC-TG32-006,VOL-TG32-003,Warangal,cooked_meal,34,11.38,24,66,59,66,94,67,67.87,RESCUED,,2026-07-15 22:00:00,SYNTHETIC_DEMO
RES-02739,DON-02192,REST-TG33-017,REC-TG33-008,VOL-TG33-009,Yadadri Bhuvanagiri,sandwich,49,27.4,99,72,62,87,90,81,62.38,RESCUED,,2026-07-11 23:00:00,SYNTHETIC_DEMO
RES-02740,DON-01625,REST-TG01-067,REC-TG01-010,VOL-TG01-004,Adilabad,fruits,12,27.75,99,80,75,76,90,97,66.28,RESCUED,,2026-05-08 06:00:00,SYNTHETIC_DEMO
RES-02741,DON-01962,REST-TG02-079,REC-TG02-020,VOL-TG02-006,Bhadradri Kothagudem,roti,62,24.37,65,99,98,81,73,65,72.94,MISSED,volunteer_unavailable,2026-06-12 00:00:00,SYNTHETIC_DEMO
RES-02742,DON-01266,REST-TG03-063,REC-TG03-013,VOL-TG03-007,Hanumakonda,rice,112,16.23,42,76,100,73,60,84,73.96,MISSED,volunteer_unavailable,2026-06-11 07:00:00,SYNTHETIC_DEMO
RES-02743,DON-01828,REST-TG04-125,REC-TG04-008,VOL-TG04-010,Hyderabad,biryani,114,1.94,5,87,86,82,62,68,83.51,RESCUED,,2026-05-05 07:00:00,SYNTHETIC_DEMO
RES-02744,DON-02791,REST-TG05-139,REC-TG05-012,VOL-TG05-002,Jagtial,pulao,67,33.9,81,95,96,72,56,64,61.79,EXPIRED,expired_before_pickup,2026-09-08 03:00:00,SYNTHETIC_DEMO
RES-02745,DON-02561,REST-TG06-116,REC-TG06-008,VOL-TG06-003,Jangaon,pulao,92,15.37,43,86,72,99,100,94,79.87,RESCUED,,2026-08-10 04:00:00,SYNTHETIC_DEMO
RES-02746,DON-01128,REST-TG07-024,REC-TG07-012,VOL-TG07-004,Jayashankar Bhupalpally,biryani,44,18.78,62,94,69,99,99,98,78.74,MISSED,expired_before_pickup,2026-08-03 06:00:00,SYNTHETIC_DEMO
RES-02747,DON-02374,REST-TG08-107,REC-TG08-005,VOL-TG08-008,Jogulamba Gadwal,fruits,35,7.07,26,72,65,100,94,58,77.55,PARTIAL,,2026-08-21 00:00:00,SYNTHETIC_DEMO
RES-02748,DON-00290,REST-TG09-038,REC-TG09-012,VOL-TG09-008,Kamareddy,rice,45,14.79,50,74,48,79,52,91,64.99,RESCUED,,2026-09-04 03:00:00,SYNTHETIC_DEMO
RES-02749,DON-00169,REST-TG10-028,REC-TG10-005,VOL-TG10-002,Karimnagar,fruits,15,4.3,15,76,97,80,74,82,84.13,EXPIRED,traffic_delay,2026-05-28 05:00:00,SYNTHETIC_DEMO
RES-02750,DON-00151,REST-TG11-134,REC-TG11-013,VOL-TG11-002,Khammam,roti,36,1.45,5,89,69,76,52,62,78.36,RESCUED,,2026-05-29 09:00:00,SYNTHETIC_DEMO
RES-02751,DON-00622,REST-TG12-102,REC-TG12-008,VOL-TG12-004,Kumuram Bheem,roti,12,29.99,92,88,55,94,61,65,58.88,EXPIRED,recipient_capacity_full,2026-08-31 13:00:00,SYNTHETIC_DEMO
RES-02752,DON-01932,REST-TG13-096,REC-TG13-005,VOL-TG13-001,Mahabubabad,pulao,93,22.95,62,91,85,84,60,88,71.21,RESCUED,,2026-09-21 04:00:00,SYNTHETIC_DEMO
RES-02753,DON-01518,REST-TG14-134,REC-TG14-011,VOL-TG14-008,Mahabubnagar,vegetables,65,8.36,28,85,94,83,71,59,80.28,PARTIAL,,2026-09-17 21:00:00,SYNTHETIC_DEMO
RES-02754,DON-02271,REST-TG15-109,REC-TG15-012,VOL-TG15-001,Mancherial,packaged_food,116,33.93,80,72,76,78,88,64,57.26,PARTIAL,,2026-06-02 18:00:00,SYNTHETIC_DEMO
RES-02755,DON-01401,REST-TG16-113,REC-TG16-013,VOL-TG16-008,Medak,sandwich,97,33.65,114,83,75,88,54,85,59.66,PARTIAL,,2026-04-18 13:00:00,SYNTHETIC_DEMO
RES-02756,DON-02133,REST-TG17-147,REC-TG17-019,VOL-TG17-003,Medchal-Malkajgiri,sandwich,114,17.27,55,100,83,71,52,93,74.41,RESCUED,,2026-05-21 02:00:00,SYNTHETIC_DEMO
RES-02757,DON-00862,REST-TG18-121,REC-TG18-017,VOL-TG18-009,Mulugu,fruits,50,21.51,59,68,68,80,52,66,60.64,EXPIRED,volunteer_unavailable,2026-06-20 14:00:00,SYNTHETIC_DEMO
RES-02758,DON-00078,REST-TG19-102,REC-TG19-018,VOL-TG19-007,Nagarkurnool,vegetables,75,3.27,8,74,63,74,59,66,73.66,EXPIRED,recipient_capacity_full,2026-07-18 12:00:00,SYNTHETIC_DEMO
RES-02759,DON-00252,REST-TG20-046,REC-TG20-001,VOL-TG20-002,Nalgonda,packaged_food,71,25.95,79,88,54,79,57,61,58.51,EXPIRED,volunteer_unavailable,2026-09-08 15:00:00,SYNTHETIC_DEMO
RES-02760,DON-02812,REST-TG21-050,REC-TG21-013,VOL-TG21-008,Narayanpet,bakery,37,18.12,52,96,80,79,59,63,71.31,EXPIRED,volunteer_unavailable,2026-07-03 00:00:00,SYNTHETIC_DEMO
RES-02761,DON-01501,REST-TG22-050,REC-TG22-002,VOL-TG22-007,Nirmal,biryani,14,11.22,30,82,60,77,100,92,76.14,PARTIAL,,2026-04-01 03:00:00,SYNTHETIC_DEMO
RES-02762,DON-02932,REST-TG23-132,REC-TG23-012,VOL-TG23-010,Nizamabad,biryani,92,22.92,55,68,52,77,70,68,57.98,EXPIRED,recipient_capacity_full,2026-06-07 07:00:00,SYNTHETIC_DEMO
RES-02763,DON-01679,REST-TG24-145,REC-TG24-020,VOL-TG24-010,Peddapalli,cooked_meal,99,32.48,87,89,94,76,91,81,67.0,RESCUED,,2026-07-01 22:00:00,SYNTHETIC_DEMO
RES-02764,DON-02431,REST-TG25-121,REC-TG25-002,VOL-TG25-010,Rajanna Sircilla,roti,101,23.77,51,79,96,65,61,55,64.37,MISSED,expired_before_pickup,2026-05-01 08:00:00,SYNTHETIC_DEMO
RES-02765,DON-02391,REST-TG26-142,REC-TG26-008,VOL-TG26-005,Rangareddy,vegetables,80,20.48,42,90,78,99,78,72,73.82,RESCUED,,2026-07-03 15:00:00,SYNTHETIC_DEMO
RES-02766,DON-01638,REST-TG27-117,REC-TG27-003,VOL-TG27-010,Sangareddy,packaged_food,83,7.95,23,100,68,66,55,75,75.82,MISSED,expired_before_pickup,2026-04-08 13:00:00,SYNTHETIC_DEMO
RES-02767,DON-00981,REST-TG28-107,REC-TG28-017,VOL-TG28-007,Siddipet,vegetables,90,25.71,58,100,79,92,85,67,71.44,MISSED,traffic_delay,2026-04-24 20:00:00,SYNTHETIC_DEMO
RES-02768,DON-00883,REST-TG29-051,REC-TG29-003,VOL-TG29-006,Suryapet,dal,67,5.68,20,85,45,87,100,85,78.49,RESCUED,,2026-09-16 12:00:00,SYNTHETIC_DEMO
RES-02769,DON-00725,REST-TG30-034,REC-TG30-020,VOL-TG30-003,Vikarabad,fruits,67,18.15,36,79,58,84,69,56,64.54,EXPIRED,expired_before_pickup,2026-04-06 21:00:00,SYNTHETIC_DEMO
RES-02770,DON-01534,REST-TG31-143,REC-TG31-013,VOL-TG31-006,Wanaparthy,bakery,75,28.26,58,70,61,94,64,95,61.01,RESCUED,,2026-08-10 20:00:00,SYNTHETIC_DEMO
RES-02771,DON-00340,REST-TG32-001,REC-TG32-005,VOL-TG32-007,Warangal,bread,68,9.23,35,80,82,78,56,99,78.01,RESCUED,,2026-08-26 11:00:00,SYNTHETIC_DEMO
RES-02772,DON-02249,REST-TG33-071,REC-TG33-013,VOL-TG33-006,Yadadri Bhuvanagiri,sandwich,61,33.19,72,69,50,80,95,90,55.59,PARTIAL,,2026-05-14 18:00:00,SYNTHETIC_DEMO
RES-02773,DON-00487,REST-TG01-087,REC-TG01-006,VOL-TG01-006,Adilabad,sandwich,13,33.25,106,84,62,63,60,98,55.7,EXPIRED,expired_before_pickup,2026-04-12 10:00:00,SYNTHETIC_DEMO
RES-02774,DON-01137,REST-TG02-047,REC-TG02-020,VOL-TG02-010,Bhadradri Kothagudem,bakery,35,34.99,81,81,89,73,59,60,56.86,MISSED,expired_before_pickup,2026-05-12 14:00:00,SYNTHETIC_DEMO
RES-02775,DON-00812,REST-TG03-130,REC-TG03-020,VOL-TG03-006,Hanumakonda,rice,118,10.92,34,66,92,72,81,58,73.5,RESCUED,,2026-08-03 17:00:00,SYNTHETIC_DEMO
RES-02776,DON-00785,REST-TG04-025,REC-TG04-004,VOL-TG04-001,Hyderabad,packaged_food,45,16.1,46,89,94,98,100,99,84.7,RESCUED,,2026-06-26 00:00:00,SYNTHETIC_DEMO
RES-02777,DON-01626,REST-TG05-103,REC-TG05-010,VOL-TG05-001,Jagtial,packaged_food,81,15.31,35,97,72,88,98,54,76.26,RESCUED,,2026-09-22 10:00:00,SYNTHETIC_DEMO
RES-02778,DON-02849,REST-TG06-054,REC-TG06-008,VOL-TG06-004,Jangaon,cooked_meal,86,10.38,37,81,49,76,68,91,70.89,RESCUED,,2026-05-15 01:00:00,SYNTHETIC_DEMO
RES-02779,DON-00545,REST-TG07-134,REC-TG07-003,VOL-TG07-009,Jayashankar Bhupalpally,bread,68,28.93,74,89,57,86,75,59,59.84,PARTIAL,,2026-04-24 09:00:00,SYNTHETIC_DEMO
RES-02780,DON-01528,REST-TG08-088,REC-TG08-011,VOL-TG08-005,Jogulamba Gadwal,bakery,15,10.87,43,75,66,94,63,78,73.64,RESCUED,,2026-05-08 00:00:00,SYNTHETIC_DEMO
RES-02781,DON-00213,REST-TG09-086,REC-TG09-019,VOL-TG09-007,Kamareddy,biryani,102,17.57,58,86,98,87,98,95,81.6,PARTIAL,,2026-04-26 15:00:00,SYNTHETIC_DEMO
RES-02782,DON-00812,REST-TG10-090,REC-TG10-015,VOL-TG10-004,Karimnagar,bakery,32,25.41,73,89,93,90,83,71,72.15,RESCUED,,2026-07-23 17:00:00,SYNTHETIC_DEMO
RES-02783,DON-02158,REST-TG11-022,REC-TG11-017,VOL-TG11-010,Khammam,bread,53,22.73,88,91,99,75,70,74,72.41,RESCUED,,2026-09-19 00:00:00,SYNTHETIC_DEMO
RES-02784,DON-02915,REST-TG12-063,REC-TG12-014,VOL-TG12-002,Kumuram Bheem,rice,36,22.01,46,71,81,78,94,90,69.78,MISSED,volunteer_unavailable,2026-08-08 16:00:00,SYNTHETIC_DEMO
RES-02785,DON-00856,REST-TG13-044,REC-TG13-010,VOL-TG13-002,Mahabubabad,packaged_food,62,5.27,16,78,100,75,78,75,83.39,RESCUED,,2026-09-10 00:00:00,SYNTHETIC_DEMO
RES-02786,DON-02217,REST-TG14-088,REC-TG14-018,VOL-TG14-001,Mahabubnagar,roti,35,21.91,73,83,82,97,76,89,73.4,RESCUED,,2026-04-26 23:00:00,SYNTHETIC_DEMO
RES-02787,DON-00688,REST-TG15-035,REC-TG15-004,VOL-TG15-008,Mancherial,dal,77,29.62,78,87,52,99,99,58,62.19,RESCUED,,2026-07-08 09:00:00,SYNTHETIC_DEMO
RES-02788,DON-01856,REST-TG16-084,REC-TG16-018,VOL-TG16-007,Medak,biryani,53,18.2,51,91,67,96,91,72,74.3,MISSED,volunteer_unavailable,2026-04-27 05:00:00,SYNTHETIC_DEMO
RES-02789,DON-01972,REST-TG17-107,REC-TG17-011,VOL-TG17-005,Medchal-Malkajgiri,dal,50,19.31,69,74,48,65,53,70,57.66,MISSED,recipient_capacity_full,2026-08-06 00:00:00,SYNTHETIC_DEMO
RES-02790,DON-00456,REST-TG18-026,REC-TG18-007,VOL-TG18-007,Mulugu,dal,113,18.31,59,67,52,95,51,77,62.77,RESCUED,,2026-06-05 21:00:00,SYNTHETIC_DEMO
RES-02791,DON-00251,REST-TG19-144,REC-TG19-012,VOL-TG19-006,Nagarkurnool,packaged_food,35,14.88,31,92,45,96,94,67,72.27,EXPIRED,volunteer_unavailable,2026-08-14 18:00:00,SYNTHETIC_DEMO
RES-02792,DON-00581,REST-TG20-078,REC-TG20-007,VOL-TG20-008,Nalgonda,dal,37,15.01,54,95,88,67,86,86,78.13,RESCUED,,2026-09-22 02:00:00,SYNTHETIC_DEMO
RES-02793,DON-00464,REST-TG21-002,REC-TG21-019,VOL-TG21-008,Narayanpet,vegetables,100,31.72,116,85,100,66,75,59,62.64,RESCUED,,2026-06-14 22:00:00,SYNTHETIC_DEMO
RES-02794,DON-02171,REST-TG22-082,REC-TG22-019,VOL-TG22-008,Nirmal,dal,115,15.3,56,99,55,90,53,90,72.67,EXPIRED,recipient_capacity_full,2026-05-02 11:00:00,SYNTHETIC_DEMO
RES-02795,DON-02088,REST-TG23-066,REC-TG23-018,VOL-TG23-001,Nizamabad,bakery,26,22.93,74,81,85,97,50,57,67.07,RESCUED,,2026-05-21 02:00:00,SYNTHETIC_DEMO
RES-02796,DON-01778,REST-TG24-005,REC-TG24-008,VOL-TG24-004,Peddapalli,cooked_meal,73,3.72,7,73,64,81,50,52,72.09,EXPIRED,traffic_delay,2026-05-31 15:00:00,SYNTHETIC_DEMO
RES-02797,DON-02992,REST-TG25-112,REC-TG25-007,VOL-TG25-006,Rajanna Sircilla,biryani,61,13.69,47,79,90,71,90,68,75.47,MISSED,recipient_capacity_full,2026-09-13 23:00:00,SYNTHETIC_DEMO
RES-02798,DON-00284,REST-TG26-043,REC-TG26-007,VOL-TG26-007,Rangareddy,bakery,33,29.52,98,100,74,86,62,79,65.71,PARTIAL,,2026-05-05 20:00:00,SYNTHETIC_DEMO
RES-02799,DON-02440,REST-TG27-037,REC-TG27-008,VOL-TG27-005,Sangareddy,vegetables,98,14.36,38,86,98,95,99,90,84.69,RESCUED,,2026-06-13 20:00:00,SYNTHETIC_DEMO
RES-02800,DON-00464,REST-TG28-146,REC-TG28-009,VOL-TG28-010,Siddipet,fruits,24,13.13,39,71,81,87,78,72,74.07,MISSED,recipient_capacity_full,2026-06-23 12:00:00,SYNTHETIC_DEMO
RES-02801,DON-00731,REST-TG29-072,REC-TG29-020,VOL-TG29-009,Suryapet,vegetables,10,8.67,27,81,68,87,85,94,79.56,EXPIRED,traffic_delay,2026-04-13 16:00:00,SYNTHETIC_DEMO
RES-02802,DON-00914,REST-TG30-134,REC-TG30-013,VOL-TG30-010,Vikarabad,fruits,30,5.29,17,93,50,81,63,99,78.17,RESCUED,,2026-08-17 04:00:00,SYNTHETIC_DEMO
RES-02803,DON-02454,REST-TG31-019,REC-TG31-004,VOL-TG31-001,Wanaparthy,roti,115,26.19,80,94,91,98,64,97,74.09,EXPIRED,volunteer_unavailable,2026-06-22 19:00:00,SYNTHETIC_DEMO
RES-02804,DON-01631,REST-TG32-027,REC-TG32-012,VOL-TG32-004,Warangal,fruits,91,34.13,84,84,56,63,93,94,56.77,RESCUED,,2026-09-09 21:00:00,SYNTHETIC_DEMO
RES-02805,DON-02375,REST-TG33-129,REC-TG33-008,VOL-TG33-003,Yadadri Bhuvanagiri,bakery,114,14.19,54,88,87,75,82,74,76.71,RESCUED,,2026-05-10 02:00:00,SYNTHETIC_DEMO
RES-02806,DON-01923,REST-TG01-052,REC-TG01-011,VOL-TG01-006,Adilabad,pulao,19,28.83,110,98,57,84,61,84,62.51,RESCUED,,2026-06-13 05:00:00,SYNTHETIC_DEMO
RES-02807,DON-00503,REST-TG02-024,REC-TG02-019,VOL-TG02-004,Bhadradri Kothagudem,dal,26,15.18,35,69,88,97,66,69,73.61,RESCUED,,2026-08-24 03:00:00,SYNTHETIC_DEMO
RES-02808,DON-01862,REST-TG03-104,REC-TG03-017,VOL-TG03-002,Hanumakonda,roti,59,7.79,22,71,74,74,81,79,75.54,EXPIRED,recipient_capacity_full,2026-05-17 03:00:00,SYNTHETIC_DEMO
RES-02809,DON-02201,REST-TG04-061,REC-TG04-020,VOL-TG04-006,Hyderabad,roti,20,6.51,23,84,55,68,54,67,70.45,RESCUED,,2026-04-04 01:00:00,SYNTHETIC_DEMO
RES-02810,DON-00207,REST-TG05-049,REC-TG05-007,VOL-TG05-003,Jagtial,pulao,76,15.65,36,79,68,79,56,89,69.57,RESCUED,,2026-08-23 20:00:00,SYNTHETIC_DEMO
RES-02811,DON-00772,REST-TG06-109,REC-TG06-004,VOL-TG06-009,Jangaon,cooked_meal,47,32.77,88,75,52,94,51,64,52.59,PARTIAL,,2026-07-12 09:00:00,SYNTHETIC_DEMO
RES-02812,DON-00759,REST-TG07-099,REC-TG07-001,VOL-TG07-009,Jayashankar Bhupalpally,pulao,99,18.03,50,90,46,68,69,84,64.82,RESCUED,,2026-04-09 05:00:00,SYNTHETIC_DEMO
RES-02813,DON-01281,REST-TG08-101,REC-TG08-003,VOL-TG08-004,Jogulamba Gadwal,fruits,78,8.88,28,72,61,77,72,95,73.51,PARTIAL,,2026-09-05 01:00:00,SYNTHETIC_DEMO
RES-02814,DON-00001,REST-TG09-150,REC-TG09-018,VOL-TG09-005,Kamareddy,bread,20,20.5,79,81,81,72,86,83,70.46,RESCUED,,2026-08-13 06:00:00,SYNTHETIC_DEMO
RES-02815,DON-02134,REST-TG10-127,REC-TG10-020,VOL-TG10-008,Karimnagar,bread,110,27.63,58,68,65,85,78,66,59.01,RESCUED,,2026-06-05 14:00:00,SYNTHETIC_DEMO
RES-02816,DON-01035,REST-TG11-101,REC-TG11-001,VOL-TG11-010,Khammam,bread,22,18.17,39,78,75,68,58,90,67.62,PARTIAL,,2026-05-27 12:00:00,SYNTHETIC_DEMO
RES-02817,DON-01558,REST-TG12-049,REC-TG12-011,VOL-TG12-001,Kumuram Bheem,pulao,66,30.0,105,99,45,98,90,83,64.37,EXPIRED,traffic_delay,2026-06-08 20:00:00,SYNTHETIC_DEMO
RES-02818,DON-02417,REST-TG13-125,REC-TG13-003,VOL-TG13-002,Mahabubabad,biryani,114,27.08,56,80,91,89,93,92,71.71,PARTIAL,,2026-04-24 07:00:00,SYNTHETIC_DEMO
RES-02819,DON-02899,REST-TG14-118,REC-TG14-013,VOL-TG14-007,Mahabubnagar,bread,104,1.98,6,88,86,95,85,77,88.84,PARTIAL,,2026-05-19 06:00:00,SYNTHETIC_DEMO
RES-02820,DON-02088,REST-TG15-022,REC-TG15-008,VOL-TG15-001,Mancherial,roti,54,34.36,129,93,95,83,68,73,64.61,EXPIRED,traffic_delay,2026-04-10 12:00:00,SYNTHETIC_DEMO
RES-02821,DON-01960,REST-TG16-069,REC-TG16-003,VOL-TG16-002,Medak,sandwich,109,17.63,61,99,91,82,77,55,75.91,RESCUED,,2026-08-12 19:00:00,SYNTHETIC_DEMO
RES-02822,DON-00885,REST-TG17-092,REC-TG17-016,VOL-TG17-010,Medchal-Malkajgiri,cooked_meal,118,23.85,69,74,74,94,74,84,67.46,RESCUED,,2026-05-16 02:00:00,SYNTHETIC_DEMO
RES-02823,DON-02999,REST-TG18-141,REC-TG18-012,VOL-TG18-007,Mulugu,bread,78,11.06,33,78,84,97,93,63,79.65,RESCUED,,2026-05-24 01:00:00,SYNTHETIC_DEMO
RES-02824,DON-02296,REST-TG19-124,REC-TG19-016,VOL-TG19-009,Nagarkurnool,bakery,53,18.93,42,91,80,93,78,91,76.53,MISSED,volunteer_unavailable,2026-06-20 17:00:00,SYNTHETIC_DEMO
RES-02825,DON-00764,REST-TG20-116,REC-TG20-015,VOL-TG20-003,Nalgonda,cooked_meal,113,6.38,20,66,51,98,93,79,75.74,RESCUED,,2026-05-17 17:00:00,SYNTHETIC_DEMO
RES-02826,DON-02387,REST-TG21-119,REC-TG21-011,VOL-TG21-007,Narayanpet,bread,39,15.49,32,100,79,90,69,55,75.64,MISSED,traffic_delay,2026-08-24 22:00:00,SYNTHETIC_DEMO
RES-02827,DON-01443,REST-TG22-057,REC-TG22-011,VOL-TG22-007,Nirmal,roti,20,16.22,54,82,69,81,80,75,71.26,PARTIAL,,2026-08-26 06:00:00,SYNTHETIC_DEMO
RES-02828,DON-02140,REST-TG23-073,REC-TG23-020,VOL-TG23-001,Nizamabad,cooked_meal,96,8.31,21,65,93,85,55,92,78.11,EXPIRED,traffic_delay,2026-09-15 06:00:00,SYNTHETIC_DEMO
RES-02829,DON-00192,REST-TG24-012,REC-TG24-018,VOL-TG24-004,Peddapalli,biryani,65,23.46,66,70,62,98,65,67,62.54,EXPIRED,traffic_delay,2026-07-13 08:00:00,SYNTHETIC_DEMO
RES-02830,DON-02599,REST-TG25-088,REC-TG25-013,VOL-TG25-005,Rajanna Sircilla,roti,15,21.54,77,89,82,94,96,70,74.51,EXPIRED,volunteer_unavailable,2026-09-07 08:00:00,SYNTHETIC_DEMO
RES-02831,DON-02422,REST-TG26-131,REC-TG26-003,VOL-TG26-005,Rangareddy,bakery,67,23.27,91,68,97,79,57,65,65.43,RESCUED,,2026-06-16 09:00:00,SYNTHETIC_DEMO
RES-02832,DON-01560,REST-TG27-138,REC-TG27-012,VOL-TG27-008,Sangareddy,dal,16,17.25,41,79,47,92,73,72,66.18,PARTIAL,,2026-05-03 13:00:00,SYNTHETIC_DEMO
RES-02833,DON-02287,REST-TG28-070,REC-TG28-011,VOL-TG28-010,Siddipet,roti,85,3.08,6,90,75,75,77,73,82.05,RESCUED,,2026-04-16 00:00:00,SYNTHETIC_DEMO
RES-02834,DON-00510,REST-TG29-011,REC-TG29-019,VOL-TG29-004,Suryapet,dal,70,32.73,76,65,54,91,61,100,55.17,RESCUED,,2026-08-28 03:00:00,SYNTHETIC_DEMO
RES-02835,DON-02014,REST-TG30-114,REC-TG30-020,VOL-TG30-010,Vikarabad,packaged_food,38,4.36,14,70,68,69,83,56,73.74,RESCUED,,2026-04-29 17:00:00,SYNTHETIC_DEMO
RES-02836,DON-01489,REST-TG31-072,REC-TG31-004,VOL-TG31-009,Wanaparthy,biryani,19,26.94,83,94,61,63,60,78,60.01,PARTIAL,,2026-08-29 08:00:00,SYNTHETIC_DEMO
RES-02837,DON-00087,REST-TG32-122,REC-TG32-006,VOL-TG32-010,Warangal,rice,109,13.42,39,98,80,69,55,58,72.66,PARTIAL,,2026-04-20 20:00:00,SYNTHETIC_DEMO
RES-02838,DON-01288,REST-TG33-043,REC-TG33-009,VOL-TG33-001,Yadadri Bhuvanagiri,fruits,70,31.54,96,76,49,98,99,94,61.47,RESCUED,,2026-08-11 19:00:00,SYNTHETIC_DEMO
RES-02839,DON-01573,REST-TG01-006,REC-TG01-010,VOL-TG01-003,Adilabad,sandwich,120,22.58,51,76,45,88,63,66,59.17,RESCUED,,2026-06-15 13:00:00,SYNTHETIC_DEMO
RES-02840,DON-02965,REST-TG02-130,REC-TG02-007,VOL-TG02-002,Bhadradri Kothagudem,roti,11,13.11,36,98,97,90,83,67,83.14,EXPIRED,expired_before_pickup,2026-08-07 14:00:00,SYNTHETIC_DEMO
RES-02841,DON-01964,REST-TG03-072,REC-TG03-015,VOL-TG03-001,Hanumakonda,fruits,77,31.86,83,86,53,94,72,83,59.64,MISSED,recipient_capacity_full,2026-08-16 13:00:00,SYNTHETIC_DEMO
RES-02842,DON-00496,REST-TG04-001,REC-TG04-015,VOL-TG04-001,Hyderabad,biryani,50,20.92,43,99,73,60,80,63,67.76,EXPIRED,expired_before_pickup,2026-05-03 18:00:00,SYNTHETIC_DEMO
RES-02843,DON-01285,REST-TG05-045,REC-TG05-015,VOL-TG05-004,Jagtial,cooked_meal,18,11.17,37,82,77,80,82,79,76.92,MISSED,traffic_delay,2026-06-22 16:00:00,SYNTHETIC_DEMO
RES-02844,DON-02449,REST-TG06-124,REC-TG06-007,VOL-TG06-003,Jangaon,bread,28,1.61,5,93,65,86,81,64,82.85,MISSED,expired_before_pickup,2026-04-01 13:00:00,SYNTHETIC_DEMO
RES-02845,DON-01434,REST-TG07-057,REC-TG07-012,VOL-TG07-002,Jayashankar Bhupalpally,cooked_meal,98,28.61,58,66,59,79,67,82,56.31,MISSED,traffic_delay,2026-04-01 19:00:00,SYNTHETIC_DEMO
RES-02846,DON-00806,REST-TG08-058,REC-TG08-009,VOL-TG08-001,Jogulamba Gadwal,biryani,96,29.09,90,81,72,97,100,70,66.37,RESCUED,,2026-05-20 07:00:00,SYNTHETIC_DEMO
RES-02847,DON-00741,REST-TG09-062,REC-TG09-009,VOL-TG09-005,Kamareddy,biryani,22,5.37,11,70,55,96,72,59,73.66,RESCUED,,2026-06-30 07:00:00,SYNTHETIC_DEMO
RES-02848,DON-01389,REST-TG10-029,REC-TG10-007,VOL-TG10-009,Karimnagar,roti,113,11.48,37,66,79,85,56,79,72.05,RESCUED,,2026-04-05 20:00:00,SYNTHETIC_DEMO
RES-02849,DON-01145,REST-TG11-111,REC-TG11-007,VOL-TG11-005,Khammam,sandwich,105,31.65,71,79,81,64,83,66,58.89,RESCUED,,2026-07-05 05:00:00,SYNTHETIC_DEMO
RES-02850,DON-01567,REST-TG12-065,REC-TG12-003,VOL-TG12-008,Kumuram Bheem,roti,71,1.29,5,88,52,80,59,78,77.78,RESCUED,,2026-06-24 00:00:00,SYNTHETIC_DEMO
RES-02851,DON-02790,REST-TG13-026,REC-TG13-001,VOL-TG13-004,Mahabubabad,dal,112,1.1,5,66,63,83,62,80,76.66,RESCUED,,2026-06-03 18:00:00,SYNTHETIC_DEMO
RES-02852,DON-01434,REST-TG14-137,REC-TG14-018,VOL-TG14-006,Mahabubnagar,vegetables,23,34.65,112,77,50,66,83,53,49.15,EXPIRED,expired_before_pickup,2026-06-01 23:00:00,SYNTHETIC_DEMO
RES-02853,DON-02832,REST-TG15-028,REC-TG15-014,VOL-TG15-006,Mancherial,packaged_food,82,2.62,6,70,80,63,90,72,78.78,RESCUED,,2026-05-04 00:00:00,SYNTHETIC_DEMO
RES-02854,DON-02105,REST-TG16-056,REC-TG16-017,VOL-TG16-007,Medak,bakery,57,20.33,69,73,58,72,85,69,62.88,EXPIRED,recipient_capacity_full,2026-08-11 17:00:00,SYNTHETIC_DEMO
RES-02855,DON-00262,REST-TG17-057,REC-TG17-003,VOL-TG17-008,Medchal-Malkajgiri,vegetables,69,32.56,116,84,55,87,81,57,56.39,EXPIRED,expired_before_pickup,2026-07-08 21:00:00,SYNTHETIC_DEMO
RES-02856,DON-02805,REST-TG18-101,REC-TG18-001,VOL-TG18-007,Mulugu,dal,95,15.28,40,85,75,91,93,77,76.74,RESCUED,,2026-08-27 20:00:00,SYNTHETIC_DEMO
RES-02857,DON-02882,REST-TG19-038,REC-TG19-007,VOL-TG19-009,Nagarkurnool,cooked_meal,29,30.55,109,92,64,84,51,56,57.68,RESCUED,,2026-09-24 18:00:00,SYNTHETIC_DEMO
RES-02858,DON-02721,REST-TG20-080,REC-TG20-014,VOL-TG20-006,Nalgonda,bakery,111,29.27,105,91,96,82,56,82,67.59,RESCUED,,2026-04-06 11:00:00,SYNTHETIC_DEMO
RES-02859,DON-00357,REST-TG21-027,REC-TG21-020,VOL-TG21-001,Narayanpet,packaged_food,74,22.24,69,99,70,98,91,89,75.61,PARTIAL,,2026-05-14 09:00:00,SYNTHETIC_DEMO
RES-02860,DON-02104,REST-TG22-146,REC-TG22-010,VOL-TG22-007,Nirmal,bakery,75,0.99,5,79,91,73,65,73,83.04,PARTIAL,,2026-08-12 03:00:00,SYNTHETIC_DEMO
RES-02861,DON-01989,REST-TG23-111,REC-TG23-016,VOL-TG23-003,Nizamabad,dal,62,27.71,75,92,88,68,50,61,62.51,MISSED,expired_before_pickup,2026-09-21 14:00:00,SYNTHETIC_DEMO
RES-02862,DON-00100,REST-TG24-022,REC-TG24-009,VOL-TG24-001,Peddapalli,sandwich,31,17.37,44,78,65,79,64,84,67.84,RESCUED,,2026-05-12 12:00:00,SYNTHETIC_DEMO
RES-02863,DON-00354,REST-TG25-053,REC-TG25-007,VOL-TG25-009,Rajanna Sircilla,sandwich,114,19.12,53,69,58,70,80,50,60.24,EXPIRED,expired_before_pickup,2026-05-07 05:00:00,SYNTHETIC_DEMO
RES-02864,DON-02068,REST-TG26-008,REC-TG26-001,VOL-TG26-006,Rangareddy,rice,80,11.06,22,86,66,90,58,98,76.6,RESCUED,,2026-07-17 03:00:00,SYNTHETIC_DEMO
RES-02865,DON-00353,REST-TG27-078,REC-TG27-002,VOL-TG27-008,Sangareddy,fruits,41,3.61,9,100,72,82,72,55,81.82,RESCUED,,2026-08-05 08:00:00,SYNTHETIC_DEMO
RES-02866,DON-01652,REST-TG28-123,REC-TG28-016,VOL-TG28-004,Siddipet,cooked_meal,56,17.91,61,66,99,87,95,84,76.16,EXPIRED,traffic_delay,2026-04-21 16:00:00,SYNTHETIC_DEMO
RES-02867,DON-02301,REST-TG29-010,REC-TG29-010,VOL-TG29-004,Suryapet,rice,33,12.22,30,82,46,74,94,81,70.47,EXPIRED,traffic_delay,2026-08-18 16:00:00,SYNTHETIC_DEMO
RES-02868,DON-00969,REST-TG30-075,REC-TG30-014,VOL-TG30-004,Vikarabad,bread,112,10.89,37,74,54,99,71,52,69.97,RESCUED,,2026-08-21 15:00:00,SYNTHETIC_DEMO
RES-02869,DON-01032,REST-TG31-124,REC-TG31-018,VOL-TG31-002,Wanaparthy,vegetables,112,21.21,48,71,92,63,57,88,66.4,RESCUED,,2026-09-01 23:00:00,SYNTHETIC_DEMO
RES-02870,DON-02964,REST-TG32-010,REC-TG32-020,VOL-TG32-004,Warangal,packaged_food,70,30.93,69,71,64,72,97,65,56.91,RESCUED,,2026-08-13 19:00:00,SYNTHETIC_DEMO
RES-02871,DON-00595,REST-TG33-104,REC-TG33-016,VOL-TG33-010,Yadadri Bhuvanagiri,cooked_meal,29,2.76,5,71,80,98,52,80,81.13,PARTIAL,,2026-06-22 14:00:00,SYNTHETIC_DEMO
RES-02872,DON-02760,REST-TG01-141,REC-TG01-010,VOL-TG01-002,Adilabad,dal,119,16.09,39,72,61,65,60,97,65.56,MISSED,traffic_delay,2026-05-10 23:00:00,SYNTHETIC_DEMO
RES-02873,DON-00347,REST-TG02-067,REC-TG02-007,VOL-TG02-005,Bhadradri Kothagudem,fruits,76,8.44,18,98,68,80,87,61,78.97,MISSED,traffic_delay,2026-04-10 17:00:00,SYNTHETIC_DEMO
RES-02874,DON-01388,REST-TG03-053,REC-TG03-019,VOL-TG03-005,Hanumakonda,roti,13,14.59,55,70,58,82,66,90,68.08,MISSED,volunteer_unavailable,2026-06-19 08:00:00,SYNTHETIC_DEMO
RES-02875,DON-00108,REST-TG04-130,REC-TG04-013,VOL-TG04-001,Hyderabad,pulao,42,20.12,48,97,58,62,71,55,63.53,RESCUED,,2026-06-26 17:00:00,SYNTHETIC_DEMO
RES-02876,DON-02950,REST-TG05-040,REC-TG05-018,VOL-TG05-005,Jagtial,biryani,114,22.03,58,89,54,72,64,56,60.66,EXPIRED,traffic_delay,2026-09-03 23:00:00,SYNTHETIC_DEMO
RES-02877,DON-02564,REST-TG06-086,REC-TG06-004,VOL-TG06-010,Jangaon,bakery,10,26.2,77,96,52,98,91,53,64.99,PARTIAL,,2026-09-02 21:00:00,SYNTHETIC_DEMO
RES-02878,DON-00492,REST-TG07-120,REC-TG07-014,VOL-TG07-001,Jayashankar Bhupalpally,sandwich,78,6.5,16,82,48,62,82,65,70.36,RESCUED,,2026-05-28 14:00:00,SYNTHETIC_DEMO
RES-02879,DON-01891,REST-TG08-039,REC-TG08-002,VOL-TG08-002,Jogulamba Gadwal,bakery,83,4.24,10,89,87,90,74,74,85.47,EXPIRED,volunteer_unavailable,2026-05-10 16:00:00,SYNTHETIC_DEMO
RES-02880,DON-01670,REST-TG09-122,REC-TG09-003,VOL-TG09-003,Kamareddy,roti,34,31.98,100,77,87,93,82,87,65.81,EXPIRED,traffic_delay,2026-04-14 00:00:00,SYNTHETIC_DEMO
RES-02881,DON-01584,REST-TG10-010,REC-TG10-018,VOL-TG10-005,Karimnagar,sandwich,108,16.12,54,86,81,71,83,91,74.94,EXPIRED,volunteer_unavailable,2026-09-24 09:00:00,SYNTHETIC_DEMO
RES-02882,DON-02582,REST-TG11-105,REC-TG11-004,VOL-TG11-010,Khammam,fruits,98,14.5,51,70,59,88,71,75,68.24,MISSED,recipient_capacity_full,2026-07-28 17:00:00,SYNTHETIC_DEMO
RES-02883,DON-02388,REST-TG12-048,REC-TG12-013,VOL-TG12-006,Kumuram Bheem,bread,14,32.29,126,96,63,96,76,85,64.24,MISSED,expired_before_pickup,2026-07-11 03:00:00,SYNTHETIC_DEMO
RES-02884,DON-00808,REST-TG13-080,REC-TG13-013,VOL-TG13-006,Mahabubabad,vegetables,86,15.49,41,69,54,97,90,50,67.09,RESCUED,,2026-05-20 04:00:00,SYNTHETIC_DEMO
RES-02885,DON-02407,REST-TG14-009,REC-TG14-017,VOL-TG14-002,Mahabubnagar,bread,110,17.88,45,84,99,79,53,62,72.18,EXPIRED,recipient_capacity_full,2026-06-01 03:00:00,SYNTHETIC_DEMO
RES-02886,DON-00811,REST-TG15-029,REC-TG15-004,VOL-TG15-010,Mancherial,bakery,67,20.88,48,76,61,62,53,52,57.29,RESCUED,,2026-04-20 09:00:00,SYNTHETIC_DEMO
RES-02887,DON-01015,REST-TG16-058,REC-TG16-019,VOL-TG16-010,Medak,vegetables,108,14.37,32,78,64,100,58,57,69.64,RESCUED,,2026-07-26 23:00:00,SYNTHETIC_DEMO
RES-02888,DON-02903,REST-TG17-102,REC-TG17-013,VOL-TG17-006,Medchal-Malkajgiri,bakery,75,1.83,5,90,66,83,76,100,84.94,RESCUED,,2026-06-18 06:00:00,SYNTHETIC_DEMO
RES-02889,DON-00651,REST-TG18-136,REC-TG18-014,VOL-TG18-009,Mulugu,roti,11,23.58,54,98,78,99,56,96,73.41,RESCUED,,2026-08-17 03:00:00,SYNTHETIC_DEMO
RES-02890,DON-00070,REST-TG19-060,REC-TG19-018,VOL-TG19-009,Nagarkurnool,packaged_food,86,6.88,18,98,77,98,63,98,85.89,MISSED,expired_before_pickup,2026-08-30 21:00:00,SYNTHETIC_DEMO
RES-02891,DON-01960,REST-TG20-031,REC-TG20-011,VOL-TG20-001,Nalgonda,rice,110,34.37,120,68,87,94,71,94,62.05,RESCUED,,2026-05-21 18:00:00,SYNTHETIC_DEMO
RES-02892,DON-01554,REST-TG21-012,REC-TG21-017,VOL-TG21-003,Narayanpet,cooked_meal,41,19.84,53,76,86,82,70,72,69.73,MISSED,traffic_delay,2026-09-20 16:00:00,SYNTHETIC_DEMO
RES-02893,DON-02211,REST-TG22-027,REC-TG22-014,VOL-TG22-006,Nirmal,vegetables,38,24.77,70,88,77,92,63,98,70.21,RESCUED,,2026-06-17 23:00:00,SYNTHETIC_DEMO
RES-02894,DON-01403,REST-TG23-052,REC-TG23-017,VOL-TG23-006,Nizamabad,bakery,67,9.07,18,75,58,79,56,61,68.67,RESCUED,,2026-07-30 07:00:00,SYNTHETIC_DEMO
RES-02895,DON-01459,REST-TG24-104,REC-TG24-013,VOL-TG24-008,Peddapalli,vegetables,107,17.7,45,81,70,84,62,51,66.46,RESCUED,,2026-04-02 08:00:00,SYNTHETIC_DEMO
RES-02896,DON-01565,REST-TG25-067,REC-TG25-009,VOL-TG25-006,Rajanna Sircilla,pulao,68,16.24,41,70,47,97,90,59,66.25,RESCUED,,2026-06-17 02:00:00,SYNTHETIC_DEMO
RES-02897,DON-00708,REST-TG26-137,REC-TG26-009,VOL-TG26-008,Rangareddy,fruits,10,20.82,71,81,57,61,65,62,59.58,EXPIRED,expired_before_pickup,2026-07-01 19:00:00,SYNTHETIC_DEMO
RES-02898,DON-00525,REST-TG27-100,REC-TG27-018,VOL-TG27-010,Sangareddy,cooked_meal,13,6.92,21,76,69,100,82,87,80.96,PARTIAL,,2026-04-01 14:00:00,SYNTHETIC_DEMO
RES-02899,DON-00831,REST-TG28-049,REC-TG28-010,VOL-TG28-003,Siddipet,cooked_meal,81,30.02,74,72,87,72,55,85,60.16,PARTIAL,,2026-08-03 23:00:00,SYNTHETIC_DEMO
RES-02900,DON-00456,REST-TG29-149,REC-TG29-010,VOL-TG29-004,Suryapet,bread,119,6.4,20,83,73,89,52,89,79.08,MISSED,recipient_capacity_full,2026-03-29 15:00:00,SYNTHETIC_DEMO
RES-02901,DON-02341,REST-TG30-150,REC-TG30-005,VOL-TG30-006,Vikarabad,packaged_food,108,32.28,115,81,52,94,51,56,53.34,RESCUED,,2026-08-14 06:00:00,SYNTHETIC_DEMO
RES-02902,DON-00708,REST-TG31-123,REC-TG31-020,VOL-TG31-003,Wanaparthy,packaged_food,66,31.36,94,93,72,77,50,57,57.85,RESCUED,,2026-05-09 14:00:00,SYNTHETIC_DEMO
RES-02903,DON-02430,REST-TG32-035,REC-TG32-018,VOL-TG32-008,Warangal,bakery,112,20.72,59,94,47,74,85,51,63.1,MISSED,recipient_capacity_full,2026-07-06 19:00:00,SYNTHETIC_DEMO
RES-02904,DON-00032,REST-TG33-003,REC-TG33-008,VOL-TG33-007,Yadadri Bhuvanagiri,rice,56,23.25,76,91,56,81,85,59,64.34,MISSED,traffic_delay,2026-04-18 15:00:00,SYNTHETIC_DEMO
RES-02905,DON-01478,REST-TG01-114,REC-TG01-008,VOL-TG01-001,Adilabad,rice,54,20.72,57,98,75,98,94,63,75.2,RESCUED,,2026-04-17 16:00:00,SYNTHETIC_DEMO
RES-02906,DON-01202,REST-TG02-047,REC-TG02-019,VOL-TG02-003,Bhadradri Kothagudem,bakery,15,27.98,98,74,81,87,56,55,60.16,RESCUED,,2026-09-22 01:00:00,SYNTHETIC_DEMO
RES-02907,DON-00689,REST-TG03-022,REC-TG03-012,VOL-TG03-005,Hanumakonda,pulao,100,24.28,76,91,70,74,52,66,62.76,RESCUED,,2026-05-06 21:00:00,SYNTHETIC_DEMO
RES-02908,DON-01746,REST-TG04-053,REC-TG04-005,VOL-TG04-005,Hyderabad,fruits,45,20.23,68,88,51,80,93,93,68.95,MISSED,traffic_delay,2026-05-09 20:00:00,SYNTHETIC_DEMO
RES-02909,DON-01564,REST-TG05-097,REC-TG05-004,VOL-TG05-004,Jagtial,dal,78,28.3,97,93,60,95,87,78,66.14,RESCUED,,2026-08-13 12:00:00,SYNTHETIC_DEMO
RES-02910,DON-00278,REST-TG06-073,REC-TG06-017,VOL-TG06-002,Jangaon,packaged_food,87,5.29,17,67,83,82,88,51,77.42,EXPIRED,expired_before_pickup,2026-06-19 01:00:00,SYNTHETIC_DEMO
RES-02911,DON-02749,REST-TG07-090,REC-TG07-009,VOL-TG07-009,Jayashankar Bhupalpally,sandwich,76,27.9,96,94,47,76,95,74,61.57,RESCUED,,2026-05-25 04:00:00,SYNTHETIC_DEMO
RES-02912,DON-00505,REST-TG08-116,REC-TG08-016,VOL-TG08-003,Jogulamba Gadwal,roti,77,27.09,54,69,49,100,58,78,57.85,RESCUED,,2026-08-20 02:00:00,SYNTHETIC_DEMO
RES-02913,DON-01580,REST-TG09-094,REC-TG09-018,VOL-TG09-007,Kamareddy,dal,69,18.69,61,66,62,66,59,78,60.85,EXPIRED,traffic_delay,2026-05-29 16:00:00,SYNTHETIC_DEMO
RES-02914,DON-00600,REST-TG10-031,REC-TG10-007,VOL-TG10-001,Karimnagar,cooked_meal,77,17.95,52,98,54,86,88,86,72.88,EXPIRED,volunteer_unavailable,2026-04-01 12:00:00,SYNTHETIC_DEMO
RES-02915,DON-00172,REST-TG11-052,REC-TG11-002,VOL-TG11-008,Khammam,fruits,31,9.37,35,89,53,82,100,75,76.51,MISSED,expired_before_pickup,2026-06-19 14:00:00,SYNTHETIC_DEMO
RES-02916,DON-01387,REST-TG12-001,REC-TG12-003,VOL-TG12-009,Kumuram Bheem,vegetables,17,32.97,99,70,79,74,81,53,55.75,RESCUED,,2026-08-30 09:00:00,SYNTHETIC_DEMO
RES-02917,DON-02786,REST-TG13-098,REC-TG13-001,VOL-TG13-003,Mahabubabad,cooked_meal,108,29.64,65,95,51,93,87,100,65.68,PARTIAL,,2026-07-13 19:00:00,SYNTHETIC_DEMO
RES-02918,DON-00538,REST-TG14-149,REC-TG14-011,VOL-TG14-009,Mahabubnagar,dal,99,20.1,80,72,88,67,85,77,68.89,EXPIRED,traffic_delay,2026-08-22 06:00:00,SYNTHETIC_DEMO
RES-02919,DON-01635,REST-TG15-066,REC-TG15-004,VOL-TG15-003,Mancherial,sandwich,54,30.93,98,96,48,86,96,81,62.31,EXPIRED,volunteer_unavailable,2026-06-16 20:00:00,SYNTHETIC_DEMO
RES-02920,DON-01073,REST-TG16-031,REC-TG16-017,VOL-TG16-001,Medak,rice,78,31.61,70,94,98,82,78,86,69.52,EXPIRED,volunteer_unavailable,2026-06-22 21:00:00,SYNTHETIC_DEMO
RES-02921,DON-00815,REST-TG17-098,REC-TG17-017,VOL-TG17-006,Medchal-Malkajgiri,bakery,77,21.33,64,91,62,97,56,66,67.11,PARTIAL,,2026-06-15 13:00:00,SYNTHETIC_DEMO
RES-02922,DON-00979,REST-TG18-011,REC-TG18-001,VOL-TG18-004,Mulugu,dal,48,10.8,29,87,93,61,87,64,77.54,PARTIAL,,2026-04-18 11:00:00,SYNTHETIC_DEMO
RES-02923,DON-01991,REST-TG19-077,REC-TG19-002,VOL-TG19-002,Nagarkurnool,roti,106,21.47,61,71,98,65,50,51,63.31,EXPIRED,expired_before_pickup,2026-04-20 15:00:00,SYNTHETIC_DEMO
RES-02924,DON-01419,REST-TG20-054,REC-TG20-006,VOL-TG20-002,Nalgonda,pulao,91,29.61,65,69,80,67,60,95,59.2,PARTIAL,,2026-04-24 01:00:00,SYNTHETIC_DEMO
RES-02925,DON-01186,REST-TG21-078,REC-TG21-006,VOL-TG21-009,Narayanpet,cooked_meal,104,4.92,18,98,52,77,60,79,76.94,RESCUED,,2026-09-23 15:00:00,SYNTHETIC_DEMO
RES-02926,DON-02493,REST-TG22-091,REC-TG22-002,VOL-TG22-001,Nirmal,bread,67,16.87,63,97,87,99,95,92,83.3,RESCUED,,2026-04-03 11:00:00,SYNTHETIC_DEMO
RES-02927,DON-00961,REST-TG23-041,REC-TG23-020,VOL-TG23-001,Nizamabad,roti,53,26.03,92,78,62,81,70,82,61.76,EXPIRED,expired_before_pickup,2026-05-10 05:00:00,SYNTHETIC_DEMO
RES-02928,DON-00515,REST-TG24-096,REC-TG24-004,VOL-TG24-006,Peddapalli,bakery,103,2.2,7,83,90,90,81,80,87.63,PARTIAL,,2026-07-23 08:00:00,SYNTHETIC_DEMO
RES-02929,DON-01290,REST-TG25-089,REC-TG25-009,VOL-TG25-003,Rajanna Sircilla,fruits,53,30.18,116,68,86,65,52,78,56.99,PARTIAL,,2026-07-05 13:00:00,SYNTHETIC_DEMO
RES-02930,DON-01127,REST-TG26-097,REC-TG26-005,VOL-TG26-002,Rangareddy,bakery,26,5.63,19,81,50,83,86,52,73.43,MISSED,traffic_delay,2026-06-14 18:00:00,SYNTHETIC_DEMO
RES-02931,DON-01263,REST-TG27-063,REC-TG27-005,VOL-TG27-005,Sangareddy,fruits,109,20.65,65,100,65,88,86,58,70.85,EXPIRED,volunteer_unavailable,2026-06-08 12:00:00,SYNTHETIC_DEMO
RES-02932,DON-01939,REST-TG28-149,REC-TG28-009,VOL-TG28-010,Siddipet,cooked_meal,113,25.98,68,83,93,61,99,85,69.19,MISSED,expired_before_pickup,2026-08-07 15:00:00,SYNTHETIC_DEMO
RES-02933,DON-02245,REST-TG29-149,REC-TG29-012,VOL-TG29-008,Suryapet,rice,119,13.92,33,73,76,100,51,73,72.26,RESCUED,,2026-04-06 23:00:00,SYNTHETIC_DEMO
RES-02934,DON-01338,REST-TG30-111,REC-TG30-009,VOL-TG30-001,Vikarabad,dal,111,3.69,14,70,93,100,78,90,86.76,RESCUED,,2026-06-11 16:00:00,SYNTHETIC_DEMO
RES-02935,DON-02217,REST-TG31-079,REC-TG31-017,VOL-TG31-004,Wanaparthy,packaged_food,70,6.73,15,98,48,79,89,54,75.54,RESCUED,,2026-09-13 16:00:00,SYNTHETIC_DEMO
RES-02936,DON-01470,REST-TG32-039,REC-TG32-001,VOL-TG32-006,Warangal,dal,30,7.9,18,98,63,86,97,78,81.96,RESCUED,,2026-04-11 14:00:00,SYNTHETIC_DEMO
RES-02937,DON-02630,REST-TG33-027,REC-TG33-017,VOL-TG33-001,Yadadri Bhuvanagiri,roti,104,11.65,46,75,80,77,81,62,73.53,RESCUED,,2026-04-10 09:00:00,SYNTHETIC_DEMO
RES-02938,DON-02518,REST-TG01-147,REC-TG01-019,VOL-TG01-006,Adilabad,sandwich,68,8.08,32,84,79,96,90,90,84.23,EXPIRED,volunteer_unavailable,2026-05-26 18:00:00,SYNTHETIC_DEMO
RES-02939,DON-00948,REST-TG02-071,REC-TG02-012,VOL-TG02-006,Bhadradri Kothagudem,biryani,65,14.04,51,72,79,64,66,73,68.67,MISSED,expired_before_pickup,2026-05-29 13:00:00,SYNTHETIC_DEMO
RES-02940,DON-02345,REST-TG03-050,REC-TG03-016,VOL-TG03-006,Hanumakonda,packaged_food,42,3.49,9,83,47,69,56,52,69.66,RESCUED,,2026-07-12 01:00:00,SYNTHETIC_DEMO
RES-02941,DON-01172,REST-TG04-119,REC-TG04-010,VOL-TG04-009,Hyderabad,bakery,83,33.57,125,98,45,76,80,65,55.52,RESCUED,,2026-05-08 16:00:00,SYNTHETIC_DEMO
RES-02942,DON-01235,REST-TG05-096,REC-TG05-006,VOL-TG05-003,Jagtial,pulao,15,29.9,65,66,84,74,56,59,56.24,RESCUED,,2026-04-27 07:00:00,SYNTHETIC_DEMO
RES-02943,DON-00885,REST-TG06-012,REC-TG06-007,VOL-TG06-006,Jangaon,rice,63,34.3,83,73,67,70,63,58,51.1,EXPIRED,expired_before_pickup,2026-05-24 00:00:00,SYNTHETIC_DEMO
RES-02944,DON-02672,REST-TG07-091,REC-TG07-006,VOL-TG07-008,Jayashankar Bhupalpally,roti,95,0.71,5,97,72,75,53,70,81.84,RESCUED,,2026-09-08 20:00:00,SYNTHETIC_DEMO
RES-02945,DON-00242,REST-TG08-012,REC-TG08-018,VOL-TG08-007,Jogulamba Gadwal,biryani,79,26.26,92,67,58,63,64,100,57.09,RESCUED,,2026-09-21 16:00:00,SYNTHETIC_DEMO
RES-02946,DON-02224,REST-TG09-025,REC-TG09-011,VOL-TG09-004,Kamareddy,bread,99,7.02,21,95,49,93,80,57,76.44,MISSED,traffic_delay,2026-07-11 02:00:00,SYNTHETIC_DEMO
RES-02947,DON-01666,REST-TG10-122,REC-TG10-013,VOL-TG10-005,Karimnagar,sandwich,119,15.27,41,84,85,67,70,77,72.64,RESCUED,,2026-09-21 19:00:00,SYNTHETIC_DEMO
RES-02948,DON-00733,REST-TG11-080,REC-TG11-011,VOL-TG11-005,Khammam,rice,63,32.85,123,85,68,60,81,96,58.84,RESCUED,,2026-06-27 04:00:00,SYNTHETIC_DEMO
RES-02949,DON-01342,REST-TG12-066,REC-TG12-008,VOL-TG12-006,Kumuram Bheem,biryani,120,30.41,65,85,88,64,98,74,64.68,RESCUED,,2026-08-04 12:00:00,SYNTHETIC_DEMO
RES-02950,DON-00200,REST-TG13-117,REC-TG13-007,VOL-TG13-002,Mahabubabad,packaged_food,92,14.91,58,85,63,66,67,83,68.85,PARTIAL,,2026-05-01 08:00:00,SYNTHETIC_DEMO
RES-02951,DON-00284,REST-TG14-066,REC-TG14-015,VOL-TG14-002,Mahabubnagar,fruits,65,9.7,38,69,81,78,73,98,76.87,MISSED,traffic_delay,2026-04-07 00:00:00,SYNTHETIC_DEMO
RES-02952,DON-01463,REST-TG15-136,REC-TG15-019,VOL-TG15-003,Mancherial,bread,54,2.51,8,74,60,78,83,67,76.71,RESCUED,,2026-08-19 19:00:00,SYNTHETIC_DEMO
RES-02953,DON-01817,REST-TG16-107,REC-TG16-009,VOL-TG16-009,Medak,bread,89,16.59,38,84,87,83,90,79,76.7,MISSED,volunteer_unavailable,2026-05-05 12:00:00,SYNTHETIC_DEMO
RES-02954,DON-02267,REST-TG17-110,REC-TG17-012,VOL-TG17-002,Medchal-Malkajgiri,rice,16,22.14,61,75,79,93,67,67,67.34,EXPIRED,volunteer_unavailable,2026-09-18 21:00:00,SYNTHETIC_DEMO
RES-02955,DON-00281,REST-TG18-048,REC-TG18-001,VOL-TG18-005,Mulugu,cooked_meal,97,17.74,41,65,55,87,89,74,65.68,MISSED,recipient_capacity_full,2026-05-12 18:00:00,SYNTHETIC_DEMO
RES-02956,DON-01830,REST-TG19-058,REC-TG19-017,VOL-TG19-001,Nagarkurnool,sandwich,88,12.81,27,98,97,64,70,64,77.85,RESCUED,,2026-06-17 17:00:00,SYNTHETIC_DEMO
RES-02957,DON-02440,REST-TG20-075,REC-TG20-007,VOL-TG20-009,Nalgonda,bakery,32,6.34,16,71,75,86,69,53,74.77,EXPIRED,volunteer_unavailable,2026-06-16 15:00:00,SYNTHETIC_DEMO
RES-02958,DON-01464,REST-TG21-022,REC-TG21-012,VOL-TG21-009,Narayanpet,bread,114,32.75,101,76,54,86,69,53,52.71,RESCUED,,2026-05-16 06:00:00,SYNTHETIC_DEMO
RES-02959,DON-01519,REST-TG22-064,REC-TG22-018,VOL-TG22-006,Nirmal,biryani,104,19.95,54,81,76,87,93,55,70.0,RESCUED,,2026-04-22 08:00:00,SYNTHETIC_DEMO
RES-02960,DON-00768,REST-TG23-134,REC-TG23-019,VOL-TG23-005,Nizamabad,biryani,103,8.6,18,96,48,91,96,98,80.71,PARTIAL,,2026-07-22 20:00:00,SYNTHETIC_DEMO
RES-02961,DON-02823,REST-TG24-090,REC-TG24-005,VOL-TG24-007,Peddapalli,packaged_food,19,11.13,39,96,51,66,66,69,69.85,MISSED,expired_before_pickup,2026-06-24 14:00:00,SYNTHETIC_DEMO
RES-02962,DON-01050,REST-TG25-103,REC-TG25-012,VOL-TG25-008,Rajanna Sircilla,cooked_meal,37,33.22,129,84,51,78,80,72,55.17,RESCUED,,2026-04-19 13:00:00,SYNTHETIC_DEMO
RES-02963,DON-02372,REST-TG26-082,REC-TG26-020,VOL-TG26-009,Rangareddy,biryani,97,14.74,48,92,68,96,67,66,74.17,MISSED,expired_before_pickup,2026-04-21 20:00:00,SYNTHETIC_DEMO
RES-02964,DON-01499,REST-TG27-092,REC-TG27-018,VOL-TG27-007,Sangareddy,packaged_food,53,32.15,74,92,87,86,99,54,66.04,RESCUED,,2026-06-13 05:00:00,SYNTHETIC_DEMO
RES-02965,DON-00421,REST-TG28-068,REC-TG28-019,VOL-TG28-004,Siddipet,vegetables,107,6.64,25,89,54,68,100,58,74.86,PARTIAL,,2026-06-21 10:00:00,SYNTHETIC_DEMO
RES-02966,DON-00581,REST-TG29-112,REC-TG29-009,VOL-TG29-002,Suryapet,vegetables,112,1.64,5,78,77,60,55,77,77.03,PARTIAL,,2026-06-21 12:00:00,SYNTHETIC_DEMO
RES-02967,DON-02753,REST-TG30-040,REC-TG30-003,VOL-TG30-006,Vikarabad,rice,40,2.18,6,97,65,65,57,97,80.99,RESCUED,,2026-09-06 08:00:00,SYNTHETIC_DEMO
RES-02968,DON-01134,REST-TG31-027,REC-TG31-006,VOL-TG31-005,Wanaparthy,vegetables,23,6.12,14,68,49,66,55,57,65.13,RESCUED,,2026-04-17 23:00:00,SYNTHETIC_DEMO
RES-02969,DON-01857,REST-TG32-074,REC-TG32-006,VOL-TG32-002,Warangal,fruits,116,10.53,40,77,92,73,54,56,73.23,RESCUED,,2026-05-10 02:00:00,SYNTHETIC_DEMO
RES-02970,DON-01236,REST-TG33-102,REC-TG33-015,VOL-TG33-008,Yadadri Bhuvanagiri,packaged_food,86,28.44,76,85,70,66,94,70,61.99,EXPIRED,volunteer_unavailable,2026-09-13 10:00:00,SYNTHETIC_DEMO
RES-02971,DON-02225,REST-TG01-088,REC-TG01-015,VOL-TG01-008,Adilabad,biryani,75,10.15,40,67,46,100,84,80,71.75,PARTIAL,,2026-07-27 18:00:00,SYNTHETIC_DEMO
RES-02972,DON-00943,REST-TG02-033,REC-TG02-014,VOL-TG02-002,Bhadradri Kothagudem,roti,39,30.79,73,69,74,74,86,71,58.41,RESCUED,,2026-09-23 17:00:00,SYNTHETIC_DEMO
RES-02973,DON-01936,REST-TG03-109,REC-TG03-015,VOL-TG03-002,Hanumakonda,vegetables,42,21.79,51,96,72,79,60,89,69.79,EXPIRED,volunteer_unavailable,2026-04-24 13:00:00,SYNTHETIC_DEMO
RES-02974,DON-02621,REST-TG04-027,REC-TG04-004,VOL-TG04-008,Hyderabad,packaged_food,37,12.91,41,85,76,75,99,96,78.73,PARTIAL,,2026-04-27 15:00:00,SYNTHETIC_DEMO
RES-02975,DON-02065,REST-TG05-145,REC-TG05-006,VOL-TG05-008,Jagtial,fruits,59,30.59,86,72,90,72,99,100,66.25,RESCUED,,2026-06-01 21:00:00,SYNTHETIC_DEMO
RES-02976,DON-00883,REST-TG06-016,REC-TG06-020,VOL-TG06-002,Jangaon,cooked_meal,45,7.88,25,90,98,94,70,90,87.07,EXPIRED,expired_before_pickup,2026-05-14 01:00:00,SYNTHETIC_DEMO
RES-02977,DON-02032,REST-TG07-050,REC-TG07-005,VOL-TG07-005,Jayashankar Bhupalpally,rice,110,32.98,122,86,94,62,62,69,59.84,MISSED,expired_before_pickup,2026-05-18 21:00:00,SYNTHETIC_DEMO
RES-02978,DON-02840,REST-TG08-008,REC-TG08-012,VOL-TG08-002,Jogulamba Gadwal,cooked_meal,69,5.12,15,88,98,65,65,53,80.09,RESCUED,,2026-07-02 11:00:00,SYNTHETIC_DEMO
RES-02979,DON-00698,REST-TG09-100,REC-TG09-015,VOL-TG09-010,Kamareddy,biryani,113,5.98,21,75,66,66,75,58,72.13,PARTIAL,,2026-07-30 05:00:00,SYNTHETIC_DEMO
RES-02980,DON-02503,REST-TG10-106,REC-TG10-002,VOL-TG10-002,Karimnagar,rice,89,20.08,47,97,48,95,51,76,66.61,RESCUED,,2026-09-09 03:00:00,SYNTHETIC_DEMO
RES-02981,DON-01144,REST-TG11-046,REC-TG11-004,VOL-TG11-007,Khammam,fruits,15,13.99,39,82,46,75,77,71,66.66,EXPIRED,expired_before_pickup,2026-04-01 09:00:00,SYNTHETIC_DEMO
RES-02982,DON-00161,REST-TG12-132,REC-TG12-015,VOL-TG12-010,Kumuram Bheem,fruits,46,4.72,13,96,58,88,78,73,80.73,RESCUED,,2026-06-07 00:00:00,SYNTHETIC_DEMO
RES-02983,DON-02206,REST-TG13-102,REC-TG13-018,VOL-TG13-005,Mahabubabad,pulao,84,19.05,62,78,87,80,55,70,68.89,RESCUED,,2026-07-18 01:00:00,SYNTHETIC_DEMO
RES-02984,DON-02236,REST-TG14-038,REC-TG14-020,VOL-TG14-009,Mahabubnagar,dal,63,6.61,14,89,89,80,70,59,80.78,RESCUED,,2026-07-22 12:00:00,SYNTHETIC_DEMO
RES-02985,DON-02773,REST-TG15-061,REC-TG15-012,VOL-TG15-007,Mancherial,cooked_meal,84,33.12,70,72,97,87,68,92,64.19,MISSED,recipient_capacity_full,2026-09-01 13:00:00,SYNTHETIC_DEMO
RES-02986,DON-00773,REST-TG16-132,REC-TG16-001,VOL-TG16-002,Medak,pulao,94,7.79,17,80,99,84,62,84,82.44,MISSED,volunteer_unavailable,2026-07-30 17:00:00,SYNTHETIC_DEMO
RES-02987,DON-00624,REST-TG17-022,REC-TG17-019,VOL-TG17-002,Medchal-Malkajgiri,vegetables,78,3.28,10,86,87,97,52,77,84.71,PARTIAL,,2026-07-01 18:00:00,SYNTHETIC_DEMO
RES-02988,DON-01358,REST-TG18-039,REC-TG18-001,VOL-TG18-003,Mulugu,cooked_meal,110,19.69,59,100,71,72,74,65,69.84,RESCUED,,2026-04-22 02:00:00,SYNTHETIC_DEMO
RES-02989,DON-01406,REST-TG19-046,REC-TG19-010,VOL-TG19-002,Nagarkurnool,sandwich,100,13.55,40,97,86,86,89,94,83.12,MISSED,traffic_delay,2026-04-20 17:00:00,SYNTHETIC_DEMO
RES-02990,DON-01949,REST-TG20-105,REC-TG20-005,VOL-TG20-007,Nalgonda,sandwich,86,30.14,82,97,75,66,92,84,65.37,PARTIAL,,2026-03-30 00:00:00,SYNTHETIC_DEMO
RES-02991,DON-02122,REST-TG21-040,REC-TG21-005,VOL-TG21-005,Narayanpet,roti,91,13.69,38,71,89,68,51,90,71.52,PARTIAL,,2026-07-11 05:00:00,SYNTHETIC_DEMO
RES-02992,DON-02015,REST-TG22-132,REC-TG22-018,VOL-TG22-008,Nirmal,dal,37,24.19,90,84,99,69,55,80,68.17,RESCUED,,2026-04-13 14:00:00,SYNTHETIC_DEMO
RES-02993,DON-01478,REST-TG23-020,REC-TG23-001,VOL-TG23-010,Nizamabad,packaged_food,76,15.29,39,67,97,80,57,91,73.68,RESCUED,,2026-09-23 18:00:00,SYNTHETIC_DEMO
RES-02994,DON-01642,REST-TG24-028,REC-TG24-002,VOL-TG24-003,Peddapalli,fruits,82,25.66,93,68,65,73,92,79,61.32,EXPIRED,traffic_delay,2026-08-07 13:00:00,SYNTHETIC_DEMO
RES-02995,DON-02721,REST-TG25-127,REC-TG25-001,VOL-TG25-009,Rajanna Sircilla,sandwich,61,26.36,67,89,59,87,59,88,63.52,EXPIRED,expired_before_pickup,2026-05-01 10:00:00,SYNTHETIC_DEMO
RES-02996,DON-00727,REST-TG26-016,REC-TG26-008,VOL-TG26-006,Rangareddy,sandwich,78,10.97,31,86,81,76,59,67,74.56,RESCUED,,2026-08-21 05:00:00,SYNTHETIC_DEMO
RES-02997,DON-01384,REST-TG27-048,REC-TG27-007,VOL-TG27-004,Sangareddy,biryani,48,24.37,74,70,80,74,88,96,67.09,RESCUED,,2026-07-28 13:00:00,SYNTHETIC_DEMO
RES-02998,DON-00392,REST-TG28-091,REC-TG28-015,VOL-TG28-001,Siddipet,roti,35,30.43,115,74,55,76,64,63,53.16,EXPIRED,volunteer_unavailable,2026-06-19 12:00:00,SYNTHETIC_DEMO
RES-02999,DON-02719,REST-TG29-097,REC-TG29-010,VOL-TG29-008,Suryapet,bread,20,9.19,29,79,49,91,78,56,71.09,PARTIAL,,2026-06-29 02:00:00,SYNTHETIC_DEMO
RES-03000,DON-02302,REST-TG30-081,REC-TG30-013,VOL-TG30-007,Vikarabad,cooked_meal,11,24.47,77,86,98,97,89,96,77.37,RESCUED,,2026-04-07 00:00:00,SYNTHETIC_DEMO
RES-03001,DON-02716,REST-TG31-134,REC-TG31-015,VOL-TG31-009,Wanaparthy,packaged_food,94,4.88,12,91,91,62,77,83,83.21,EXPIRED,expired_before_pickup,2026-08-27 06:00:00,SYNTHETIC_DEMO
RES-03002,DON-02118,REST-TG32-088,REC-TG32-003,VOL-TG32-006,Warangal,packaged_food,56,24.85,64,74,56,75,98,97,64.0,EXPIRED,expired_before_pickup,2026-06-10 11:00:00,SYNTHETIC_DEMO
RES-03003,DON-00437,REST-TG33-115,REC-TG33-018,VOL-TG33-006,Yadadri Bhuvanagiri,bakery,113,24.2,53,75,87,67,83,60,64.46,RESCUED,,2026-04-07 10:00:00,SYNTHETIC_DEMO
RES-03004,DON-01385,REST-TG01-077,REC-TG01-002,VOL-TG01-001,Adilabad,cooked_meal,97,8.43,24,85,56,65,66,67,70.23,RESCUED,,2026-05-03 05:00:00,SYNTHETIC_DEMO
RES-03005,DON-00382,REST-TG02-063,REC-TG02-018,VOL-TG02-010,Bhadradri Kothagudem,fruits,15,10.1,23,94,64,92,53,79,76.39,EXPIRED,expired_before_pickup,2026-08-24 23:00:00,SYNTHETIC_DEMO
RES-03006,DON-00786,REST-TG03-020,REC-TG03-009,VOL-TG03-001,Hanumakonda,roti,20,16.61,35,95,72,61,82,95,73.39,RESCUED,,2026-05-28 01:00:00,SYNTHETIC_DEMO
RES-03007,DON-01719,REST-TG04-033,REC-TG04-019,VOL-TG04-008,Hyderabad,bakery,53,16.87,57,92,55,83,70,58,67.6,RESCUED,,2026-06-28 13:00:00,SYNTHETIC_DEMO
RES-03008,DON-00794,REST-TG05-002,REC-TG05-007,VOL-TG05-008,Jagtial,packaged_food,38,24.32,79,79,66,79,89,52,62.58,PARTIAL,,2026-07-15 12:00:00,SYNTHETIC_DEMO
RES-03009,DON-02289,REST-TG06-117,REC-TG06-005,VOL-TG06-007,Jangaon,packaged_food,43,15.99,45,78,73,89,93,84,74.83,RESCUED,,2026-08-02 16:00:00,SYNTHETIC_DEMO
RES-03010,DON-01820,REST-TG07-076,REC-TG07-005,VOL-TG07-002,Jayashankar Bhupalpally,dal,78,22.64,45,65,52,64,77,52,54.73,MISSED,volunteer_unavailable,2026-08-19 00:00:00,SYNTHETIC_DEMO
RES-03011,DON-02948,REST-TG08-077,REC-TG08-003,VOL-TG08-010,Jogulamba Gadwal,dal,67,18.36,65,67,83,60,60,97,66.59,MISSED,expired_before_pickup,2026-08-04 14:00:00,SYNTHETIC_DEMO
RES-03012,DON-00073,REST-TG09-021,REC-TG09-001,VOL-TG09-010,Kamareddy,cooked_meal,24,1.7,5,92,61,82,51,58,77.59,RESCUED,,2026-06-29 18:00:00,SYNTHETIC_DEMO
RES-03013,DON-02484,REST-TG10-107,REC-TG10-002,VOL-TG10-006,Karimnagar,roti,39,5.29,12,90,55,93,80,61,78.27,RESCUED,,2026-05-16 23:00:00,SYNTHETIC_DEMO
RES-03014,DON-02034,REST-TG11-078,REC-TG11-015,VOL-TG11-001,Khammam,biryani,103,12.29,32,70,99,65,50,69,71.67,EXPIRED,recipient_capacity_full,2026-07-04 02:00:00,SYNTHETIC_DEMO
RES-03015,DON-00005,REST-TG12-054,REC-TG12-013,VOL-TG12-010,Kumuram Bheem,rice,80,2.16,5,94,64,97,51,76,82.31,RESCUED,,2026-05-03 10:00:00,SYNTHETIC_DEMO
RES-03016,DON-02783,REST-TG13-062,REC-TG13-003,VOL-TG13-003,Mahabubabad,sandwich,92,1.98,7,74,52,81,62,78,74.94,RESCUED,,2026-09-05 14:00:00,SYNTHETIC_DEMO
RES-03017,DON-00340,REST-TG14-037,REC-TG14-004,VOL-TG14-001,Mahabubnagar,bread,22,10.66,38,98,54,96,52,78,75.19,RESCUED,,2026-07-19 01:00:00,SYNTHETIC_DEMO
RES-03018,DON-02599,REST-TG15-085,REC-TG15-018,VOL-TG15-007,Mancherial,pulao,36,29.94,111,84,100,76,54,60,63.21,RESCUED,,2026-07-27 13:00:00,SYNTHETIC_DEMO
RES-03019,DON-02083,REST-TG16-030,REC-TG16-009,VOL-TG16-006,Medak,fruits,17,33.49,89,89,97,70,55,75,61.78,RESCUED,,2026-09-06 20:00:00,SYNTHETIC_DEMO
RES-03020,DON-00719,REST-TG17-146,REC-TG17-018,VOL-TG17-009,Medchal-Malkajgiri,dal,120,6.64,18,85,83,89,67,51,79.01,PARTIAL,,2026-04-06 04:00:00,SYNTHETIC_DEMO
RES-03021,DON-02426,REST-TG18-067,REC-TG18-017,VOL-TG18-008,Mulugu,sandwich,67,17.65,62,68,97,88,62,51,69.89,EXPIRED,traffic_delay,2026-08-03 01:00:00,SYNTHETIC_DEMO
RES-03022,DON-01879,REST-TG19-019,REC-TG19-011,VOL-TG19-006,Nagarkurnool,rice,24,6.25,20,68,74,82,93,72,77.74,PARTIAL,,2026-08-08 22:00:00,SYNTHETIC_DEMO
RES-03023,DON-00797,REST-TG20-027,REC-TG20-016,VOL-TG20-004,Nalgonda,biryani,56,14.35,54,80,81,98,83,77,77.65,RESCUED,,2026-06-28 16:00:00,SYNTHETIC_DEMO
RES-03024,DON-02308,REST-TG21-132,REC-TG21-004,VOL-TG21-006,Narayanpet,dal,53,30.7,118,100,85,64,62,73,63.17,MISSED,volunteer_unavailable,2026-05-29 11:00:00,SYNTHETIC_DEMO
RES-03025,DON-00036,REST-TG22-145,REC-TG22-002,VOL-TG22-007,Nirmal,vegetables,75,15.02,37,67,96,94,86,60,75.57,RESCUED,,2026-09-11 00:00:00,SYNTHETIC_DEMO
RES-03026,DON-00147,REST-TG23-119,REC-TG23-003,VOL-TG23-009,Nizamabad,dal,17,29.33,92,93,79,77,97,100,69.7,RESCUED,,2026-06-18 15:00:00,SYNTHETIC_DEMO
RES-03027,DON-01882,REST-TG24-055,REC-TG24-013,VOL-TG24-007,Peddapalli,sandwich,73,29.18,89,65,51,90,54,95,55.76,RESCUED,,2026-04-06 20:00:00,SYNTHETIC_DEMO
RES-03028,DON-02497,REST-TG25-044,REC-TG25-006,VOL-TG25-010,Rajanna Sircilla,sandwich,105,15.01,50,78,94,71,92,59,74.43,MISSED,expired_before_pickup,2026-04-07 13:00:00,SYNTHETIC_DEMO
RES-03029,DON-01277,REST-TG26-057,REC-TG26-019,VOL-TG26-008,Rangareddy,vegetables,101,12.12,35,87,64,73,99,67,74.09,RESCUED,,2026-07-15 03:00:00,SYNTHETIC_DEMO
RES-03030,DON-00713,REST-TG27-029,REC-TG27-011,VOL-TG27-004,Sangareddy,rice,36,10.52,21,88,66,89,91,66,77.34,PARTIAL,,2026-08-06 01:00:00,SYNTHETIC_DEMO
RES-03031,DON-02139,REST-TG28-047,REC-TG28-011,VOL-TG28-009,Siddipet,packaged_food,68,34.12,84,83,55,79,84,76,56.08,RESCUED,,2026-04-23 04:00:00,SYNTHETIC_DEMO
RES-03032,DON-01706,REST-TG29-103,REC-TG29-010,VOL-TG29-009,Suryapet,fruits,69,29.36,74,75,55,93,72,82,59.38,RESCUED,,2026-08-13 16:00:00,SYNTHETIC_DEMO
RES-03033,DON-02454,REST-TG30-033,REC-TG30-008,VOL-TG30-003,Vikarabad,fruits,39,21.57,59,82,62,75,93,67,65.64,RESCUED,,2026-04-03 22:00:00,SYNTHETIC_DEMO
RES-03034,DON-00270,REST-TG31-072,REC-TG31-011,VOL-TG31-006,Wanaparthy,dal,113,8.24,31,66,55,89,85,69,72.06,RESCUED,,2026-07-10 11:00:00,SYNTHETIC_DEMO
RES-03035,DON-02584,REST-TG32-139,REC-TG32-004,VOL-TG32-006,Warangal,sandwich,36,10.66,31,95,65,63,90,76,75.44,RESCUED,,2026-07-30 23:00:00,SYNTHETIC_DEMO
RES-03036,DON-00703,REST-TG33-077,REC-TG33-005,VOL-TG33-001,Yadadri Bhuvanagiri,fruits,45,0.99,5,77,87,100,72,57,84.99,RESCUED,,2026-08-22 08:00:00,SYNTHETIC_DEMO
RES-03037,DON-02429,REST-TG01-107,REC-TG01-011,VOL-TG01-009,Adilabad,packaged_food,73,24.58,79,99,75,60,96,73,68.14,RESCUED,,2026-05-26 05:00:00,SYNTHETIC_DEMO
RES-03038,DON-01854,REST-TG02-115,REC-TG02-009,VOL-TG02-007,Bhadradri Kothagudem,rice,40,13.28,48,98,73,70,100,78,78.01,RESCUED,,2026-07-09 06:00:00,SYNTHETIC_DEMO
RES-03039,DON-00041,REST-TG03-027,REC-TG03-013,VOL-TG03-005,Hanumakonda,bread,53,17.41,35,72,67,79,100,69,69.11,PARTIAL,,2026-06-12 22:00:00,SYNTHETIC_DEMO
RES-03040,DON-01171,REST-TG04-088,REC-TG04-006,VOL-TG04-003,Hyderabad,rice,87,30.35,91,96,54,79,96,77,62.47,PARTIAL,,2026-04-14 00:00:00,SYNTHETIC_DEMO
RES-03041,DON-01368,REST-TG05-137,REC-TG05-012,VOL-TG05-008,Jagtial,roti,101,12.54,29,67,88,62,69,58,69.04,EXPIRED,recipient_capacity_full,2026-05-05 13:00:00,SYNTHETIC_DEMO
RES-03042,DON-02941,REST-TG06-001,REC-TG06-015,VOL-TG06-005,Jangaon,biryani,47,19.68,47,85,92,94,74,74,75.24,MISSED,expired_before_pickup,2026-08-02 20:00:00,SYNTHETIC_DEMO
RES-03043,DON-02506,REST-TG07-053,REC-TG07-014,VOL-TG07-010,Jayashankar Bhupalpally,dal,19,28.98,108,89,83,92,54,91,67.0,RESCUED,,2026-08-17 05:00:00,SYNTHETIC_DEMO
RES-03044,DON-02078,REST-TG08-066,REC-TG08-004,VOL-TG08-004,Jogulamba Gadwal,vegetables,32,17.96,45,99,65,78,50,91,70.77,EXPIRED,expired_before_pickup,2026-07-05 16:00:00,SYNTHETIC_DEMO
RES-03045,DON-00131,REST-TG09-063,REC-TG09-017,VOL-TG09-007,Kamareddy,bread,115,7.2,25,80,82,100,62,95,82.96,RESCUED,,2026-03-31 09:00:00,SYNTHETIC_DEMO
RES-03046,DON-02747,REST-TG10-101,REC-TG10-002,VOL-TG10-010,Karimnagar,roti,28,24.34,68,83,48,66,80,71,58.81,RESCUED,,2026-04-25 00:00:00,SYNTHETIC_DEMO
RES-03047,DON-00026,REST-TG11-057,REC-TG11-005,VOL-TG11-010,Khammam,vegetables,63,20.46,55,85,54,63,80,61,61.74,RESCUED,,2026-08-28 06:00:00,SYNTHETIC_DEMO
RES-03048,DON-01159,REST-TG12-049,REC-TG12-005,VOL-TG12-007,Kumuram Bheem,packaged_food,64,29.32,69,66,59,71,99,58,55.41,MISSED,expired_before_pickup,2026-04-17 14:00:00,SYNTHETIC_DEMO
RES-03049,DON-01765,REST-TG13-118,REC-TG13-012,VOL-TG13-002,Mahabubabad,bread,59,23.37,53,85,81,70,87,51,65.81,RESCUED,,2026-08-14 09:00:00,SYNTHETIC_DEMO
RES-03050,DON-02705,REST-TG14-072,REC-TG14-013,VOL-TG14-007,Mahabubnagar,vegetables,27,4.26,15,81,60,94,88,80,81.06,RESCUED,,2026-06-09 18:00:00,SYNTHETIC_DEMO
RES-03051,DON-00511,REST-TG15-127,REC-TG15-009,VOL-TG15-005,Mancherial,vegetables,120,8.16,25,68,79,64,93,91,76.57,RESCUED,,2026-08-27 10:00:00,SYNTHETIC_DEMO
RES-03052,DON-01520,REST-TG16-072,REC-TG16-017,VOL-TG16-007,Medak,dal,65,17.31,38,73,65,67,79,51,63.29,RESCUED,,2026-07-24 01:00:00,SYNTHETIC_DEMO
RES-03053,DON-00531,REST-TG17-048,REC-TG17-009,VOL-TG17-009,Medchal-Malkajgiri,pulao,28,34.65,98,89,79,97,65,89,63.8,EXPIRED,traffic_delay,2026-07-18 07:00:00,SYNTHETIC_DEMO
RES-03054,DON-01356,REST-TG18-033,REC-TG18-013,VOL-TG18-009,Mulugu,vegetables,119,9.87,19,73,52,69,71,61,66.5,MISSED,volunteer_unavailable,2026-07-03 22:00:00,SYNTHETIC_DEMO
RES-03055,DON-02766,REST-TG19-030,REC-TG19-002,VOL-TG19-004,Nagarkurnool,fruits,17,20.52,43,100,95,64,87,76,75.24,MISSED,expired_before_pickup,2026-06-08 09:00:00,SYNTHETIC_DEMO
RES-03056,DON-00242,REST-TG20-130,REC-TG20-008,VOL-TG20-007,Nalgonda,cooked_meal,114,31.84,70,95,49,89,60,84,58.81,RESCUED,,2026-06-05 22:00:00,SYNTHETIC_DEMO
RES-03057,DON-01830,REST-TG21-119,REC-TG21-015,VOL-TG21-009,Narayanpet,sandwich,10,14.77,37,88,69,83,90,83,75.6,MISSED,expired_before_pickup,2026-08-13 15:00:00,SYNTHETIC_DEMO
RES-03058,DON-02546,REST-TG22-103,REC-TG22-007,VOL-TG22-002,Nirmal,sandwich,13,16.01,35,88,58,62,96,98,71.46,RESCUED,,2026-08-30 06:00:00,SYNTHETIC_DEMO
RES-03059,DON-01642,REST-TG23-064,REC-TG23-018,VOL-TG23-007,Nizamabad,cooked_meal,51,12.14,31,69,58,100,74,51,69.23,PARTIAL,,2026-06-17 17:00:00,SYNTHETIC_DEMO
RES-03060,DON-00138,REST-TG24-127,REC-TG24-009,VOL-TG24-002,Peddapalli,dal,63,8.11,20,78,72,93,96,73,80.06,RESCUED,,2026-05-24 07:00:00,SYNTHETIC_DEMO
RES-03061,DON-01335,REST-TG25-086,REC-TG25-011,VOL-TG25-001,Rajanna Sircilla,packaged_food,46,27.22,63,99,67,62,75,73,62.86,RESCUED,,2026-08-10 12:00:00,SYNTHETIC_DEMO
RES-03062,DON-02951,REST-TG26-063,REC-TG26-004,VOL-TG26-010,Rangareddy,vegetables,108,17.67,60,100,79,76,88,84,76.78,EXPIRED,recipient_capacity_full,2026-06-22 12:00:00,SYNTHETIC_DEMO
RES-03063,DON-00259,REST-TG27-092,REC-TG27-020,VOL-TG27-006,Sangareddy,packaged_food,42,22.56,55,72,81,75,81,86,67.44,RESCUED,,2026-08-18 03:00:00,SYNTHETIC_DEMO
RES-03064,DON-01502,REST-TG28-018,REC-TG28-019,VOL-TG28-010,Siddipet,dal,72,27.04,57,95,60,69,85,56,61.14,RESCUED,,2026-06-19 02:00:00,SYNTHETIC_DEMO
RES-03065,DON-02461,REST-TG29-136,REC-TG29-002,VOL-TG29-007,Suryapet,roti,99,5.98,12,91,86,89,68,55,81.78,RESCUED,,2026-08-11 17:00:00,SYNTHETIC_DEMO
RES-03066,DON-00407,REST-TG30-129,REC-TG30-009,VOL-TG30-007,Vikarabad,vegetables,15,32.14,86,89,53,63,50,78,52.69,RESCUED,,2026-06-11 06:00:00,SYNTHETIC_DEMO
RES-03067,DON-01998,REST-TG31-028,REC-TG31-010,VOL-TG31-007,Wanaparthy,fruits,76,24.59,68,82,88,78,97,83,71.14,MISSED,expired_before_pickup,2026-04-26 03:00:00,SYNTHETIC_DEMO
RES-03068,DON-00079,REST-TG32-087,REC-TG32-017,VOL-TG32-008,Warangal,rice,104,25.36,81,72,93,79,82,64,66.34,MISSED,volunteer_unavailable,2026-06-23 21:00:00,SYNTHETIC_DEMO
RES-03069,DON-01085,REST-TG33-066,REC-TG33-002,VOL-TG33-006,Yadadri Bhuvanagiri,rice,105,12.01,39,100,63,72,76,81,75.52,RESCUED,,2026-06-24 04:00:00,SYNTHETIC_DEMO
RES-03070,DON-02627,REST-TG01-056,REC-TG01-008,VOL-TG01-003,Adilabad,fruits,116,12.32,31,80,53,71,69,89,69.25,EXPIRED,traffic_delay,2026-05-20 02:00:00,SYNTHETIC_DEMO
RES-03071,DON-01620,REST-TG02-002,REC-TG02-015,VOL-TG02-008,Bhadradri Kothagudem,pulao,12,26.4,86,78,78,95,81,55,65.19,RESCUED,,2026-06-08 10:00:00,SYNTHETIC_DEMO
RES-03072,DON-02441,REST-TG03-002,REC-TG03-011,VOL-TG03-003,Hanumakonda,pulao,87,34.02,99,70,49,80,93,62,52.0,MISSED,recipient_capacity_full,2026-05-31 04:00:00,SYNTHETIC_DEMO
RES-03073,DON-01667,REST-TG04-117,REC-TG04-019,VOL-TG04-003,Hyderabad,packaged_food,92,27.12,62,97,60,95,97,90,69.98,EXPIRED,volunteer_unavailable,2026-06-10 17:00:00,SYNTHETIC_DEMO
RES-03074,DON-00110,REST-TG05-080,REC-TG05-017,VOL-TG05-003,Jagtial,roti,70,16.0,46,81,70,73,55,77,67.92,RESCUED,,2026-07-16 12:00:00,SYNTHETIC_DEMO
RES-03075,DON-02439,REST-TG06-130,REC-TG06-003,VOL-TG06-001,Jangaon,pulao,78,27.32,100,99,93,96,92,67,74.19,EXPIRED,recipient_capacity_full,2026-05-21 16:00:00,SYNTHETIC_DEMO
RES-03076,DON-02332,REST-TG07-044,REC-TG07-010,VOL-TG07-010,Jayashankar Bhupalpally,bakery,103,11.21,23,96,54,77,57,53,69.54,RESCUED,,2026-03-31 20:00:00,SYNTHETIC_DEMO
RES-03077,DON-00260,REST-TG08-042,REC-TG08-016,VOL-TG08-008,Jogulamba Gadwal,vegetables,95,29.94,94,96,96,72,88,63,67.91,MISSED,volunteer_unavailable,2026-09-10 13:00:00,SYNTHETIC_DEMO
RES-03078,DON-01264,REST-TG09-119,REC-TG09-001,VOL-TG09-003,Kamareddy,dal,58,30.93,122,67,79,84,66,58,57.11,RESCUED,,2026-09-06 09:00:00,SYNTHETIC_DEMO
RES-03079,DON-00574,REST-TG10-055,REC-TG10-003,VOL-TG10-008,Karimnagar,sandwich,20,20.0,67,77,81,97,64,71,70.36,MISSED,traffic_delay,2026-07-14 17:00:00,SYNTHETIC_DEMO
RES-03080,DON-01363,REST-TG11-079,REC-TG11-012,VOL-TG11-005,Khammam,sandwich,50,16.35,46,86,59,86,95,64,71.12,MISSED,traffic_delay,2026-07-15 22:00:00,SYNTHETIC_DEMO
RES-03081,DON-00498,REST-TG12-024,REC-TG12-003,VOL-TG12-010,Kumuram Bheem,bakery,117,15.15,30,95,83,97,85,80,80.83,PARTIAL,,2026-06-06 14:00:00,SYNTHETIC_DEMO
RES-03082,DON-02377,REST-TG13-087,REC-TG13-004,VOL-TG13-001,Mahabubabad,pulao,32,2.57,6,98,53,70,100,71,80.96,PARTIAL,,2026-08-10 08:00:00,SYNTHETIC_DEMO
RES-03083,DON-02348,REST-TG14-034,REC-TG14-012,VOL-TG14-010,Mahabubnagar,packaged_food,102,22.63,70,92,75,94,86,80,72.94,MISSED,traffic_delay,2026-04-27 17:00:00,SYNTHETIC_DEMO
RES-03084,DON-00349,REST-TG15-104,REC-TG15-003,VOL-TG15-009,Mancherial,pulao,13,31.19,102,99,90,77,100,74,69.47,RESCUED,,2026-08-26 04:00:00,SYNTHETIC_DEMO
RES-03085,DON-00854,REST-TG16-101,REC-TG16-016,VOL-TG16-002,Medak,bread,118,9.26,34,88,99,79,96,89,86.14,RESCUED,,2026-08-31 10:00:00,SYNTHETIC_DEMO
RES-03086,DON-01389,REST-TG17-077,REC-TG17-002,VOL-TG17-004,Medchal-Malkajgiri,sandwich,51,21.15,48,73,98,71,95,82,72.44,EXPIRED,traffic_delay,2026-06-27 09:00:00,SYNTHETIC_DEMO
RES-03087,DON-01576,REST-TG18-044,REC-TG18-016,VOL-TG18-007,Mulugu,fruits,92,5.11,16,97,83,97,79,63,86.1,RESCUED,,2026-06-22 17:00:00,SYNTHETIC_DEMO
RES-03088,DON-00181,REST-TG19-118,REC-TG19-002,VOL-TG19-002,Nagarkurnool,packaged_food,53,6.35,21,92,68,97,99,55,82.41,PARTIAL,,2026-07-16 22:00:00,SYNTHETIC_DEMO
RES-03089,DON-01354,REST-TG20-126,REC-TG20-018,VOL-TG20-010,Nalgonda,fruits,59,25.68,78,81,92,84,53,93,68.46,RESCUED,,2026-07-15 00:00:00,SYNTHETIC_DEMO
RES-03090,DON-02601,REST-TG21-050,REC-TG21-006,VOL-TG21-006,Narayanpet,packaged_food,117,25.75,83,74,58,93,71,77,61.76,EXPIRED,volunteer_unavailable,2026-06-13 06:00:00,SYNTHETIC_DEMO
RES-03091,DON-01851,REST-TG22-135,REC-TG22-005,VOL-TG22-010,Nirmal,sandwich,13,18.82,46,80,48,74,68,73,62.36,EXPIRED,expired_before_pickup,2026-08-28 13:00:00,SYNTHETIC_DEMO
RES-03092,DON-00266,REST-TG23-023,REC-TG23-013,VOL-TG23-003,Nizamabad,roti,70,25.97,102,73,94,76,62,79,65.35,MISSED,recipient_capacity_full,2026-07-24 17:00:00,SYNTHETIC_DEMO
RES-03093,DON-02154,REST-TG24-045,REC-TG24-006,VOL-TG24-006,Peddapalli,vegetables,22,17.42,50,92,65,62,91,64,68.76,PARTIAL,,2026-09-11 07:00:00,SYNTHETIC_DEMO
RES-03094,DON-01333,REST-TG25-062,REC-TG25-019,VOL-TG25-009,Rajanna Sircilla,pulao,34,5.37,20,93,59,73,99,56,78.01,RESCUED,,2026-09-12 11:00:00,SYNTHETIC_DEMO
RES-03095,DON-01792,REST-TG26-135,REC-TG26-019,VOL-TG26-004,Rangareddy,fruits,90,23.11,49,87,98,99,64,63,73.04,RESCUED,,2026-05-27 08:00:00,SYNTHETIC_DEMO
RES-03096,DON-01204,REST-TG27-120,REC-TG27-017,VOL-TG27-006,Sangareddy,bakery,86,32.29,91,93,55,69,100,67,58.59,MISSED,traffic_delay,2026-08-04 07:00:00,SYNTHETIC_DEMO
RES-03097,DON-00654,REST-TG28-089,REC-TG28-010,VOL-TG28-004,Siddipet,sandwich,35,13.75,39,83,56,60,93,91,70.38,RESCUED,,2026-09-19 05:00:00,SYNTHETIC_DEMO
RES-03098,DON-01369,REST-TG29-148,REC-TG29-003,VOL-TG29-006,Suryapet,fruits,77,9.75,22,77,100,93,53,77,80.39,MISSED,volunteer_unavailable,2026-06-30 05:00:00,SYNTHETIC_DEMO
RES-03099,DON-01785,REST-TG30-032,REC-TG30-002,VOL-TG30-002,Vikarabad,vegetables,116,18.77,63,99,48,77,52,68,64.54,MISSED,volunteer_unavailable,2026-08-24 02:00:00,SYNTHETIC_DEMO
RES-03100,DON-00602,REST-TG31-097,REC-TG31-006,VOL-TG31-009,Wanaparthy,pulao,35,28.65,76,89,59,78,70,78,60.64,RESCUED,,2026-08-06 10:00:00,SYNTHETIC_DEMO
RES-03101,DON-01621,REST-TG32-067,REC-TG32-010,VOL-TG32-001,Warangal,dal,49,19.05,62,94,97,78,72,80,76.49,MISSED,expired_before_pickup,2026-07-21 02:00:00,SYNTHETIC_DEMO
RES-03102,DON-01216,REST-TG33-014,REC-TG33-011,VOL-TG33-002,Yadadri Bhuvanagiri,bread,11,5.36,19,72,56,73,94,67,73.82,RESCUED,,2026-09-21 15:00:00,SYNTHETIC_DEMO
RES-03103,DON-00057,REST-TG01-049,REC-TG01-014,VOL-TG01-009,Adilabad,sandwich,54,14.32,55,79,65,92,85,87,74.57,MISSED,expired_before_pickup,2026-06-18 05:00:00,SYNTHETIC_DEMO
RES-03104,DON-02495,REST-TG02-106,REC-TG02-018,VOL-TG02-005,Bhadradri Kothagudem,packaged_food,114,15.63,32,79,81,72,54,98,71.84,RESCUED,,2026-05-30 17:00:00,SYNTHETIC_DEMO
RES-03105,DON-01416,REST-TG03-114,REC-TG03-001,VOL-TG03-010,Hanumakonda,biryani,87,19.15,73,97,89,77,90,80,77.07,RESCUED,,2026-04-11 03:00:00,SYNTHETIC_DEMO
RES-03106,DON-00850,REST-TG04-140,REC-TG04-006,VOL-TG04-008,Hyderabad,roti,79,2.3,9,86,94,98,74,86,90.06,RESCUED,,2026-09-14 10:00:00,SYNTHETIC_DEMO
RES-03107,DON-02409,REST-TG05-120,REC-TG05-020,VOL-TG05-005,Jagtial,bread,107,6.41,22,73,47,75,95,96,74.77,PARTIAL,,2026-07-01 18:00:00,SYNTHETIC_DEMO
RES-03108,DON-01996,REST-TG06-109,REC-TG06-004,VOL-TG06-002,Jangaon,vegetables,105,34.13,91,88,94,73,83,81,64.37,RESCUED,,2026-07-19 21:00:00,SYNTHETIC_DEMO
RES-03109,DON-01488,REST-TG07-001,REC-TG07-001,VOL-TG07-007,Jayashankar Bhupalpally,sandwich,115,5.52,18,80,56,67,86,51,72.01,RESCUED,,2026-06-11 06:00:00,SYNTHETIC_DEMO
RES-03110,DON-00348,REST-TG08-094,REC-TG08-016,VOL-TG08-007,Jogulamba Gadwal,biryani,39,3.97,8,85,99,87,79,51,85.01,RESCUED,,2026-06-27 22:00:00,SYNTHETIC_DEMO
RES-03111,DON-00644,REST-TG09-009,REC-TG09-010,VOL-TG09-003,Kamareddy,sandwich,71,8.76,32,68,51,90,52,59,67.14,EXPIRED,recipient_capacity_full,2026-09-18 02:00:00,SYNTHETIC_DEMO
RES-03112,DON-02296,REST-TG10-045,REC-TG10-003,VOL-TG10-004,Karimnagar,pulao,27,33.17,121,96,81,93,96,95,69.76,RESCUED,,2026-06-13 05:00:00,SYNTHETIC_DEMO
RES-03113,DON-02113,REST-TG11-004,REC-TG11-004,VOL-TG11-005,Khammam,biryani,84,31.89,118,95,75,61,83,72,60.87,RESCUED,,2026-05-04 16:00:00,SYNTHETIC_DEMO
RES-03114,DON-01677,REST-TG12-141,REC-TG12-017,VOL-TG12-005,Kumuram Bheem,fruits,54,21.43,82,70,56,67,63,96,60.84,RESCUED,,2026-05-27 09:00:00,SYNTHETIC_DEMO
RES-03115,DON-01723,REST-TG13-138,REC-TG13-015,VOL-TG13-002,Mahabubabad,packaged_food,86,15.37,41,67,56,86,72,95,68.22,MISSED,expired_before_pickup,2026-09-24 05:00:00,SYNTHETIC_DEMO
RES-03116,DON-00699,REST-TG14-144,REC-TG14-006,VOL-TG14-006,Mahabubnagar,biryani,107,10.31,21,93,84,76,82,95,82.14,PARTIAL,,2026-04-01 23:00:00,SYNTHETIC_DEMO
RES-03117,DON-00768,REST-TG15-111,REC-TG15-010,VOL-TG15-005,Mancherial,bakery,107,33.21,72,80,87,78,53,74,59.08,RESCUED,,2026-08-11 10:00:00,SYNTHETIC_DEMO
RES-03118,DON-01935,REST-TG16-042,REC-TG16-013,VOL-TG16-007,Medak,biryani,104,22.49,66,78,80,76,89,93,70.14,EXPIRED,expired_before_pickup,2026-07-08 08:00:00,SYNTHETIC_DEMO
RES-03119,DON-02095,REST-TG17-018,REC-TG17-018,VOL-TG17-003,Medchal-Malkajgiri,rice,54,8.03,22,90,94,63,51,84,79.01,RESCUED,,2026-05-01 06:00:00,SYNTHETIC_DEMO
RES-03120,DON-01723,REST-TG18-070,REC-TG18-014,VOL-TG18-004,Mulugu,pulao,15,29.15,63,72,77,86,58,69,59.58,RESCUED,,2026-08-13 07:00:00,SYNTHETIC_DEMO
RES-03121,DON-02302,REST-TG19-051,REC-TG19-009,VOL-TG19-007,Nagarkurnool,vegetables,41,10.96,39,97,92,68,53,64,76.87,RESCUED,,2026-08-17 03:00:00,SYNTHETIC_DEMO
RES-03122,DON-02183,REST-TG20-050,REC-TG20-002,VOL-TG20-007,Nalgonda,dal,82,20.88,70,77,72,94,84,64,68.79,RESCUED,,2026-04-30 04:00:00,SYNTHETIC_DEMO
RES-03123,DON-00934,REST-TG21-133,REC-TG21-011,VOL-TG21-006,Narayanpet,pulao,106,12.09,29,87,95,99,65,70,81.11,EXPIRED,expired_before_pickup,2026-09-12 06:00:00,SYNTHETIC_DEMO
RES-03124,DON-00023,REST-TG22-025,REC-TG22-004,VOL-TG22-001,Nirmal,vegetables,87,14.65,49,69,57,99,68,73,68.69,RESCUED,,2026-05-23 13:00:00,SYNTHETIC_DEMO
RES-03125,DON-01936,REST-TG23-066,REC-TG23-016,VOL-TG23-008,Nizamabad,fruits,34,30.75,77,86,93,82,69,57,63.74,EXPIRED,volunteer_unavailable,2026-06-08 04:00:00,SYNTHETIC_DEMO
RES-03126,DON-02282,REST-TG24-073,REC-TG24-008,VOL-TG24-006,Peddapalli,vegetables,54,32.74,105,80,90,75,51,89,60.86,RESCUED,,2026-08-08 00:00:00,SYNTHETIC_DEMO
RES-03127,DON-01678,REST-TG25-047,REC-TG25-002,VOL-TG25-010,Rajanna Sircilla,biryani,119,16.15,44,87,47,60,85,84,66.16,MISSED,volunteer_unavailable,2026-06-15 06:00:00,SYNTHETIC_DEMO
RES-03128,DON-00557,REST-TG26-006,REC-TG26-019,VOL-TG26-003,Rangareddy,pulao,87,19.41,48,93,67,62,87,67,67.84,MISSED,recipient_capacity_full,2026-06-02 19:00:00,SYNTHETIC_DEMO
RES-03129,DON-01140,REST-TG27-004,REC-TG27-002,VOL-TG27-002,Sangareddy,sandwich,98,32.62,114,87,54,87,98,64,59.15,PARTIAL,,2026-09-11 05:00:00,SYNTHETIC_DEMO
RES-03130,DON-01821,REST-TG28-012,REC-TG28-012,VOL-TG28-006,Siddipet,packaged_food,118,29.9,106,72,46,97,66,68,55.19,PARTIAL,,2026-05-18 18:00:00,SYNTHETIC_DEMO
RES-03131,DON-02243,REST-TG29-015,REC-TG29-003,VOL-TG29-007,Suryapet,pulao,35,17.63,65,99,98,97,95,85,84.36,RESCUED,,2026-08-26 20:00:00,SYNTHETIC_DEMO
RES-03132,DON-01927,REST-TG30-099,REC-TG30-016,VOL-TG30-002,Vikarabad,pulao,17,29.46,114,74,63,87,93,74,61.11,PARTIAL,,2026-08-13 14:00:00,SYNTHETIC_DEMO
RES-03133,DON-01792,REST-TG31-098,REC-TG31-007,VOL-TG31-007,Wanaparthy,bread,57,21.23,77,75,51,64,58,87,59.14,RESCUED,,2026-09-20 05:00:00,SYNTHETIC_DEMO
RES-03134,DON-02347,REST-TG32-040,REC-TG32-007,VOL-TG32-008,Warangal,biryani,120,1.52,5,74,45,92,98,87,80.01,RESCUED,,2026-04-23 18:00:00,SYNTHETIC_DEMO
RES-03135,DON-00342,REST-TG33-125,REC-TG33-017,VOL-TG33-003,Yadadri Bhuvanagiri,biryani,91,9.39,27,88,48,75,55,71,69.34,MISSED,expired_before_pickup,2026-06-02 05:00:00,SYNTHETIC_DEMO
RES-03136,DON-00330,REST-TG01-030,REC-TG01-014,VOL-TG01-004,Adilabad,roti,75,10.62,42,83,56,70,62,60,67.91,EXPIRED,traffic_delay,2026-07-01 06:00:00,SYNTHETIC_DEMO
RES-03137,DON-02828,REST-TG02-070,REC-TG02-004,VOL-TG02-003,Bhadradri Kothagudem,biryani,73,31.72,105,78,99,84,86,90,67.94,MISSED,traffic_delay,2026-07-22 15:00:00,SYNTHETIC_DEMO
RES-03138,DON-02437,REST-TG03-110,REC-TG03-002,VOL-TG03-010,Hanumakonda,fruits,42,18.39,37,81,85,84,85,68,72.96,RESCUED,,2026-07-22 19:00:00,SYNTHETIC_DEMO
RES-03139,DON-02492,REST-TG04-129,REC-TG04-001,VOL-TG04-003,Hyderabad,fruits,79,14.89,41,68,93,90,93,57,75.06,EXPIRED,recipient_capacity_full,2026-04-02 08:00:00,SYNTHETIC_DEMO
RES-03140,DON-00512,REST-TG05-026,REC-TG05-020,VOL-TG05-009,Jagtial,roti,114,3.07,7,87,66,70,67,82,78.81,EXPIRED,traffic_delay,2026-08-24 17:00:00,SYNTHETIC_DEMO
RES-03141,DON-02205,REST-TG06-002,REC-TG06-017,VOL-TG06-003,Jangaon,bakery,72,34.94,87,92,61,80,65,88,57.94,MISSED,traffic_delay,2026-05-16 16:00:00,SYNTHETIC_DEMO
RES-03142,DON-01056,REST-TG07-097,REC-TG07-010,VOL-TG07-007,Jayashankar Bhupalpally,dal,117,12.35,40,100,71,99,73,50,77.53,EXPIRED,expired_before_pickup,2026-08-08 08:00:00,SYNTHETIC_DEMO
RES-03143,DON-01282,REST-TG08-067,REC-TG08-017,VOL-TG08-009,Jogulamba Gadwal,bakery,112,12.89,41,89,78,93,82,97,81.04,RESCUED,,2026-05-30 03:00:00,SYNTHETIC_DEMO
RES-03144,DON-02241,REST-TG09-042,REC-TG09-013,VOL-TG09-008,Kamareddy,fruits,28,24.21,82,96,73,94,59,62,67.71,PARTIAL,,2026-04-03 00:00:00,SYNTHETIC_DEMO
RES-03145,DON-02785,REST-TG10-010,REC-TG10-017,VOL-TG10-002,Karimnagar,sandwich,75,8.76,32,79,87,67,76,88,78.39,EXPIRED,expired_before_pickup,2026-06-12 21:00:00,SYNTHETIC_DEMO
RES-03146,DON-00795,REST-TG11-022,REC-TG11-003,VOL-TG11-002,Khammam,rice,48,3.3,11,82,85,79,94,65,83.79,RESCUED,,2026-07-06 13:00:00,SYNTHETIC_DEMO
RES-03147,DON-00356,REST-TG12-126,REC-TG12-016,VOL-TG12-010,Kumuram Bheem,bread,76,18.58,43,74,58,80,67,60,62.83,RESCUED,,2026-05-01 23:00:00,SYNTHETIC_DEMO
RES-03148,DON-00132,REST-TG13-125,REC-TG13-011,VOL-TG13-007,Mahabubabad,bakery,59,6.99,21,77,79,94,66,87,80.61,RESCUED,,2026-04-30 19:00:00,SYNTHETIC_DEMO
RES-03149,DON-00535,REST-TG14-085,REC-TG14-008,VOL-TG14-005,Mahabubnagar,roti,76,18.01,42,100,93,95,54,100,80.39,RESCUED,,2026-08-02 10:00:00,SYNTHETIC_DEMO
RES-03150,DON-00228,REST-TG15-069,REC-TG15-001,VOL-TG15-003,Mancherial,bread,84,10.51,24,72,51,97,53,98,71.74,MISSED,traffic_delay,2026-05-08 16:00:00,SYNTHETIC_DEMO
RES-03151,DON-02727,REST-TG16-082,REC-TG16-013,VOL-TG16-004,Medak,sandwich,18,14.4,48,98,56,71,82,94,73.76,PARTIAL,,2026-05-29 23:00:00,SYNTHETIC_DEMO
RES-03152,DON-00929,REST-TG17-141,REC-TG17-011,VOL-TG17-001,Medchal-Malkajgiri,sandwich,104,15.75,54,86,54,100,78,88,73.35,RESCUED,,2026-09-11 04:00:00,SYNTHETIC_DEMO
RES-03153,DON-02864,REST-TG18-093,REC-TG18-001,VOL-TG18-002,Mulugu,bread,58,4.21,12,82,78,63,86,68,78.84,EXPIRED,volunteer_unavailable,2026-05-08 18:00:00,SYNTHETIC_DEMO
RES-03154,DON-01890,REST-TG19-134,REC-TG19-003,VOL-TG19-001,Nagarkurnool,packaged_food,60,33.81,110,72,95,89,58,58,59.2,RESCUED,,2026-09-10 22:00:00,SYNTHETIC_DEMO
RES-03155,DON-01906,REST-TG20-023,REC-TG20-019,VOL-TG20-005,Nalgonda,roti,11,33.16,96,94,95,61,79,61,62.26,RESCUED,,2026-05-06 00:00:00,SYNTHETIC_DEMO
RES-03156,DON-00160,REST-TG21-150,REC-TG21-004,VOL-TG21-007,Narayanpet,packaged_food,101,18.64,58,82,69,99,99,79,74.54,RESCUED,,2026-07-31 17:00:00,SYNTHETIC_DEMO
RES-03157,DON-01915,REST-TG22-010,REC-TG22-020,VOL-TG22-010,Nirmal,packaged_food,114,8.07,28,83,92,85,88,88,84.59,EXPIRED,traffic_delay,2026-04-17 05:00:00,SYNTHETIC_DEMO
RES-03158,DON-00623,REST-TG23-007,REC-TG23-018,VOL-TG23-007,Nizamabad,vegetables,41,29.74,95,87,62,80,68,97,62.06,PARTIAL,,2026-08-03 18:00:00,SYNTHETIC_DEMO
RES-03159,DON-02112,REST-TG24-052,REC-TG24-004,VOL-TG24-001,Peddapalli,cooked_meal,110,22.56,53,83,80,90,74,70,69.39,PARTIAL,,2026-08-26 17:00:00,SYNTHETIC_DEMO
RES-03160,DON-00736,REST-TG25-086,REC-TG25-019,VOL-TG25-005,Rajanna Sircilla,dal,83,26.82,80,71,68,91,78,88,63.89,PARTIAL,,2026-09-10 06:00:00,SYNTHETIC_DEMO
RES-03161,DON-01067,REST-TG26-115,REC-TG26-010,VOL-TG26-002,Rangareddy,fruits,63,14.86,43,85,85,75,55,75,72.64,EXPIRED,recipient_capacity_full,2026-05-25 05:00:00,SYNTHETIC_DEMO
RES-03162,DON-00474,REST-TG27-042,REC-TG27-019,VOL-TG27-007,Sangareddy,roti,65,5.28,15,78,71,60,78,58,73.63,PARTIAL,,2026-05-17 21:00:00,SYNTHETIC_DEMO
RES-03163,DON-02812,REST-TG28-142,REC-TG28-006,VOL-TG28-010,Siddipet,vegetables,47,21.07,67,69,79,64,92,79,66.25,RESCUED,,2026-04-08 11:00:00,SYNTHETIC_DEMO
RES-03164,DON-00319,REST-TG29-103,REC-TG29-008,VOL-TG29-004,Suryapet,fruits,83,15.14,59,66,96,98,72,51,73.59,RESCUED,,2026-09-01 22:00:00,SYNTHETIC_DEMO
RES-03165,DON-00021,REST-TG30-124,REC-TG30-014,VOL-TG30-008,Vikarabad,packaged_food,66,17.91,49,71,89,71,80,82,71.06,MISSED,recipient_capacity_full,2026-08-11 00:00:00,SYNTHETIC_DEMO
RES-03166,DON-01006,REST-TG31-018,REC-TG31-013,VOL-TG31-008,Wanaparthy,packaged_food,47,19.63,48,78,63,92,89,61,67.98,RESCUED,,2026-07-15 21:00:00,SYNTHETIC_DEMO
RES-03167,DON-01347,REST-TG32-109,REC-TG32-016,VOL-TG32-008,Warangal,dal,20,31.64,73,92,47,97,98,77,62.25,RESCUED,,2026-05-25 09:00:00,SYNTHETIC_DEMO
RES-03168,DON-02772,REST-TG33-069,REC-TG33-010,VOL-TG33-005,Yadadri Bhuvanagiri,sandwich,96,9.87,26,79,100,83,67,78,80.7,RESCUED,,2026-05-30 05:00:00,SYNTHETIC_DEMO
RES-03169,DON-03000,REST-TG01-031,REC-TG01-001,VOL-TG01-007,Adilabad,sandwich,105,34.71,125,91,94,61,96,91,65.06,MISSED,recipient_capacity_full,2026-09-04 20:00:00,SYNTHETIC_DEMO
RES-03170,DON-00270,REST-TG02-134,REC-TG02-003,VOL-TG02-001,Bhadradri Kothagudem,rice,81,30.72,111,91,54,95,55,63,58.11,RESCUED,,2026-08-14 16:00:00,SYNTHETIC_DEMO
RES-03171,DON-02628,REST-TG03-060,REC-TG03-020,VOL-TG03-002,Hanumakonda,fruits,58,8.18,20,73,91,81,71,95,80.71,RESCUED,,2026-04-19 02:00:00,SYNTHETIC_DEMO
RES-03172,DON-02771,REST-TG04-122,REC-TG04-004,VOL-TG04-006,Hyderabad,rice,105,11.0,26,82,80,68,64,57,71.84,RESCUED,,2026-05-11 14:00:00,SYNTHETIC_DEMO
RES-03173,DON-02270,REST-TG05-025,REC-TG05-007,VOL-TG05-010,Jagtial,vegetables,37,13.45,42,85,100,93,68,52,78.34,RESCUED,,2026-06-18 10:00:00,SYNTHETIC_DEMO
RES-03174,DON-00430,REST-TG06-110,REC-TG06-009,VOL-TG06-008,Jangaon,packaged_food,68,21.0,66,96,67,92,70,53,68.7,RESCUED,,2026-04-10 22:00:00,SYNTHETIC_DEMO
RES-03175,DON-01753,REST-TG07-079,REC-TG07-010,VOL-TG07-006,Jayashankar Bhupalpally,biryani,53,22.5,67,80,91,96,53,99,72.73,EXPIRED,expired_before_pickup,2026-06-22 00:00:00,SYNTHETIC_DEMO
RES-03176,DON-02581,REST-TG08-029,REC-TG08-018,VOL-TG08-002,Jogulamba Gadwal,vegetables,82,17.76,49,72,46,72,80,60,60.71,PARTIAL,,2026-08-15 03:00:00,SYNTHETIC_DEMO
RES-03177,DON-02173,REST-TG09-009,REC-TG09-003,VOL-TG09-009,Kamareddy,bakery,99,32.45,115,81,61,93,59,85,58.57,MISSED,expired_before_pickup,2026-05-24 04:00:00,SYNTHETIC_DEMO
RES-03178,DON-01241,REST-TG10-007,REC-TG10-006,VOL-TG10-002,Karimnagar,rice,38,3.28,12,82,88,66,58,78,80.16,PARTIAL,,2026-05-28 16:00:00,SYNTHETIC_DEMO
RES-03179,DON-02746,REST-TG11-110,REC-TG11-014,VOL-TG11-010,Khammam,pulao,45,11.16,40,82,46,80,50,69,66.53,RESCUED,,2026-06-17 19:00:00,SYNTHETIC_DEMO
RES-03180,DON-00163,REST-TG12-097,REC-TG12-011,VOL-TG12-009,Kumuram Bheem,sandwich,102,2.12,5,89,45,69,54,75,73.54,EXPIRED,recipient_capacity_full,2026-05-10 21:00:00,SYNTHETIC_DEMO
RES-03181,DON-00058,REST-TG13-148,REC-TG13-014,VOL-TG13-004,Mahabubabad,bakery,35,5.3,11,77,97,61,55,59,76.56,RESCUED,,2026-06-21 23:00:00,SYNTHETIC_DEMO
RES-03182,DON-02250,REST-TG14-143,REC-TG14-019,VOL-TG14-008,Mahabubnagar,bakery,33,10.42,23,82,76,82,56,94,76.46,EXPIRED,expired_before_pickup,2026-06-29 15:00:00,SYNTHETIC_DEMO
RES-03183,DON-02636,REST-TG15-070,REC-TG15-003,VOL-TG15-005,Mancherial,rice,107,33.05,85,67,90,60,75,64,55.69,RESCUED,,2026-09-17 10:00:00,SYNTHETIC_DEMO
RES-03184,DON-01075,REST-TG16-011,REC-TG16-018,VOL-TG16-007,Medak,rice,61,23.44,55,98,68,80,68,100,70.26,MISSED,volunteer_unavailable,2026-08-09 21:00:00,SYNTHETIC_DEMO
RES-03185,DON-00053,REST-TG17-119,REC-TG17-016,VOL-TG17-001,Medchal-Malkajgiri,biryani,22,2.52,9,67,54,83,61,78,73.75,RESCUED,,2026-07-17 22:00:00,SYNTHETIC_DEMO
RES-03186,DON-01097,REST-TG18-043,REC-TG18-006,VOL-TG18-009,Mulugu,packaged_food,104,5.31,19,88,94,94,65,76,85.81,RESCUED,,2026-07-25 23:00:00,SYNTHETIC_DEMO
RES-03187,DON-01027,REST-TG19-072,REC-TG19-020,VOL-TG19-005,Nagarkurnool,sandwich,84,25.82,69,94,97,69,67,68,68.61,RESCUED,,2026-05-30 01:00:00,SYNTHETIC_DEMO
RES-03188,DON-00463,REST-TG20-107,REC-TG20-020,VOL-TG20-009,Nalgonda,bread,85,13.2,38,75,97,100,84,84,81.77,RESCUED,,2026-06-06 07:00:00,SYNTHETIC_DEMO
RES-03189,DON-02061,REST-TG21-127,REC-TG21-015,VOL-TG21-007,Narayanpet,bakery,28,21.82,84,96,71,94,97,51,71.71,RESCUED,,2026-04-15 07:00:00,SYNTHETIC_DEMO
RES-03190,DON-01768,REST-TG22-134,REC-TG22-013,VOL-TG22-005,Nirmal,rice,59,13.29,32,93,59,68,84,61,70.61,MISSED,recipient_capacity_full,2026-04-11 02:00:00,SYNTHETIC_DEMO
RES-03191,DON-01615,REST-TG23-045,REC-TG23-015,VOL-TG23-009,Nizamabad,vegetables,15,31.93,118,71,51,75,62,65,50.54,EXPIRED,volunteer_unavailable,2026-07-18 04:00:00,SYNTHETIC_DEMO
RES-03192,DON-01391,REST-TG24-008,REC-TG24-015,VOL-TG24-009,Peddapalli,dal,86,14.4,51,87,55,100,71,76,72.81,PARTIAL,,2026-09-14 14:00:00,SYNTHETIC_DEMO
RES-03193,DON-02537,REST-TG25-072,REC-TG25-013,VOL-TG25-009,Rajanna Sircilla,dal,119,17.84,46,80,90,91,78,95,77.21,RESCUED,,2026-08-15 04:00:00,SYNTHETIC_DEMO
RES-03194,DON-01146,REST-TG26-008,REC-TG26-001,VOL-TG26-001,Rangareddy,bread,114,18.31,51,65,64,96,59,90,67.02,RESCUED,,2026-07-22 18:00:00,SYNTHETIC_DEMO
RES-03195,DON-01060,REST-TG27-071,REC-TG27-001,VOL-TG27-007,Sangareddy,cooked_meal,81,31.68,77,89,88,92,100,87,70.27,PARTIAL,,2026-06-05 09:00:00,SYNTHETIC_DEMO
RES-03196,DON-00120,REST-TG28-059,REC-TG28-017,VOL-TG28-001,Siddipet,vegetables,104,22.38,79,95,75,80,81,63,69.41,RESCUED,,2026-04-20 10:00:00,SYNTHETIC_DEMO
RES-03197,DON-00274,REST-TG29-145,REC-TG29-002,VOL-TG29-009,Suryapet,fruits,119,10.17,33,78,83,84,73,85,78.34,RESCUED,,2026-06-19 07:00:00,SYNTHETIC_DEMO
RES-03198,DON-02784,REST-TG30-121,REC-TG30-001,VOL-TG30-003,Vikarabad,bread,89,15.46,50,68,90,82,56,59,69.36,RESCUED,,2026-09-12 09:00:00,SYNTHETIC_DEMO
RES-03199,DON-00084,REST-TG31-053,REC-TG31-008,VOL-TG31-008,Wanaparthy,biryani,96,24.21,49,75,75,61,86,60,61.46,EXPIRED,volunteer_unavailable,2026-09-10 12:00:00,SYNTHETIC_DEMO
RES-03200,DON-02816,REST-TG32-050,REC-TG32-002,VOL-TG32-003,Warangal,vegetables,22,15.52,31,88,75,91,55,94,75.06,RESCUED,,2026-08-03 01:00:00,SYNTHETIC_DEMO
RES-03201,DON-00448,REST-TG33-106,REC-TG33-014,VOL-TG33-005,Yadadri Bhuvanagiri,bread,73,17.3,43,70,46,79,95,67,63.89,PARTIAL,,2026-06-08 16:00:00,SYNTHETIC_DEMO
RES-03202,DON-01463,REST-TG01-028,REC-TG01-016,VOL-TG01-006,Adilabad,cooked_meal,100,12.93,47,94,88,63,64,64,74.41,RESCUED,,2026-07-30 19:00:00,SYNTHETIC_DEMO
RES-03203,DON-01167,REST-TG02-092,REC-TG02-016,VOL-TG02-008,Bhadradri Kothagudem,fruits,79,12.87,36,67,83,86,76,95,75.81,PARTIAL,,2026-04-01 16:00:00,SYNTHETIC_DEMO
RES-03204,DON-02736,REST-TG03-136,REC-TG03-007,VOL-TG03-004,Hanumakonda,rice,99,23.55,90,77,86,86,77,76,68.98,EXPIRED,recipient_capacity_full,2026-04-01 15:00:00,SYNTHETIC_DEMO
RES-03205,DON-00917,REST-TG04-059,REC-TG04-016,VOL-TG04-001,Hyderabad,dal,22,14.32,40,72,99,85,68,99,78.42,PARTIAL,,2026-05-22 15:00:00,SYNTHETIC_DEMO
RES-03206,DON-00689,REST-TG05-094,REC-TG05-014,VOL-TG05-005,Jagtial,roti,110,20.31,52,86,96,65,95,67,72.84,MISSED,traffic_delay,2026-05-01 17:00:00,SYNTHETIC_DEMO
RES-03207,DON-00860,REST-TG06-063,REC-TG06-015,VOL-TG06-002,Jangaon,bakery,32,4.88,13,66,54,63,65,58,67.26,EXPIRED,recipient_capacity_full,2026-04-26 19:00:00,SYNTHETIC_DEMO
RES-03208,DON-02321,REST-TG07-065,REC-TG07-017,VOL-TG07-007,Jayashankar Bhupalpally,rice,108,32.8,102,79,73,80,55,73,56.77,RESCUED,,2026-07-13 16:00:00,SYNTHETIC_DEMO
RES-03209,DON-01258,REST-TG08-136,REC-TG08-019,VOL-TG08-010,Jogulamba Gadwal,vegetables,87,31.55,109,75,86,71,70,70,59.31,RESCUED,,2026-09-22 08:00:00,SYNTHETIC_DEMO
RES-03210,DON-01651,REST-TG09-120,REC-TG09-004,VOL-TG09-010,Kamareddy,roti,69,4.01,13,91,86,81,88,88,87.29,PARTIAL,,2026-04-15 15:00:00,SYNTHETIC_DEMO
RES-03211,DON-01482,REST-TG10-030,REC-TG10-005,VOL-TG10-006,Karimnagar,dal,38,21.6,67,80,68,81,70,54,63.72,MISSED,expired_before_pickup,2026-05-05 08:00:00,SYNTHETIC_DEMO
RES-03212,DON-01864,REST-TG11-123,REC-TG11-006,VOL-TG11-004,Khammam,sandwich,112,25.97,57,100,45,76,50,96,61.45,RESCUED,,2026-08-22 22:00:00,SYNTHETIC_DEMO
RES-03213,DON-00442,REST-TG12-029,REC-TG12-007,VOL-TG12-007,Kumuram Bheem,vegetables,48,7.17,20,68,80,67,75,61,73.13,RESCUED,,2026-06-13 09:00:00,SYNTHETIC_DEMO
RES-03214,DON-00030,REST-TG13-108,REC-TG13-009,VOL-TG13-003,Mahabubabad,fruits,56,14.44,35,91,93,95,60,88,80.54,RESCUED,,2026-08-12 22:00:00,SYNTHETIC_DEMO
RES-03215,DON-00846,REST-TG14-042,REC-TG14-009,VOL-TG14-008,Mahabubnagar,bakery,104,27.58,86,87,86,79,100,64,68.15,MISSED,volunteer_unavailable,2026-07-09 20:00:00,SYNTHETIC_DEMO
RES-03216,DON-01040,REST-TG15-019,REC-TG15-010,VOL-TG15-004,Mancherial,fruits,79,17.52,39,88,52,89,68,72,67.84,PARTIAL,,2026-05-11 20:00:00,SYNTHETIC_DEMO
RES-03217,DON-02372,REST-TG16-082,REC-TG16-013,VOL-TG16-004,Medak,roti,48,24.17,96,97,91,66,84,57,69.34,RESCUED,,2026-05-25 14:00:00,SYNTHETIC_DEMO
RES-03218,DON-01969,REST-TG17-110,REC-TG17-008,VOL-TG17-004,Medchal-Malkajgiri,packaged_food,110,23.77,57,65,48,78,52,85,56.02,RESCUED,,2026-04-08 18:00:00,SYNTHETIC_DEMO
RES-03219,DON-01403,REST-TG18-066,REC-TG18-002,VOL-TG18-007,Mulugu,biryani,66,4.8,10,73,88,78,78,65,79.77,RESCUED,,2026-07-25 06:00:00,SYNTHETIC_DEMO
RES-03220,DON-01282,REST-TG19-090,REC-TG19-017,VOL-TG19-007,Nagarkurnool,bread,94,10.89,22,98,88,72,61,97,81.02,EXPIRED,traffic_delay,2026-06-18 21:00:00,SYNTHETIC_DEMO
RES-03221,DON-01764,REST-TG20-076,REC-TG20-014,VOL-TG20-009,Nalgonda,rice,55,24.77,91,75,58,81,100,92,65.26,RESCUED,,2026-06-14 14:00:00,SYNTHETIC_DEMO
RES-03222,DON-01784,REST-TG21-148,REC-TG21-003,VOL-TG21-007,Narayanpet,packaged_food,81,20.17,45,71,46,94,97,73,65.09,EXPIRED,volunteer_unavailable,2026-08-19 04:00:00,SYNTHETIC_DEMO
RES-03223,DON-01512,REST-TG22-117,REC-TG22-016,VOL-TG22-001,Nirmal,dal,14,17.45,48,88,93,87,88,54,75.99,RESCUED,,2026-06-29 03:00:00,SYNTHETIC_DEMO
RES-03224,DON-00380,REST-TG23-072,REC-TG23-009,VOL-TG23-002,Nizamabad,bakery,104,20.33,45,77,83,63,62,91,67.23,RESCUED,,2026-04-02 07:00:00,SYNTHETIC_DEMO
RES-03225,DON-00550,REST-TG24-007,REC-TG24-011,VOL-TG24-009,Peddapalli,cooked_meal,83,26.99,90,90,93,71,56,68,65.37,RESCUED,,2026-04-15 21:00:00,SYNTHETIC_DEMO
RES-03226,DON-02957,REST-TG25-033,REC-TG25-006,VOL-TG25-008,Rajanna Sircilla,packaged_food,64,8.02,23,72,45,73,89,58,68.32,PARTIAL,,2026-05-17 17:00:00,SYNTHETIC_DEMO
RES-03227,DON-00910,REST-TG26-109,REC-TG26-001,VOL-TG26-002,Rangareddy,sandwich,40,10.22,31,73,75,95,96,87,79.85,PARTIAL,,2026-07-01 10:00:00,SYNTHETIC_DEMO
RES-03228,DON-02878,REST-TG27-119,REC-TG27-008,VOL-TG27-010,Sangareddy,rice,50,22.87,89,77,62,97,61,83,65.41,RESCUED,,2026-07-05 17:00:00,SYNTHETIC_DEMO
RES-03229,DON-00845,REST-TG28-136,REC-TG28-013,VOL-TG28-005,Siddipet,packaged_food,16,28.19,109,88,67,81,69,69,61.81,RESCUED,,2026-06-04 04:00:00,SYNTHETIC_DEMO
RES-03230,DON-02668,REST-TG29-141,REC-TG29-017,VOL-TG29-003,Suryapet,packaged_food,52,16.0,34,72,79,81,62,60,68.12,MISSED,traffic_delay,2026-08-25 22:00:00,SYNTHETIC_DEMO
RES-03231,DON-00809,REST-TG30-139,REC-TG30-019,VOL-TG30-010,Vikarabad,sandwich,11,6.88,14,99,67,73,66,84,79.24,EXPIRED,volunteer_unavailable,2026-06-23 13:00:00,SYNTHETIC_DEMO
RES-03232,DON-00315,REST-TG31-107,REC-TG31-007,VOL-TG31-006,Wanaparthy,biryani,119,21.43,64,65,68,77,88,52,61.84,MISSED,traffic_delay,2026-07-13 12:00:00,SYNTHETIC_DEMO
RES-03233,DON-02568,REST-TG32-121,REC-TG32-015,VOL-TG32-002,Warangal,roti,81,1.68,5,67,96,93,94,78,87.55,RESCUED,,2026-05-22 11:00:00,SYNTHETIC_DEMO
RES-03234,DON-02211,REST-TG33-057,REC-TG33-015,VOL-TG33-003,Yadadri Bhuvanagiri,sandwich,86,16.89,39,83,77,71,88,65,70.89,EXPIRED,traffic_delay,2026-08-12 05:00:00,SYNTHETIC_DEMO
RES-03235,DON-00324,REST-TG01-131,REC-TG01-009,VOL-TG01-009,Adilabad,sandwich,17,6.96,19,73,61,78,82,86,75.33,MISSED,recipient_capacity_full,2026-04-28 14:00:00,SYNTHETIC_DEMO
RES-03236,DON-00504,REST-TG02-122,REC-TG02-018,VOL-TG02-006,Bhadradri Kothagudem,biryani,100,31.31,75,65,95,86,95,90,66.04,RESCUED,,2026-04-26 15:00:00,SYNTHETIC_DEMO
RES-03237,DON-02635,REST-TG03-030,REC-TG03-005,VOL-TG03-004,Hanumakonda,pulao,103,33.71,82,76,86,66,50,76,55.82,EXPIRED,expired_before_pickup,2026-07-02 07:00:00,SYNTHETIC_DEMO
RES-03238,DON-01369,REST-TG04-069,REC-TG04-015,VOL-TG04-003,Hyderabad,vegetables,105,13.1,40,88,58,94,70,95,75.44,PARTIAL,,2026-04-09 07:00:00,SYNTHETIC_DEMO
RES-03239,DON-00766,REST-TG05-102,REC-TG05-004,VOL-TG05-008,Jagtial,vegetables,108,15.49,46,91,95,67,66,97,77.49,PARTIAL,,2026-05-18 06:00:00,SYNTHETIC_DEMO
RES-03240,DON-02872,REST-TG06-007,REC-TG06-018,VOL-TG06-007,Jangaon,fruits,64,9.43,23,89,86,69,70,80,78.61,RESCUED,,2026-07-18 15:00:00,SYNTHETIC_DEMO
RES-03241,DON-01445,REST-TG07-036,REC-TG07-011,VOL-TG07-009,Jayashankar Bhupalpally,pulao,82,28.35,93,79,76,61,53,53,55.5,RESCUED,,2026-08-30 15:00:00,SYNTHETIC_DEMO
RES-03242,DON-01989,REST-TG08-100,REC-TG08-002,VOL-TG08-007,Jogulamba Gadwal,roti,14,31.42,86,94,78,66,70,62,60.06,RESCUED,,2026-05-11 16:00:00,SYNTHETIC_DEMO
RES-03243,DON-00153,REST-TG09-039,REC-TG09-006,VOL-TG09-007,Kamareddy,vegetables,56,26.09,58,93,95,89,72,80,72.51,PARTIAL,,2026-06-19 11:00:00,SYNTHETIC_DEMO
RES-03244,DON-01407,REST-TG10-045,REC-TG10-010,VOL-TG10-010,Karimnagar,pulao,52,18.78,73,71,63,74,92,57,64.39,RESCUED,,2026-07-03 10:00:00,SYNTHETIC_DEMO
RES-03245,DON-02364,REST-TG11-148,REC-TG11-012,VOL-TG11-008,Khammam,packaged_food,110,8.4,17,73,56,90,85,63,73.1,RESCUED,,2026-08-19 19:00:00,SYNTHETIC_DEMO
RES-03246,DON-02727,REST-TG12-112,REC-TG12-012,VOL-TG12-009,Kumuram Bheem,biryani,54,15.04,40,70,46,80,71,88,65.36,RESCUED,,2026-08-03 02:00:00,SYNTHETIC_DEMO
RES-03247,DON-02247,REST-TG13-107,REC-TG13-003,VOL-TG13-001,Mahabubabad,sandwich,71,7.89,17,97,53,97,59,51,74.91,EXPIRED,traffic_delay,2026-07-05 11:00:00,SYNTHETIC_DEMO
RES-03248,DON-00376,REST-TG14-066,REC-TG14-020,VOL-TG14-006,Mahabubnagar,sandwich,120,2.41,6,91,88,81,78,74,86.43,RESCUED,,2026-09-19 16:00:00,SYNTHETIC_DEMO
RES-03249,DON-01716,REST-TG15-052,REC-TG15-006,VOL-TG15-001,Mancherial,fruits,79,17.41,46,84,73,76,97,61,71.16,RESCUED,,2026-06-14 14:00:00,SYNTHETIC_DEMO
RES-03250,DON-00681,REST-TG16-013,REC-TG16-017,VOL-TG16-006,Medak,roti,95,22.38,81,97,88,64,99,78,73.31,RESCUED,,2026-05-02 23:00:00,SYNTHETIC_DEMO
RES-03251,DON-00065,REST-TG17-146,REC-TG17-018,VOL-TG17-008,Medchal-Malkajgiri,bread,24,16.11,55,97,45,96,83,78,72.39,MISSED,volunteer_unavailable,2026-06-27 09:00:00,SYNTHETIC_DEMO
RES-03252,DON-02238,REST-TG18-135,REC-TG18-014,VOL-TG18-006,Mulugu,dal,85,14.45,51,79,63,83,67,87,70.93,MISSED,traffic_delay,2026-08-04 06:00:00,SYNTHETIC_DEMO
RES-03253,DON-02342,REST-TG19-150,REC-TG19-019,VOL-TG19-009,Nagarkurnool,biryani,32,6.23,22,66,98,69,97,83,81.7,RESCUED,,2026-07-30 19:00:00,SYNTHETIC_DEMO
RES-03254,DON-02285,REST-TG20-025,REC-TG20-006,VOL-TG20-002,Nalgonda,bread,88,34.47,101,95,98,77,77,63,64.53,RESCUED,,2026-04-24 01:00:00,SYNTHETIC_DEMO
RES-03255,DON-01856,REST-TG21-142,REC-TG21-005,VOL-TG21-009,Narayanpet,packaged_food,52,14.69,56,83,56,69,69,55,65.06,EXPIRED,volunteer_unavailable,2026-09-02 13:00:00,SYNTHETIC_DEMO
RES-03256,DON-02107,REST-TG22-040,REC-TG22-018,VOL-TG22-009,Nirmal,rice,91,29.48,101,93,100,73,83,83,70.09,EXPIRED,volunteer_unavailable,2026-08-07 23:00:00,SYNTHETIC_DEMO
RES-03257,DON-01588,REST-TG23-025,REC-TG23-001,VOL-TG23-008,Nizamabad,fruits,62,28.54,108,66,60,78,75,95,58.51,PARTIAL,,2026-06-26 11:00:00,SYNTHETIC_DEMO
RES-03258,DON-00884,REST-TG24-030,REC-TG24-014,VOL-TG24-006,Peddapalli,sandwich,93,19.51,71,73,47,99,72,79,65.01,RESCUED,,2026-08-02 21:00:00,SYNTHETIC_DEMO
RES-03259,DON-02235,REST-TG25-023,REC-TG25-002,VOL-TG25-002,Rajanna Sircilla,roti,10,29.24,75,72,61,98,58,88,60.01,MISSED,recipient_capacity_full,2026-07-17 10:00:00,SYNTHETIC_DEMO
RES-03260,DON-01829,REST-TG26-008,REC-TG26-004,VOL-TG26-010,Rangareddy,cooked_meal,66,16.17,57,80,98,77,92,50,74.8,PARTIAL,,2026-05-08 09:00:00,SYNTHETIC_DEMO
RES-03261,DON-01951,REST-TG27-125,REC-TG27-012,VOL-TG27-008,Sangareddy,dal,33,26.61,87,73,58,96,98,68,63.19,RESCUED,,2026-07-27 12:00:00,SYNTHETIC_DEMO
RES-03262,DON-01923,REST-TG28-058,REC-TG28-013,VOL-TG28-006,Siddipet,packaged_food,94,19.25,40,86,70,61,98,96,71.0,RESCUED,,2026-09-22 12:00:00,SYNTHETIC_DEMO
RES-03263,DON-01767,REST-TG29-049,REC-TG29-014,VOL-TG29-005,Suryapet,bakery,66,23.0,79,73,52,85,69,70,60.22,RESCUED,,2026-06-15 16:00:00,SYNTHETIC_DEMO
RES-03264,DON-02023,REST-TG30-036,REC-TG30-008,VOL-TG30-001,Vikarabad,dal,10,6.52,23,67,45,75,83,89,71.19,EXPIRED,traffic_delay,2026-04-03 05:00:00,SYNTHETIC_DEMO
RES-03265,DON-01741,REST-TG31-135,REC-TG31-008,VOL-TG31-010,Wanaparthy,roti,12,14.73,48,76,61,83,66,61,67.03,EXPIRED,traffic_delay,2026-05-05 01:00:00,SYNTHETIC_DEMO
RES-03266,DON-01823,REST-TG32-045,REC-TG32-001,VOL-TG32-005,Warangal,biryani,91,9.55,23,92,82,61,59,91,77.13,RESCUED,,2026-04-28 11:00:00,SYNTHETIC_DEMO
RES-03267,DON-00911,REST-TG33-131,REC-TG33-019,VOL-TG33-008,Yadadri Bhuvanagiri,bread,53,30.05,68,86,67,99,91,60,64.09,PARTIAL,,2026-06-09 10:00:00,SYNTHETIC_DEMO
RES-03268,DON-02763,REST-TG01-121,REC-TG01-019,VOL-TG01-009,Adilabad,dal,16,26.07,68,77,66,78,54,54,57.48,MISSED,expired_before_pickup,2026-07-06 18:00:00,SYNTHETIC_DEMO
RES-03269,DON-01673,REST-TG02-006,REC-TG02-009,VOL-TG02-010,Bhadradri Kothagudem,fruits,20,3.63,7,80,89,80,76,61,81.91,RESCUED,,2026-07-12 00:00:00,SYNTHETIC_DEMO
RES-03270,DON-02211,REST-TG03-026,REC-TG03-015,VOL-TG03-007,Hanumakonda,biryani,109,24.03,78,73,52,66,81,80,58.84,RESCUED,,2026-04-21 14:00:00,SYNTHETIC_DEMO
RES-03271,DON-02185,REST-TG04-038,REC-TG04-007,VOL-TG04-002,Hyderabad,rice,70,6.27,14,94,71,87,51,66,78.27,RESCUED,,2026-07-26 07:00:00,SYNTHETIC_DEMO
RES-03272,DON-01951,REST-TG05-054,REC-TG05-015,VOL-TG05-001,Jagtial,cooked_meal,101,9.05,19,79,74,65,67,67,72.29,RESCUED,,2026-07-29 00:00:00,SYNTHETIC_DEMO
RES-03273,DON-00084,REST-TG06-062,REC-TG06-012,VOL-TG06-004,Jangaon,rice,17,23.54,80,96,76,70,80,64,67.49,RESCUED,,2026-09-04 00:00:00,SYNTHETIC_DEMO
RES-03274,DON-01924,REST-TG07-102,REC-TG07-002,VOL-TG07-009,Jayashankar Bhupalpally,roti,62,16.56,37,99,95,63,50,82,74.62,RESCUED,,2026-04-10 18:00:00,SYNTHETIC_DEMO
RES-03275,DON-01581,REST-TG08-020,REC-TG08-005,VOL-TG08-005,Jogulamba Gadwal,cooked_meal,64,10.06,39,92,81,76,56,67,76.11,MISSED,expired_before_pickup,2026-05-17 10:00:00,SYNTHETIC_DEMO
RES-03276,DON-01929,REST-TG09-072,REC-TG09-018,VOL-TG09-010,Kamareddy,fruits,86,13.44,45,100,46,87,69,59,70.45,RESCUED,,2026-06-30 23:00:00,SYNTHETIC_DEMO
RES-03277,DON-00104,REST-TG10-003,REC-TG10-017,VOL-TG10-005,Karimnagar,bread,18,28.37,69,88,45,66,85,83,58.04,PARTIAL,,2026-09-05 15:00:00,SYNTHETIC_DEMO
RES-03278,DON-00794,REST-TG11-148,REC-TG11-013,VOL-TG11-007,Khammam,pulao,77,8.35,23,92,92,76,89,91,85.24,PARTIAL,,2026-06-09 13:00:00,SYNTHETIC_DEMO
RES-03279,DON-01630,REST-TG12-148,REC-TG12-015,VOL-TG12-003,Kumuram Bheem,sandwich,50,10.42,31,70,94,73,88,76,77.71,PARTIAL,,2026-05-22 21:00:00,SYNTHETIC_DEMO
RES-03280,DON-00192,REST-TG13-022,REC-TG13-014,VOL-TG13-005,Mahabubabad,vegetables,92,15.22,55,72,80,90,57,59,69.63,RESCUED,,2026-07-14 08:00:00,SYNTHETIC_DEMO
RES-03281,DON-02475,REST-TG14-112,REC-TG14-018,VOL-TG14-005,Mahabubnagar,biryani,56,13.79,32,65,86,61,55,70,67.0,PARTIAL,,2026-08-07 00:00:00,SYNTHETIC_DEMO
RES-03282,DON-02360,REST-TG15-078,REC-TG15-005,VOL-TG15-003,Mancherial,sandwich,38,31.89,67,68,89,98,50,82,61.52,RESCUED,,2026-09-05 20:00:00,SYNTHETIC_DEMO
RES-03283,DON-01471,REST-TG16-131,REC-TG16-012,VOL-TG16-008,Medak,cooked_meal,101,21.29,77,88,70,86,95,99,73.69,RESCUED,,2026-09-05 23:00:00,SYNTHETIC_DEMO
RES-03284,DON-02087,REST-TG17-026,REC-TG17-010,VOL-TG17-001,Medchal-Malkajgiri,pulao,59,4.76,10,71,46,70,53,64,67.2,RESCUED,,2026-07-26 01:00:00,SYNTHETIC_DEMO
RES-03285,DON-02643,REST-TG18-075,REC-TG18-019,VOL-TG18-002,Mulugu,pulao,107,29.66,109,67,55,74,82,53,52.81,RESCUED,,2026-07-16 19:00:00,SYNTHETIC_DEMO
RES-03286,DON-02826,REST-TG19-111,REC-TG19-001,VOL-TG19-006,Nagarkurnool,rice,38,13.66,43,69,95,61,92,63,72.69,PARTIAL,,2026-06-12 19:00:00,SYNTHETIC_DEMO
RES-03287,DON-01890,REST-TG20-044,REC-TG20-005,VOL-TG20-006,Nalgonda,packaged_food,50,32.95,82,99,79,85,95,99,69.21,PARTIAL,,2026-06-24 19:00:00,SYNTHETIC_DEMO
RES-03288,DON-00555,REST-TG21-043,REC-TG21-009,VOL-TG21-004,Narayanpet,sandwich,92,17.45,38,82,71,92,90,67,72.64,PARTIAL,,2026-06-18 08:00:00,SYNTHETIC_DEMO
RES-03289,DON-01180,REST-TG22-020,REC-TG22-010,VOL-TG22-009,Nirmal,fruits,77,29.63,96,94,58,82,92,78,63.54,EXPIRED,expired_before_pickup,2026-08-08 15:00:00,SYNTHETIC_DEMO
RES-03290,DON-02108,REST-TG23-079,REC-TG23-013,VOL-TG23-003,Nizamabad,bakery,89,7.41,29,99,99,95,64,78,87.76,EXPIRED,expired_before_pickup,2026-09-16 23:00:00,SYNTHETIC_DEMO
RES-03291,DON-01223,REST-TG24-144,REC-TG24-012,VOL-TG24-002,Peddapalli,dal,31,29.34,79,89,87,73,71,63,63.59,EXPIRED,expired_before_pickup,2026-04-04 19:00:00,SYNTHETIC_DEMO
RES-03292,DON-01840,REST-TG25-077,REC-TG25-016,VOL-TG25-007,Rajanna Sircilla,packaged_food,17,16.99,46,66,78,90,57,68,67.66,RESCUED,,2026-04-12 22:00:00,SYNTHETIC_DEMO
RES-03293,DON-02098,REST-TG26-120,REC-TG26-016,VOL-TG26-008,Rangareddy,bakery,90,26.83,95,94,75,83,94,88,70.29,MISSED,recipient_capacity_full,2026-04-23 21:00:00,SYNTHETIC_DEMO
RES-03294,DON-01205,REST-TG27-147,REC-TG27-012,VOL-TG27-010,Sangareddy,packaged_food,42,17.98,65,68,47,64,86,57,59.06,RESCUED,,2026-06-17 00:00:00,SYNTHETIC_DEMO
RES-03295,DON-00122,REST-TG28-113,REC-TG28-010,VOL-TG28-005,Siddipet,sandwich,34,29.78,75,72,59,95,82,75,59.88,MISSED,expired_before_pickup,2026-09-09 19:00:00,SYNTHETIC_DEMO
RES-03296,DON-02706,REST-TG29-015,REC-TG29-020,VOL-TG29-001,Suryapet,vegetables,79,34.71,95,80,58,62,72,51,49.41,PARTIAL,,2026-06-01 23:00:00,SYNTHETIC_DEMO
RES-03297,DON-02767,REST-TG30-002,REC-TG30-013,VOL-TG30-003,Vikarabad,cooked_meal,20,27.56,69,81,69,84,76,80,63.51,EXPIRED,recipient_capacity_full,2026-03-30 14:00:00,SYNTHETIC_DEMO
RES-03298,DON-01427,REST-TG31-006,REC-TG31-020,VOL-TG31-002,Wanaparthy,rice,60,28.94,87,69,55,92,92,65,58.63,EXPIRED,recipient_capacity_full,2026-06-03 10:00:00,SYNTHETIC_DEMO
RES-03299,DON-00380,REST-TG32-111,REC-TG32-016,VOL-TG32-001,Warangal,fruits,56,5.04,18,65,60,87,60,74,72.85,RESCUED,,2026-07-20 16:00:00,SYNTHETIC_DEMO
RES-03300,DON-00296,REST-TG33-075,REC-TG33-012,VOL-TG33-010,Yadadri Bhuvanagiri,bakery,90,5.49,13,84,53,84,51,63,72.48,RESCUED,,2026-08-08 09:00:00,SYNTHETIC_DEMO
RES-03301,DON-02991,REST-TG01-074,REC-TG01-015,VOL-TG01-009,Adilabad,pulao,70,26.66,105,79,58,76,58,68,57.36,RESCUED,,2026-06-11 10:00:00,SYNTHETIC_DEMO
RES-03302,DON-03000,REST-TG02-096,REC-TG02-016,VOL-TG02-002,Bhadradri Kothagudem,dal,55,10.6,33,86,81,77,57,68,74.88,MISSED,recipient_capacity_full,2026-06-01 14:00:00,SYNTHETIC_DEMO
RES-03303,DON-00036,REST-TG03-040,REC-TG03-010,VOL-TG03-002,Hanumakonda,biryani,57,15.02,51,91,52,70,63,65,66.17,MISSED,recipient_capacity_full,2026-07-26 09:00:00,SYNTHETIC_DEMO
RES-03304,DON-00739,REST-TG04-051,REC-TG04-002,VOL-TG04-002,Hyderabad,bakery,29,34.99,96,69,86,82,98,99,63.01,PARTIAL,,2026-04-23 12:00:00,SYNTHETIC_DEMO
RES-03305,DON-00460,REST-TG05-104,REC-TG05-009,VOL-TG05-005,Jagtial,packaged_food,40,9.58,24,74,86,76,92,76,78.36,RESCUED,,2026-03-29 20:00:00,SYNTHETIC_DEMO
RES-03306,DON-01883,REST-TG06-080,REC-TG06-011,VOL-TG06-002,Jangaon,cooked_meal,18,27.37,60,91,48,90,96,77,64.05,EXPIRED,expired_before_pickup,2026-08-27 17:00:00,SYNTHETIC_DEMO
RES-03307,DON-00773,REST-TG07-084,REC-TG07-005,VOL-TG07-004,Jayashankar Bhupalpally,fruits,110,24.16,53,75,74,65,60,86,61.89,RESCUED,,2026-09-10 20:00:00,SYNTHETIC_DEMO
RES-03308,DON-00612,REST-TG08-138,REC-TG08-018,VOL-TG08-004,Jogulamba Gadwal,pulao,46,1.36,5,87,50,78,59,82,77.23,PARTIAL,,2026-06-30 19:00:00,SYNTHETIC_DEMO
RES-03309,DON-00987,REST-TG09-010,REC-TG09-006,VOL-TG09-009,Kamareddy,cooked_meal,108,4.49,17,74,63,65,79,65,73.34,MISSED,traffic_delay,2026-08-06 15:00:00,SYNTHETIC_DEMO
RES-03310,DON-02622,REST-TG10-096,REC-TG10-015,VOL-TG10-007,Karimnagar,cooked_meal,26,7.75,27,65,68,70,54,97,71.66,MISSED,expired_before_pickup,2026-06-05 01:00:00,SYNTHETIC_DEMO
RES-03311,DON-00152,REST-TG11-014,REC-TG11-009,VOL-TG11-009,Khammam,packaged_food,91,34.88,116,93,100,77,97,91,69.04,RESCUED,,2026-07-23 07:00:00,SYNTHETIC_DEMO
RES-03312,DON-02292,REST-TG12-046,REC-TG12-019,VOL-TG12-008,Kumuram Bheem,bread,83,4.51,10,67,62,94,60,86,76.28,RESCUED,,2026-05-14 09:00:00,SYNTHETIC_DEMO
RES-03313,DON-00018,REST-TG13-077,REC-TG13-014,VOL-TG13-009,Mahabubabad,rice,40,27.65,93,78,76,100,53,88,65.15,MISSED,recipient_capacity_full,2026-06-02 05:00:00,SYNTHETIC_DEMO
RES-03314,DON-01050,REST-TG14-027,REC-TG14-008,VOL-TG14-002,Mahabubnagar,cooked_meal,87,17.67,63,83,61,77,57,92,67.63,RESCUED,,2026-07-19 16:00:00,SYNTHETIC_DEMO
RES-03315,DON-00722,REST-TG15-064,REC-TG15-016,VOL-TG15-005,Mancherial,biryani,29,18.85,47,99,74,60,98,91,74.04,RESCUED,,2026-03-31 03:00:00,SYNTHETIC_DEMO
RES-03316,DON-02321,REST-TG16-083,REC-TG16-013,VOL-TG16-003,Medak,sandwich,44,24.4,56,76,78,94,69,64,65.77,RESCUED,,2026-04-18 20:00:00,SYNTHETIC_DEMO
RES-03317,DON-00957,REST-TG17-029,REC-TG17-015,VOL-TG17-001,Medchal-Malkajgiri,packaged_food,30,23.25,85,79,91,98,75,55,70.09,RESCUED,,2026-09-03 08:00:00,SYNTHETIC_DEMO
RES-03318,DON-01654,REST-TG18-005,REC-TG18-013,VOL-TG18-002,Mulugu,roti,62,25.22,77,86,47,60,81,76,58.29,MISSED,volunteer_unavailable,2026-09-18 01:00:00,SYNTHETIC_DEMO
RES-03319,DON-02692,REST-TG19-131,REC-TG19-001,VOL-TG19-001,Nagarkurnool,bread,70,20.68,64,65,90,93,94,53,69.88,RESCUED,,2026-09-16 22:00:00,SYNTHETIC_DEMO
RES-03320,DON-00065,REST-TG20-125,REC-TG20-013,VOL-TG20-003,Nalgonda,roti,93,28.66,64,73,59,68,93,81,58.53,RESCUED,,2026-09-13 08:00:00,SYNTHETIC_DEMO
RES-03321,DON-01948,REST-TG21-145,REC-TG21-009,VOL-TG21-008,Narayanpet,dal,35,14.62,54,65,100,98,50,90,76.26,EXPIRED,expired_before_pickup,2026-07-02 04:00:00,SYNTHETIC_DEMO
RES-03322,DON-01295,REST-TG22-136,REC-TG22-003,VOL-TG22-002,Nirmal,sandwich,71,25.25,90,99,95,67,87,61,70.61,MISSED,expired_before_pickup,2026-04-18 02:00:00,SYNTHETIC_DEMO
RES-03323,DON-00236,REST-TG23-116,REC-TG23-013,VOL-TG23-002,Nizamabad,bakery,103,32.65,68,87,64,68,52,61,53.38,RESCUED,,2026-08-13 03:00:00,SYNTHETIC_DEMO
RES-03324,DON-00311,REST-TG24-082,REC-TG24-016,VOL-TG24-004,Peddapalli,sandwich,13,23.89,49,91,75,78,93,86,70.74,RESCUED,,2026-05-18 12:00:00,SYNTHETIC_DEMO
RES-03325,DON-00805,REST-TG25-080,REC-TG25-014,VOL-TG25-003,Rajanna Sircilla,bakery,64,26.35,61,74,66,95,68,60,61.23,RESCUED,,2026-07-31 22:00:00,SYNTHETIC_DEMO
RES-03326,DON-01666,REST-TG26-003,REC-TG26-012,VOL-TG26-004,Rangareddy,cooked_meal,66,28.83,84,67,78,76,71,62,58.11,MISSED,traffic_delay,2026-08-21 18:00:00,SYNTHETIC_DEMO
RES-03327,DON-02754,REST-TG27-103,REC-TG27-002,VOL-TG27-003,Sangareddy,packaged_food,40,10.44,41,68,58,60,57,68,64.24,RESCUED,,2026-07-02 06:00:00,SYNTHETIC_DEMO
RES-03328,DON-00954,REST-TG28-055,REC-TG28-016,VOL-TG28-010,Siddipet,bread,85,2.5,6,78,67,88,83,50,78.71,RESCUED,,2026-08-06 09:00:00,SYNTHETIC_DEMO
RES-03329,DON-00861,REST-TG29-086,REC-TG29-013,VOL-TG29-004,Suryapet,sandwich,70,3.42,9,80,57,63,98,85,77.71,EXPIRED,expired_before_pickup,2026-04-21 10:00:00,SYNTHETIC_DEMO
RES-03330,DON-00626,REST-TG30-128,REC-TG30-018,VOL-TG30-003,Vikarabad,bread,31,26.95,90,85,82,63,59,88,63.3,PARTIAL,,2026-06-15 14:00:00,SYNTHETIC_DEMO
RES-03331,DON-01718,REST-TG31-110,REC-TG31-004,VOL-TG31-007,Wanaparthy,biryani,72,0.99,5,75,65,89,96,97,84.94,RESCUED,,2026-07-16 23:00:00,SYNTHETIC_DEMO
RES-03332,DON-02218,REST-TG32-082,REC-TG32-012,VOL-TG32-004,Warangal,fruits,75,14.69,35,76,72,100,83,54,72.81,RESCUED,,2026-06-06 10:00:00,SYNTHETIC_DEMO
RES-03333,DON-01435,REST-TG33-095,REC-TG33-015,VOL-TG33-001,Yadadri Bhuvanagiri,bakery,97,23.86,60,97,93,71,56,92,71.41,RESCUED,,2026-05-15 17:00:00,SYNTHETIC_DEMO
RES-03334,DON-01595,REST-TG01-024,REC-TG01-001,VOL-TG01-004,Adilabad,bread,15,17.62,67,80,55,80,88,61,66.31,EXPIRED,recipient_capacity_full,2026-06-24 07:00:00,SYNTHETIC_DEMO
RES-03335,DON-00932,REST-TG02-147,REC-TG02-014,VOL-TG02-004,Bhadradri Kothagudem,pulao,33,16.32,52,95,57,61,61,84,67.39,MISSED,traffic_delay,2026-03-31 22:00:00,SYNTHETIC_DEMO
RES-03336,DON-00900,REST-TG03-117,REC-TG03-013,VOL-TG03-006,Hanumakonda,biryani,22,32.8,68,95,75,98,89,92,68.37,MISSED,volunteer_unavailable,2026-08-11 18:00:00,SYNTHETIC_DEMO
RES-03337,DON-01625,REST-TG04-101,REC-TG04-013,VOL-TG04-009,Hyderabad,biryani,25,4.48,17,68,97,82,94,96,86.1,RESCUED,,2026-04-27 17:00:00,SYNTHETIC_DEMO
RES-03338,DON-00070,REST-TG05-114,REC-TG05-017,VOL-TG05-002,Jagtial,cooked_meal,81,7.7,26,92,81,61,94,62,78.85,RESCUED,,2026-06-17 11:00:00,SYNTHETIC_DEMO
RES-03339,DON-01409,REST-TG06-049,REC-TG06-004,VOL-TG06-008,Jangaon,bakery,86,25.5,95,68,80,74,78,84,63.69,EXPIRED,volunteer_unavailable,2026-05-01 16:00:00,SYNTHETIC_DEMO
RES-03340,DON-01657,REST-TG07-032,REC-TG07-004,VOL-TG07-009,Jayashankar Bhupalpally,sandwich,108,17.63,36,82,81,98,79,69,74.51,PARTIAL,,2026-07-24 10:00:00,SYNTHETIC_DEMO
RES-03341,DON-01683,REST-TG08-142,REC-TG08-005,VOL-TG08-008,Jogulamba Gadwal,bread,38,25.92,83,86,88,61,77,91,67.24,MISSED,expired_before_pickup,2026-05-02 10:00:00,SYNTHETIC_DEMO
RES-03342,DON-00065,REST-TG09-060,REC-TG09-011,VOL-TG09-008,Kamareddy,fruits,78,28.6,107,76,72,89,71,100,64.62,MISSED,recipient_capacity_full,2026-08-29 00:00:00,SYNTHETIC_DEMO
RES-03343,DON-00215,REST-TG10-009,REC-TG10-005,VOL-TG10-003,Karimnagar,sandwich,99,7.99,17,76,63,77,81,60,72.74,MISSED,expired_before_pickup,2026-08-23 21:00:00,SYNTHETIC_DEMO
RES-03344,DON-02059,REST-TG11-082,REC-TG11-020,VOL-TG11-009,Khammam,sandwich,78,21.6,71,92,81,60,100,73,70.47,PARTIAL,,2026-07-24 22:00:00,SYNTHETIC_DEMO
RES-03345,DON-02338,REST-TG12-029,REC-TG12-008,VOL-TG12-006,Kumuram Bheem,fruits,99,26.16,64,85,82,61,89,57,63.46,PARTIAL,,2026-04-06 23:00:00,SYNTHETIC_DEMO
RES-03346,DON-00348,REST-TG13-143,REC-TG13-019,VOL-TG13-006,Mahabubabad,bakery,58,32.52,68,76,82,100,61,60,60.47,PARTIAL,,2026-06-17 12:00:00,SYNTHETIC_DEMO
RES-03347,DON-01986,REST-TG14-077,REC-TG14-008,VOL-TG14-003,Mahabubnagar,roti,12,16.6,51,69,62,68,78,99,67.24,MISSED,expired_before_pickup,2026-08-16 13:00:00,SYNTHETIC_DEMO
RES-03348,DON-02561,REST-TG15-058,REC-TG15-006,VOL-TG15-003,Mancherial,biryani,69,33.6,104,95,46,93,79,52,56.25,RESCUED,,2026-08-06 18:00:00,SYNTHETIC_DEMO
RES-03349,DON-02251,REST-TG16-055,REC-TG16-005,VOL-TG16-004,Medak,biryani,72,20.85,41,82,62,74,73,85,65.81,EXPIRED,recipient_capacity_full,2026-08-08 18:00:00,SYNTHETIC_DEMO
RES-03350,DON-01720,REST-TG17-134,REC-TG17-014,VOL-TG17-007,Medchal-Malkajgiri,vegetables,39,17.75,54,68,72,78,70,96,68.62,MISSED,volunteer_unavailable,2026-04-02 16:00:00,SYNTHETIC_DEMO
RES-03351,DON-01072,REST-TG18-004,REC-TG18-005,VOL-TG18-004,Mulugu,rice,13,33.36,103,68,64,89,93,71,57.32,RESCUED,,2026-07-31 08:00:00,SYNTHETIC_DEMO
RES-03352,DON-00803,REST-TG19-149,REC-TG19-013,VOL-TG19-005,Nagarkurnool,sandwich,12,19.01,70,74,79,63,53,88,65.57,MISSED,recipient_capacity_full,2026-08-17 08:00:00,SYNTHETIC_DEMO
RES-03353,DON-01727,REST-TG20-047,REC-TG20-006,VOL-TG20-005,Nalgonda,bread,58,0.75,5,99,99,77,67,71,89.41,PARTIAL,,2026-09-20 04:00:00,SYNTHETIC_DEMO
RES-03354,DON-00550,REST-TG21-030,REC-TG21-006,VOL-TG21-002,Narayanpet,fruits,37,12.99,30,96,60,72,71,91,73.92,MISSED,traffic_delay,2026-05-06 00:00:00,SYNTHETIC_DEMO
RES-03355,DON-01345,REST-TG22-113,REC-TG22-009,VOL-TG22-006,Nirmal,bakery,101,28.81,76,73,91,72,62,69,61.12,RESCUED,,2026-03-29 19:00:00,SYNTHETIC_DEMO
RES-03356,DON-01413,REST-TG23-080,REC-TG23-012,VOL-TG23-007,Nizamabad,packaged_food,54,30.94,117,89,48,77,75,89,58.25,PARTIAL,,2026-06-13 06:00:00,SYNTHETIC_DEMO
RES-03357,DON-00128,REST-TG24-126,REC-TG24-013,VOL-TG24-009,Peddapalli,bread,109,1.11,5,83,75,61,95,56,80.06,PARTIAL,,2026-04-17 21:00:00,SYNTHETIC_DEMO
RES-03358,DON-00564,REST-TG25-069,REC-TG25-008,VOL-TG25-010,Rajanna Sircilla,dal,37,27.51,63,86,67,76,72,81,62.65,RESCUED,,2026-05-25 18:00:00,SYNTHETIC_DEMO
RES-03359,DON-01457,REST-TG26-091,REC-TG26-002,VOL-TG26-002,Rangareddy,bread,28,19.85,47,97,65,96,95,99,77.02,EXPIRED,expired_before_pickup,2026-04-27 08:00:00,SYNTHETIC_DEMO
RES-03360,DON-00555,REST-TG27-101,REC-TG27-004,VOL-TG27-008,Sangareddy,sandwich,47,10.81,29,70,89,72,72,80,75.08,PARTIAL,,2026-07-24 04:00:00,SYNTHETIC_DEMO
RES-03361,DON-01912,REST-TG28-118,REC-TG28-013,VOL-TG28-001,Siddipet,dal,115,6.94,16,96,51,89,72,67,76.69,RESCUED,,2026-05-21 08:00:00,SYNTHETIC_DEMO
RES-03362,DON-02149,REST-TG29-113,REC-TG29-005,VOL-TG29-005,Suryapet,sandwich,79,11.86,41,96,93,99,54,56,80.18,MISSED,expired_before_pickup,2026-07-20 12:00:00,SYNTHETIC_DEMO
RES-03363,DON-00369,REST-TG30-027,REC-TG30-002,VOL-TG30-006,Vikarabad,sandwich,40,1.83,5,76,57,81,94,50,76.84,PARTIAL,,2026-05-27 23:00:00,SYNTHETIC_DEMO
RES-03364,DON-01685,REST-TG31-071,REC-TG31-001,VOL-TG31-005,Wanaparthy,biryani,115,34.08,134,92,95,68,67,67,61.66,PARTIAL,,2026-04-25 04:00:00,SYNTHETIC_DEMO
RES-03365,DON-02685,REST-TG32-124,REC-TG32-006,VOL-TG32-006,Warangal,sandwich,100,17.32,60,79,95,93,68,94,77.58,EXPIRED,traffic_delay,2026-09-12 09:00:00,SYNTHETIC_DEMO
RES-03366,DON-00531,REST-TG33-013,REC-TG33-001,VOL-TG33-005,Yadadri Bhuvanagiri,bakery,75,9.88,27,87,97,95,82,78,84.99,RESCUED,,2026-06-25 16:00:00,SYNTHETIC_DEMO
RES-03367,DON-02646,REST-TG01-138,REC-TG01-005,VOL-TG01-001,Adilabad,vegetables,110,6.35,21,97,65,65,98,61,78.51,PARTIAL,,2026-07-01 11:00:00,SYNTHETIC_DEMO
RES-03368,DON-02827,REST-TG02-138,REC-TG02-018,VOL-TG02-002,Bhadradri Kothagudem,pulao,31,18.22,72,89,86,78,100,68,75.49,MISSED,traffic_delay,2026-06-26 05:00:00,SYNTHETIC_DEMO
RES-03369,DON-02234,REST-TG03-008,REC-TG03-001,VOL-TG03-009,Hanumakonda,cooked_meal,88,9.79,27,91,49,67,98,97,75.56,PARTIAL,,2026-03-30 13:00:00,SYNTHETIC_DEMO
RES-03370,DON-01907,REST-TG04-148,REC-TG04-020,VOL-TG04-005,Hyderabad,biryani,99,21.36,83,79,47,99,93,54,64.49,PARTIAL,,2026-05-28 20:00:00,SYNTHETIC_DEMO
RES-03371,DON-00298,REST-TG05-101,REC-TG05-007,VOL-TG05-002,Jagtial,fruits,80,3.29,9,92,53,68,74,52,74.45,MISSED,expired_before_pickup,2026-07-08 10:00:00,SYNTHETIC_DEMO
RES-03372,DON-00268,REST-TG06-146,REC-TG06-008,VOL-TG06-005,Jangaon,packaged_food,87,30.62,108,72,47,65,70,56,49.28,MISSED,expired_before_pickup,2026-03-30 01:00:00,SYNTHETIC_DEMO
RES-03373,DON-02938,REST-TG07-023,REC-TG07-017,VOL-TG07-009,Jayashankar Bhupalpally,bread,88,27.41,107,87,58,89,95,56,62.87,PARTIAL,,2026-03-31 23:00:00,SYNTHETIC_DEMO
RES-03374,DON-00182,REST-TG08-107,REC-TG08-020,VOL-TG08-002,Jogulamba Gadwal,sandwich,78,32.94,121,67,77,71,81,93,58.32,MISSED,recipient_capacity_full,2026-05-12 09:00:00,SYNTHETIC_DEMO
RES-03375,DON-02606,REST-TG09-093,REC-TG09-020,VOL-TG09-004,Kamareddy,biryani,63,1.6,5,74,86,83,55,89,82.71,RESCUED,,2026-05-02 18:00:00,SYNTHETIC_DEMO
RES-03376,DON-00743,REST-TG10-021,REC-TG10-008,VOL-TG10-010,Karimnagar,pulao,10,13.95,33,66,58,68,59,65,62.44,MISSED,traffic_delay,2026-08-02 05:00:00,SYNTHETIC_DEMO
RES-03377,DON-00657,REST-TG11-044,REC-TG11-002,VOL-TG11-003,Khammam,sandwich,67,3.79,12,93,54,71,75,99,79.74,EXPIRED,volunteer_unavailable,2026-09-21 11:00:00,SYNTHETIC_DEMO
RES-03378,DON-02585,REST-TG12-004,REC-TG12-010,VOL-TG12-002,Kumuram Bheem,biryani,64,32.08,115,80,52,69,83,79,55.04,RESCUED,,2026-07-28 22:00:00,SYNTHETIC_DEMO
RES-03379,DON-02210,REST-TG13-102,REC-TG13-020,VOL-TG13-003,Mahabubabad,rice,80,27.32,83,78,59,78,57,62,56.49,PARTIAL,,2026-06-14 12:00:00,SYNTHETIC_DEMO
RES-03380,DON-02968,REST-TG14-008,REC-TG14-008,VOL-TG14-008,Mahabubnagar,bakery,52,9.01,32,72,98,64,97,84,80.26,RESCUED,,2026-08-05 04:00:00,SYNTHETIC_DEMO
RES-03381,DON-00812,REST-TG15-069,REC-TG15-012,VOL-TG15-003,Mancherial,rice,116,16.03,49,83,54,70,51,99,66.45,MISSED,volunteer_unavailable,2026-05-11 17:00:00,SYNTHETIC_DEMO
RES-03382,DON-00040,REST-TG16-042,REC-TG16-013,VOL-TG16-006,Medak,bread,96,10.06,34,79,88,89,85,95,82.56,RESCUED,,2026-04-03 06:00:00,SYNTHETIC_DEMO
RES-03383,DON-01417,REST-TG17-053,REC-TG17-019,VOL-TG17-005,Medchal-Malkajgiri,fruits,32,17.42,59,65,47,90,58,82,62.46,EXPIRED,recipient_capacity_full,2026-09-11 12:00:00,SYNTHETIC_DEMO
RES-03384,DON-02984,REST-TG18-051,REC-TG18-010,VOL-TG18-001,Mulugu,rice,64,15.9,51,80,63,62,60,70,64.54,RESCUED,,2026-07-24 17:00:00,SYNTHETIC_DEMO
RES-03385,DON-02278,REST-TG19-108,REC-TG19-002,VOL-TG19-006,Nagarkurnool,vegetables,116,2.48,7,68,62,89,52,81,75.88,RESCUED,,2026-09-17 16:00:00,SYNTHETIC_DEMO
RES-03386,DON-01115,REST-TG20-135,REC-TG20-004,VOL-TG20-006,Nalgonda,roti,39,33.72,86,68,77,94,78,79,59.71,PARTIAL,,2026-07-10 16:00:00,SYNTHETIC_DEMO
RES-03387,DON-01191,REST-TG21-066,REC-TG21-010,VOL-TG21-009,Narayanpet,sandwich,54,9.78,21,78,77,94,57,77,76.51,MISSED,traffic_delay,2026-07-15 13:00:00,SYNTHETIC_DEMO
RES-03388,DON-01164,REST-TG22-133,REC-TG22-019,VOL-TG22-004,Nirmal,sandwich,95,25.18,58,80,97,73,79,63,67.56,RESCUED,,2026-06-26 13:00:00,SYNTHETIC_DEMO
RES-03389,DON-01055,REST-TG23-097,REC-TG23-004,VOL-TG23-004,Nizamabad,dal,20,20.47,73,69,97,74,73,96,71.58,PARTIAL,,2026-06-15 16:00:00,SYNTHETIC_DEMO
RES-03390,DON-01739,REST-TG24-107,REC-TG24-011,VOL-TG24-006,Peddapalli,bakery,120,32.45,118,83,50,100,75,85,59.42,RESCUED,,2026-08-24 00:00:00,SYNTHETIC_DEMO
RES-03391,DON-00022,REST-TG25-015,REC-TG25-008,VOL-TG25-010,Rajanna Sircilla,rice,46,0.93,5,94,100,70,60,62,85.84,EXPIRED,traffic_delay,2026-07-27 16:00:00,SYNTHETIC_DEMO
RES-03392,DON-01297,REST-TG26-130,REC-TG26-003,VOL-TG26-004,Rangareddy,packaged_food,36,14.95,30,82,62,90,50,52,66.82,EXPIRED,traffic_delay,2026-09-06 00:00:00,SYNTHETIC_DEMO
RES-03393,DON-01180,REST-TG27-076,REC-TG27-003,VOL-TG27-001,Sangareddy,bread,67,4.83,16,90,67,70,87,87,80.85,PARTIAL,,2026-05-24 03:00:00,SYNTHETIC_DEMO
RES-03394,DON-01813,REST-TG28-111,REC-TG28-016,VOL-TG28-008,Siddipet,rice,80,21.19,56,89,55,86,86,52,65.36,RESCUED,,2026-05-01 19:00:00,SYNTHETIC_DEMO
RES-03395,DON-01139,REST-TG29-094,REC-TG29-011,VOL-TG29-008,Suryapet,biryani,63,33.59,69,97,67,96,54,53,58.91,RESCUED,,2026-07-24 11:00:00,SYNTHETIC_DEMO
RES-03396,DON-02806,REST-TG30-107,REC-TG30-020,VOL-TG30-003,Vikarabad,bread,82,6.71,20,97,84,93,90,62,85.56,RESCUED,,2026-07-01 09:00:00,SYNTHETIC_DEMO
RES-03397,DON-01952,REST-TG31-137,REC-TG31-014,VOL-TG31-003,Wanaparthy,cooked_meal,72,33.65,76,65,48,77,88,84,52.31,RESCUED,,2026-05-15 12:00:00,SYNTHETIC_DEMO
RES-03398,DON-00223,REST-TG32-078,REC-TG32-007,VOL-TG32-010,Warangal,biryani,115,19.41,67,91,81,60,65,58,66.84,EXPIRED,traffic_delay,2026-09-17 22:00:00,SYNTHETIC_DEMO
RES-03399,DON-01323,REST-TG33-002,REC-TG33-017,VOL-TG33-008,Yadadri Bhuvanagiri,biryani,76,22.09,68,76,91,82,70,53,67.22,RESCUED,,2026-09-01 05:00:00,SYNTHETIC_DEMO
RES-03400,DON-02974,REST-TG01-048,REC-TG01-006,VOL-TG01-010,Adilabad,bakery,40,7.27,17,88,67,63,51,57,71.06,MISSED,recipient_capacity_full,2026-07-22 01:00:00,SYNTHETIC_DEMO
RES-03401,DON-02622,REST-TG02-006,REC-TG02-004,VOL-TG02-002,Bhadradri Kothagudem,cooked_meal,42,6.48,23,98,72,66,74,75,79.17,RESCUED,,2026-08-12 13:00:00,SYNTHETIC_DEMO
RES-03402,DON-02176,REST-TG03-136,REC-TG03-017,VOL-TG03-007,Hanumakonda,pulao,78,14.66,51,74,90,61,82,79,72.58,EXPIRED,expired_before_pickup,2026-07-07 06:00:00,SYNTHETIC_DEMO
RES-03403,DON-01969,REST-TG04-070,REC-TG04-012,VOL-TG04-004,Hyderabad,rice,62,6.73,23,96,56,96,62,90,80.19,EXPIRED,traffic_delay,2026-08-09 09:00:00,SYNTHETIC_DEMO
RES-03404,DON-00448,REST-TG05-147,REC-TG05-003,VOL-TG05-003,Jagtial,cooked_meal,59,34.22,88,68,51,80,98,52,51.36,EXPIRED,recipient_capacity_full,2026-09-01 08:00:00,SYNTHETIC_DEMO
RES-03405,DON-00566,REST-TG06-024,REC-TG06-001,VOL-TG06-003,Jangaon,cooked_meal,49,16.37,54,99,65,84,57,67,71.11,RESCUED,,2026-09-13 23:00:00,SYNTHETIC_DEMO
RES-03406,DON-00948,REST-TG07-140,REC-TG07-004,VOL-TG07-008,Jayashankar Bhupalpally,pulao,46,8.35,20,80,80,85,51,97,78.59,RESCUED,,2026-07-09 19:00:00,SYNTHETIC_DEMO
RES-03407,DON-01107,REST-TG08-030,REC-TG08-015,VOL-TG08-006,Jogulamba Gadwal,fruits,48,34.38,118,95,78,92,78,77,64.34,EXPIRED,recipient_capacity_full,2026-07-02 17:00:00,SYNTHETIC_DEMO
RES-03408,DON-00773,REST-TG09-101,REC-TG09-007,VOL-TG09-001,Kamareddy,bakery,36,27.91,66,66,100,83,73,97,67.71,EXPIRED,recipient_capacity_full,2026-07-08 03:00:00,SYNTHETIC_DEMO
RES-03409,DON-00323,REST-TG10-053,REC-TG10-013,VOL-TG10-010,Karimnagar,fruits,55,26.03,84,69,50,86,75,82,58.81,RESCUED,,2026-07-22 08:00:00,SYNTHETIC_DEMO
RES-03410,DON-01606,REST-TG11-116,REC-TG11-004,VOL-TG11-001,Khammam,cooked_meal,35,12.87,41,76,74,69,53,64,67.86,RESCUED,,2026-08-26 09:00:00,SYNTHETIC_DEMO
RES-03411,DON-01289,REST-TG12-026,REC-TG12-004,VOL-TG12-008,Kumuram Bheem,bread,14,23.19,57,70,55,96,71,50,59.94,PARTIAL,,2026-05-11 04:00:00,SYNTHETIC_DEMO
RES-03412,DON-02706,REST-TG13-006,REC-TG13-002,VOL-TG13-001,Mahabubabad,roti,56,20.95,71,72,82,67,63,79,65.09,RESCUED,,2026-04-19 19:00:00,SYNTHETIC_DEMO
RES-03413,DON-00685,REST-TG14-123,REC-TG14-017,VOL-TG14-003,Mahabubnagar,fruits,55,28.86,113,83,78,69,91,54,61.44,RESCUED,,2026-06-19 08:00:00,SYNTHETIC_DEMO
RES-03414,DON-00047,REST-TG15-086,REC-TG15-015,VOL-TG15-003,Mancherial,bakery,88,16.75,55,78,59,92,91,62,69.54,EXPIRED,volunteer_unavailable,2026-08-02 17:00:00,SYNTHETIC_DEMO
RES-03415,DON-01187,REST-TG16-063,REC-TG16-016,VOL-TG16-001,Medak,roti,46,10.48,30,70,86,69,84,67,74.16,EXPIRED,expired_before_pickup,2026-07-21 04:00:00,SYNTHETIC_DEMO
RES-03416,DON-02340,REST-TG17-066,REC-TG17-010,VOL-TG17-009,Medchal-Malkajgiri,rice,55,28.47,93,86,58,90,69,90,62.86,RESCUED,,2026-09-18 07:00:00,SYNTHETIC_DEMO
RES-03417,DON-01430,REST-TG18-004,REC-TG18-017,VOL-TG18-006,Mulugu,rice,115,25.99,92,100,77,68,74,78,67.24,MISSED,volunteer_unavailable,2026-05-05 15:00:00,SYNTHETIC_DEMO
RES-03418,DON-00103,REST-TG19-115,REC-TG19-003,VOL-TG19-006,Nagarkurnool,fruits,12,32.18,77,74,52,82,62,81,53.81,MISSED,traffic_delay,2026-06-19 22:00:00,SYNTHETIC_DEMO
RES-03419,DON-01916,REST-TG20-059,REC-TG20-001,VOL-TG20-002,Nalgonda,sandwich,84,24.91,80,91,93,68,96,73,71.11,EXPIRED,traffic_delay,2026-04-13 01:00:00,SYNTHETIC_DEMO
RES-03420,DON-00600,REST-TG21-146,REC-TG21-014,VOL-TG21-009,Narayanpet,bakery,83,24.61,88,92,54,76,79,75,63.42,PARTIAL,,2026-08-07 18:00:00,SYNTHETIC_DEMO
RES-03421,DON-00928,REST-TG22-084,REC-TG22-007,VOL-TG22-002,Nirmal,bread,106,18.22,56,74,57,93,64,96,68.14,EXPIRED,volunteer_unavailable,2026-04-10 15:00:00,SYNTHETIC_DEMO
RES-03422,DON-01362,REST-TG23-136,REC-TG23-006,VOL-TG23-003,Nizamabad,packaged_food,46,22.28,48,93,77,100,93,95,76.89,RESCUED,,2026-06-11 23:00:00,SYNTHETIC_DEMO
RES-03423,DON-01469,REST-TG24-021,REC-TG24-013,VOL-TG24-001,Peddapalli,bread,72,5.58,12,71,58,71,50,98,72.26,PARTIAL,,2026-04-01 18:00:00,SYNTHETIC_DEMO
RES-03424,DON-00230,REST-TG25-062,REC-TG25-001,VOL-TG25-010,Rajanna Sircilla,bread,36,23.33,70,77,94,72,56,64,65.34,MISSED,recipient_capacity_full,2026-04-08 07:00:00,SYNTHETIC_DEMO
RES-03425,DON-01165,REST-TG26-121,REC-TG26-011,VOL-TG26-001,Rangareddy,bakery,19,6.64,19,96,58,69,59,57,73.01,MISSED,volunteer_unavailable,2026-04-30 01:00:00,SYNTHETIC_DEMO
RES-03426,DON-02328,REST-TG27-111,REC-TG27-016,VOL-TG27-010,Sangareddy,bakery,45,6.22,15,97,74,92,58,81,82.46,MISSED,traffic_delay,2026-08-23 23:00:00,SYNTHETIC_DEMO
RES-03427,DON-02743,REST-TG28-102,REC-TG28-008,VOL-TG28-006,Siddipet,vegetables,76,12.7,48,67,48,84,80,98,69.33,RESCUED,,2026-08-03 01:00:00,SYNTHETIC_DEMO
RES-03428,DON-02799,REST-TG29-076,REC-TG29-005,VOL-TG29-004,Suryapet,dal,32,20.23,43,91,97,97,60,90,77.7,MISSED,recipient_capacity_full,2026-04-30 06:00:00,SYNTHETIC_DEMO
RES-03429,DON-01817,REST-TG30-149,REC-TG30-014,VOL-TG30-003,Vikarabad,fruits,84,9.6,22,76,53,76,83,65,70.14,EXPIRED,volunteer_unavailable,2026-09-11 04:00:00,SYNTHETIC_DEMO
RES-03430,DON-02208,REST-TG31-092,REC-TG31-008,VOL-TG31-009,Wanaparthy,packaged_food,41,29.77,115,73,74,99,84,73,63.69,RESCUED,,2026-08-28 17:00:00,SYNTHETIC_DEMO
RES-03431,DON-02495,REST-TG32-147,REC-TG32-019,VOL-TG32-005,Warangal,cooked_meal,53,34.44,90,69,98,96,75,51,60.8,EXPIRED,volunteer_unavailable,2026-08-01 13:00:00,SYNTHETIC_DEMO
RES-03432,DON-00518,REST-TG33-038,REC-TG33-016,VOL-TG33-002,Yadadri Bhuvanagiri,pulao,118,0.85,5,71,59,62,56,65,71.79,RESCUED,,2026-07-27 08:00:00,SYNTHETIC_DEMO
RES-03433,DON-00931,REST-TG01-052,REC-TG01-006,VOL-TG01-010,Adilabad,pulao,106,5.14,18,68,87,87,73,66,79.28,RESCUED,,2026-04-27 02:00:00,SYNTHETIC_DEMO
RES-03434,DON-01592,REST-TG02-123,REC-TG02-003,VOL-TG02-006,Bhadradri Kothagudem,bakery,65,16.52,57,99,91,60,56,56,71.4,EXPIRED,recipient_capacity_full,2026-06-26 07:00:00,SYNTHETIC_DEMO
RES-03435,DON-00141,REST-TG03-037,REC-TG03-009,VOL-TG03-008,Hanumakonda,bread,59,19.44,70,94,78,95,81,85,76.36,MISSED,traffic_delay,2026-06-03 17:00:00,SYNTHETIC_DEMO
RES-03436,DON-01021,REST-TG04-105,REC-TG04-003,VOL-TG04-001,Hyderabad,pulao,106,18.29,38,90,79,78,59,97,73.04,EXPIRED,traffic_delay,2026-09-14 05:00:00,SYNTHETIC_DEMO
RES-03437,DON-02351,REST-TG05-066,REC-TG05-008,VOL-TG05-007,Jagtial,bread,12,14.26,32,65,94,93,85,98,78.86,RESCUED,,2026-07-25 14:00:00,SYNTHETIC_DEMO
RES-03438,DON-01854,REST-TG06-035,REC-TG06-020,VOL-TG06-003,Jangaon,pulao,94,31.69,78,68,90,70,60,86,59.06,RESCUED,,2026-07-11 16:00:00,SYNTHETIC_DEMO
RES-03439,DON-00343,REST-TG07-100,REC-TG07-018,VOL-TG07-008,Jayashankar Bhupalpally,bread,64,33.46,124,98,96,98,51,80,67.7,MISSED,expired_before_pickup,2026-08-07 20:00:00,SYNTHETIC_DEMO
RES-03440,DON-02683,REST-TG08-044,REC-TG08-001,VOL-TG08-009,Jogulamba Gadwal,rice,111,17.5,64,77,66,94,55,88,69.5,MISSED,recipient_capacity_full,2026-07-17 00:00:00,SYNTHETIC_DEMO
RES-03441,DON-02626,REST-TG09-020,REC-TG09-009,VOL-TG09-008,Kamareddy,dal,64,1.3,5,89,67,78,50,63,78.27,PARTIAL,,2026-07-11 12:00:00,SYNTHETIC_DEMO
RES-03442,DON-01561,REST-TG10-012,REC-TG10-015,VOL-TG10-005,Karimnagar,roti,34,23.69,78,99,73,65,95,88,70.53,RESCUED,,2026-05-22 00:00:00,SYNTHETIC_DEMO
RES-03443,DON-00415,REST-TG11-102,REC-TG11-010,VOL-TG11-001,Khammam,rice,64,29.93,104,82,46,91,74,96,59.87,RESCUED,,2026-05-13 09:00:00,SYNTHETIC_DEMO
RES-03444,DON-01060,REST-TG12-061,REC-TG12-011,VOL-TG12-001,Kumuram Bheem,packaged_food,39,25.41,57,80,92,85,90,55,68.5,EXPIRED,recipient_capacity_full,2026-06-23 15:00:00,SYNTHETIC_DEMO
RES-03445,DON-02346,REST-TG13-147,REC-TG13-018,VOL-TG13-003,Mahabubabad,bread,27,6.66,21,97,66,82,57,67,77.54,EXPIRED,recipient_capacity_full,2026-05-10 13:00:00,SYNTHETIC_DEMO
RES-03446,DON-00423,REST-TG14-090,REC-TG14-014,VOL-TG14-005,Mahabubnagar,sandwich,86,15.06,53,100,98,66,67,61,76.54,RESCUED,,2026-05-28 10:00:00,SYNTHETIC_DEMO
RES-03447,DON-02049,REST-TG15-010,REC-TG15-009,VOL-TG15-002,Mancherial,roti,50,3.49,10,71,72,81,100,71,80.36,EXPIRED,expired_before_pickup,2026-09-12 00:00:00,SYNTHETIC_DEMO
RES-03448,DON-02736,REST-TG16-005,REC-TG16-017,VOL-TG16-002,Medak,roti,99,31.37,93,96,71,72,86,90,64.39,EXPIRED,traffic_delay,2026-07-07 14:00:00,SYNTHETIC_DEMO
RES-03449,DON-02370,REST-TG17-074,REC-TG17-020,VOL-TG17-005,Medchal-Malkajgiri,rice,115,12.76,50,95,93,68,79,98,81.39,RESCUED,,2026-07-24 02:00:00,SYNTHETIC_DEMO
RES-03450,DON-02123,REST-TG18-065,REC-TG18-015,VOL-TG18-005,Mulugu,rice,105,29.16,73,72,69,81,92,59,59.62,RESCUED,,2026-05-25 05:00:00,SYNTHETIC_DEMO
RES-03451,DON-01788,REST-TG19-147,REC-TG19-017,VOL-TG19-004,Nagarkurnool,pulao,117,33.43,125,70,72,68,55,67,51.92,RESCUED,,2026-07-11 21:00:00,SYNTHETIC_DEMO
RES-03452,DON-01242,REST-TG20-079,REC-TG20-005,VOL-TG20-006,Nalgonda,fruits,106,6.07,16,82,49,100,56,97,77.16,RESCUED,,2026-07-10 11:00:00,SYNTHETIC_DEMO
RES-03453,DON-02069,REST-TG21-101,REC-TG21-013,VOL-TG21-004,Narayanpet,packaged_food,26,22.31,74,92,85,75,82,81,72.01,PARTIAL,,2026-04-17 13:00:00,SYNTHETIC_DEMO
RES-03454,DON-01518,REST-TG22-045,REC-TG22-002,VOL-TG22-005,Nirmal,pulao,66,6.06,12,74,50,88,75,67,72.87,RESCUED,,2026-06-12 01:00:00,SYNTHETIC_DEMO
RES-03455,DON-02372,REST-TG23-071,REC-TG23-008,VOL-TG23-001,Nizamabad,pulao,11,14.64,38,69,46,95,100,94,71.19,MISSED,volunteer_unavailable,2026-07-09 17:00:00,SYNTHETIC_DEMO
RES-03456,DON-02135,REST-TG24-101,REC-TG24-002,VOL-TG24-010,Peddapalli,pulao,85,18.65,53,100,55,76,62,63,66.58,MISSED,volunteer_unavailable,2026-09-14 22:00:00,SYNTHETIC_DEMO
RES-03457,DON-02236,REST-TG25-091,REC-TG25-013,VOL-TG25-006,Rajanna Sircilla,biryani,42,25.52,63,69,81,70,93,70,63.57,MISSED,expired_before_pickup,2026-07-23 09:00:00,SYNTHETIC_DEMO
RES-03458,DON-00386,REST-TG26-101,REC-TG26-020,VOL-TG26-010,Rangareddy,dal,57,27.86,66,78,89,88,76,59,65.2,RESCUED,,2026-05-19 07:00:00,SYNTHETIC_DEMO
RES-03459,DON-02476,REST-TG27-139,REC-TG27-014,VOL-TG27-009,Sangareddy,cooked_meal,111,8.61,26,98,89,90,59,53,80.95,RESCUED,,2026-09-06 04:00:00,SYNTHETIC_DEMO
RES-03460,DON-01578,REST-TG28-040,REC-TG28-018,VOL-TG28-010,Siddipet,cooked_meal,116,32.69,87,94,73,76,73,64,60.15,EXPIRED,expired_before_pickup,2026-04-13 05:00:00,SYNTHETIC_DEMO
RES-03461,DON-01882,REST-TG29-010,REC-TG29-018,VOL-TG29-001,Suryapet,pulao,71,13.56,32,77,68,79,70,62,69.36,RESCUED,,2026-07-08 12:00:00,SYNTHETIC_DEMO
RES-03462,DON-00592,REST-TG30-012,REC-TG30-016,VOL-TG30-004,Vikarabad,bakery,58,18.35,70,80,73,63,67,65,65.14,RESCUED,,2026-04-04 16:00:00,SYNTHETIC_DEMO
RES-03463,DON-01179,REST-TG31-039,REC-TG31-010,VOL-TG31-007,Wanaparthy,packaged_food,14,30.91,93,100,72,98,86,69,67.52,RESCUED,,2026-09-13 17:00:00,SYNTHETIC_DEMO
RES-03464,DON-02494,REST-TG32-032,REC-TG32-001,VOL-TG32-005,Warangal,vegetables,120,33.83,72,84,45,63,83,98,54.19,RESCUED,,2026-07-31 22:00:00,SYNTHETIC_DEMO
RES-03465,DON-00923,REST-TG33-012,REC-TG33-006,VOL-TG33-003,Yadadri Bhuvanagiri,rice,83,2.49,6,71,66,86,90,65,79.02,EXPIRED,recipient_capacity_full,2026-08-01 15:00:00,SYNTHETIC_DEMO
RES-03466,DON-02902,REST-TG01-077,REC-TG01-011,VOL-TG01-008,Adilabad,bread,56,34.31,84,91,54,99,86,60,58.94,RESCUED,,2026-07-12 00:00:00,SYNTHETIC_DEMO
RES-03467,DON-01047,REST-TG02-003,REC-TG02-007,VOL-TG02-003,Bhadradri Kothagudem,vegetables,58,15.78,45,68,45,60,59,88,60.03,PARTIAL,,2026-08-25 22:00:00,SYNTHETIC_DEMO
RES-03468,DON-02899,REST-TG03-027,REC-TG03-018,VOL-TG03-001,Hanumakonda,rice,23,2.34,8,100,50,87,94,70,82.78,EXPIRED,expired_before_pickup,2026-04-25 02:00:00,SYNTHETIC_DEMO
RES-03469,DON-02743,REST-TG04-023,REC-TG04-010,VOL-TG04-003,Hyderabad,bakery,51,20.99,81,100,57,91,84,79,71.36,MISSED,recipient_capacity_full,2026-06-06 15:00:00,SYNTHETIC_DEMO
RES-03470,DON-00556,REST-TG05-074,REC-TG05-015,VOL-TG05-002,Jagtial,biryani,28,12.86,37,84,57,71,56,58,66.06,RESCUED,,2026-05-02 06:00:00,SYNTHETIC_DEMO
RES-03471,DON-01576,REST-TG06-085,REC-TG06-006,VOL-TG06-009,Jangaon,sandwich,62,30.74,104,71,53,87,83,65,55.69,RESCUED,,2026-06-24 02:00:00,SYNTHETIC_DEMO
RES-03472,DON-00844,REST-TG07-116,REC-TG07-016,VOL-TG07-010,Jayashankar Bhupalpally,bread,112,27.46,63,71,96,93,98,66,69.14,RESCUED,,2026-04-07 06:00:00,SYNTHETIC_DEMO
RES-03473,DON-02739,REST-TG08-065,REC-TG08-013,VOL-TG08-003,Jogulamba Gadwal,dal,59,6.45,19,65,75,67,67,79,73.04,RESCUED,,2026-06-25 02:00:00,SYNTHETIC_DEMO
RES-03474,DON-02260,REST-TG09-040,REC-TG09-015,VOL-TG09-001,Kamareddy,sandwich,80,15.65,49,86,65,65,60,63,66.07,RESCUED,,2026-05-05 17:00:00,SYNTHETIC_DEMO
RES-03475,DON-01805,REST-TG10-079,REC-TG10-012,VOL-TG10-007,Karimnagar,biryani,75,11.61,45,83,89,100,96,51,80.81,RESCUED,,2026-05-27 16:00:00,SYNTHETIC_DEMO
RES-03476,DON-01801,REST-TG11-056,REC-TG11-007,VOL-TG11-005,Khammam,vegetables,80,15.53,35,92,90,100,69,60,78.21,PARTIAL,,2026-05-17 19:00:00,SYNTHETIC_DEMO
RES-03477,DON-00166,REST-TG12-037,REC-TG12-013,VOL-TG12-001,Kumuram Bheem,fruits,95,5.53,13,93,54,95,79,58,78.4,RESCUED,,2026-08-13 07:00:00,SYNTHETIC_DEMO
RES-03478,DON-01988,REST-TG13-035,REC-TG13-001,VOL-TG13-007,Mahabubabad,roti,51,13.76,40,86,70,72,57,100,72.87,MISSED,traffic_delay,2026-06-23 09:00:00,SYNTHETIC_DEMO
RES-03479,DON-01498,REST-TG14-110,REC-TG14-002,VOL-TG14-006,Mahabubnagar,pulao,119,33.47,90,81,58,66,95,68,55.09,MISSED,traffic_delay,2026-05-10 10:00:00,SYNTHETIC_DEMO
RES-03480,DON-01513,REST-TG15-043,REC-TG15-009,VOL-TG15-002,Mancherial,biryani,84,14.56,45,65,83,76,53,85,69.4,RESCUED,,2026-04-29 05:00:00,SYNTHETIC_DEMO
RES-03481,DON-00320,REST-TG16-122,REC-TG16-003,VOL-TG16-002,Medak,packaged_food,62,20.69,57,100,99,86,96,73,79.82,RESCUED,,2026-08-12 13:00:00,SYNTHETIC_DEMO
RES-03482,DON-02188,REST-TG17-030,REC-TG17-020,VOL-TG17-001,Medchal-Malkajgiri,roti,77,10.56,36,73,58,96,94,99,77.36,RESCUED,,2026-04-09 16:00:00,SYNTHETIC_DEMO
RES-03483,DON-02274,REST-TG18-036,REC-TG18-001,VOL-TG18-003,Mulugu,roti,96,24.04,72,86,67,71,81,75,64.68,RESCUED,,2026-07-10 22:00:00,SYNTHETIC_DEMO
RES-03484,DON-01511,REST-TG19-143,REC-TG19-019,VOL-TG19-009,Nagarkurnool,fruits,75,2.27,8,87,66,100,53,94,83.68,RESCUED,,2026-04-15 14:00:00,SYNTHETIC_DEMO
RES-03485,DON-00225,REST-TG20-034,REC-TG20-003,VOL-TG20-007,Nalgonda,vegetables,25,18.41,66,75,92,83,67,75,71.9,RESCUED,,2026-06-09 21:00:00,SYNTHETIC_DEMO
RES-03486,DON-02262,REST-TG21-107,REC-TG21-007,VOL-TG21-008,Narayanpet,fruits,51,33.85,99,66,48,65,50,82,46.57,EXPIRED,traffic_delay,2026-06-26 22:00:00,SYNTHETIC_DEMO
RES-03487,DON-02044,REST-TG22-088,REC-TG22-002,VOL-TG22-008,Nirmal,vegetables,21,27.01,81,85,64,72,94,77,63.41,EXPIRED,volunteer_unavailable,2026-07-05 11:00:00,SYNTHETIC_DEMO
RES-03488,DON-01657,REST-TG23-013,REC-TG23-008,VOL-TG23-001,Nizamabad,bread,88,14.02,45,99,70,94,91,86,80.59,EXPIRED,traffic_delay,2026-06-03 17:00:00,SYNTHETIC_DEMO
RES-03489,DON-00975,REST-TG24-009,REC-TG24-020,VOL-TG24-009,Peddapalli,bakery,33,15.48,54,84,77,88,89,71,75.34,EXPIRED,traffic_delay,2026-06-14 09:00:00,SYNTHETIC_DEMO
RES-03490,DON-01216,REST-TG25-042,REC-TG25-004,VOL-TG25-009,Rajanna Sircilla,rice,25,24.92,77,87,87,90,61,55,67.1,PARTIAL,,2026-07-26 03:00:00,SYNTHETIC_DEMO
RES-03491,DON-02807,REST-TG26-002,REC-TG26-011,VOL-TG26-009,Rangareddy,biryani,104,9.06,26,83,52,100,77,70,75.23,MISSED,recipient_capacity_full,2026-09-15 12:00:00,SYNTHETIC_DEMO
RES-03492,DON-01914,REST-TG27-061,REC-TG27-015,VOL-TG27-010,Sangareddy,roti,120,20.38,53,67,51,80,88,78,62.64,RESCUED,,2026-06-07 15:00:00,SYNTHETIC_DEMO
RES-03493,DON-01556,REST-TG28-021,REC-TG28-013,VOL-TG28-006,Siddipet,pulao,110,5.37,17,68,96,89,94,88,85.51,PARTIAL,,2026-07-25 04:00:00,SYNTHETIC_DEMO
RES-03494,DON-02205,REST-TG29-149,REC-TG29-004,VOL-TG29-007,Suryapet,cooked_meal,65,33.94,130,72,57,60,84,70,50.96,RESCUED,,2026-09-18 13:00:00,SYNTHETIC_DEMO
RES-03495,DON-02531,REST-TG30-041,REC-TG30-015,VOL-TG30-002,Vikarabad,rice,106,8.6,21,85,66,60,67,87,73.46,RESCUED,,2026-04-06 02:00:00,SYNTHETIC_DEMO
RES-03496,DON-01727,REST-TG31-028,REC-TG31-011,VOL-TG31-008,Wanaparthy,roti,96,9.59,38,99,61,78,64,52,73.45,EXPIRED,volunteer_unavailable,2026-04-11 14:00:00,SYNTHETIC_DEMO
RES-03497,DON-01239,REST-TG32-063,REC-TG32-017,VOL-TG32-009,Warangal,fruits,86,27.68,57,86,82,95,74,67,67.18,RESCUED,,2026-05-15 17:00:00,SYNTHETIC_DEMO
RES-03498,DON-02179,REST-TG33-012,REC-TG33-005,VOL-TG33-010,Yadadri Bhuvanagiri,packaged_food,97,3.5,11,83,87,72,98,56,82.7,MISSED,expired_before_pickup,2026-09-24 12:00:00,SYNTHETIC_DEMO
RES-03499,DON-00561,REST-TG01-017,REC-TG01-017,VOL-TG01-005,Adilabad,cooked_meal,51,11.13,35,90,60,71,77,87,74.1,RESCUED,,2026-09-21 04:00:00,SYNTHETIC_DEMO
RES-03500,DON-02597,REST-TG02-022,REC-TG02-012,VOL-TG02-001,Bhadradri Kothagudem,fruits,11,13.89,46,69,100,79,59,74,74.03,PARTIAL,,2026-07-11 21:00:00,SYNTHETIC_DEMO
RES-03501,DON-00066,REST-TG03-034,REC-TG03-018,VOL-TG03-006,Hanumakonda,bread,76,9.03,20,100,48,80,62,84,74.75,RESCUED,,2026-05-31 22:00:00,SYNTHETIC_DEMO
RES-03502,DON-00927,REST-TG04-009,REC-TG04-008,VOL-TG04-001,Hyderabad,cooked_meal,74,30.61,83,71,95,67,58,51,57.29,RESCUED,,2026-06-17 13:00:00,SYNTHETIC_DEMO
RES-03503,DON-01073,REST-TG05-021,REC-TG05-016,VOL-TG05-006,Jagtial,rice,98,17.61,39,81,72,75,76,99,71.77,RESCUED,,2026-09-02 14:00:00,SYNTHETIC_DEMO
RES-03504,DON-02785,REST-TG06-113,REC-TG06-002,VOL-TG06-007,Jangaon,biryani,115,22.94,76,100,53,77,76,88,67.16,MISSED,expired_before_pickup,2026-08-01 07:00:00,SYNTHETIC_DEMO
RES-03505,DON-01260,REST-TG07-013,REC-TG07-014,VOL-TG07-005,Jayashankar Bhupalpally,fruits,67,13.02,28,74,67,65,72,97,70.55,RESCUED,,2026-05-29 15:00:00,SYNTHETIC_DEMO
RES-03506,DON-01462,REST-TG08-129,REC-TG08-012,VOL-TG08-010,Jogulamba Gadwal,dal,47,25.6,54,69,69,65,93,93,62.66,PARTIAL,,2026-06-01 05:00:00,SYNTHETIC_DEMO
RES-03507,DON-00387,REST-TG09-099,REC-TG09-011,VOL-TG09-010,Kamareddy,pulao,72,3.58,8,72,83,67,56,85,77.59,EXPIRED,expired_before_pickup,2026-08-19 18:00:00,SYNTHETIC_DEMO
RES-03508,DON-01814,REST-TG10-009,REC-TG10-008,VOL-TG10-003,Karimnagar,sandwich,32,27.04,54,71,90,95,70,51,64.24,RESCUED,,2026-05-08 01:00:00,SYNTHETIC_DEMO
RES-03509,DON-02435,REST-TG11-043,REC-TG11-004,VOL-TG11-008,Khammam,rice,95,33.16,105,69,56,75,73,99,54.76,RESCUED,,2026-04-12 05:00:00,SYNTHETIC_DEMO
RES-03510,DON-00580,REST-TG12-004,REC-TG12-008,VOL-TG12-001,Kumuram Bheem,cooked_meal,43,16.6,35,86,55,82,92,63,69.14,EXPIRED,recipient_capacity_full,2026-04-04 18:00:00,SYNTHETIC_DEMO
RES-03511,DON-01916,REST-TG13-002,REC-TG13-015,VOL-TG13-008,Mahabubabad,pulao,56,24.54,50,77,54,82,89,71,61.97,PARTIAL,,2026-04-04 02:00:00,SYNTHETIC_DEMO
RES-03512,DON-00647,REST-TG14-085,REC-TG14-010,VOL-TG14-002,Mahabubnagar,bakery,118,26.57,72,85,70,63,93,88,64.57,RESCUED,,2026-08-06 01:00:00,SYNTHETIC_DEMO
RES-03513,DON-02835,REST-TG15-098,REC-TG15-016,VOL-TG15-003,Mancherial,cooked_meal,12,31.92,87,95,92,76,88,65,66.3,RESCUED,,2026-05-23 01:00:00,SYNTHETIC_DEMO
RES-03514,DON-00955,REST-TG16-016,REC-TG16-001,VOL-TG16-006,Medak,pulao,24,25.07,59,85,80,83,89,68,68.24,RESCUED,,2026-08-11 08:00:00,SYNTHETIC_DEMO
RES-03515,DON-02410,REST-TG17-112,REC-TG17-001,VOL-TG17-010,Medchal-Malkajgiri,biryani,83,5.18,13,98,82,72,66,54,80.1,EXPIRED,recipient_capacity_full,2026-09-21 23:00:00,SYNTHETIC_DEMO
RES-03516,DON-02095,REST-TG18-033,REC-TG18-006,VOL-TG18-009,Mulugu,packaged_food,64,9.95,33,70,86,86,73,60,75.29,PARTIAL,,2026-08-01 03:00:00,SYNTHETIC_DEMO
RES-03517,DON-01556,REST-TG19-042,REC-TG19-009,VOL-TG19-005,Nagarkurnool,cooked_meal,65,17.67,69,72,83,86,61,67,69.08,RESCUED,,2026-05-26 13:00:00,SYNTHETIC_DEMO
RES-03518,DON-00965,REST-TG20-018,REC-TG20-008,VOL-TG20-003,Nalgonda,dal,51,19.02,40,72,72,92,52,50,64.21,RESCUED,,2026-04-03 05:00:00,SYNTHETIC_DEMO
RES-03519,DON-00696,REST-TG21-044,REC-TG21-005,VOL-TG21-010,Narayanpet,fruits,65,5.47,17,71,94,68,64,51,75.79,RESCUED,,2026-07-05 18:00:00,SYNTHETIC_DEMO
RES-03520,DON-02565,REST-TG22-038,REC-TG22-020,VOL-TG22-005,Nirmal,vegetables,113,10.62,26,77,53,95,72,73,72.16,EXPIRED,expired_before_pickup,2026-04-09 04:00:00,SYNTHETIC_DEMO
RES-03521,DON-02810,REST-TG23-147,REC-TG23-014,VOL-TG23-006,Nizamabad,sandwich,91,11.33,37,70,58,92,80,90,73.31,EXPIRED,expired_before_pickup,2026-06-08 19:00:00,SYNTHETIC_DEMO
RES-03522,DON-00379,REST-TG24-017,REC-TG24-015,VOL-TG24-008,Peddapalli,fruits,20,12.93,41,80,80,74,50,88,72.66,RESCUED,,2026-09-10 19:00:00,SYNTHETIC_DEMO
RES-03523,DON-02636,REST-TG25-073,REC-TG25-010,VOL-TG25-008,Rajanna Sircilla,bread,88,19.56,67,95,56,65,68,57,63.48,RESCUED,,2026-06-23 19:00:00,SYNTHETIC_DEMO
RES-03524,DON-00496,REST-TG26-145,REC-TG26-014,VOL-TG26-007,Rangareddy,rice,109,34.1,81,78,86,81,89,66,61.09,PARTIAL,,2026-08-07 06:00:00,SYNTHETIC_DEMO
RES-03525,DON-00430,REST-TG27-032,REC-TG27-012,VOL-TG27-006,Sangareddy,biryani,17,15.24,58,82,81,86,78,53,72.71,MISSED,traffic_delay,2026-09-17 09:00:00,SYNTHETIC_DEMO
RES-03526,DON-02691,REST-TG28-047,REC-TG28-020,VOL-TG28-006,Siddipet,vegetables,109,25.04,65,65,46,100,90,64,59.71,PARTIAL,,2026-07-05 07:00:00,SYNTHETIC_DEMO
RES-03527,DON-02230,REST-TG29-109,REC-TG29-008,VOL-TG29-005,Suryapet,biryani,52,25.81,96,72,74,75,99,90,65.91,RESCUED,,2026-09-06 17:00:00,SYNTHETIC_DEMO
RES-03528,DON-01899,REST-TG30-120,REC-TG30-006,VOL-TG30-004,Vikarabad,roti,50,21.6,59,69,66,74,74,93,64.37,EXPIRED,volunteer_unavailable,2026-04-16 13:00:00,SYNTHETIC_DEMO
RES-03529,DON-00948,REST-TG31-112,REC-TG31-010,VOL-TG31-004,Wanaparthy,packaged_food,118,23.12,79,93,46,62,94,54,60.39,PARTIAL,,2026-05-08 03:00:00,SYNTHETIC_DEMO
RES-03530,DON-00210,REST-TG32-005,REC-TG32-018,VOL-TG32-009,Warangal,rice,101,9.99,34,96,79,100,62,60,80.06,EXPIRED,recipient_capacity_full,2026-04-14 23:00:00,SYNTHETIC_DEMO
RES-03531,DON-02933,REST-TG33-028,REC-TG33-012,VOL-TG33-004,Yadadri Bhuvanagiri,packaged_food,83,12.89,50,98,64,62,70,72,71.69,RESCUED,,2026-04-14 07:00:00,SYNTHETIC_DEMO
RES-03532,DON-00807,REST-TG01-142,REC-TG01-008,VOL-TG01-003,Adilabad,dal,51,12.69,34,83,89,97,64,83,79.59,EXPIRED,volunteer_unavailable,2026-05-16 03:00:00,SYNTHETIC_DEMO
RES-03533,DON-00006,REST-TG02-043,REC-TG02-009,VOL-TG02-007,Bhadradri Kothagudem,biryani,15,29.03,114,74,47,85,71,58,54.11,MISSED,expired_before_pickup,2026-09-10 21:00:00,SYNTHETIC_DEMO
RES-03534,DON-00414,REST-TG03-071,REC-TG03-010,VOL-TG03-006,Hanumakonda,bakery,25,22.39,71,65,47,69,86,60,56.36,MISSED,recipient_capacity_full,2026-05-29 17:00:00,SYNTHETIC_DEMO
RES-03535,DON-02005,REST-TG04-073,REC-TG04-007,VOL-TG04-008,Hyderabad,sandwich,103,25.12,50,98,57,72,65,98,65.16,RESCUED,,2026-08-27 02:00:00,SYNTHETIC_DEMO
RES-03536,DON-01936,REST-TG05-097,REC-TG05-014,VOL-TG05-007,Jagtial,sandwich,52,14.08,33,98,49,63,50,51,63.89,RESCUED,,2026-07-30 22:00:00,SYNTHETIC_DEMO
RES-03537,DON-02575,REST-TG06-073,REC-TG06-002,VOL-TG06-009,Jangaon,dal,99,29.51,94,93,81,85,55,59,62.87,PARTIAL,,2026-07-11 17:00:00,SYNTHETIC_DEMO
RES-03538,DON-02777,REST-TG07-135,REC-TG07-010,VOL-TG07-009,Jayashankar Bhupalpally,roti,82,2.81,11,68,48,83,88,72,74.64,RESCUED,,2026-04-24 16:00:00,SYNTHETIC_DEMO
RES-03539,DON-02300,REST-TG08-144,REC-TG08-002,VOL-TG08-004,Jogulamba Gadwal,biryani,70,3.96,15,92,68,85,79,70,81.82,MISSED,recipient_capacity_full,2026-08-23 17:00:00,SYNTHETIC_DEMO
RES-03540,DON-02870,REST-TG09-045,REC-TG09-011,VOL-TG09-010,Kamareddy,packaged_food,30,18.69,62,93,98,81,56,79,75.5,RESCUED,,2026-04-22 00:00:00,SYNTHETIC_DEMO
RES-03541,DON-02839,REST-TG10-079,REC-TG10-004,VOL-TG10-003,Karimnagar,sandwich,80,31.77,106,91,46,98,98,60,60.21,RESCUED,,2026-06-07 02:00:00,SYNTHETIC_DEMO
RES-03542,DON-02121,REST-TG11-074,REC-TG11-002,VOL-TG11-005,Khammam,dal,61,28.74,89,90,62,88,94,95,66.97,MISSED,expired_before_pickup,2026-06-20 08:00:00,SYNTHETIC_DEMO
RES-03543,DON-00460,REST-TG12-123,REC-TG12-001,VOL-TG12-005,Kumuram Bheem,dal,110,3.23,8,95,88,90,98,99,92.49,MISSED,expired_before_pickup,2026-09-02 15:00:00,SYNTHETIC_DEMO
RES-03544,DON-00997,REST-TG13-133,REC-TG13-015,VOL-TG13-009,Mahabubabad,biryani,18,19.7,48,91,98,74,86,89,77.33,MISSED,recipient_capacity_full,2026-09-22 04:00:00,SYNTHETIC_DEMO
RES-03545,DON-01275,REST-TG14-077,REC-TG14-007,VOL-TG14-008,Mahabubnagar,pulao,119,31.92,97,73,82,86,94,67,62.2,MISSED,volunteer_unavailable,2026-09-09 12:00:00,SYNTHETIC_DEMO
RES-03546,DON-02023,REST-TG15-022,REC-TG15-020,VOL-TG15-006,Mancherial,packaged_food,10,6.03,15,84,55,71,64,61,71.64,MISSED,volunteer_unavailable,2026-04-01 12:00:00,SYNTHETIC_DEMO
RES-03547,DON-01820,REST-TG16-115,REC-TG16-012,VOL-TG16-008,Medak,dal,46,26.58,99,66,55,100,50,83,58.51,RESCUED,,2026-04-22 07:00:00,SYNTHETIC_DEMO
RES-03548,DON-00203,REST-TG17-122,REC-TG17-009,VOL-TG17-009,Medchal-Malkajgiri,packaged_food,83,25.4,99,83,100,64,54,80,66.46,RESCUED,,2026-07-18 15:00:00,SYNTHETIC_DEMO
RES-03549,DON-02968,REST-TG18-138,REC-TG18-008,VOL-TG18-010,Mulugu,dal,40,29.17,72,68,92,80,87,57,62.56,RESCUED,,2026-07-17 20:00:00,SYNTHETIC_DEMO
RES-03550,DON-00160,REST-TG19-119,REC-TG19-011,VOL-TG19-009,Nagarkurnool,vegetables,56,8.95,25,77,99,95,54,83,81.76,PARTIAL,,2026-05-24 14:00:00,SYNTHETIC_DEMO
RES-03551,DON-01129,REST-TG20-140,REC-TG20-018,VOL-TG20-001,Nalgonda,bread,27,20.1,75,92,67,86,58,67,67.84,PARTIAL,,2026-08-30 19:00:00,SYNTHETIC_DEMO
RES-03552,DON-02198,REST-TG21-042,REC-TG21-007,VOL-TG21-002,Narayanpet,packaged_food,107,15.36,37,92,93,94,68,59,77.83,RESCUED,,2026-05-08 13:00:00,SYNTHETIC_DEMO
RES-03553,DON-02271,REST-TG22-123,REC-TG22-020,VOL-TG22-001,Nirmal,packaged_food,45,28.99,93,70,49,95,50,51,52.44,PARTIAL,,2026-04-13 01:00:00,SYNTHETIC_DEMO
RES-03554,DON-01083,REST-TG23-142,REC-TG23-019,VOL-TG23-004,Nizamabad,dal,17,24.77,77,79,64,73,84,81,63.36,RESCUED,,2026-04-22 01:00:00,SYNTHETIC_DEMO
RES-03555,DON-01784,REST-TG24-141,REC-TG24-002,VOL-TG24-003,Peddapalli,dal,76,29.53,80,87,75,87,79,67,63.96,RESCUED,,2026-07-12 00:00:00,SYNTHETIC_DEMO
RES-03556,DON-02271,REST-TG25-130,REC-TG25-010,VOL-TG25-010,Rajanna Sircilla,sandwich,55,30.14,97,100,98,70,60,82,67.77,RESCUED,,2026-04-20 18:00:00,SYNTHETIC_DEMO
RES-03557,DON-01675,REST-TG26-096,REC-TG26-009,VOL-TG26-006,Rangareddy,pulao,72,17.83,66,69,88,76,100,95,74.56,RESCUED,,2026-08-26 12:00:00,SYNTHETIC_DEMO
RES-03558,DON-00792,REST-TG27-030,REC-TG27-013,VOL-TG27-002,Sangareddy,bread,81,8.24,32,77,55,66,99,56,70.91,PARTIAL,,2026-07-28 09:00:00,SYNTHETIC_DEMO
RES-03559,DON-02632,REST-TG28-102,REC-TG28-014,VOL-TG28-001,Siddipet,packaged_food,20,22.52,71,84,98,85,88,84,75.26,RESCUED,,2026-07-15 19:00:00,SYNTHETIC_DEMO
RES-03560,DON-02960,REST-TG29-033,REC-TG29-003,VOL-TG29-001,Suryapet,fruits,50,28.42,89,99,96,78,56,50,66.0,RESCUED,,2026-07-25 18:00:00,SYNTHETIC_DEMO
RES-03561,DON-01840,REST-TG30-094,REC-TG30-015,VOL-TG30-003,Vikarabad,packaged_food,29,15.09,47,76,97,60,53,57,68.82,RESCUED,,2026-03-31 02:00:00,SYNTHETIC_DEMO
RES-03562,DON-00431,REST-TG31-024,REC-TG31-011,VOL-TG31-004,Wanaparthy,biryani,58,18.37,52,66,62,68,56,95,62.78,MISSED,volunteer_unavailable,2026-06-12 14:00:00,SYNTHETIC_DEMO
RES-03563,DON-02792,REST-TG32-016,REC-TG32-015,VOL-TG32-004,Warangal,fruits,103,24.73,84,98,57,90,51,67,63.64,MISSED,expired_before_pickup,2026-07-13 11:00:00,SYNTHETIC_DEMO
RES-03564,DON-01484,REST-TG33-149,REC-TG33-016,VOL-TG33-004,Yadadri Bhuvanagiri,bakery,22,33.56,128,81,96,63,86,94,63.88,RESCUED,,2026-04-05 11:00:00,SYNTHETIC_DEMO
RES-03565,DON-01327,REST-TG01-121,REC-TG01-008,VOL-TG01-008,Adilabad,sandwich,46,16.11,43,93,48,68,81,64,66.39,RESCUED,,2026-06-02 20:00:00,SYNTHETIC_DEMO
RES-03566,DON-00316,REST-TG02-016,REC-TG02-002,VOL-TG02-009,Bhadradri Kothagudem,bread,98,9.64,20,71,49,75,76,74,68.36,RESCUED,,2026-06-28 09:00:00,SYNTHETIC_DEMO
RES-03567,DON-01030,REST-TG03-039,REC-TG03-018,VOL-TG03-002,Hanumakonda,bread,46,32.09,89,100,51,82,83,78,60.68,RESCUED,,2026-07-11 01:00:00,SYNTHETIC_DEMO
RES-03568,DON-02886,REST-TG04-045,REC-TG04-005,VOL-TG04-004,Hyderabad,packaged_food,119,12.57,37,97,65,95,56,66,74.87,RESCUED,,2026-09-14 17:00:00,SYNTHETIC_DEMO
RES-03569,DON-02775,REST-TG05-066,REC-TG05-018,VOL-TG05-001,Jagtial,packaged_food,93,6.17,20,84,52,85,76,71,75.24,PARTIAL,,2026-05-19 00:00:00,SYNTHETIC_DEMO
RES-03570,DON-00955,REST-TG06-066,REC-TG06-012,VOL-TG06-010,Jangaon,rice,43,11.8,28,67,46,75,96,55,65.52,RESCUED,,2026-09-06 07:00:00,SYNTHETIC_DEMO
RES-03571,DON-00296,REST-TG07-107,REC-TG07-016,VOL-TG07-007,Jayashankar Bhupalpally,packaged_food,80,9.17,27,90,69,94,84,69,79.65,RESCUED,,2026-06-07 09:00:00,SYNTHETIC_DEMO
RES-03572,DON-00500,REST-TG08-025,REC-TG08-013,VOL-TG08-001,Jogulamba Gadwal,roti,33,26.5,71,84,54,73,76,81,60.32,EXPIRED,recipient_capacity_full,2026-09-12 07:00:00,SYNTHETIC_DEMO
RES-03573,DON-01170,REST-TG09-123,REC-TG09-010,VOL-TG09-003,Kamareddy,fruits,79,23.44,87,100,56,90,81,60,67.06,RESCUED,,2026-06-05 18:00:00,SYNTHETIC_DEMO
RES-03574,DON-00977,REST-TG10-099,REC-TG10-020,VOL-TG10-003,Karimnagar,bread,43,13.55,51,80,95,72,67,67,74.52,RESCUED,,2026-08-13 08:00:00,SYNTHETIC_DEMO
RES-03575,DON-00021,REST-TG11-045,REC-TG11-002,VOL-TG11-003,Khammam,roti,67,3.92,12,69,62,79,54,74,73.05,EXPIRED,volunteer_unavailable,2026-04-28 10:00:00,SYNTHETIC_DEMO
RES-03576,DON-01321,REST-TG12-121,REC-TG12-004,VOL-TG12-007,Kumuram Bheem,dal,56,11.16,38,96,69,81,89,80,79.08,MISSED,recipient_capacity_full,2026-06-06 23:00:00,SYNTHETIC_DEMO
RES-03577,DON-02788,REST-TG13-086,REC-TG13-007,VOL-TG13-003,Mahabubabad,packaged_food,23,23.86,68,96,92,89,56,69,71.41,RESCUED,,2026-07-22 08:00:00,SYNTHETIC_DEMO
RES-03578,DON-02315,REST-TG14-121,REC-TG14-010,VOL-TG14-004,Mahabubnagar,dal,10,27.12,106,82,79,95,89,73,68.28,EXPIRED,expired_before_pickup,2026-06-03 13:00:00,SYNTHETIC_DEMO
RES-03579,DON-01595,REST-TG15-075,REC-TG15-018,VOL-TG15-002,Mancherial,bakery,76,31.14,62,99,66,97,61,50,61.41,RESCUED,,2026-05-24 12:00:00,SYNTHETIC_DEMO
RES-03580,DON-00126,REST-TG16-111,REC-TG16-006,VOL-TG16-007,Medak,cooked_meal,97,33.98,70,73,65,85,64,51,52.58,RESCUED,,2026-08-19 03:00:00,SYNTHETIC_DEMO
RES-03581,DON-02464,REST-TG17-048,REC-TG17-008,VOL-TG17-004,Medchal-Malkajgiri,biryani,73,31.98,66,70,60,85,78,84,57.11,EXPIRED,traffic_delay,2026-09-05 05:00:00,SYNTHETIC_DEMO
RES-03582,DON-00577,REST-TG18-024,REC-TG18-016,VOL-TG18-008,Mulugu,roti,18,18.67,59,90,89,78,91,66,74.86,EXPIRED,expired_before_pickup,2026-04-19 19:00:00,SYNTHETIC_DEMO
RES-03583,DON-02767,REST-TG19-108,REC-TG19-007,VOL-TG19-004,Nagarkurnool,dal,11,22.7,73,83,57,82,58,76,62.49,EXPIRED,volunteer_unavailable,2026-06-18 07:00:00,SYNTHETIC_DEMO
RES-03584,DON-00341,REST-TG20-089,REC-TG20-001,VOL-TG20-001,Nalgonda,bakery,81,13.67,31,66,69,99,54,56,68.09,MISSED,recipient_capacity_full,2026-04-07 07:00:00,SYNTHETIC_DEMO
RES-03585,DON-02967,REST-TG21-030,REC-TG21-008,VOL-TG21-001,Narayanpet,vegetables,116,12.94,49,67,62,61,50,96,65.31,RESCUED,,2026-04-01 00:00:00,SYNTHETIC_DEMO
RES-03586,DON-02591,REST-TG22-102,REC-TG22-004,VOL-TG22-009,Nirmal,fruits,30,11.61,24,67,50,90,83,83,70.21,PARTIAL,,2026-05-19 16:00:00,SYNTHETIC_DEMO
RES-03587,DON-02393,REST-TG23-145,REC-TG23-015,VOL-TG23-009,Nizamabad,roti,42,31.22,74,75,83,64,96,64,59.9,RESCUED,,2026-06-05 16:00:00,SYNTHETIC_DEMO
RES-03588,DON-00020,REST-TG24-086,REC-TG24-020,VOL-TG24-008,Peddapalli,vegetables,12,19.33,74,98,48,95,69,74,68.94,RESCUED,,2026-05-14 16:00:00,SYNTHETIC_DEMO
RES-03589,DON-02424,REST-TG25-132,REC-TG25-012,VOL-TG25-004,Rajanna Sircilla,fruits,106,13.12,35,81,54,74,97,79,71.33,PARTIAL,,2026-07-31 09:00:00,SYNTHETIC_DEMO
RES-03590,DON-01702,REST-TG26-037,REC-TG26-006,VOL-TG26-002,Rangareddy,pulao,88,6.87,23,81,95,92,71,62,82.39,MISSED,volunteer_unavailable,2026-08-17 12:00:00,SYNTHETIC_DEMO
RES-03591,DON-00707,REST-TG27-071,REC-TG27-018,VOL-TG27-001,Sangareddy,vegetables,120,24.72,97,80,85,67,81,54,63.89,RESCUED,,2026-04-02 19:00:00,SYNTHETIC_DEMO
RES-03592,DON-01955,REST-TG28-083,REC-TG28-014,VOL-TG28-003,Siddipet,bakery,83,20.83,49,94,69,95,61,59,68.97,RESCUED,,2026-06-26 23:00:00,SYNTHETIC_DEMO
RES-03593,DON-01985,REST-TG29-050,REC-TG29-008,VOL-TG29-008,Suryapet,roti,98,13.62,46,70,82,63,70,75,69.62,EXPIRED,expired_before_pickup,2026-08-16 21:00:00,SYNTHETIC_DEMO
RES-03594,DON-00663,REST-TG30-070,REC-TG30-001,VOL-TG30-003,Vikarabad,cooked_meal,17,1.42,5,82,67,71,68,89,80.14,RESCUED,,2026-05-11 08:00:00,SYNTHETIC_DEMO
RES-03595,DON-02047,REST-TG31-042,REC-TG31-014,VOL-TG31-008,Wanaparthy,pulao,15,22.79,54,70,86,69,97,91,69.07,EXPIRED,expired_before_pickup,2026-05-01 12:00:00,SYNTHETIC_DEMO
RES-03596,DON-02229,REST-TG32-076,REC-TG32-013,VOL-TG32-008,Warangal,dal,76,5.37,12,71,99,97,79,83,85.91,PARTIAL,,2026-05-15 05:00:00,SYNTHETIC_DEMO
RES-03597,DON-01010,REST-TG33-086,REC-TG33-015,VOL-TG33-010,Yadadri Bhuvanagiri,fruits,108,4.21,10,93,93,88,70,55,84.89,EXPIRED,recipient_capacity_full,2026-07-20 00:00:00,SYNTHETIC_DEMO
RES-03598,DON-02744,REST-TG01-132,REC-TG01-007,VOL-TG01-002,Adilabad,bakery,59,25.04,52,84,68,66,51,87,61.21,EXPIRED,expired_before_pickup,2026-07-30 02:00:00,SYNTHETIC_DEMO
RES-03599,DON-00272,REST-TG02-039,REC-TG02-010,VOL-TG02-007,Bhadradri Kothagudem,roti,32,32.46,74,85,59,66,51,66,52.21,RESCUED,,2026-05-06 10:00:00,SYNTHETIC_DEMO
RES-03600,DON-01510,REST-TG03-019,REC-TG03-009,VOL-TG03-009,Hanumakonda,pulao,64,12.66,38,94,82,78,56,84,76.86,MISSED,expired_before_pickup,2026-09-09 07:00:00,SYNTHETIC_DEMO
RES-03601,DON-00944,REST-TG04-050,REC-TG04-009,VOL-TG04-005,Hyderabad,dal,65,3.33,13,90,98,78,52,69,84.02,MISSED,recipient_capacity_full,2026-07-13 17:00:00,SYNTHETIC_DEMO
RES-03602,DON-00471,REST-TG05-012,REC-TG05-008,VOL-TG05-004,Jagtial,sandwich,100,2.67,9,66,74,94,76,54,78.19,RESCUED,,2026-06-13 19:00:00,SYNTHETIC_DEMO
RES-03603,DON-02535,REST-TG06-026,REC-TG06-020,VOL-TG06-006,Jangaon,pulao,91,9.74,31,94,64,80,61,66,74.34,MISSED,traffic_delay,2026-09-13 11:00:00,SYNTHETIC_DEMO
RES-03604,DON-00392,REST-TG07-086,REC-TG07-009,VOL-TG07-007,Jayashankar Bhupalpally,bread,68,1.09,5,90,92,71,100,57,86.97,RESCUED,,2026-07-03 02:00:00,SYNTHETIC_DEMO
RES-03605,DON-01870,REST-TG08-011,REC-TG08-017,VOL-TG08-006,Jogulamba Gadwal,packaged_food,64,4.3,10,95,60,64,69,82,77.63,RESCUED,,2026-05-22 19:00:00,SYNTHETIC_DEMO
RES-03606,DON-00680,REST-TG09-108,REC-TG09-007,VOL-TG09-009,Kamareddy,biryani,89,28.8,58,70,74,89,93,91,64.98,EXPIRED,expired_before_pickup,2026-06-10 22:00:00,SYNTHETIC_DEMO
RES-03607,DON-01491,REST-TG10-143,REC-TG10-003,VOL-TG10-003,Karimnagar,packaged_food,32,13.17,39,86,85,62,83,64,73.79,MISSED,volunteer_unavailable,2026-05-31 20:00:00,SYNTHETIC_DEMO
RES-03608,DON-02985,REST-TG11-144,REC-TG11-008,VOL-TG11-010,Khammam,rice,109,22.77,89,70,67,78,83,60,62.14,PARTIAL,,2026-07-13 01:00:00,SYNTHETIC_DEMO
RES-03609,DON-02201,REST-TG12-131,REC-TG12-011,VOL-TG12-008,Kumuram Bheem,roti,61,3.55,7,68,74,78,100,73,79.86,RESCUED,,2026-04-20 13:00:00,SYNTHETIC_DEMO
RES-03610,DON-00163,REST-TG13-130,REC-TG13-010,VOL-TG13-008,Mahabubabad,vegetables,112,2.12,7,71,47,60,80,70,71.09,RESCUED,,2026-04-25 11:00:00,SYNTHETIC_DEMO
RES-03611,DON-02327,REST-TG14-067,REC-TG14-010,VOL-TG14-004,Mahabubnagar,sandwich,95,14.51,43,88,71,82,97,61,74.54,EXPIRED,traffic_delay,2026-03-31 06:00:00,SYNTHETIC_DEMO
RES-03612,DON-01969,REST-TG15-079,REC-TG15-018,VOL-TG15-007,Mancherial,dal,75,20.92,72,72,62,84,98,60,65.26,EXPIRED,volunteer_unavailable,2026-08-01 02:00:00,SYNTHETIC_DEMO
RES-03613,DON-00043,REST-TG16-020,REC-TG16-003,VOL-TG16-001,Medak,rice,86,28.3,82,67,66,94,79,69,60.29,EXPIRED,recipient_capacity_full,2026-09-11 08:00:00,SYNTHETIC_DEMO
RES-03614,DON-02924,REST-TG17-011,REC-TG17-011,VOL-TG17-004,Medchal-Malkajgiri,bakery,53,28.8,97,80,63,73,76,52,56.78,EXPIRED,recipient_capacity_full,2026-04-04 15:00:00,SYNTHETIC_DEMO
RES-03615,DON-01933,REST-TG18-019,REC-TG18-019,VOL-TG18-006,Mulugu,biryani,39,29.56,81,100,47,96,55,74,60.59,EXPIRED,expired_before_pickup,2026-06-10 23:00:00,SYNTHETIC_DEMO
RES-03616,DON-01556,REST-TG19-022,REC-TG19-015,VOL-TG19-002,Nagarkurnool,rice,103,30.58,94,67,58,92,89,100,60.86,RESCUED,,2026-09-02 12:00:00,SYNTHETIC_DEMO
RES-03617,DON-02724,REST-TG20-126,REC-TG20-006,VOL-TG20-002,Nalgonda,roti,18,20.34,52,72,67,68,59,66,60.97,RESCUED,,2026-05-11 05:00:00,SYNTHETIC_DEMO
RES-03618,DON-02574,REST-TG21-113,REC-TG21-012,VOL-TG21-001,Narayanpet,biryani,43,32.46,88,66,81,83,51,86,57.36,PARTIAL,,2026-04-08 01:00:00,SYNTHETIC_DEMO
RES-03619,DON-02699,REST-TG22-078,REC-TG22-014,VOL-TG22-003,Nirmal,packaged_food,56,31.13,103,96,93,80,69,59,65.36,PARTIAL,,2026-07-23 03:00:00,SYNTHETIC_DEMO
RES-03620,DON-00018,REST-TG23-004,REC-TG23-015,VOL-TG23-002,Nizamabad,rice,106,1.26,5,99,98,94,92,71,93.9,RESCUED,,2026-08-29 05:00:00,SYNTHETIC_DEMO
RES-03621,DON-02797,REST-TG24-086,REC-TG24-019,VOL-TG24-009,Peddapalli,rice,34,8.71,29,83,71,69,83,78,76.03,PARTIAL,,2026-05-25 05:00:00,SYNTHETIC_DEMO
RES-03622,DON-02445,REST-TG25-078,REC-TG25-017,VOL-TG25-010,Rajanna Sircilla,roti,15,14.59,44,75,72,91,77,100,75.33,RESCUED,,2026-08-28 10:00:00,SYNTHETIC_DEMO
RES-03623,DON-03000,REST-TG26-079,REC-TG26-017,VOL-TG26-005,Rangareddy,packaged_food,40,20.84,43,83,47,85,79,82,64.96,MISSED,volunteer_unavailable,2026-06-07 09:00:00,SYNTHETIC_DEMO
RES-03624,DON-02286,REST-TG27-117,REC-TG27-017,VOL-TG27-009,Sangareddy,fruits,114,15.19,51,97,48,60,87,72,68.05,RESCUED,,2026-06-15 16:00:00,SYNTHETIC_DEMO
RES-03625,DON-02883,REST-TG28-104,REC-TG28-020,VOL-TG28-001,Siddipet,biryani,83,10.84,36,69,84,91,82,54,75.11,RESCUED,,2026-09-17 07:00:00,SYNTHETIC_DEMO
RES-03626,DON-00403,REST-TG29-042,REC-TG29-019,VOL-TG29-008,Suryapet,dal,15,33.58,96,77,86,72,85,95,62.41,PARTIAL,,2026-07-17 20:00:00,SYNTHETIC_DEMO
RES-03627,DON-02528,REST-TG30-045,REC-TG30-016,VOL-TG30-006,Vikarabad,roti,51,26.63,84,93,93,92,86,75,73.08,EXPIRED,expired_before_pickup,2026-08-09 10:00:00,SYNTHETIC_DEMO
RES-03628,DON-02757,REST-TG31-027,REC-TG31-010,VOL-TG31-005,Wanaparthy,fruits,67,6.81,17,83,70,92,62,67,77.44,EXPIRED,traffic_delay,2026-04-21 03:00:00,SYNTHETIC_DEMO
RES-03629,DON-02644,REST-TG32-134,REC-TG32-004,VOL-TG32-004,Warangal,cooked_meal,101,33.96,87,74,86,66,70,62,55.84,RESCUED,,2026-08-03 18:00:00,SYNTHETIC_DEMO
RES-03630,DON-01309,REST-TG33-131,REC-TG33-012,VOL-TG33-001,Yadadri Bhuvanagiri,pulao,39,12.93,30,84,92,74,73,85,77.86,EXPIRED,recipient_capacity_full,2026-04-21 13:00:00,SYNTHETIC_DEMO
RES-03631,DON-02172,REST-TG01-078,REC-TG01-012,VOL-TG01-006,Adilabad,rice,73,10.58,31,88,64,88,74,99,78.34,RESCUED,,2026-07-12 03:00:00,SYNTHETIC_DEMO
RES-03632,DON-02093,REST-TG02-088,REC-TG02-011,VOL-TG02-002,Bhadradri Kothagudem,fruits,34,8.3,22,81,75,85,67,67,76.42,MISSED,traffic_delay,2026-06-08 20:00:00,SYNTHETIC_DEMO
RES-03633,DON-00638,REST-TG03-027,REC-TG03-015,VOL-TG03-004,Hanumakonda,bread,96,12.33,28,84,49,97,64,72,70.94,EXPIRED,volunteer_unavailable,2026-09-24 13:00:00,SYNTHETIC_DEMO
RES-03634,DON-01959,REST-TG04-110,REC-TG04-006,VOL-TG04-008,Hyderabad,vegetables,14,31.84,93,96,80,72,68,65,61.56,PARTIAL,,2026-05-08 06:00:00,SYNTHETIC_DEMO
RES-03635,DON-02886,REST-TG05-021,REC-TG05-007,VOL-TG05-001,Jagtial,dal,109,24.98,76,77,97,72,55,56,63.86,EXPIRED,recipient_capacity_full,2026-06-27 00:00:00,SYNTHETIC_DEMO
RES-03636,DON-01968,REST-TG06-120,REC-TG06-007,VOL-TG06-003,Jangaon,cooked_meal,117,20.31,55,75,85,100,56,89,71.99,RESCUED,,2026-05-04 15:00:00,SYNTHETIC_DEMO
RES-03637,DON-01768,REST-TG07-117,REC-TG07-020,VOL-TG07-003,Jayashankar Bhupalpally,bread,19,4.58,14,66,45,91,97,70,74.28,RESCUED,,2026-09-17 15:00:00,SYNTHETIC_DEMO
RES-03638,DON-01698,REST-TG08-114,REC-TG08-010,VOL-TG08-002,Jogulamba Gadwal,rice,98,16.01,56,72,76,77,61,80,68.81,MISSED,traffic_delay,2026-07-06 04:00:00,SYNTHETIC_DEMO
RES-03639,DON-02139,REST-TG09-038,REC-TG09-002,VOL-TG09-003,Kamareddy,bakery,25,9.97,23,86,55,79,81,57,71.73,RESCUED,,2026-05-02 16:00:00,SYNTHETIC_DEMO
RES-03640,DON-00281,REST-TG10-007,REC-TG10-005,VOL-TG10-004,Karimnagar,biryani,74,17.02,56,89,66,60,54,87,66.94,MISSED,expired_before_pickup,2026-05-29 01:00:00,SYNTHETIC_DEMO
RES-03641,DON-01418,REST-TG11-120,REC-TG11-001,VOL-TG11-005,Khammam,fruits,21,28.1,83,82,49,94,85,62,59.93,MISSED,volunteer_unavailable,2026-05-15 16:00:00,SYNTHETIC_DEMO
RES-03642,DON-01006,REST-TG12-016,REC-TG12-013,VOL-TG12-006,Kumuram Bheem,pulao,112,26.16,74,94,79,100,87,100,74.61,EXPIRED,traffic_delay,2026-08-04 20:00:00,SYNTHETIC_DEMO
RES-03643,DON-02097,REST-TG13-102,REC-TG13-010,VOL-TG13-006,Mahabubabad,fruits,24,10.38,37,87,97,90,58,98,83.49,PARTIAL,,2026-05-08 01:00:00,SYNTHETIC_DEMO
RES-03644,DON-01980,REST-TG14-099,REC-TG14-018,VOL-TG14-008,Mahabubnagar,bakery,81,4.74,12,91,50,87,53,55,73.66,PARTIAL,,2026-08-16 13:00:00,SYNTHETIC_DEMO
RES-03645,DON-00004,REST-TG15-015,REC-TG15-009,VOL-TG15-009,Mancherial,roti,96,17.22,63,95,96,63,80,60,74.35,RESCUED,,2026-05-31 18:00:00,SYNTHETIC_DEMO
RES-03646,DON-02096,REST-TG16-070,REC-TG16-005,VOL-TG16-005,Medak,vegetables,59,1.55,5,65,59,63,94,61,73.64,PARTIAL,,2026-07-16 07:00:00,SYNTHETIC_DEMO
RES-03647,DON-00950,REST-TG17-021,REC-TG17-015,VOL-TG17-004,Medchal-Malkajgiri,bread,90,9.36,26,77,96,67,85,98,81.26,EXPIRED,volunteer_unavailable,2026-06-23 21:00:00,SYNTHETIC_DEMO
RES-03648,DON-00449,REST-TG18-129,REC-TG18-015,VOL-TG18-002,Mulugu,packaged_food,100,25.83,51,73,54,92,89,52,59.85,RESCUED,,2026-09-13 18:00:00,SYNTHETIC_DEMO
RES-03649,DON-01511,REST-TG19-028,REC-TG19-002,VOL-TG19-004,Nagarkurnool,rice,68,6.48,13,82,94,72,64,87,81.47,RESCUED,,2026-06-28 21:00:00,SYNTHETIC_DEMO
RES-03650,DON-02491,REST-TG20-113,REC-TG20-004,VOL-TG20-003,Nalgonda,pulao,59,29.9,71,72,86,94,96,97,68.64,RESCUED,,2026-05-23 07:00:00,SYNTHETIC_DEMO
RES-03651,DON-02106,REST-TG21-135,REC-TG21-017,VOL-TG21-007,Narayanpet,sandwich,46,10.8,24,100,58,76,51,54,70.79,EXPIRED,recipient_capacity_full,2026-04-09 03:00:00,SYNTHETIC_DEMO
RES-03652,DON-01500,REST-TG22-083,REC-TG22-013,VOL-TG22-001,Nirmal,biryani,119,27.95,94,99,76,73,51,95,65.59,MISSED,traffic_delay,2026-09-05 09:00:00,SYNTHETIC_DEMO
RES-03653,DON-02398,REST-TG23-126,REC-TG23-013,VOL-TG23-005,Nizamabad,sandwich,52,22.02,74,68,47,95,71,68,60.42,RESCUED,,2026-07-22 05:00:00,SYNTHETIC_DEMO
RES-03654,DON-02683,REST-TG24-062,REC-TG24-017,VOL-TG24-010,Peddapalli,dal,51,13.86,37,90,89,92,93,100,84.0,RESCUED,,2026-07-19 17:00:00,SYNTHETIC_DEMO
RES-03655,DON-00290,REST-TG25-072,REC-TG25-001,VOL-TG25-003,Rajanna Sircilla,pulao,100,5.32,15,94,58,78,62,86,78.1,RESCUED,,2026-06-03 22:00:00,SYNTHETIC_DEMO
RES-03656,DON-00088,REST-TG26-119,REC-TG26-009,VOL-TG26-005,Rangareddy,bread,10,2.58,7,65,50,77,57,100,73.41,RESCUED,,2026-05-18 20:00:00,SYNTHETIC_DEMO
RES-03657,DON-00897,REST-TG27-107,REC-TG27-003,VOL-TG27-007,Sangareddy,bread,101,7.6,26,67,97,81,58,95,79.82,RESCUED,,2026-07-03 17:00:00,SYNTHETIC_DEMO
RES-03658,DON-01509,REST-TG28-088,REC-TG28-011,VOL-TG28-004,Siddipet,dal,38,7.25,26,83,54,62,54,91,71.02,EXPIRED,recipient_capacity_full,2026-09-09 19:00:00,SYNTHETIC_DEMO
RES-03659,DON-00030,REST-TG29-032,REC-TG29-009,VOL-TG29-004,Suryapet,cooked_meal,80,30.55,102,85,71,91,72,80,63.23,MISSED,traffic_delay,2026-05-12 04:00:00,SYNTHETIC_DEMO
RES-03660,DON-01035,REST-TG30-020,REC-TG30-005,VOL-TG30-005,Vikarabad,dal,95,31.21,75,73,70,72,94,92,60.71,MISSED,expired_before_pickup,2026-07-07 19:00:00,SYNTHETIC_DEMO
RES-03661,DON-02716,REST-TG31-136,REC-TG31-019,VOL-TG31-010,Wanaparthy,bread,94,22.77,64,72,97,81,72,56,67.49,MISSED,volunteer_unavailable,2026-07-22 04:00:00,SYNTHETIC_DEMO
RES-03662,DON-00758,REST-TG32-034,REC-TG32-010,VOL-TG32-001,Warangal,vegetables,44,20.79,49,71,79,80,98,83,70.25,RESCUED,,2026-09-06 11:00:00,SYNTHETIC_DEMO
RES-03663,DON-01167,REST-TG33-125,REC-TG33-004,VOL-TG33-009,Yadadri Bhuvanagiri,dal,14,1.25,5,77,66,68,66,58,75.31,RESCUED,,2026-08-06 19:00:00,SYNTHETIC_DEMO
RES-03664,DON-01310,REST-TG01-068,REC-TG01-009,VOL-TG01-008,Adilabad,bakery,117,14.93,30,87,62,92,59,85,72.34,MISSED,traffic_delay,2026-07-14 19:00:00,SYNTHETIC_DEMO
RES-03665,DON-01464,REST-TG02-034,REC-TG02-019,VOL-TG02-002,Bhadradri Kothagudem,vegetables,30,34.07,79,84,66,62,64,73,53.66,RESCUED,,2026-07-07 21:00:00,SYNTHETIC_DEMO
RES-03666,DON-00464,REST-TG03-066,REC-TG03-018,VOL-TG03-009,Hanumakonda,pulao,93,15.98,60,82,81,85,70,90,74.94,MISSED,expired_before_pickup,2026-08-10 09:00:00,SYNTHETIC_DEMO
RES-03667,DON-00103,REST-TG04-055,REC-TG04-003,VOL-TG04-007,Hyderabad,pulao,75,24.62,82,68,48,69,64,53,52.66,MISSED,recipient_capacity_full,2026-06-13 02:00:00,SYNTHETIC_DEMO
RES-03668,DON-02516,REST-TG05-130,REC-TG05-016,VOL-TG05-006,Jagtial,pulao,21,31.05,77,78,73,91,69,51,58.67,RESCUED,,2026-09-03 15:00:00,SYNTHETIC_DEMO
RES-03669,DON-02828,REST-TG06-032,REC-TG06-014,VOL-TG06-004,Jangaon,bread,85,11.3,28,93,46,68,85,86,72.03,EXPIRED,volunteer_unavailable,2026-06-09 03:00:00,SYNTHETIC_DEMO
RES-03670,DON-00884,REST-TG07-011,REC-TG07-017,VOL-TG07-004,Jayashankar Bhupalpally,fruits,18,3.09,10,97,50,87,83,64,79.94,RESCUED,,2026-09-17 17:00:00,SYNTHETIC_DEMO
RES-03671,DON-02906,REST-TG08-123,REC-TG08-002,VOL-TG08-006,Jogulamba Gadwal,biryani,114,23.58,89,67,61,68,58,73,57.06,RESCUED,,2026-08-11 06:00:00,SYNTHETIC_DEMO
RES-03672,DON-02796,REST-TG09-049,REC-TG09-004,VOL-TG09-004,Kamareddy,fruits,90,25.37,84,91,58,87,60,96,65.33,RESCUED,,2026-09-21 06:00:00,SYNTHETIC_DEMO
RES-03673,DON-00586,REST-TG10-020,REC-TG10-020,VOL-TG10-006,Karimnagar,bakery,45,26.37,79,100,54,68,84,89,64.46,RESCUED,,2026-08-28 02:00:00,SYNTHETIC_DEMO
RES-03674,DON-00751,REST-TG11-086,REC-TG11-014,VOL-TG11-010,Khammam,dal,21,17.09,51,86,84,67,75,94,73.74,PARTIAL,,2026-06-11 17:00:00,SYNTHETIC_DEMO
RES-03675,DON-00699,REST-TG12-078,REC-TG12-005,VOL-TG12-005,Kumuram Bheem,bread,112,1.98,5,72,89,78,68,77,81.99,RESCUED,,2026-04-19 10:00:00,SYNTHETIC_DEMO
RES-03676,DON-01002,REST-TG13-126,REC-TG13-018,VOL-TG13-007,Mahabubabad,pulao,116,10.26,37,93,73,83,77,73,78.32,RESCUED,,2026-06-26 14:00:00,SYNTHETIC_DEMO
RES-03677,DON-00079,REST-TG14-051,REC-TG14-017,VOL-TG14-009,Mahabubnagar,rice,12,16.71,62,79,62,75,94,81,70.01,RESCUED,,2026-08-08 12:00:00,SYNTHETIC_DEMO
RES-03678,DON-01399,REST-TG15-013,REC-TG15-003,VOL-TG15-009,Mancherial,roti,119,2.07,6,68,80,92,52,52,77.32,EXPIRED,recipient_capacity_full,2026-05-27 11:00:00,SYNTHETIC_DEMO
RES-03679,DON-02967,REST-TG16-028,REC-TG16-010,VOL-TG16-005,Medak,vegetables,56,22.15,87,98,47,92,78,84,68.18,EXPIRED,expired_before_pickup,2026-04-17 16:00:00,SYNTHETIC_DEMO
RES-03680,DON-01370,REST-TG17-036,REC-TG17-001,VOL-TG17-003,Medchal-Malkajgiri,pulao,109,5.65,14,69,77,86,50,73,75.36,PARTIAL,,2026-05-23 02:00:00,SYNTHETIC_DEMO
RES-03681,DON-00719,REST-TG18-006,REC-TG18-019,VOL-TG18-009,Mulugu,bakery,88,31.51,96,99,96,82,87,78,70.29,RESCUED,,2026-09-07 05:00:00,SYNTHETIC_DEMO
RES-03682,DON-00255,REST-TG19-063,REC-TG19-016,VOL-TG19-009,Nagarkurnool,roti,54,32.78,97,88,46,73,65,76,53.44,EXPIRED,expired_before_pickup,2026-08-31 13:00:00,SYNTHETIC_DEMO
RES-03683,DON-02915,REST-TG20-146,REC-TG20-002,VOL-TG20-002,Nalgonda,fruits,105,30.93,73,72,94,98,74,64,64.61,PARTIAL,,2026-09-18 16:00:00,SYNTHETIC_DEMO
RES-03684,DON-02180,REST-TG21-115,REC-TG21-008,VOL-TG21-006,Narayanpet,pulao,73,30.04,71,74,98,96,97,80,70.04,RESCUED,,2026-04-30 08:00:00,SYNTHETIC_DEMO
RES-03685,DON-01155,REST-TG22-083,REC-TG22-010,VOL-TG22-002,Nirmal,vegetables,47,5.7,14,97,75,94,59,84,83.73,RESCUED,,2026-06-17 01:00:00,SYNTHETIC_DEMO
RES-03686,DON-00573,REST-TG23-026,REC-TG23-014,VOL-TG23-003,Nizamabad,pulao,85,16.3,43,82,82,78,81,59,71.86,EXPIRED,traffic_delay,2026-04-02 11:00:00,SYNTHETIC_DEMO
RES-03687,DON-01171,REST-TG24-147,REC-TG24-004,VOL-TG24-001,Peddapalli,rice,16,22.16,86,99,67,97,85,54,70.82,PARTIAL,,2026-06-27 12:00:00,SYNTHETIC_DEMO
RES-03688,DON-00154,REST-TG25-110,REC-TG25-015,VOL-TG25-006,Rajanna Sircilla,biryani,110,2.53,9,92,50,69,55,83,75.74,RESCUED,,2026-07-15 17:00:00,SYNTHETIC_DEMO
RES-03689,DON-00072,REST-TG26-146,REC-TG26-006,VOL-TG26-002,Rangareddy,bread,60,21.13,66,75,67,70,82,77,64.71,EXPIRED,recipient_capacity_full,2026-06-11 03:00:00,SYNTHETIC_DEMO
RES-03690,DON-02341,REST-TG27-098,REC-TG27-012,VOL-TG27-008,Sangareddy,roti,104,11.01,43,90,62,77,68,64,72.29,RESCUED,,2026-09-05 14:00:00,SYNTHETIC_DEMO
RES-03691,DON-02993,REST-TG28-115,REC-TG28-020,VOL-TG28-005,Siddipet,pulao,100,33.05,95,66,99,68,96,87,62.89,MISSED,traffic_delay,2026-07-19 12:00:00,SYNTHETIC_DEMO
RES-03692,DON-00532,REST-TG29-135,REC-TG29-010,VOL-TG29-010,Suryapet,bread,29,4.96,13,69,54,68,68,95,72.56,RESCUED,,2026-04-24 05:00:00,SYNTHETIC_DEMO
RES-03693,DON-00770,REST-TG30-144,REC-TG30-003,VOL-TG30-006,Vikarabad,bread,97,6.34,19,70,94,71,88,59,78.62,RESCUED,,2026-06-17 21:00:00,SYNTHETIC_DEMO
RES-03694,DON-00172,REST-TG31-083,REC-TG31-019,VOL-TG31-007,Wanaparthy,cooked_meal,60,23.55,64,73,47,82,81,62,58.78,RESCUED,,2026-04-13 05:00:00,SYNTHETIC_DEMO
RES-03695,DON-00270,REST-TG32-053,REC-TG32-005,VOL-TG32-008,Warangal,dal,97,28.32,66,65,52,82,66,58,52.87,RESCUED,,2026-05-19 22:00:00,SYNTHETIC_DEMO
RES-03696,DON-02609,REST-TG33-142,REC-TG33-003,VOL-TG33-010,Yadadri Bhuvanagiri,fruits,54,7.0,27,91,91,94,50,96,85.1,PARTIAL,,2026-04-03 18:00:00,SYNTHETIC_DEMO
RES-03697,DON-00269,REST-TG01-109,REC-TG01-008,VOL-TG01-010,Adilabad,vegetables,106,21.84,75,77,97,87,73,77,72.25,RESCUED,,2026-05-19 08:00:00,SYNTHETIC_DEMO
RES-03698,DON-01694,REST-TG02-016,REC-TG02-019,VOL-TG02-003,Bhadradri Kothagudem,roti,35,30.97,71,73,99,79,87,74,65.23,RESCUED,,2026-09-12 08:00:00,SYNTHETIC_DEMO
RES-03699,DON-00831,REST-TG03-105,REC-TG03-006,VOL-TG03-004,Hanumakonda,pulao,60,31.24,70,72,100,93,63,71,64.44,PARTIAL,,2026-04-12 14:00:00,SYNTHETIC_DEMO
RES-03700,DON-01218,REST-TG04-029,REC-TG04-014,VOL-TG04-007,Hyderabad,roti,117,2.92,7,92,89,76,66,86,85.71,RESCUED,,2026-08-18 03:00:00,SYNTHETIC_DEMO
RES-03701,DON-00452,REST-TG05-006,REC-TG05-006,VOL-TG05-007,Jagtial,bakery,79,18.45,45,85,96,62,95,59,72.72,RESCUED,,2026-05-14 18:00:00,SYNTHETIC_DEMO
RES-03702,DON-02429,REST-TG06-041,REC-TG06-006,VOL-TG06-010,Jangaon,fruits,108,10.85,22,95,46,85,89,95,76.6,PARTIAL,,2026-06-24 13:00:00,SYNTHETIC_DEMO
RES-03703,DON-00940,REST-TG07-079,REC-TG07-019,VOL-TG07-006,Jayashankar Bhupalpally,rice,86,22.03,71,76,74,97,59,87,68.41,MISSED,traffic_delay,2026-07-20 12:00:00,SYNTHETIC_DEMO
RES-03704,DON-01145,REST-TG08-120,REC-TG08-006,VOL-TG08-005,Jogulamba Gadwal,roti,44,9.21,34,90,58,100,66,80,77.62,MISSED,volunteer_unavailable,2026-09-08 13:00:00,SYNTHETIC_DEMO
RES-03705,DON-00529,REST-TG09-147,REC-TG09-001,VOL-TG09-006,Kamareddy,packaged_food,78,14.71,55,81,69,81,79,61,70.64,RESCUED,,2026-05-02 05:00:00,SYNTHETIC_DEMO
RES-03706,DON-01232,REST-TG10-121,REC-TG10-017,VOL-TG10-004,Karimnagar,roti,107,24.39,69,93,68,92,74,55,66.48,PARTIAL,,2026-06-30 06:00:00,SYNTHETIC_DEMO
RES-03707,DON-02122,REST-TG11-118,REC-TG11-004,VOL-TG11-009,Khammam,sandwich,111,18.9,63,92,99,73,70,58,73.45,MISSED,traffic_delay,2026-07-24 10:00:00,SYNTHETIC_DEMO
RES-03708,DON-00769,REST-TG12-077,REC-TG12-006,VOL-TG12-006,Kumuram Bheem,cooked_meal,48,33.52,98,95,60,88,76,66,59.46,RESCUED,,2026-06-12 15:00:00,SYNTHETIC_DEMO
RES-03709,DON-01343,REST-TG13-112,REC-TG13-016,VOL-TG13-004,Mahabubabad,biryani,56,10.55,21,96,75,71,76,89,78.81,RESCUED,,2026-06-01 16:00:00,SYNTHETIC_DEMO
RES-03710,DON-01652,REST-TG14-065,REC-TG14-009,VOL-TG14-002,Mahabubnagar,pulao,15,28.46,95,91,86,97,91,56,69.32,MISSED,recipient_capacity_full,2026-04-11 16:00:00,SYNTHETIC_DEMO
RES-03711,DON-01514,REST-TG15-085,REC-TG15-007,VOL-TG15-004,Mancherial,vegetables,28,32.22,73,68,64,76,66,57,52.09,RESCUED,,2026-08-28 08:00:00,SYNTHETIC_DEMO
RES-03712,DON-00347,REST-TG16-032,REC-TG16-012,VOL-TG16-003,Medak,rice,43,1.56,5,74,79,66,60,98,80.19,EXPIRED,expired_before_pickup,2026-08-27 18:00:00,SYNTHETIC_DEMO
RES-03713,DON-02309,REST-TG17-144,REC-TG17-007,VOL-TG17-007,Medchal-Malkajgiri,biryani,14,25.29,65,100,78,99,67,82,72.29,EXPIRED,volunteer_unavailable,2026-05-05 22:00:00,SYNTHETIC_DEMO
RES-03714,DON-01252,REST-TG18-082,REC-TG18-018,VOL-TG18-005,Mulugu,bread,50,34.47,78,71,52,99,81,50,52.93,PARTIAL,,2026-05-22 06:00:00,SYNTHETIC_DEMO
RES-03715,DON-01233,REST-TG19-139,REC-TG19-009,VOL-TG19-006,Nagarkurnool,fruits,98,27.88,80,81,95,92,75,69,68.49,EXPIRED,expired_before_pickup,2026-09-06 12:00:00,SYNTHETIC_DEMO
RES-03716,DON-00705,REST-TG20-066,REC-TG20-008,VOL-TG20-005,Nalgonda,pulao,95,24.72,51,69,92,89,79,61,66.89,MISSED,recipient_capacity_full,2026-05-24 14:00:00,SYNTHETIC_DEMO
RES-03717,DON-02737,REST-TG21-085,REC-TG21-017,VOL-TG21-009,Narayanpet,biryani,104,27.56,100,76,54,67,98,92,60.36,RESCUED,,2026-04-03 20:00:00,SYNTHETIC_DEMO
RES-03718,DON-00932,REST-TG22-071,REC-TG22-005,VOL-TG22-001,Nirmal,roti,72,19.38,54,66,47,91,83,61,61.81,MISSED,expired_before_pickup,2026-09-06 23:00:00,SYNTHETIC_DEMO
RES-03719,DON-00773,REST-TG23-043,REC-TG23-005,VOL-TG23-010,Nizamabad,cooked_meal,58,28.09,68,81,93,97,71,86,69.99,RESCUED,,2026-04-20 20:00:00,SYNTHETIC_DEMO
RES-03720,DON-00882,REST-TG24-057,REC-TG24-017,VOL-TG24-001,Peddapalli,pulao,94,22.18,77,67,82,70,90,69,65.36,RESCUED,,2026-04-03 17:00:00,SYNTHETIC_DEMO
RES-03721,DON-01373,REST-TG25-031,REC-TG25-009,VOL-TG25-010,Rajanna Sircilla,roti,12,23.95,75,67,63,98,95,79,65.99,EXPIRED,recipient_capacity_full,2026-05-04 07:00:00,SYNTHETIC_DEMO
RES-03722,DON-02838,REST-TG26-089,REC-TG26-013,VOL-TG26-006,Rangareddy,bakery,117,32.72,109,78,53,76,73,71,53.63,RESCUED,,2026-07-13 07:00:00,SYNTHETIC_DEMO
RES-03723,DON-00454,REST-TG27-141,REC-TG27-004,VOL-TG27-006,Sangareddy,pulao,38,16.15,38,82,46,74,89,86,67.66,MISSED,traffic_delay,2026-07-22 08:00:00,SYNTHETIC_DEMO
RES-03724,DON-02396,REST-TG28-036,REC-TG28-005,VOL-TG28-002,Siddipet,bakery,63,22.27,46,86,62,97,68,97,69.74,EXPIRED,recipient_capacity_full,2026-09-15 01:00:00,SYNTHETIC_DEMO
RES-03725,DON-01157,REST-TG29-040,REC-TG29-011,VOL-TG29-005,Suryapet,sandwich,103,14.0,46,98,46,66,57,64,65.8,RESCUED,,2026-09-07 04:00:00,SYNTHETIC_DEMO
RES-03726,DON-01911,REST-TG30-125,REC-TG30-012,VOL-TG30-010,Vikarabad,fruits,50,12.94,26,68,70,80,51,75,67.96,RESCUED,,2026-09-06 02:00:00,SYNTHETIC_DEMO
RES-03727,DON-00824,REST-TG31-141,REC-TG31-003,VOL-TG31-009,Wanaparthy,packaged_food,115,26.72,90,70,66,92,96,68,63.31,RESCUED,,2026-08-30 06:00:00,SYNTHETIC_DEMO
RES-03728,DON-01047,REST-TG32-052,REC-TG32-010,VOL-TG32-004,Warangal,fruits,100,9.86,27,74,86,71,64,93,76.31,RESCUED,,2026-07-03 09:00:00,SYNTHETIC_DEMO
RES-03729,DON-01686,REST-TG33-053,REC-TG33-010,VOL-TG33-005,Yadadri Bhuvanagiri,rice,25,11.12,23,65,85,90,74,57,73.66,RESCUED,,2026-09-16 18:00:00,SYNTHETIC_DEMO
RES-03730,DON-01404,REST-TG01-099,REC-TG01-005,VOL-TG01-006,Adilabad,sandwich,41,32.59,125,78,86,80,69,85,61.92,EXPIRED,expired_before_pickup,2026-05-12 12:00:00,SYNTHETIC_DEMO
RES-03731,DON-00669,REST-TG02-138,REC-TG02-010,VOL-TG02-005,Bhadradri Kothagudem,cooked_meal,13,19.87,51,93,48,75,71,81,65.46,RESCUED,,2026-05-03 17:00:00,SYNTHETIC_DEMO
RES-03732,DON-00887,REST-TG03-069,REC-TG03-017,VOL-TG03-003,Hanumakonda,vegetables,38,15.97,60,78,69,76,70,74,68.79,RESCUED,,2026-07-01 06:00:00,SYNTHETIC_DEMO
RES-03733,DON-01913,REST-TG04-049,REC-TG04-015,VOL-TG04-004,Hyderabad,vegetables,73,23.9,73,82,78,77,97,83,69.48,RESCUED,,2026-04-01 19:00:00,SYNTHETIC_DEMO
RES-03734,DON-01732,REST-TG05-101,REC-TG05-007,VOL-TG05-007,Jagtial,dal,41,28.07,82,85,84,73,62,76,63.5,RESCUED,,2026-07-10 18:00:00,SYNTHETIC_DEMO
RES-03735,DON-02028,REST-TG06-026,REC-TG06-004,VOL-TG06-007,Jangaon,biryani,113,10.58,31,88,61,74,90,71,74.44,EXPIRED,volunteer_unavailable,2026-09-20 02:00:00,SYNTHETIC_DEMO
RES-03736,DON-00378,REST-TG07-025,REC-TG07-018,VOL-TG07-003,Jayashankar Bhupalpally,bakery,22,6.68,24,96,54,92,82,60,78.23,RESCUED,,2026-07-24 06:00:00,SYNTHETIC_DEMO
RES-03737,DON-02779,REST-TG08-133,REC-TG08-013,VOL-TG08-004,Jogulamba Gadwal,packaged_food,31,13.01,45,94,67,98,79,56,76.11,RESCUED,,2026-04-23 00:00:00,SYNTHETIC_DEMO
RES-03738,DON-00936,REST-TG09-127,REC-TG09-015,VOL-TG09-001,Kamareddy,cooked_meal,42,33.96,110,68,51,81,58,63,48.79,MISSED,traffic_delay,2026-09-16 21:00:00,SYNTHETIC_DEMO
RES-03739,DON-01210,REST-TG10-079,REC-TG10-009,VOL-TG10-009,Karimnagar,pulao,60,5.43,15,69,76,60,90,86,76.72,PARTIAL,,2026-07-27 14:00:00,SYNTHETIC_DEMO
RES-03740,DON-01003,REST-TG11-068,REC-TG11-011,VOL-TG11-006,Khammam,roti,117,14.59,42,66,87,79,61,73,70.43,MISSED,volunteer_unavailable,2026-05-30 20:00:00,SYNTHETIC_DEMO
RES-03741,DON-02023,REST-TG12-131,REC-TG12-006,VOL-TG12-009,Kumuram Bheem,roti,95,29.77,83,99,52,88,72,72,61.54,PARTIAL,,2026-05-21 23:00:00,SYNTHETIC_DEMO
RES-03742,DON-01457,REST-TG13-076,REC-TG13-009,VOL-TG13-004,Mahabubabad,fruits,95,10.2,29,72,62,69,99,76,72.36,RESCUED,,2026-05-14 18:00:00,SYNTHETIC_DEMO
RES-03743,DON-02874,REST-TG14-077,REC-TG14-008,VOL-TG14-006,Mahabubnagar,pulao,26,2.76,9,79,72,93,81,78,83.08,RESCUED,,2026-09-03 18:00:00,SYNTHETIC_DEMO
RES-03744,DON-00609,REST-TG15-112,REC-TG15-020,VOL-TG15-007,Mancherial,vegetables,61,31.88,65,85,59,65,66,98,57.18,PARTIAL,,2026-07-27 09:00:00,SYNTHETIC_DEMO
RES-03745,DON-02041,REST-TG16-148,REC-TG16-020,VOL-TG16-004,Medak,biryani,84,12.43,44,80,91,66,55,72,72.92,RESCUED,,2026-08-31 08:00:00,SYNTHETIC_DEMO
RES-03746,DON-01470,REST-TG17-124,REC-TG17-012,VOL-TG17-006,Medchal-Malkajgiri,biryani,96,26.9,72,67,77,92,52,71,60.69,RESCUED,,2026-05-03 05:00:00,SYNTHETIC_DEMO
RES-03747,DON-01610,REST-TG18-084,REC-TG18-019,VOL-TG18-008,Mulugu,roti,29,11.94,44,93,77,75,84,80,78.12,RESCUED,,2026-06-04 01:00:00,SYNTHETIC_DEMO
RES-03748,DON-02406,REST-TG19-082,REC-TG19-011,VOL-TG19-010,Nagarkurnool,pulao,66,1.01,5,87,95,87,54,86,87.73,MISSED,expired_before_pickup,2026-08-18 17:00:00,SYNTHETIC_DEMO
RES-03749,DON-00253,REST-TG20-055,REC-TG20-017,VOL-TG20-003,Nalgonda,roti,13,32.88,100,95,76,76,50,89,61.01,MISSED,volunteer_unavailable,2026-04-21 08:00:00,SYNTHETIC_DEMO
RES-03750,DON-01301,REST-TG21-134,REC-TG21-002,VOL-TG21-010,Narayanpet,bakery,65,1.04,5,81,88,95,68,84,87.51,EXPIRED,traffic_delay,2026-05-01 02:00:00,SYNTHETIC_DEMO
RES-03751,DON-00326,REST-TG22-032,REC-TG22-010,VOL-TG22-004,Nirmal,vegetables,34,6.19,20,66,55,64,61,52,65.68,RESCUED,,2026-04-12 07:00:00,SYNTHETIC_DEMO
RES-03752,DON-02174,REST-TG23-027,REC-TG23-018,VOL-TG23-005,Nizamabad,dal,17,18.34,66,80,85,93,71,66,72.55,PARTIAL,,2026-07-28 00:00:00,SYNTHETIC_DEMO
RES-03753,DON-00823,REST-TG24-063,REC-TG24-001,VOL-TG24-008,Peddapalli,rice,67,26.01,64,91,100,87,75,54,70.57,PARTIAL,,2026-09-06 01:00:00,SYNTHETIC_DEMO
RES-03754,DON-01909,REST-TG25-029,REC-TG25-018,VOL-TG25-005,Rajanna Sircilla,sandwich,89,6.32,13,99,98,90,69,83,88.59,PARTIAL,,2026-05-27 21:00:00,SYNTHETIC_DEMO
RES-03755,DON-01280,REST-TG26-091,REC-TG26-008,VOL-TG26-001,Rangareddy,biryani,29,20.1,70,81,81,74,75,51,66.74,RESCUED,,2026-05-20 11:00:00,SYNTHETIC_DEMO
RES-03756,DON-00282,REST-TG27-061,REC-TG27-019,VOL-TG27-007,Sangareddy,cooked_meal,82,6.14,18,93,87,73,66,78,81.96,MISSED,expired_before_pickup,2026-04-25 04:00:00,SYNTHETIC_DEMO
RES-03757,DON-02475,REST-TG28-130,REC-TG28-016,VOL-TG28-005,Siddipet,rice,57,27.14,69,70,89,91,96,85,69.16,EXPIRED,volunteer_unavailable,2026-04-07 00:00:00,SYNTHETIC_DEMO
RES-03758,DON-01414,REST-TG29-018,REC-TG29-017,VOL-TG29-010,Suryapet,bread,47,17.33,48,97,83,63,80,68,72.87,RESCUED,,2026-08-01 12:00:00,SYNTHETIC_DEMO
RES-03759,DON-00181,REST-TG30-023,REC-TG30-017,VOL-TG30-007,Vikarabad,rice,37,2.06,7,65,82,66,70,99,79.73,MISSED,recipient_capacity_full,2026-05-04 14:00:00,SYNTHETIC_DEMO
RES-03760,DON-00452,REST-TG31-080,REC-TG31-013,VOL-TG31-008,Wanaparthy,fruits,50,8.46,26,100,88,71,58,52,78.21,PARTIAL,,2026-04-24 17:00:00,SYNTHETIC_DEMO
RES-03761,DON-00766,REST-TG32-061,REC-TG32-015,VOL-TG32-004,Warangal,rice,59,33.29,113,70,46,83,57,96,52.17,RESCUED,,2026-07-01 10:00:00,SYNTHETIC_DEMO
RES-03762,DON-01826,REST-TG33-008,REC-TG33-009,VOL-TG33-010,Yadadri Bhuvanagiri,sandwich,97,28.29,64,69,69,86,84,88,62.49,RESCUED,,2026-09-15 11:00:00,SYNTHETIC_DEMO
RES-03763,DON-01012,REST-TG01-015,REC-TG01-010,VOL-TG01-006,Adilabad,fruits,34,27.5,92,84,87,98,76,51,66.96,RESCUED,,2026-07-19 13:00:00,SYNTHETIC_DEMO
RES-03764,DON-00916,REST-TG02-043,REC-TG02-016,VOL-TG02-005,Bhadradri Kothagudem,packaged_food,17,19.05,76,83,66,86,71,90,70.19,RESCUED,,2026-05-10 12:00:00,SYNTHETIC_DEMO
RES-03765,DON-00526,REST-TG03-111,REC-TG03-009,VOL-TG03-003,Hanumakonda,bakery,43,4.08,15,95,67,98,73,83,84.79,EXPIRED,recipient_capacity_full,2026-08-29 18:00:00,SYNTHETIC_DEMO
RES-03766,DON-00660,REST-TG04-123,REC-TG04-020,VOL-TG04-004,Hyderabad,pulao,116,23.37,88,87,78,71,88,53,66.06,RESCUED,,2026-07-24 03:00:00,SYNTHETIC_DEMO
RES-03767,DON-02225,REST-TG05-133,REC-TG05-013,VOL-TG05-005,Jagtial,biryani,16,29.73,87,82,68,99,78,92,65.61,MISSED,traffic_delay,2026-04-02 12:00:00,SYNTHETIC_DEMO
RES-03768,DON-00404,REST-TG06-093,REC-TG06-009,VOL-TG06-001,Jangaon,sandwich,30,8.96,22,73,92,89,52,50,75.15,MISSED,traffic_delay,2026-08-02 10:00:00,SYNTHETIC_DEMO
RES-03769,DON-01735,REST-TG07-120,REC-TG07-009,VOL-TG07-001,Jayashankar Bhupalpally,bakery,71,6.5,24,73,98,97,75,58,82.41,RESCUED,,2026-04-06 18:00:00,SYNTHETIC_DEMO
RES-03770,DON-01936,REST-TG08-096,REC-TG08-016,VOL-TG08-004,Jogulamba Gadwal,rice,29,34.13,89,66,45,83,64,97,51.37,RESCUED,,2026-06-15 01:00:00,SYNTHETIC_DEMO
RES-03771,DON-00385,REST-TG09-047,REC-TG09-015,VOL-TG09-008,Kamareddy,bread,78,15.09,37,76,86,85,69,77,73.97,MISSED,recipient_capacity_full,2026-06-12 12:00:00,SYNTHETIC_DEMO
RES-03772,DON-00014,REST-TG10-013,REC-TG10-018,VOL-TG10-004,Karimnagar,bakery,87,14.34,47,90,93,66,81,58,75.16,EXPIRED,traffic_delay,2026-06-30 01:00:00,SYNTHETIC_DEMO
RES-03773,DON-02667,REST-TG11-104,REC-TG11-011,VOL-TG11-001,Khammam,dal,120,12.18,42,74,55,92,59,82,70.0,RESCUED,,2026-09-05 20:00:00,SYNTHETIC_DEMO
RES-03774,DON-00256,REST-TG12-105,REC-TG12-019,VOL-TG12-009,Kumuram Bheem,biryani,103,30.7,116,100,61,96,58,92,64.67,PARTIAL,,2026-04-21 09:00:00,SYNTHETIC_DEMO
RES-03775,DON-02207,REST-TG13-020,REC-TG13-009,VOL-TG13-007,Mahabubabad,vegetables,28,10.4,27,85,65,71,83,86,75.12,MISSED,traffic_delay,2026-06-20 23:00:00,SYNTHETIC_DEMO
RES-03776,DON-00855,REST-TG14-122,REC-TG14-020,VOL-TG14-001,Mahabubnagar,sandwich,101,23.43,76,85,52,94,87,95,67.96,EXPIRED,traffic_delay,2026-09-20 01:00:00,SYNTHETIC_DEMO
RES-03777,DON-01118,REST-TG15-062,REC-TG15-010,VOL-TG15-009,Mancherial,biryani,65,9.02,26,69,97,94,55,91,80.46,MISSED,expired_before_pickup,2026-05-28 02:00:00,SYNTHETIC_DEMO
RES-03778,DON-01093,REST-TG16-012,REC-TG16-020,VOL-TG16-001,Medak,pulao,60,7.73,30,92,56,91,59,65,75.13,EXPIRED,volunteer_unavailable,2026-08-03 05:00:00,SYNTHETIC_DEMO
RES-03779,DON-02672,REST-TG17-054,REC-TG17-005,VOL-TG17-005,Medchal-Malkajgiri,cooked_meal,38,25.91,79,96,84,60,82,63,65.99,MISSED,traffic_delay,2026-09-20 14:00:00,SYNTHETIC_DEMO
RES-03780,DON-02331,REST-TG18-055,REC-TG18-020,VOL-TG18-004,Mulugu,sandwich,53,30.19,77,80,58,91,92,84,62.29,RESCUED,,2026-04-20 07:00:00,SYNTHETIC_DEMO
RES-03781,DON-00012,REST-TG19-089,REC-TG19-015,VOL-TG19-004,Nagarkurnool,bakery,10,29.64,72,76,65,84,82,58,58.63,MISSED,traffic_delay,2026-06-28 06:00:00,SYNTHETIC_DEMO
RES-03782,DON-02435,REST-TG20-060,REC-TG20-012,VOL-TG20-009,Nalgonda,bread,28,13.03,42,85,86,92,85,51,77.29,MISSED,recipient_capacity_full,2026-07-28 16:00:00,SYNTHETIC_DEMO
RES-03783,DON-02491,REST-TG21-020,REC-TG21-010,VOL-TG21-010,Narayanpet,pulao,24,26.7,75,84,77,94,74,100,69.63,RESCUED,,2026-07-27 17:00:00,SYNTHETIC_DEMO
RES-03784,DON-02237,REST-TG22-059,REC-TG22-016,VOL-TG22-006,Nirmal,pulao,79,14.42,52,82,71,74,59,85,70.8,RESCUED,,2026-04-12 12:00:00,SYNTHETIC_DEMO
RES-03785,DON-02600,REST-TG23-121,REC-TG23-010,VOL-TG23-003,Nizamabad,biryani,82,13.54,48,86,57,62,94,78,70.43,RESCUED,,2026-08-11 19:00:00,SYNTHETIC_DEMO
RES-03786,DON-00477,REST-TG24-015,REC-TG24-012,VOL-TG24-004,Peddapalli,cooked_meal,42,20.53,81,89,78,78,60,87,70.14,RESCUED,,2026-03-29 17:00:00,SYNTHETIC_DEMO
RES-03787,DON-02443,REST-TG25-105,REC-TG25-001,VOL-TG25-008,Rajanna Sircilla,cooked_meal,51,32.05,82,82,92,79,94,78,65.96,PARTIAL,,2026-09-21 09:00:00,SYNTHETIC_DEMO
RES-03788,DON-00699,REST-TG26-027,REC-TG26-010,VOL-TG26-004,Rangareddy,rice,33,13.8,29,73,86,97,67,84,76.59,RESCUED,,2026-09-09 05:00:00,SYNTHETIC_DEMO
RES-03789,DON-01832,REST-TG27-109,REC-TG27-017,VOL-TG27-003,Sangareddy,biryani,73,6.28,20,91,52,75,89,57,74.96,EXPIRED,expired_before_pickup,2026-09-14 18:00:00,SYNTHETIC_DEMO
RES-03790,DON-00123,REST-TG28-099,REC-TG28-001,VOL-TG28-004,Siddipet,rice,80,0.95,5,98,66,63,90,100,85.57,RESCUED,,2026-04-19 23:00:00,SYNTHETIC_DEMO
RES-03791,DON-02914,REST-TG29-079,REC-TG29-009,VOL-TG29-007,Suryapet,vegetables,64,33.1,129,79,62,89,98,58,58.51,RESCUED,,2026-06-03 04:00:00,SYNTHETIC_DEMO
RES-03792,DON-02747,REST-TG30-003,REC-TG30-003,VOL-TG30-007,Vikarabad,fruits,95,33.71,132,90,74,76,85,57,59.32,RESCUED,,2026-08-26 22:00:00,SYNTHETIC_DEMO
RES-03793,DON-01562,REST-TG31-049,REC-TG31-007,VOL-TG31-006,Wanaparthy,fruits,110,18.87,64,77,79,99,70,96,74.17,RESCUED,,2026-07-20 18:00:00,SYNTHETIC_DEMO
RES-03794,DON-00843,REST-TG32-051,REC-TG32-005,VOL-TG32-004,Warangal,dal,104,32.06,97,81,65,61,94,84,58.25,EXPIRED,traffic_delay,2026-09-17 18:00:00,SYNTHETIC_DEMO
RES-03795,DON-01539,REST-TG33-146,REC-TG33-020,VOL-TG33-009,Yadadri Bhuvanagiri,biryani,33,28.73,74,76,71,95,79,64,62.43,PARTIAL,,2026-08-22 19:00:00,SYNTHETIC_DEMO
RES-03796,DON-00158,REST-TG01-097,REC-TG01-003,VOL-TG01-004,Adilabad,sandwich,106,6.11,12,83,65,97,66,59,77.29,PARTIAL,,2026-05-23 12:00:00,SYNTHETIC_DEMO
RES-03797,DON-02175,REST-TG02-144,REC-TG02-019,VOL-TG02-005,Bhadradri Kothagudem,rice,56,25.44,68,96,58,95,55,92,66.58,RESCUED,,2026-06-08 21:00:00,SYNTHETIC_DEMO
RES-03798,DON-01536,REST-TG03-042,REC-TG03-020,VOL-TG03-006,Hanumakonda,rice,69,22.93,88,74,51,69,91,90,62.07,RESCUED,,2026-09-13 05:00:00,SYNTHETIC_DEMO
RES-03799,DON-00002,REST-TG04-084,REC-TG04-016,VOL-TG04-010,Hyderabad,biryani,112,4.03,13,83,86,85,81,78,84.57,RESCUED,,2026-09-16 03:00:00,SYNTHETIC_DEMO
RES-03800,DON-01199,REST-TG05-023,REC-TG05-009,VOL-TG05-009,Jagtial,rice,33,3.96,13,66,54,75,90,88,75.22,RESCUED,,2026-08-03 08:00:00,SYNTHETIC_DEMO
RES-03801,DON-02629,REST-TG06-006,REC-TG06-009,VOL-TG06-001,Jangaon,packaged_food,57,28.89,63,83,68,65,70,96,60.91,RESCUED,,2026-06-07 10:00:00,SYNTHETIC_DEMO
RES-03802,DON-00581,REST-TG07-148,REC-TG07-002,VOL-TG07-007,Jayashankar Bhupalpally,biryani,80,25.57,87,84,82,88,89,87,70.74,PARTIAL,,2026-07-06 08:00:00,SYNTHETIC_DEMO
RES-03803,DON-00546,REST-TG08-058,REC-TG08-001,VOL-TG08-010,Jogulamba Gadwal,sandwich,24,26.58,72,85,88,100,93,53,70.21,RESCUED,,2026-04-23 15:00:00,SYNTHETIC_DEMO
RES-03804,DON-02265,REST-TG09-105,REC-TG09-011,VOL-TG09-003,Kamareddy,pulao,11,11.79,35,99,95,98,82,89,87.18,RESCUED,,2026-09-04 18:00:00,SYNTHETIC_DEMO
RES-03805,DON-02562,REST-TG10-042,REC-TG10-003,VOL-TG10-010,Karimnagar,sandwich,61,30.24,102,73,74,77,57,71,57.15,RESCUED,,2026-06-30 13:00:00,SYNTHETIC_DEMO
RES-03806,DON-00654,REST-TG11-008,REC-TG11-005,VOL-TG11-002,Khammam,fruits,17,1.14,5,69,58,75,98,91,79.74,RESCUED,,2026-06-19 01:00:00,SYNTHETIC_DEMO
RES-03807,DON-01023,REST-TG12-134,REC-TG12-005,VOL-TG12-003,Kumuram Bheem,bakery,54,34.85,134,85,77,84,92,63,60.61,RESCUED,,2026-05-21 06:00:00,SYNTHETIC_DEMO
RES-03808,DON-00421,REST-TG13-076,REC-TG13-009,VOL-TG13-007,Mahabubabad,roti,99,32.83,87,100,58,86,61,84,60.55,RESCUED,,2026-07-27 16:00:00,SYNTHETIC_DEMO
RES-03809,DON-02965,REST-TG14-097,REC-TG14-015,VOL-TG14-007,Mahabubnagar,vegetables,114,17.6,54,77,99,78,72,53,71.83,RESCUED,,2026-08-01 00:00:00,SYNTHETIC_DEMO
RES-03810,DON-02223,REST-TG15-027,REC-TG15-018,VOL-TG15-003,Mancherial,roti,87,18.18,59,94,84,77,52,91,73.46,EXPIRED,recipient_capacity_full,2026-08-20 22:00:00,SYNTHETIC_DEMO
RES-03811,DON-00107,REST-TG16-060,REC-TG16-006,VOL-TG16-009,Medak,cooked_meal,116,33.26,109,69,99,98,100,53,64.84,EXPIRED,volunteer_unavailable,2026-09-10 09:00:00,SYNTHETIC_DEMO
RES-03812,DON-01471,REST-TG17-095,REC-TG17-013,VOL-TG17-001,Medchal-Malkajgiri,bakery,60,12.94,44,73,81,63,51,53,66.41,RESCUED,,2026-07-16 16:00:00,SYNTHETIC_DEMO
RES-03813,DON-02636,REST-TG18-030,REC-TG18-012,VOL-TG18-008,Mulugu,cooked_meal,76,12.36,32,94,85,77,71,65,77.12,PARTIAL,,2026-06-11 09:00:00,SYNTHETIC_DEMO
RES-03814,DON-00760,REST-TG19-101,REC-TG19-011,VOL-TG19-006,Nagarkurnool,rice,115,26.63,85,74,79,84,66,93,65.08,RESCUED,,2026-07-21 19:00:00,SYNTHETIC_DEMO
RES-03815,DON-00339,REST-TG20-126,REC-TG20-012,VOL-TG20-005,Nalgonda,dal,112,1.14,5,89,47,73,96,78,79.74,RESCUED,,2026-05-26 21:00:00,SYNTHETIC_DEMO
RES-03816,DON-01127,REST-TG21-030,REC-TG21-007,VOL-TG21-004,Narayanpet,cooked_meal,42,30.2,100,83,59,69,79,58,55.88,RESCUED,,2026-05-28 21:00:00,SYNTHETIC_DEMO
RES-03817,DON-02646,REST-TG22-066,REC-TG22-001,VOL-TG22-005,Nirmal,cooked_meal,107,22.55,88,67,71,92,88,73,66.39,RESCUED,,2026-08-17 05:00:00,SYNTHETIC_DEMO
RES-03818,DON-01405,REST-TG23-005,REC-TG23-011,VOL-TG23-003,Nizamabad,fruits,46,10.65,36,83,61,71,50,95,71.34,RESCUED,,2026-05-09 10:00:00,SYNTHETIC_DEMO
RES-03819,DON-01294,REST-TG24-094,REC-TG24-006,VOL-TG24-006,Peddapalli,fruits,26,28.41,63,77,51,61,100,74,56.86,MISSED,recipient_capacity_full,2026-08-08 19:00:00,SYNTHETIC_DEMO
RES-03820,DON-02745,REST-TG25-110,REC-TG25-018,VOL-TG25-005,Rajanna Sircilla,bread,52,16.01,63,80,77,61,57,50,64.81,RESCUED,,2026-07-29 12:00:00,SYNTHETIC_DEMO
RES-03821,DON-01599,REST-TG26-146,REC-TG26-015,VOL-TG26-003,Rangareddy,pulao,63,7.63,28,86,78,71,80,53,76.3,RESCUED,,2026-06-04 13:00:00,SYNTHETIC_DEMO
RES-03822,DON-00167,REST-TG27-065,REC-TG27-008,VOL-TG27-002,Sangareddy,dal,94,23.42,51,68,52,67,75,65,56.32,EXPIRED,traffic_delay,2026-06-19 21:00:00,SYNTHETIC_DEMO
RES-03823,DON-00698,REST-TG28-076,REC-TG28-002,VOL-TG28-010,Siddipet,packaged_food,119,8.46,26,81,72,89,58,53,74.01,EXPIRED,expired_before_pickup,2026-08-10 23:00:00,SYNTHETIC_DEMO
RES-03824,DON-01478,REST-TG29-032,REC-TG29-008,VOL-TG29-007,Suryapet,roti,54,25.38,72,96,67,93,75,71,68.02,PARTIAL,,2026-04-14 09:00:00,SYNTHETIC_DEMO
RES-03825,DON-00109,REST-TG30-003,REC-TG30-015,VOL-TG30-002,Vikarabad,sandwich,54,20.93,46,70,89,96,62,61,68.55,MISSED,volunteer_unavailable,2026-04-07 18:00:00,SYNTHETIC_DEMO
RES-03826,DON-01339,REST-TG31-093,REC-TG31-009,VOL-TG31-005,Wanaparthy,roti,83,27.15,63,79,62,100,74,70,63.21,PARTIAL,,2026-09-10 08:00:00,SYNTHETIC_DEMO
RES-03827,DON-02840,REST-TG32-056,REC-TG32-016,VOL-TG32-003,Warangal,cooked_meal,34,11.8,37,96,62,87,98,60,77.02,EXPIRED,traffic_delay,2026-07-08 02:00:00,SYNTHETIC_DEMO
RES-03828,DON-01988,REST-TG33-001,REC-TG33-015,VOL-TG33-005,Yadadri Bhuvanagiri,dal,56,8.81,23,99,50,82,51,79,73.81,MISSED,volunteer_unavailable,2026-07-08 07:00:00,SYNTHETIC_DEMO
RES-03829,DON-02513,REST-TG01-064,REC-TG01-012,VOL-TG01-010,Adilabad,sandwich,85,23.9,76,78,56,92,93,64,64.23,MISSED,expired_before_pickup,2026-04-10 14:00:00,SYNTHETIC_DEMO
RES-03830,DON-02485,REST-TG02-123,REC-TG02-019,VOL-TG02-009,Bhadradri Kothagudem,cooked_meal,54,25.07,61,91,100,77,82,82,73.24,PARTIAL,,2026-05-19 12:00:00,SYNTHETIC_DEMO
RES-03831,DON-02617,REST-TG03-027,REC-TG03-014,VOL-TG03-001,Hanumakonda,biryani,102,25.05,66,74,77,83,64,76,63.76,PARTIAL,,2026-06-04 03:00:00,SYNTHETIC_DEMO
RES-03832,DON-00426,REST-TG04-118,REC-TG04-012,VOL-TG04-002,Hyderabad,bread,99,13.2,33,88,65,97,56,57,72.02,RESCUED,,2026-06-26 16:00:00,SYNTHETIC_DEMO
RES-03833,DON-01297,REST-TG05-039,REC-TG05-014,VOL-TG05-008,Jagtial,packaged_food,112,13.33,37,74,86,83,81,54,73.43,MISSED,volunteer_unavailable,2026-08-21 19:00:00,SYNTHETIC_DEMO
RES-03834,DON-02836,REST-TG06-017,REC-TG06-005,VOL-TG06-005,Jangaon,sandwich,114,13.88,28,80,69,60,84,92,71.49,EXPIRED,volunteer_unavailable,2026-07-02 16:00:00,SYNTHETIC_DEMO
RES-03835,DON-02288,REST-TG07-094,REC-TG07-003,VOL-TG07-010,Jayashankar Bhupalpally,packaged_food,82,24.1,89,97,93,91,66,53,71.34,MISSED,volunteer_unavailable,2026-09-15 16:00:00,SYNTHETIC_DEMO
RES-03836,DON-01172,REST-TG08-002,REC-TG08-005,VOL-TG08-009,Jogulamba Gadwal,bakery,93,2.78,6,74,50,65,69,51,69.56,RESCUED,,2026-07-06 19:00:00,SYNTHETIC_DEMO
RES-03837,DON-02497,REST-TG09-100,REC-TG09-012,VOL-TG09-010,Kamareddy,rice,38,25.54,66,74,84,86,76,67,65.56,RESCUED,,2026-04-16 08:00:00,SYNTHETIC_DEMO
RES-03838,DON-02138,REST-TG10-107,REC-TG10-019,VOL-TG10-010,Karimnagar,pulao,75,26.45,67,77,67,70,50,81,58.51,RESCUED,,2026-09-08 12:00:00,SYNTHETIC_DEMO
RES-03839,DON-02149,REST-TG11-144,REC-TG11-016,VOL-TG11-003,Khammam,packaged_food,110,7.76,16,76,64,95,60,57,73.41,PARTIAL,,2026-04-28 20:00:00,SYNTHETIC_DEMO
RES-03840,DON-02595,REST-TG12-097,REC-TG12-015,VOL-TG12-007,Kumuram Bheem,pulao,77,4.2,12,99,71,89,88,73,85.45,MISSED,traffic_delay,2026-08-14 02:00:00,SYNTHETIC_DEMO
RES-03841,DON-01351,REST-TG13-083,REC-TG13-001,VOL-TG13-002,Mahabubabad,biryani,48,7.96,25,98,45,91,51,54,72.06,MISSED,recipient_capacity_full,2026-07-17 11:00:00,SYNTHETIC_DEMO
RES-03842,DON-00792,REST-TG14-096,REC-TG14-009,VOL-TG14-005,Mahabubnagar,sandwich,74,11.14,40,86,74,93,88,70,78.79,MISSED,expired_before_pickup,2026-05-23 23:00:00,SYNTHETIC_DEMO
RES-03843,DON-01829,REST-TG15-120,REC-TG15-002,VOL-TG15-004,Mancherial,fruits,39,19.51,73,96,81,75,71,88,73.61,PARTIAL,,2026-05-11 02:00:00,SYNTHETIC_DEMO
RES-03844,DON-00767,REST-TG16-047,REC-TG16-020,VOL-TG16-001,Medak,biryani,30,20.03,71,89,59,97,99,57,70.44,RESCUED,,2026-04-29 16:00:00,SYNTHETIC_DEMO
RES-03845,DON-00034,REST-TG17-071,REC-TG17-016,VOL-TG17-009,Medchal-Malkajgiri,packaged_food,108,13.9,48,84,95,90,50,63,75.67,EXPIRED,traffic_delay,2026-08-05 08:00:00,SYNTHETIC_DEMO
RES-03846,DON-01069,REST-TG18-096,REC-TG18-019,VOL-TG18-006,Mulugu,dal,72,23.36,74,87,87,77,94,100,74.06,PARTIAL,,2026-07-07 09:00:00,SYNTHETIC_DEMO
RES-03847,DON-02997,REST-TG19-040,REC-TG19-005,VOL-TG19-008,Nagarkurnool,bakery,81,2.3,7,66,58,91,86,75,77.91,MISSED,recipient_capacity_full,2026-04-08 07:00:00,SYNTHETIC_DEMO
RES-03848,DON-02528,REST-TG20-003,REC-TG20-016,VOL-TG20-002,Nalgonda,roti,32,27.18,61,94,98,100,97,90,77.69,RESCUED,,2026-06-08 05:00:00,SYNTHETIC_DEMO
RES-03849,DON-01894,REST-TG21-092,REC-TG21-016,VOL-TG21-004,Narayanpet,roti,91,16.6,41,65,56,72,58,64,60.34,RESCUED,,2026-04-20 15:00:00,SYNTHETIC_DEMO
RES-03850,DON-02873,REST-TG22-078,REC-TG22-011,VOL-TG22-006,Nirmal,fruits,93,26.57,102,65,60,91,64,55,56.57,RESCUED,,2026-08-06 08:00:00,SYNTHETIC_DEMO
RES-03851,DON-02930,REST-TG23-004,REC-TG23-018,VOL-TG23-005,Nizamabad,roti,105,30.78,111,95,86,68,59,56,60.91,RESCUED,,2026-05-08 01:00:00,SYNTHETIC_DEMO
RES-03852,DON-01439,REST-TG24-077,REC-TG24-014,VOL-TG24-007,Peddapalli,roti,110,18.35,40,68,70,77,60,58,62.84,RESCUED,,2026-09-11 00:00:00,SYNTHETIC_DEMO
RES-03853,DON-02373,REST-TG25-133,REC-TG25-001,VOL-TG25-002,Rajanna Sircilla,sandwich,47,7.21,28,97,53,79,93,52,76.2,EXPIRED,expired_before_pickup,2026-09-22 21:00:00,SYNTHETIC_DEMO
RES-03854,DON-00231,REST-TG26-052,REC-TG26-008,VOL-TG26-002,Rangareddy,pulao,38,24.06,75,86,48,70,85,63,59.91,EXPIRED,expired_before_pickup,2026-06-02 19:00:00,SYNTHETIC_DEMO
RES-03855,DON-01213,REST-TG27-145,REC-TG27-002,VOL-TG27-003,Sangareddy,vegetables,116,28.54,101,100,77,74,58,81,65.01,RESCUED,,2026-06-18 21:00:00,SYNTHETIC_DEMO
RES-03856,DON-00868,REST-TG28-097,REC-TG28-008,VOL-TG28-009,Siddipet,roti,76,26.88,78,95,77,80,73,90,68.5,PARTIAL,,2026-05-12 05:00:00,SYNTHETIC_DEMO
RES-03857,DON-01251,REST-TG29-081,REC-TG29-008,VOL-TG29-006,Suryapet,dal,79,30.84,108,98,50,70,67,76,57.37,RESCUED,,2026-07-17 09:00:00,SYNTHETIC_DEMO
RES-03858,DON-01870,REST-TG30-123,REC-TG30-004,VOL-TG30-003,Vikarabad,rice,88,12.66,45,70,78,80,65,50,69.06,RESCUED,,2026-08-01 11:00:00,SYNTHETIC_DEMO
RES-03859,DON-00751,REST-TG31-073,REC-TG31-012,VOL-TG31-008,Wanaparthy,rice,15,2.42,5,92,77,68,82,91,84.57,RESCUED,,2026-05-06 06:00:00,SYNTHETIC_DEMO
RES-03860,DON-00002,REST-TG32-026,REC-TG32-011,VOL-TG32-009,Warangal,pulao,54,16.52,44,74,93,86,89,63,74.7,MISSED,expired_before_pickup,2026-08-10 09:00:00,SYNTHETIC_DEMO
RES-03861,DON-00208,REST-TG33-026,REC-TG33-012,VOL-TG33-010,Yadadri Bhuvanagiri,rice,97,15.95,50,80,89,85,67,98,76.66,RESCUED,,2026-05-12 02:00:00,SYNTHETIC_DEMO
RES-03862,DON-00569,REST-TG01-044,REC-TG01-012,VOL-TG01-003,Adilabad,roti,68,27.48,93,92,71,75,51,76,61.92,MISSED,volunteer_unavailable,2026-08-08 11:00:00,SYNTHETIC_DEMO
RES-03863,DON-00106,REST-TG02-035,REC-TG02-001,VOL-TG02-003,Bhadradri Kothagudem,biryani,105,10.71,38,90,47,77,79,76,71.8,MISSED,volunteer_unavailable,2026-06-16 04:00:00,SYNTHETIC_DEMO
RES-03864,DON-01193,REST-TG03-139,REC-TG03-020,VOL-TG03-005,Hanumakonda,pulao,41,17.93,57,93,89,63,76,68,72.44,RESCUED,,2026-05-16 07:00:00,SYNTHETIC_DEMO
RES-03865,DON-01299,REST-TG04-057,REC-TG04-016,VOL-TG04-007,Hyderabad,cooked_meal,34,7.03,23,66,56,96,68,86,74.18,RESCUED,,2026-06-18 08:00:00,SYNTHETIC_DEMO
RES-03866,DON-00884,REST-TG05-039,REC-TG05-009,VOL-TG05-006,Jagtial,bread,92,29.29,100,84,100,84,56,81,67.18,MISSED,expired_before_pickup,2026-08-25 15:00:00,SYNTHETIC_DEMO
RES-03867,DON-01589,REST-TG06-036,REC-TG06-014,VOL-TG06-009,Jangaon,vegetables,97,9.93,22,81,47,89,77,63,70.86,MISSED,traffic_delay,2026-09-14 08:00:00,SYNTHETIC_DEMO
RES-03868,DON-00045,REST-TG07-097,REC-TG07-018,VOL-TG07-009,Jayashankar Bhupalpally,bread,74,13.81,54,87,99,99,72,63,80.69,RESCUED,,2026-04-18 15:00:00,SYNTHETIC_DEMO
RES-03869,DON-01002,REST-TG08-021,REC-TG08-011,VOL-TG08-004,Jogulamba Gadwal,packaged_food,112,1.52,5,92,75,99,75,80,87.66,RESCUED,,2026-04-26 19:00:00,SYNTHETIC_DEMO
RES-03870,DON-00206,REST-TG09-068,REC-TG09-008,VOL-TG09-003,Kamareddy,fruits,51,14.83,33,68,48,72,80,74,63.81,EXPIRED,traffic_delay,2026-06-26 03:00:00,SYNTHETIC_DEMO
RES-03871,DON-00343,REST-TG10-140,REC-TG10-012,VOL-TG10-002,Karimnagar,dal,113,16.26,62,92,54,86,82,56,69.29,RESCUED,,2026-06-21 19:00:00,SYNTHETIC_DEMO
RES-03872,DON-01707,REST-TG11-066,REC-TG11-019,VOL-TG11-008,Khammam,vegetables,40,3.46,9,93,82,61,67,68,80.18,RESCUED,,2026-07-20 01:00:00,SYNTHETIC_DEMO
RES-03873,DON-01528,REST-TG12-024,REC-TG12-020,VOL-TG12-001,Kumuram Bheem,dal,56,25.33,59,89,49,88,100,77,65.41,RESCUED,,2026-05-01 15:00:00,SYNTHETIC_DEMO
RES-03874,DON-00540,REST-TG13-139,REC-TG13-020,VOL-TG13-010,Mahabubabad,cooked_meal,52,22.91,46,94,91,75,69,89,72.69,RESCUED,,2026-06-17 01:00:00,SYNTHETIC_DEMO
RES-03875,DON-01356,REST-TG14-040,REC-TG14-007,VOL-TG14-003,Mahabubnagar,biryani,119,26.78,86,68,50,76,73,55,53.67,RESCUED,,2026-08-22 18:00:00,SYNTHETIC_DEMO
RES-03876,DON-01109,REST-TG15-026,REC-TG15-002,VOL-TG15-010,Mancherial,cooked_meal,29,11.98,26,95,81,66,88,83,78.64,RESCUED,,2026-09-14 21:00:00,SYNTHETIC_DEMO
RES-03877,DON-00952,REST-TG16-062,REC-TG16-015,VOL-TG16-003,Medak,dal,40,29.86,110,91,66,82,61,70,60.47,EXPIRED,expired_before_pickup,2026-05-24 09:00:00,SYNTHETIC_DEMO
RES-03878,DON-01021,REST-TG17-125,REC-TG17-011,VOL-TG17-006,Medchal-Malkajgiri,fruits,37,24.88,59,66,98,84,56,80,66.23,RESCUED,,2026-05-06 20:00:00,SYNTHETIC_DEMO
RES-03879,DON-02114,REST-TG18-032,REC-TG18-020,VOL-TG18-008,Mulugu,biryani,44,27.13,69,92,73,64,64,86,63.22,RESCUED,,2026-07-28 20:00:00,SYNTHETIC_DEMO
RES-03880,DON-00851,REST-TG19-108,REC-TG19-001,VOL-TG19-010,Nagarkurnool,pulao,105,28.3,64,66,82,96,66,91,64.49,RESCUED,,2026-04-19 11:00:00,SYNTHETIC_DEMO
RES-03881,DON-01942,REST-TG20-043,REC-TG20-013,VOL-TG20-006,Nalgonda,cooked_meal,92,2.4,6,93,89,93,91,92,91.94,RESCUED,,2026-05-27 16:00:00,SYNTHETIC_DEMO
RES-03882,DON-02533,REST-TG21-131,REC-TG21-002,VOL-TG21-010,Narayanpet,cooked_meal,49,9.3,18,90,94,76,72,69,80.66,MISSED,volunteer_unavailable,2026-05-30 02:00:00,SYNTHETIC_DEMO
RES-03883,DON-01125,REST-TG22-015,REC-TG22-009,VOL-TG22-005,Nirmal,dal,91,6.33,18,86,78,77,60,59,76.73,RESCUED,,2026-04-24 08:00:00,SYNTHETIC_DEMO
RES-03884,DON-01256,REST-TG23-106,REC-TG23-015,VOL-TG23-008,Nizamabad,pulao,80,28.32,62,90,73,82,64,63,62.37,RESCUED,,2026-07-23 02:00:00,SYNTHETIC_DEMO
RES-03885,DON-00978,REST-TG24-020,REC-TG24-002,VOL-TG24-007,Peddapalli,packaged_food,19,4.37,14,85,54,69,64,73,73.73,MISSED,recipient_capacity_full,2026-04-15 13:00:00,SYNTHETIC_DEMO
RES-03886,DON-02422,REST-TG25-126,REC-TG25-020,VOL-TG25-009,Rajanna Sircilla,rice,51,33.16,93,90,87,91,65,72,64.06,RESCUED,,2026-07-14 13:00:00,SYNTHETIC_DEMO
RES-03887,DON-00749,REST-TG26-083,REC-TG26-005,VOL-TG26-010,Rangareddy,biryani,96,26.97,63,77,80,84,75,65,63.74,RESCUED,,2026-07-28 04:00:00,SYNTHETIC_DEMO
RES-03888,DON-01896,REST-TG27-082,REC-TG27-005,VOL-TG27-007,Sangareddy,rice,89,8.28,21,76,46,73,53,59,65.64,MISSED,recipient_capacity_full,2026-09-11 18:00:00,SYNTHETIC_DEMO
RES-03889,DON-01825,REST-TG28-044,REC-TG28-020,VOL-TG28-001,Siddipet,biryani,103,33.95,70,99,95,62,60,91,63.95,RESCUED,,2026-05-05 02:00:00,SYNTHETIC_DEMO
RES-03890,DON-00662,REST-TG29-013,REC-TG29-017,VOL-TG29-007,Suryapet,biryani,19,19.74,47,83,97,84,52,70,71.7,RESCUED,,2026-08-02 02:00:00,SYNTHETIC_DEMO
RES-03891,DON-02704,REST-TG30-146,REC-TG30-004,VOL-TG30-010,Vikarabad,sandwich,35,23.89,61,68,67,99,67,87,65.19,EXPIRED,expired_before_pickup,2026-07-16 09:00:00,SYNTHETIC_DEMO
RES-03892,DON-02079,REST-TG31-048,REC-TG31-005,VOL-TG31-010,Wanaparthy,biryani,11,23.0,89,81,53,95,52,88,63.62,RESCUED,,2026-07-15 01:00:00,SYNTHETIC_DEMO
RES-03893,DON-01067,REST-TG32-073,REC-TG32-003,VOL-TG32-002,Warangal,sandwich,15,12.7,43,92,45,66,93,95,72.03,EXPIRED,traffic_delay,2026-08-10 07:00:00,SYNTHETIC_DEMO
RES-03894,DON-01801,REST-TG33-144,REC-TG33-013,VOL-TG33-006,Yadadri Bhuvanagiri,packaged_food,99,17.95,50,69,66,67,94,92,67.83,RESCUED,,2026-04-23 04:00:00,SYNTHETIC_DEMO
RES-03895,DON-02821,REST-TG01-143,REC-TG01-006,VOL-TG01-007,Adilabad,dal,116,5.26,14,89,95,81,74,59,83.49,MISSED,expired_before_pickup,2026-06-05 02:00:00,SYNTHETIC_DEMO
RES-03896,DON-02960,REST-TG02-010,REC-TG02-006,VOL-TG02-008,Bhadradri Kothagudem,dal,74,16.33,40,87,91,82,90,66,76.84,EXPIRED,recipient_capacity_full,2026-07-10 19:00:00,SYNTHETIC_DEMO
RES-03897,DON-00469,REST-TG03-059,REC-TG03-006,VOL-TG03-005,Hanumakonda,dal,12,30.45,103,97,64,67,50,63,56.8,RESCUED,,2026-07-26 23:00:00,SYNTHETIC_DEMO
RES-03898,DON-01686,REST-TG04-128,REC-TG04-004,VOL-TG04-004,Hyderabad,bread,13,9.24,19,75,84,73,91,54,75.65,RESCUED,,2026-06-30 16:00:00,SYNTHETIC_DEMO
RES-03899,DON-02786,REST-TG05-058,REC-TG05-020,VOL-TG05-004,Jagtial,roti,70,11.73,45,78,53,62,56,94,67.12,PARTIAL,,2026-05-02 13:00:00,SYNTHETIC_DEMO
RES-03900,DON-00353,REST-TG06-150,REC-TG06-006,VOL-TG06-006,Jangaon,packaged_food,100,6.88,22,73,48,81,60,86,71.04,RESCUED,,2026-06-06 17:00:00,SYNTHETIC_DEMO
RES-03901,DON-02248,REST-TG07-147,REC-TG07-003,VOL-TG07-010,Jayashankar Bhupalpally,vegetables,111,5.78,21,77,57,94,84,57,75.87,RESCUED,,2026-07-04 02:00:00,SYNTHETIC_DEMO
RES-03902,DON-01741,REST-TG08-124,REC-TG08-008,VOL-TG08-008,Jogulamba Gadwal,pulao,10,12.44,36,79,61,89,64,66,70.46,MISSED,recipient_capacity_full,2026-04-11 12:00:00,SYNTHETIC_DEMO
RES-03903,DON-01427,REST-TG09-124,REC-TG09-008,VOL-TG09-007,Kamareddy,cooked_meal,14,15.52,38,93,49,77,91,85,71.46,MISSED,volunteer_unavailable,2026-07-11 01:00:00,SYNTHETIC_DEMO
RES-03904,DON-00632,REST-TG10-031,REC-TG10-010,VOL-TG10-005,Karimnagar,biryani,45,15.57,51,76,89,83,66,82,74.13,EXPIRED,recipient_capacity_full,2026-04-11 01:00:00,SYNTHETIC_DEMO
RES-03905,DON-02645,REST-TG11-087,REC-TG11-015,VOL-TG11-008,Khammam,biryani,77,8.15,31,97,60,72,81,61,75.58,PARTIAL,,2026-08-11 12:00:00,SYNTHETIC_DEMO
RES-03906,DON-01764,REST-TG12-053,REC-TG12-015,VOL-TG12-007,Kumuram Bheem,rice,104,1.57,5,79,76,98,70,73,83.88,RESCUED,,2026-08-01 04:00:00,SYNTHETIC_DEMO
RES-03907,DON-01458,REST-TG13-058,REC-TG13-003,VOL-TG13-002,Mahabubabad,roti,85,10.73,24,94,100,74,51,86,80.94,RESCUED,,2026-08-02 08:00:00,SYNTHETIC_DEMO
RES-03908,DON-00052,REST-TG14-125,REC-TG14-018,VOL-TG14-010,Mahabubnagar,roti,50,18.36,43,90,80,62,55,58,66.49,RESCUED,,2026-07-17 18:00:00,SYNTHETIC_DEMO
RES-03909,DON-02150,REST-TG15-082,REC-TG15-018,VOL-TG15-006,Mancherial,bakery,41,23.87,84,95,75,91,79,88,72.3,MISSED,volunteer_unavailable,2026-04-27 10:00:00,SYNTHETIC_DEMO
RES-03910,DON-01457,REST-TG16-144,REC-TG16-002,VOL-TG16-004,Medak,dal,47,19.66,64,80,47,82,60,72,61.86,PARTIAL,,2026-09-10 18:00:00,SYNTHETIC_DEMO
RES-03911,DON-01853,REST-TG17-030,REC-TG17-004,VOL-TG17-002,Medchal-Malkajgiri,pulao,33,33.96,127,100,45,63,88,51,53.09,PARTIAL,,2026-05-29 12:00:00,SYNTHETIC_DEMO
RES-03912,DON-00211,REST-TG18-122,REC-TG18-016,VOL-TG18-010,Mulugu,packaged_food,55,34.8,134,95,60,64,79,100,58.64,MISSED,traffic_delay,2026-04-05 23:00:00,SYNTHETIC_DEMO
RES-03913,DON-00115,REST-TG19-108,REC-TG19-019,VOL-TG19-001,Nagarkurnool,pulao,82,22.33,66,96,84,68,56,82,69.05,RESCUED,,2026-04-05 20:00:00,SYNTHETIC_DEMO
RES-03914,DON-02435,REST-TG20-067,REC-TG20-004,VOL-TG20-008,Nalgonda,sandwich,47,32.42,127,74,83,84,77,92,62.74,PARTIAL,,2026-09-24 03:00:00,SYNTHETIC_DEMO
RES-03915,DON-01492,REST-TG21-041,REC-TG21-018,VOL-TG21-006,Narayanpet,bread,43,15.84,42,67,90,74,64,88,71.39,RESCUED,,2026-07-09 17:00:00,SYNTHETIC_DEMO
RES-03916,DON-02198,REST-TG22-098,REC-TG22-007,VOL-TG22-009,Nirmal,cooked_meal,103,28.36,99,98,61,80,78,88,65.14,RESCUED,,2026-07-22 11:00:00,SYNTHETIC_DEMO
RES-03917,DON-02610,REST-TG23-090,REC-TG23-007,VOL-TG23-008,Nizamabad,dal,103,14.51,52,90,66,84,55,82,72.14,PARTIAL,,2026-05-29 11:00:00,SYNTHETIC_DEMO
RES-03918,DON-01863,REST-TG24-039,REC-TG24-005,VOL-TG24-009,Peddapalli,vegetables,90,24.78,80,86,45,69,55,65,55.85,RESCUED,,2026-09-14 17:00:00,SYNTHETIC_DEMO
RES-03919,DON-01927,REST-TG25-103,REC-TG25-012,VOL-TG25-002,Rajanna Sircilla,roti,74,4.97,16,87,85,70,65,53,78.15,RESCUED,,2026-09-18 09:00:00,SYNTHETIC_DEMO
RES-03920,DON-01080,REST-TG26-013,REC-TG26-015,VOL-TG26-002,Rangareddy,biryani,70,1.55,5,65,74,60,53,75,73.49,MISSED,traffic_delay,2026-05-01 13:00:00,SYNTHETIC_DEMO
RES-03921,DON-01405,REST-TG27-005,REC-TG27-018,VOL-TG27-004,Sangareddy,roti,49,2.63,7,78,98,63,60,59,79.67,PARTIAL,,2026-05-21 09:00:00,SYNTHETIC_DEMO
RES-03922,DON-00702,REST-TG28-122,REC-TG28-016,VOL-TG28-002,Siddipet,roti,76,19.05,74,95,72,94,50,83,72.19,EXPIRED,volunteer_unavailable,2026-08-07 00:00:00,SYNTHETIC_DEMO
RES-03923,DON-01612,REST-TG29-007,REC-TG29-017,VOL-TG29-009,Suryapet,bread,44,13.21,46,72,98,74,70,71,74.76,RESCUED,,2026-08-10 13:00:00,SYNTHETIC_DEMO
RES-03924,DON-02923,REST-TG30-036,REC-TG30-017,VOL-TG30-008,Vikarabad,roti,112,4.68,9,80,62,76,66,78,75.86,EXPIRED,traffic_delay,2026-05-07 14:00:00,SYNTHETIC_DEMO
RES-03925,DON-02229,REST-TG31-139,REC-TG31-016,VOL-TG31-001,Wanaparthy,bakery,69,6.44,21,100,63,81,80,94,82.55,RESCUED,,2026-05-26 13:00:00,SYNTHETIC_DEMO
RES-03926,DON-01395,REST-TG32-014,REC-TG32-006,VOL-TG32-007,Warangal,roti,23,7.46,15,96,52,72,82,94,77.67,MISSED,traffic_delay,2026-06-23 13:00:00,SYNTHETIC_DEMO
RES-03927,DON-01719,REST-TG33-022,REC-TG33-014,VOL-TG33-006,Yadadri Bhuvanagiri,bakery,31,28.11,85,90,59,88,72,90,64.12,RESCUED,,2026-04-06 09:00:00,SYNTHETIC_DEMO
RES-03928,DON-02188,REST-TG01-045,REC-TG01-020,VOL-TG01-003,Adilabad,cooked_meal,74,20.4,45,73,79,85,69,75,67.98,RESCUED,,2026-08-29 02:00:00,SYNTHETIC_DEMO
RES-03929,DON-00659,REST-TG02-119,REC-TG02-001,VOL-TG02-007,Bhadradri Kothagudem,vegetables,19,2.34,8,74,60,78,65,98,78.13,RESCUED,,2026-08-12 21:00:00,SYNTHETIC_DEMO
RES-03930,DON-00799,REST-TG03-025,REC-TG03-018,VOL-TG03-007,Hanumakonda,roti,19,26.65,55,78,47,66,85,66,55.96,PARTIAL,,2026-08-18 22:00:00,SYNTHETIC_DEMO
RES-03931,DON-01270,REST-TG04-097,REC-TG04-016,VOL-TG04-004,Hyderabad,sandwich,64,28.82,67,99,78,92,68,88,69.21,EXPIRED,recipient_capacity_full,2026-06-23 03:00:00,SYNTHETIC_DEMO
RES-03932,DON-01402,REST-TG05-104,REC-TG05-020,VOL-TG05-003,Jagtial,roti,104,26.26,90,100,56,100,81,57,66.24,PARTIAL,,2026-08-20 01:00:00,SYNTHETIC_DEMO
RES-03933,DON-02710,REST-TG06-132,REC-TG06-003,VOL-TG06-006,Jangaon,pulao,88,7.15,24,80,86,85,59,79,79.64,PARTIAL,,2026-06-29 16:00:00,SYNTHETIC_DEMO
RES-03934,DON-00836,REST-TG07-020,REC-TG07-006,VOL-TG07-007,Jayashankar Bhupalpally,bread,12,32.08,123,65,89,98,57,92,62.49,RESCUED,,2026-08-16 05:00:00,SYNTHETIC_DEMO
RES-03935,DON-01138,REST-TG08-033,REC-TG08-019,VOL-TG08-004,Jogulamba Gadwal,fruits,20,19.04,48,97,95,91,62,82,77.85,EXPIRED,recipient_capacity_full,2026-03-31 08:00:00,SYNTHETIC_DEMO
RES-03936,DON-01939,REST-TG09-010,REC-TG09-020,VOL-TG09-010,Kamareddy,cooked_meal,56,22.3,63,76,86,79,52,57,64.22,RESCUED,,2026-07-21 05:00:00,SYNTHETIC_DEMO
RES-03937,DON-01138,REST-TG10-149,REC-TG10-014,VOL-TG10-004,Karimnagar,cooked_meal,48,26.19,98,88,88,94,93,79,72.79,EXPIRED,volunteer_unavailable,2026-09-04 19:00:00,SYNTHETIC_DEMO
RES-03938,DON-02586,REST-TG11-030,REC-TG11-001,VOL-TG11-008,Khammam,packaged_food,32,32.62,83,95,91,85,81,62,65.95,PARTIAL,,2026-06-20 06:00:00,SYNTHETIC_DEMO
RES-03939,DON-01236,REST-TG12-071,REC-TG12-004,VOL-TG12-001,Kumuram Bheem,fruits,13,32.36,95,75,58,81,78,54,53.84,MISSED,recipient_capacity_full,2026-05-11 03:00:00,SYNTHETIC_DEMO
RES-03940,DON-02107,REST-TG13-112,REC-TG13-014,VOL-TG13-001,Mahabubabad,biryani,68,33.06,86,96,81,84,99,80,67.29,MISSED,recipient_capacity_full,2026-05-12 13:00:00,SYNTHETIC_DEMO
RES-03941,DON-02658,REST-TG14-027,REC-TG14-016,VOL-TG14-003,Mahabubnagar,rice,111,20.17,77,88,79,82,58,92,71.29,RESCUED,,2026-05-08 12:00:00,SYNTHETIC_DEMO
RES-03942,DON-02190,REST-TG15-065,REC-TG15-019,VOL-TG15-006,Mancherial,bakery,108,23.81,65,93,63,71,68,83,64.94,PARTIAL,,2026-08-03 13:00:00,SYNTHETIC_DEMO
RES-03943,DON-00795,REST-TG16-130,REC-TG16-009,VOL-TG16-003,Medak,pulao,84,34.26,88,91,72,71,57,95,58.98,RESCUED,,2026-05-04 00:00:00,SYNTHETIC_DEMO
RES-03944,DON-02002,REST-TG17-136,REC-TG17-008,VOL-TG17-001,Medchal-Malkajgiri,vegetables,43,33.37,123,73,97,99,97,70,66.71,EXPIRED,recipient_capacity_full,2026-06-05 23:00:00,SYNTHETIC_DEMO
RES-03945,DON-01915,REST-TG18-073,REC-TG18-017,VOL-TG18-008,Mulugu,bread,120,15.07,46,75,51,64,100,90,68.04,MISSED,traffic_delay,2026-06-25 06:00:00,SYNTHETIC_DEMO
RES-03946,DON-01464,REST-TG19-082,REC-TG19-013,VOL-TG19-004,Nagarkurnool,sandwich,16,3.62,14,91,64,66,65,90,78.81,EXPIRED,volunteer_unavailable,2026-05-17 10:00:00,SYNTHETIC_DEMO
RES-03947,DON-01152,REST-TG20-024,REC-TG20-006,VOL-TG20-004,Nalgonda,packaged_food,107,11.34,27,72,95,61,65,82,74.15,RESCUED,,2026-03-31 17:00:00,SYNTHETIC_DEMO
RES-03948,DON-02680,REST-TG21-052,REC-TG21-016,VOL-TG21-010,Narayanpet,pulao,38,5.05,15,100,79,92,91,56,85.69,PARTIAL,,2026-07-28 09:00:00,SYNTHETIC_DEMO
RES-03949,DON-02995,REST-TG22-133,REC-TG22-008,VOL-TG22-009,Nirmal,roti,31,7.88,23,65,51,85,95,83,73.12,RESCUED,,2026-06-05 07:00:00,SYNTHETIC_DEMO
RES-03950,DON-00349,REST-TG23-073,REC-TG23-016,VOL-TG23-008,Nizamabad,packaged_food,111,32.14,100,86,92,60,85,66,61.74,MISSED,volunteer_unavailable,2026-05-20 13:00:00,SYNTHETIC_DEMO
RES-03951,DON-01937,REST-TG24-050,REC-TG24-013,VOL-TG24-010,Peddapalli,pulao,81,8.98,32,98,94,81,87,53,83.14,MISSED,recipient_capacity_full,2026-05-30 05:00:00,SYNTHETIC_DEMO
RES-03952,DON-02782,REST-TG25-061,REC-TG25-018,VOL-TG25-007,Rajanna Sircilla,cooked_meal,106,34.7,91,97,84,76,80,88,64.61,RESCUED,,2026-09-04 10:00:00,SYNTHETIC_DEMO
RES-03953,DON-00900,REST-TG26-015,REC-TG26-002,VOL-TG26-007,Rangareddy,dal,116,34.69,77,72,55,82,60,90,52.92,EXPIRED,traffic_delay,2026-06-14 04:00:00,SYNTHETIC_DEMO
RES-03954,DON-00136,REST-TG27-061,REC-TG27-018,VOL-TG27-001,Sangareddy,roti,62,2.95,10,65,56,76,98,75,75.79,RESCUED,,2026-06-08 19:00:00,SYNTHETIC_DEMO
RES-03955,DON-00325,REST-TG28-117,REC-TG28-016,VOL-TG28-004,Siddipet,pulao,65,14.2,34,82,89,98,75,74,78.66,MISSED,volunteer_unavailable,2026-08-10 16:00:00,SYNTHETIC_DEMO
RES-03956,DON-01798,REST-TG29-028,REC-TG29-004,VOL-TG29-003,Suryapet,sandwich,71,34.89,77,90,90,68,75,52,58.98,MISSED,recipient_capacity_full,2026-08-10 14:00:00,SYNTHETIC_DEMO
RES-03957,DON-00490,REST-TG30-080,REC-TG30-016,VOL-TG30-001,Vikarabad,cooked_meal,77,3.71,13,86,61,71,99,87,81.0,RESCUED,,2026-08-25 19:00:00,SYNTHETIC_DEMO
RES-03958,DON-02990,REST-TG31-134,REC-TG31-006,VOL-TG31-005,Wanaparthy,rice,53,27.45,56,77,68,90,74,62,61.49,RESCUED,,2026-05-25 17:00:00,SYNTHETIC_DEMO
RES-03959,DON-00630,REST-TG32-124,REC-TG32-006,VOL-TG32-002,Warangal,bakery,21,19.23,68,74,72,92,63,61,66.66,EXPIRED,recipient_capacity_full,2026-03-30 19:00:00,SYNTHETIC_DEMO
RES-03960,DON-01448,REST-TG33-052,REC-TG33-002,VOL-TG33-002,Yadadri Bhuvanagiri,rice,39,30.88,104,77,79,70,76,88,61.04,RESCUED,,2026-09-13 11:00:00,SYNTHETIC_DEMO
RES-03961,DON-01098,REST-TG01-011,REC-TG01-005,VOL-TG01-009,Adilabad,sandwich,93,29.15,58,70,57,90,91,84,60.58,PARTIAL,,2026-04-14 02:00:00,SYNTHETIC_DEMO
RES-03962,DON-02729,REST-TG02-085,REC-TG02-011,VOL-TG02-008,Bhadradri Kothagudem,rice,61,26.22,98,98,81,94,87,65,71.37,RESCUED,,2026-05-15 23:00:00,SYNTHETIC_DEMO
RES-03963,DON-00791,REST-TG03-148,REC-TG03-014,VOL-TG03-006,Hanumakonda,biryani,59,20.01,67,81,90,62,91,89,72.21,MISSED,volunteer_unavailable,2026-07-28 01:00:00,SYNTHETIC_DEMO
RES-03964,DON-02327,REST-TG04-022,REC-TG04-018,VOL-TG04-002,Hyderabad,biryani,49,8.33,21,69,99,80,64,100,81.05,MISSED,traffic_delay,2026-09-20 08:00:00,SYNTHETIC_DEMO
RES-03965,DON-02794,REST-TG05-143,REC-TG05-015,VOL-TG05-002,Jagtial,fruits,21,17.94,40,83,55,79,59,87,66.24,MISSED,recipient_capacity_full,2026-07-27 21:00:00,SYNTHETIC_DEMO
RES-03966,DON-00106,REST-TG06-073,REC-TG06-013,VOL-TG06-009,Jangaon,dal,70,13.37,34,87,57,64,53,73,66.45,PARTIAL,,2026-04-03 11:00:00,SYNTHETIC_DEMO
RES-03967,DON-01341,REST-TG07-060,REC-TG07-018,VOL-TG07-010,Jayashankar Bhupalpally,pulao,105,29.0,87,76,72,70,76,54,57.39,MISSED,volunteer_unavailable,2026-05-11 14:00:00,SYNTHETIC_DEMO
RES-03968,DON-00755,REST-TG08-055,REC-TG08-006,VOL-TG08-002,Jogulamba Gadwal,bread,117,8.01,27,65,46,88,71,96,71.38,MISSED,expired_before_pickup,2026-08-02 20:00:00,SYNTHETIC_DEMO
RES-03969,DON-00640,REST-TG09-067,REC-TG09-012,VOL-TG09-003,Kamareddy,rice,103,14.7,49,66,64,75,88,95,70.05,PARTIAL,,2026-09-04 06:00:00,SYNTHETIC_DEMO
RES-03970,DON-01885,REST-TG10-050,REC-TG10-009,VOL-TG10-002,Karimnagar,bread,20,8.17,27,72,95,94,79,94,83.96,RESCUED,,2026-08-03 16:00:00,SYNTHETIC_DEMO
RES-03971,DON-00339,REST-TG11-145,REC-TG11-020,VOL-TG11-002,Khammam,bread,35,22.27,69,81,82,91,59,56,66.84,RESCUED,,2026-04-03 13:00:00,SYNTHETIC_DEMO
RES-03972,DON-01298,REST-TG12-018,REC-TG12-009,VOL-TG12-009,Kumuram Bheem,bakery,105,2.92,8,75,62,68,76,95,77.61,PARTIAL,,2026-09-05 17:00:00,SYNTHETIC_DEMO
RES-03973,DON-01562,REST-TG13-063,REC-TG13-018,VOL-TG13-005,Mahabubabad,cooked_meal,21,6.0,19,87,67,76,96,93,81.81,RESCUED,,2026-05-18 08:00:00,SYNTHETIC_DEMO
RES-03974,DON-00230,REST-TG14-043,REC-TG14-014,VOL-TG14-006,Mahabubnagar,bread,28,6.49,14,85,96,90,58,69,82.76,EXPIRED,volunteer_unavailable,2026-07-06 07:00:00,SYNTHETIC_DEMO
RES-03975,DON-00714,REST-TG15-130,REC-TG15-007,VOL-TG15-008,Mancherial,pulao,32,15.19,58,95,93,98,66,67,79.75,RESCUED,,2026-07-31 11:00:00,SYNTHETIC_DEMO
RES-03976,DON-01637,REST-TG16-058,REC-TG16-020,VOL-TG16-004,Medak,bakery,65,31.98,85,81,94,61,83,93,63.91,EXPIRED,volunteer_unavailable,2026-08-08 23:00:00,SYNTHETIC_DEMO
RES-03977,DON-02647,REST-TG17-147,REC-TG17-011,VOL-TG17-009,Medchal-Malkajgiri,vegetables,43,18.16,43,84,58,96,95,55,69.83,RESCUED,,2026-04-23 21:00:00,SYNTHETIC_DEMO
RES-03978,DON-01531,REST-TG18-146,REC-TG18-006,VOL-TG18-009,Mulugu,pulao,74,11.09,25,81,50,88,73,92,72.98,PARTIAL,,2026-05-31 12:00:00,SYNTHETIC_DEMO
RES-03979,DON-00775,REST-TG19-021,REC-TG19-005,VOL-TG19-010,Nagarkurnool,roti,24,27.87,74,84,70,90,84,67,64.49,MISSED,expired_before_pickup,2026-07-21 04:00:00,SYNTHETIC_DEMO
RES-03980,DON-02799,REST-TG20-018,REC-TG20-005,VOL-TG20-005,Nalgonda,rice,67,3.11,7,70,62,97,81,59,77.73,PARTIAL,,2026-06-06 02:00:00,SYNTHETIC_DEMO
RES-03981,DON-00036,REST-TG21-101,REC-TG21-002,VOL-TG21-009,Narayanpet,dal,66,25.73,82,67,85,83,85,66,64.57,EXPIRED,recipient_capacity_full,2026-08-14 08:00:00,SYNTHETIC_DEMO
RES-03982,DON-00718,REST-TG22-004,REC-TG22-009,VOL-TG22-004,Nirmal,bakery,84,17.49,62,68,84,83,83,51,68.76,RESCUED,,2026-05-23 01:00:00,SYNTHETIC_DEMO
RES-03983,DON-01146,REST-TG23-039,REC-TG23-007,VOL-TG23-001,Nizamabad,pulao,47,13.38,41,71,66,100,56,97,73.14,RESCUED,,2026-04-22 14:00:00,SYNTHETIC_DEMO
RES-03984,DON-02171,REST-TG24-126,REC-TG24-014,VOL-TG24-005,Peddapalli,pulao,14,22.02,76,90,91,89,70,92,75.02,RESCUED,,2026-04-09 02:00:00,SYNTHETIC_DEMO
RES-03985,DON-00357,REST-TG25-100,REC-TG25-008,VOL-TG25-002,Rajanna Sircilla,pulao,47,34.95,97,80,79,70,67,60,55.04,MISSED,volunteer_unavailable,2026-09-10 10:00:00,SYNTHETIC_DEMO
RES-03986,DON-01274,REST-TG26-031,REC-TG26-012,VOL-TG26-004,Rangareddy,vegetables,104,4.38,10,90,54,76,78,98,79.67,EXPIRED,volunteer_unavailable,2026-06-21 19:00:00,SYNTHETIC_DEMO
RES-03987,DON-02403,REST-TG27-150,REC-TG27-002,VOL-TG27-001,Sangareddy,packaged_food,88,15.2,52,77,91,74,51,83,72.24,RESCUED,,2026-04-09 05:00:00,SYNTHETIC_DEMO
RES-03988,DON-02807,REST-TG28-083,REC-TG28-003,VOL-TG28-002,Siddipet,rice,109,3.5,11,67,82,87,76,73,80.25,RESCUED,,2026-09-23 10:00:00,SYNTHETIC_DEMO
RES-03989,DON-00353,REST-TG29-124,REC-TG29-018,VOL-TG29-005,Suryapet,bread,120,3.79,12,94,96,98,50,52,85.19,MISSED,volunteer_unavailable,2026-08-12 19:00:00,SYNTHETIC_DEMO
RES-03990,DON-00899,REST-TG30-017,REC-TG30-010,VOL-TG30-008,Vikarabad,packaged_food,62,25.28,59,73,93,94,89,57,68.84,RESCUED,,2026-07-20 22:00:00,SYNTHETIC_DEMO
RES-03991,DON-01443,REST-TG31-148,REC-TG31-015,VOL-TG31-003,Wanaparthy,sandwich,80,8.16,27,87,51,84,69,96,75.87,MISSED,expired_before_pickup,2026-09-13 11:00:00,SYNTHETIC_DEMO
RES-03992,DON-00121,REST-TG32-036,REC-TG32-014,VOL-TG32-003,Warangal,fruits,23,4.01,14,74,86,77,53,95,80.49,RESCUED,,2026-05-23 09:00:00,SYNTHETIC_DEMO
RES-03993,DON-02872,REST-TG33-101,REC-TG33-007,VOL-TG33-006,Yadadri Bhuvanagiri,bakery,35,34.06,124,99,87,68,59,88,62.77,RESCUED,,2026-06-30 18:00:00,SYNTHETIC_DEMO
RES-03994,DON-00127,REST-TG01-135,REC-TG01-019,VOL-TG01-005,Adilabad,fruits,111,9.2,21,90,77,71,81,82,78.78,MISSED,traffic_delay,2026-04-04 15:00:00,SYNTHETIC_DEMO
RES-03995,DON-00122,REST-TG02-071,REC-TG02-012,VOL-TG02-006,Bhadradri Kothagudem,vegetables,49,10.53,37,98,94,87,75,69,83.33,RESCUED,,2026-07-13 14:00:00,SYNTHETIC_DEMO
RES-03996,DON-02466,REST-TG03-032,REC-TG03-008,VOL-TG03-005,Hanumakonda,fruits,92,10.01,36,79,69,82,79,96,77.25,RESCUED,,2026-08-25 09:00:00,SYNTHETIC_DEMO
RES-03997,DON-01907,REST-TG04-077,REC-TG04-012,VOL-TG04-008,Hyderabad,rice,48,3.19,12,66,62,78,100,78,77.82,RESCUED,,2026-09-01 09:00:00,SYNTHETIC_DEMO
RES-03998,DON-00403,REST-TG05-102,REC-TG05-002,VOL-TG05-002,Jagtial,biryani,63,32.42,86,81,45,95,58,84,55.49,RESCUED,,2026-08-18 04:00:00,SYNTHETIC_DEMO
RES-03999,DON-01798,REST-TG06-114,REC-TG06-008,VOL-TG06-002,Jangaon,packaged_food,88,30.44,78,88,84,70,79,53,61.36,RESCUED,,2026-09-07 04:00:00,SYNTHETIC_DEMO
RES-04000,DON-00672,REST-TG07-102,REC-TG07-014,VOL-TG07-008,Jayashankar Bhupalpally,vegetables,12,3.51,13,95,54,71,63,73,76.54,RESCUED,,2026-04-01 20:00:00,SYNTHETIC_DEMO
RES-04001,DON-00613,REST-TG08-079,REC-TG08-020,VOL-TG08-006,Jogulamba Gadwal,bakery,94,29.79,106,88,90,88,53,55,63.32,RESCUED,,2026-06-29 10:00:00,SYNTHETIC_DEMO
RES-04002,DON-01946,REST-TG09-018,REC-TG09-015,VOL-TG09-008,Kamareddy,fruits,96,25.28,74,80,78,91,50,65,63.69,RESCUED,,2026-06-24 09:00:00,SYNTHETIC_DEMO
RES-04003,DON-01837,REST-TG10-055,REC-TG10-016,VOL-TG10-002,Karimnagar,dal,100,16.58,36,89,52,84,96,62,69.76,RESCUED,,2026-05-14 01:00:00,SYNTHETIC_DEMO
RES-04004,DON-00593,REST-TG11-033,REC-TG11-007,VOL-TG11-003,Khammam,packaged_food,120,13.47,46,98,78,100,80,92,82.78,RESCUED,,2026-08-25 03:00:00,SYNTHETIC_DEMO
RES-04005,DON-00428,REST-TG12-133,REC-TG12-016,VOL-TG12-005,Kumuram Bheem,roti,103,13.5,32,97,71,95,50,77,75.91,MISSED,traffic_delay,2026-09-25 03:00:00,SYNTHETIC_DEMO
RES-04006,DON-02407,REST-TG13-143,REC-TG13-019,VOL-TG13-009,Mahabubabad,bread,85,6.54,18,80,74,77,71,84,78.18,MISSED,recipient_capacity_full,2026-05-25 12:00:00,SYNTHETIC_DEMO
RES-04007,DON-02183,REST-TG14-082,REC-TG14-017,VOL-TG14-004,Mahabubnagar,fruits,120,14.42,45,86,83,62,54,87,71.9,PARTIAL,,2026-04-03 07:00:00,SYNTHETIC_DEMO
RES-04008,DON-02868,REST-TG15-030,REC-TG15-008,VOL-TG15-001,Mancherial,fruits,70,33.31,109,65,48,88,59,89,51.81,MISSED,traffic_delay,2026-03-29 19:00:00,SYNTHETIC_DEMO
RES-04009,DON-01643,REST-TG16-084,REC-TG16-010,VOL-TG16-006,Medak,cooked_meal,77,15.86,56,78,91,84,65,63,72.87,EXPIRED,traffic_delay,2026-06-17 18:00:00,SYNTHETIC_DEMO
RES-04010,DON-01776,REST-TG17-126,REC-TG17-012,VOL-TG17-007,Medchal-Malkajgiri,packaged_food,92,5.8,20,92,72,94,54,74,80.56,EXPIRED,volunteer_unavailable,2026-05-29 00:00:00,SYNTHETIC_DEMO
RES-04011,DON-02115,REST-TG18-108,REC-TG18-003,VOL-TG18-003,Mulugu,vegetables,110,21.99,54,65,69,98,91,70,66.89,PARTIAL,,2026-09-06 15:00:00,SYNTHETIC_DEMO
RES-04012,DON-01979,REST-TG19-059,REC-TG19-001,VOL-TG19-009,Nagarkurnool,dal,87,19.92,65,79,72,76,57,58,63.87,RESCUED,,2026-05-26 17:00:00,SYNTHETIC_DEMO
RES-04013,DON-01758,REST-TG20-003,REC-TG20-013,VOL-TG20-002,Nalgonda,pulao,14,34.1,90,92,54,81,71,82,57.29,PARTIAL,,2026-06-29 23:00:00,SYNTHETIC_DEMO
RES-04014,DON-02806,REST-TG21-134,REC-TG21-017,VOL-TG21-005,Narayanpet,fruits,66,22.35,79,96,61,73,60,66,63.99,RESCUED,,2026-07-05 04:00:00,SYNTHETIC_DEMO
RES-04015,DON-01340,REST-TG22-032,REC-TG22-014,VOL-TG22-007,Nirmal,sandwich,52,7.82,19,74,95,98,52,63,79.41,MISSED,expired_before_pickup,2026-08-12 23:00:00,SYNTHETIC_DEMO
RES-04016,DON-02223,REST-TG23-116,REC-TG23-012,VOL-TG23-010,Nizamabad,bread,10,12.1,36,89,80,70,100,87,79.36,PARTIAL,,2026-06-12 02:00:00,SYNTHETIC_DEMO
RES-04017,DON-02151,REST-TG24-113,REC-TG24-008,VOL-TG24-004,Peddapalli,sandwich,11,0.81,5,98,66,93,79,51,84.17,RESCUED,,2026-04-25 00:00:00,SYNTHETIC_DEMO
RES-04018,DON-01184,REST-TG25-137,REC-TG25-012,VOL-TG25-001,Rajanna Sircilla,packaged_food,54,16.83,47,92,60,98,54,71,70.58,RESCUED,,2026-09-03 07:00:00,SYNTHETIC_DEMO
RES-04019,DON-01274,REST-TG26-118,REC-TG26-017,VOL-TG26-007,Rangareddy,vegetables,106,4.51,14,96,96,98,67,62,87.78,MISSED,recipient_capacity_full,2026-08-23 06:00:00,SYNTHETIC_DEMO
RES-04020,DON-00371,REST-TG27-042,REC-TG27-019,VOL-TG27-009,Sangareddy,vegetables,38,16.34,50,67,65,75,76,97,68.28,MISSED,expired_before_pickup,2026-04-28 23:00:00,SYNTHETIC_DEMO
RES-04021,DON-00444,REST-TG28-003,REC-TG28-001,VOL-TG28-008,Siddipet,roti,64,18.12,61,97,71,97,94,52,74.81,PARTIAL,,2026-03-31 16:00:00,SYNTHETIC_DEMO
RES-04022,DON-00565,REST-TG29-033,REC-TG29-009,VOL-TG29-005,Suryapet,rice,86,11.8,40,90,85,85,100,80,82.32,RESCUED,,2026-07-15 21:00:00,SYNTHETIC_DEMO
RES-04023,DON-01007,REST-TG30-045,REC-TG30-011,VOL-TG30-010,Vikarabad,rice,96,30.26,118,90,99,77,56,62,64.54,RESCUED,,2026-06-15 06:00:00,SYNTHETIC_DEMO
RES-04024,DON-01757,REST-TG31-010,REC-TG31-007,VOL-TG31-005,Wanaparthy,vegetables,111,15.74,60,70,56,67,78,99,66.71,MISSED,volunteer_unavailable,2026-09-22 22:00:00,SYNTHETIC_DEMO
RES-04025,DON-01101,REST-TG32-100,REC-TG32-007,VOL-TG32-009,Warangal,bread,111,30.68,87,87,95,70,97,87,68.39,RESCUED,,2026-04-06 06:00:00,SYNTHETIC_DEMO
RES-04026,DON-01057,REST-TG33-148,REC-TG33-015,VOL-TG33-006,Yadadri Bhuvanagiri,rice,65,5.45,14,91,90,96,50,92,85.91,EXPIRED,traffic_delay,2026-08-03 11:00:00,SYNTHETIC_DEMO
RES-04027,DON-00322,REST-TG01-003,REC-TG01-005,VOL-TG01-008,Adilabad,rice,93,19.34,43,71,72,80,73,61,65.19,EXPIRED,volunteer_unavailable,2026-05-09 03:00:00,SYNTHETIC_DEMO
RES-04028,DON-00727,REST-TG02-107,REC-TG02-007,VOL-TG02-007,Bhadradri Kothagudem,rice,78,25.04,71,92,84,62,97,99,71.21,MISSED,volunteer_unavailable,2026-06-12 01:00:00,SYNTHETIC_DEMO
RES-04029,DON-02928,REST-TG03-150,REC-TG03-009,VOL-TG03-001,Hanumakonda,bakery,51,13.04,36,89,82,84,99,52,77.59,PARTIAL,,2026-07-22 08:00:00,SYNTHETIC_DEMO
RES-04030,DON-02473,REST-TG04-016,REC-TG04-004,VOL-TG04-005,Hyderabad,sandwich,25,21.19,83,95,56,67,86,94,68.11,MISSED,traffic_delay,2026-07-23 15:00:00,SYNTHETIC_DEMO
RES-04031,DON-01279,REST-TG05-017,REC-TG05-013,VOL-TG05-005,Jagtial,sandwich,90,10.67,41,94,53,91,50,63,71.73,RESCUED,,2026-06-15 20:00:00,SYNTHETIC_DEMO
RES-04032,DON-01668,REST-TG06-113,REC-TG06-004,VOL-TG06-006,Jangaon,rice,99,33.08,71,78,89,85,79,51,60.52,RESCUED,,2026-09-15 19:00:00,SYNTHETIC_DEMO
RES-04033,DON-02774,REST-TG07-149,REC-TG07-001,VOL-TG07-002,Jayashankar Bhupalpally,roti,102,5.11,13,99,82,79,67,51,81.2,RESCUED,,2026-09-19 22:00:00,SYNTHETIC_DEMO
RES-04034,DON-01414,REST-TG08-051,REC-TG08-004,VOL-TG08-010,Jogulamba Gadwal,biryani,30,27.55,56,79,83,93,71,73,66.07,RESCUED,,2026-05-05 05:00:00,SYNTHETIC_DEMO
RES-04035,DON-00368,REST-TG09-098,REC-TG09-004,VOL-TG09-007,Kamareddy,fruits,28,11.63,30,65,50,71,70,65,63.84,PARTIAL,,2026-06-15 09:00:00,SYNTHETIC_DEMO
RES-04036,DON-01339,REST-TG10-104,REC-TG10-016,VOL-TG10-003,Karimnagar,biryani,72,18.96,54,98,62,63,74,87,69.01,EXPIRED,recipient_capacity_full,2026-09-16 15:00:00,SYNTHETIC_DEMO
RES-04037,DON-01080,REST-TG11-057,REC-TG11-004,VOL-TG11-001,Khammam,cooked_meal,101,13.11,38,90,48,94,63,93,72.94,RESCUED,,2026-09-03 15:00:00,SYNTHETIC_DEMO
RES-04038,DON-00742,REST-TG12-118,REC-TG12-018,VOL-TG12-006,Kumuram Bheem,sandwich,91,30.39,118,81,76,79,88,61,61.44,RESCUED,,2026-07-14 02:00:00,SYNTHETIC_DEMO
RES-04039,DON-00670,REST-TG13-095,REC-TG13-018,VOL-TG13-007,Mahabubabad,cooked_meal,84,24.26,76,81,58,92,84,73,64.97,RESCUED,,2026-07-08 16:00:00,SYNTHETIC_DEMO
RES-04040,DON-00835,REST-TG14-020,REC-TG14-003,VOL-TG14-005,Mahabubnagar,bread,28,15.02,48,95,95,67,53,92,76.82,MISSED,expired_before_pickup,2026-05-07 20:00:00,SYNTHETIC_DEMO
RES-04041,DON-00877,REST-TG15-149,REC-TG15-005,VOL-TG15-009,Mancherial,vegetables,105,24.75,69,66,90,70,99,98,68.72,PARTIAL,,2026-08-01 15:00:00,SYNTHETIC_DEMO
RES-04042,DON-01002,REST-TG16-079,REC-TG16-001,VOL-TG16-003,Medak,dal,104,1.73,5,91,89,77,95,89,89.71,RESCUED,,2026-09-01 18:00:00,SYNTHETIC_DEMO
RES-04043,DON-02329,REST-TG17-043,REC-TG17-019,VOL-TG17-002,Medchal-Malkajgiri,dal,47,29.27,112,82,86,70,62,92,63.59,MISSED,traffic_delay,2026-04-30 10:00:00,SYNTHETIC_DEMO
RES-04044,DON-02159,REST-TG18-019,REC-TG18-014,VOL-TG18-009,Mulugu,pulao,81,1.55,5,77,66,60,74,53,74.19,RESCUED,,2026-04-19 21:00:00,SYNTHETIC_DEMO
RES-04045,DON-00113,REST-TG19-082,REC-TG19-020,VOL-TG19-003,Nagarkurnool,fruits,27,27.27,104,89,57,61,66,65,56.97,EXPIRED,volunteer_unavailable,2026-03-31 16:00:00,SYNTHETIC_DEMO
RES-04046,DON-01070,REST-TG20-038,REC-TG20-016,VOL-TG20-001,Nalgonda,vegetables,103,30.28,99,84,81,78,59,93,63.27,RESCUED,,2026-04-17 04:00:00,SYNTHETIC_DEMO
RES-04047,DON-01436,REST-TG21-102,REC-TG21-009,VOL-TG21-008,Narayanpet,rice,77,11.88,41,83,49,95,68,93,73.26,MISSED,traffic_delay,2026-05-18 10:00:00,SYNTHETIC_DEMO
RES-04048,DON-00819,REST-TG22-139,REC-TG22-020,VOL-TG22-005,Nirmal,packaged_food,74,25.58,80,87,77,79,51,54,61.88,RESCUED,,2026-08-11 23:00:00,SYNTHETIC_DEMO
RES-04049,DON-01173,REST-TG23-055,REC-TG23-011,VOL-TG23-009,Nizamabad,sandwich,14,4.3,11,97,49,81,79,83,79.48,EXPIRED,volunteer_unavailable,2026-06-26 11:00:00,SYNTHETIC_DEMO
RES-04050,DON-02665,REST-TG24-060,REC-TG24-001,VOL-TG24-003,Peddapalli,cooked_meal,80,11.65,25,88,55,68,73,53,68.08,PARTIAL,,2026-05-05 02:00:00,SYNTHETIC_DEMO
RES-04051,DON-02787,REST-TG25-045,REC-TG25-007,VOL-TG25-010,Rajanna Sircilla,biryani,100,13.21,34,75,66,96,88,97,76.66,RESCUED,,2026-04-28 10:00:00,SYNTHETIC_DEMO
RES-04052,DON-01233,REST-TG26-116,REC-TG26-018,VOL-TG26-007,Rangareddy,roti,26,12.85,40,95,61,76,93,50,72.72,RESCUED,,2026-09-06 20:00:00,SYNTHETIC_DEMO
RES-04053,DON-02686,REST-TG27-079,REC-TG27-017,VOL-TG27-005,Sangareddy,pulao,62,3.23,8,76,78,72,97,52,79.19,RESCUED,,2026-05-14 09:00:00,SYNTHETIC_DEMO
RES-04054,DON-01502,REST-TG28-031,REC-TG28-014,VOL-TG28-003,Siddipet,cooked_meal,26,27.7,92,92,81,67,64,59,62.16,RESCUED,,2026-06-19 05:00:00,SYNTHETIC_DEMO
RES-04055,DON-00087,REST-TG29-078,REC-TG29-014,VOL-TG29-006,Suryapet,pulao,22,5.02,13,96,95,100,62,66,87.41,RESCUED,,2026-08-14 11:00:00,SYNTHETIC_DEMO
RES-04056,DON-02440,REST-TG30-132,REC-TG30-006,VOL-TG30-001,Vikarabad,dal,19,15.51,47,72,89,93,73,100,77.37,RESCUED,,2026-06-03 21:00:00,SYNTHETIC_DEMO
RES-04057,DON-00042,REST-TG31-006,REC-TG31-013,VOL-TG31-008,Wanaparthy,rice,16,22.47,64,82,84,85,79,87,71.5,RESCUED,,2026-07-26 14:00:00,SYNTHETIC_DEMO
RES-04058,DON-00688,REST-TG32-101,REC-TG32-009,VOL-TG32-003,Warangal,rice,12,34.05,90,80,46,93,88,67,55.33,PARTIAL,,2026-05-01 07:00:00,SYNTHETIC_DEMO
RES-04059,DON-00761,REST-TG33-143,REC-TG33-015,VOL-TG33-005,Yadadri Bhuvanagiri,dal,17,24.28,87,82,50,76,70,72,59.66,RESCUED,,2026-06-13 16:00:00,SYNTHETIC_DEMO
RES-04060,DON-01486,REST-TG01-140,REC-TG01-016,VOL-TG01-002,Adilabad,packaged_food,107,25.11,83,66,97,74,61,70,63.86,EXPIRED,recipient_capacity_full,2026-08-01 13:00:00,SYNTHETIC_DEMO
RES-04061,DON-02369,REST-TG02-017,REC-TG02-017,VOL-TG02-009,Bhadradri Kothagudem,fruits,25,30.17,63,83,48,89,74,87,59.1,MISSED,recipient_capacity_full,2026-05-23 05:00:00,SYNTHETIC_DEMO
RES-04062,DON-00628,REST-TG03-133,REC-TG03-018,VOL-TG03-001,Hanumakonda,pulao,33,2.26,8,93,98,94,93,57,90.69,RESCUED,,2026-06-29 18:00:00,SYNTHETIC_DEMO
RES-04063,DON-01821,REST-TG04-030,REC-TG04-018,VOL-TG04-004,Hyderabad,cooked_meal,21,10.29,27,69,70,85,55,86,72.3,RESCUED,,2026-07-16 09:00:00,SYNTHETIC_DEMO
RES-04064,DON-02567,REST-TG05-056,REC-TG05-011,VOL-TG05-009,Jagtial,rice,103,26.48,89,75,68,96,84,65,63.99,RESCUED,,2026-04-28 19:00:00,SYNTHETIC_DEMO
RES-04065,DON-02927,REST-TG06-127,REC-TG06-012,VOL-TG06-008,Jangaon,cooked_meal,85,26.78,82,73,50,81,53,77,55.62,EXPIRED,expired_before_pickup,2026-08-29 02:00:00,SYNTHETIC_DEMO
RES-04066,DON-02607,REST-TG07-018,REC-TG07-014,VOL-TG07-006,Jayashankar Bhupalpally,packaged_food,30,16.83,61,99,49,74,61,91,68.88,EXPIRED,traffic_delay,2026-07-24 00:00:00,SYNTHETIC_DEMO
RES-04067,DON-01205,REST-TG08-029,REC-TG08-017,VOL-TG08-010,Jogulamba Gadwal,dal,101,33.6,105,93,74,74,55,54,56.4,RESCUED,,2026-07-22 12:00:00,SYNTHETIC_DEMO
RES-04068,DON-02121,REST-TG09-089,REC-TG09-003,VOL-TG09-005,Kamareddy,sandwich,20,19.35,70,71,63,83,73,77,65.43,RESCUED,,2026-09-10 19:00:00,SYNTHETIC_DEMO
RES-04069,DON-01412,REST-TG10-101,REC-TG10-018,VOL-TG10-005,Karimnagar,roti,115,2.46,7,70,80,99,81,57,81.89,EXPIRED,volunteer_unavailable,2026-09-20 15:00:00,SYNTHETIC_DEMO
RES-04070,DON-02816,REST-TG11-045,REC-TG11-006,VOL-TG11-002,Khammam,biryani,16,2.18,7,71,85,88,79,79,83.64,RESCUED,,2026-04-28 11:00:00,SYNTHETIC_DEMO
RES-04071,DON-01125,REST-TG12-009,REC-TG12-015,VOL-TG12-010,Kumuram Bheem,dal,120,6.93,16,72,84,96,66,76,79.85,RESCUED,,2026-05-01 00:00:00,SYNTHETIC_DEMO
RES-04072,DON-02802,REST-TG13-030,REC-TG13-015,VOL-TG13-003,Mahabubabad,vegetables,64,8.1,27,75,87,67,57,88,76.16,RESCUED,,2026-04-25 23:00:00,SYNTHETIC_DEMO
RES-04073,DON-00572,REST-TG14-079,REC-TG14-005,VOL-TG14-003,Mahabubnagar,roti,79,16.99,47,84,49,84,53,50,62.36,RESCUED,,2026-09-23 14:00:00,SYNTHETIC_DEMO
RES-04074,DON-00225,REST-TG15-048,REC-TG15-001,VOL-TG15-004,Mancherial,dal,28,31.3,121,98,65,63,98,83,62.79,EXPIRED,volunteer_unavailable,2026-04-22 01:00:00,SYNTHETIC_DEMO
RES-04075,DON-01184,REST-TG16-139,REC-TG16-005,VOL-TG16-005,Medak,dal,46,7.76,28,84,66,94,75,82,79.26,RESCUED,,2026-05-09 23:00:00,SYNTHETIC_DEMO
RES-04076,DON-02975,REST-TG17-075,REC-TG17-009,VOL-TG17-006,Medchal-Malkajgiri,biryani,72,26.18,62,83,91,81,89,66,68.75,MISSED,traffic_delay,2026-05-23 09:00:00,SYNTHETIC_DEMO
RES-04077,DON-01579,REST-TG18-020,REC-TG18-004,VOL-TG18-002,Mulugu,dal,53,34.97,125,85,71,85,83,52,57.47,MISSED,volunteer_unavailable,2026-07-19 15:00:00,SYNTHETIC_DEMO
RES-04078,DON-01229,REST-TG19-117,REC-TG19-006,VOL-TG19-005,Nagarkurnool,rice,57,11.08,35,81,80,90,94,94,81.59,EXPIRED,recipient_capacity_full,2026-04-28 08:00:00,SYNTHETIC_DEMO
RES-04079,DON-00953,REST-TG20-119,REC-TG20-009,VOL-TG20-005,Nalgonda,pulao,55,30.11,88,79,79,88,70,77,62.99,RESCUED,,2026-07-08 14:00:00,SYNTHETIC_DEMO
RES-04080,DON-00010,REST-TG21-004,REC-TG21-009,VOL-TG21-007,Narayanpet,biryani,78,12.62,41,68,85,79,100,65,74.94,MISSED,recipient_capacity_full,2026-09-02 12:00:00,SYNTHETIC_DEMO
RES-04081,DON-01188,REST-TG22-057,REC-TG22-005,VOL-TG22-001,Nirmal,pulao,54,13.56,44,92,83,71,77,59,74.56,RESCUED,,2026-05-17 12:00:00,SYNTHETIC_DEMO
RES-04082,DON-01611,REST-TG23-092,REC-TG23-007,VOL-TG23-005,Nizamabad,bakery,64,13.89,53,66,82,84,61,74,70.78,MISSED,traffic_delay,2026-05-31 15:00:00,SYNTHETIC_DEMO
RES-04083,DON-00211,REST-TG24-064,REC-TG24-008,VOL-TG24-003,Peddapalli,pulao,91,8.81,25,96,96,79,70,51,81.06,RESCUED,,2026-06-01 16:00:00,SYNTHETIC_DEMO
RES-04084,DON-02259,REST-TG25-087,REC-TG25-017,VOL-TG25-010,Rajanna Sircilla,packaged_food,38,9.37,26,90,74,60,94,51,74.61,RESCUED,,2026-09-24 15:00:00,SYNTHETIC_DEMO
RES-04085,DON-02278,REST-TG26-084,REC-TG26-013,VOL-TG26-004,Rangareddy,pulao,39,23.17,53,78,100,73,89,85,72.4,RESCUED,,2026-06-20 11:00:00,SYNTHETIC_DEMO
RES-04086,DON-01436,REST-TG27-023,REC-TG27-004,VOL-TG27-010,Sangareddy,fruits,52,20.77,56,81,92,95,72,68,73.01,RESCUED,,2026-07-11 23:00:00,SYNTHETIC_DEMO
RES-04087,DON-02284,REST-TG28-017,REC-TG28-010,VOL-TG28-010,Siddipet,packaged_food,34,19.14,60,85,69,91,97,67,72.18,RESCUED,,2026-07-13 10:00:00,SYNTHETIC_DEMO
RES-04088,DON-01809,REST-TG29-061,REC-TG29-019,VOL-TG29-008,Suryapet,biryani,53,29.71,105,88,52,72,51,72,54.88,RESCUED,,2026-07-12 08:00:00,SYNTHETIC_DEMO
RES-04089,DON-02997,REST-TG30-074,REC-TG30-014,VOL-TG30-008,Vikarabad,sandwich,71,3.16,9,81,46,85,88,71,76.79,RESCUED,,2026-05-24 11:00:00,SYNTHETIC_DEMO
RES-04090,DON-02401,REST-TG31-138,REC-TG31-017,VOL-TG31-001,Wanaparthy,rice,119,29.75,69,68,46,78,94,53,52.95,PARTIAL,,2026-09-08 09:00:00,SYNTHETIC_DEMO
RES-04091,DON-01066,REST-TG32-009,REC-TG32-014,VOL-TG32-009,Warangal,bakery,33,9.9,20,69,65,69,72,63,68.58,RESCUED,,2026-04-15 12:00:00,SYNTHETIC_DEMO
RES-04092,DON-02445,REST-TG33-042,REC-TG33-018,VOL-TG33-004,Yadadri Bhuvanagiri,biryani,55,9.57,35,66,60,95,55,62,69.31,MISSED,recipient_capacity_full,2026-06-08 02:00:00,SYNTHETIC_DEMO
RES-04093,DON-02147,REST-TG01-047,REC-TG01-006,VOL-TG01-002,Adilabad,sandwich,73,3.3,12,87,84,62,53,92,80.64,PARTIAL,,2026-06-18 10:00:00,SYNTHETIC_DEMO
RES-04094,DON-02078,REST-TG02-066,REC-TG02-009,VOL-TG02-010,Bhadradri Kothagudem,pulao,20,26.0,78,89,99,89,55,60,68.88,RESCUED,,2026-04-24 10:00:00,SYNTHETIC_DEMO
RES-04095,DON-02397,REST-TG03-054,REC-TG03-003,VOL-TG03-008,Hanumakonda,roti,107,26.79,85,65,47,89,67,63,54.61,MISSED,volunteer_unavailable,2026-06-24 06:00:00,SYNTHETIC_DEMO
RES-04096,DON-02131,REST-TG04-033,REC-TG04-017,VOL-TG04-007,Hyderabad,bakery,48,24.73,68,98,59,88,84,80,68.34,RESCUED,,2026-09-03 07:00:00,SYNTHETIC_DEMO
RES-04097,DON-01794,REST-TG05-052,REC-TG05-013,VOL-TG05-009,Jagtial,sandwich,63,8.48,24,70,77,86,74,83,76.94,EXPIRED,traffic_delay,2026-05-25 14:00:00,SYNTHETIC_DEMO
RES-04098,DON-00991,REST-TG06-041,REC-TG06-015,VOL-TG06-002,Jangaon,packaged_food,26,4.43,12,84,94,87,86,64,85.49,RESCUED,,2026-06-21 01:00:00,SYNTHETIC_DEMO
RES-04099,DON-00088,REST-TG07-038,REC-TG07-013,VOL-TG07-005,Jayashankar Bhupalpally,sandwich,56,29.58,89,91,46,88,84,50,57.87,PARTIAL,,2026-08-04 07:00:00,SYNTHETIC_DEMO
RES-04100,DON-02938,REST-TG08-093,REC-TG08-011,VOL-TG08-002,Jogulamba Gadwal,fruits,46,4.19,14,87,91,74,99,79,86.51,PARTIAL,,2026-09-06 20:00:00,SYNTHETIC_DEMO
RES-04101,DON-00291,REST-TG09-132,REC-TG09-016,VOL-TG09-006,Kamareddy,rice,45,32.35,120,66,91,93,56,100,62.84,RESCUED,,2026-06-02 16:00:00,SYNTHETIC_DEMO
RES-04102,DON-02741,REST-TG10-060,REC-TG10-009,VOL-TG10-004,Karimnagar,bakery,44,24.49,61,90,45,96,68,78,63.51,RESCUED,,2026-04-17 07:00:00,SYNTHETIC_DEMO
RES-04103,DON-01436,REST-TG11-025,REC-TG11-006,VOL-TG11-006,Khammam,cooked_meal,95,3.65,10,94,95,63,53,94,84.34,RESCUED,,2026-08-03 11:00:00,SYNTHETIC_DEMO
RES-04104,DON-02397,REST-TG12-015,REC-TG12-016,VOL-TG12-003,Kumuram Bheem,bread,96,33.98,135,78,85,78,100,96,64.63,EXPIRED,recipient_capacity_full,2026-09-11 09:00:00,SYNTHETIC_DEMO
RES-04105,DON-01248,REST-TG13-021,REC-TG13-018,VOL-TG13-005,Mahabubabad,packaged_food,88,29.51,91,76,45,89,69,71,55.47,PARTIAL,,2026-08-11 11:00:00,SYNTHETIC_DEMO
RES-04106,DON-01685,REST-TG14-066,REC-TG14-002,VOL-TG14-009,Mahabubnagar,cooked_meal,47,24.76,79,76,57,98,84,74,64.41,EXPIRED,recipient_capacity_full,2026-06-03 17:00:00,SYNTHETIC_DEMO
RES-04107,DON-01400,REST-TG15-019,REC-TG15-001,VOL-TG15-005,Mancherial,vegetables,42,31.15,91,95,66,78,74,98,63.85,RESCUED,,2026-06-09 08:00:00,SYNTHETIC_DEMO
RES-04108,DON-00817,REST-TG16-097,REC-TG16-016,VOL-TG16-002,Medak,dal,48,3.41,10,91,71,85,78,84,83.91,MISSED,traffic_delay,2026-05-20 14:00:00,SYNTHETIC_DEMO
RES-04109,DON-02238,REST-TG17-134,REC-TG17-004,VOL-TG17-002,Medchal-Malkajgiri,fruits,112,21.84,62,76,88,80,56,62,66.0,RESCUED,,2026-08-04 17:00:00,SYNTHETIC_DEMO
RES-04110,DON-01664,REST-TG18-086,REC-TG18-020,VOL-TG18-009,Mulugu,roti,110,0.93,5,100,47,65,89,58,78.19,RESCUED,,2026-06-16 12:00:00,SYNTHETIC_DEMO
RES-04111,DON-02255,REST-TG19-122,REC-TG19-008,VOL-TG19-004,Nagarkurnool,fruits,55,17.94,40,78,64,82,67,71,66.69,EXPIRED,recipient_capacity_full,2026-08-08 05:00:00,SYNTHETIC_DEMO
RES-04112,DON-00591,REST-TG20-125,REC-TG20-010,VOL-TG20-002,Nalgonda,vegetables,65,3.45,12,79,66,81,89,80,80.59,EXPIRED,traffic_delay,2026-06-30 08:00:00,SYNTHETIC_DEMO
RES-04113,DON-00240,REST-TG21-126,REC-TG21-002,VOL-TG21-001,Narayanpet,biryani,44,21.9,68,74,81,69,95,76,67.81,EXPIRED,expired_before_pickup,2026-05-09 07:00:00,SYNTHETIC_DEMO
RES-04114,DON-01178,REST-TG22-142,REC-TG22-002,VOL-TG22-010,Nirmal,bread,117,31.98,106,97,80,94,81,58,65.56,EXPIRED,expired_before_pickup,2026-04-03 04:00:00,SYNTHETIC_DEMO
RES-04115,DON-01926,REST-TG23-102,REC-TG23-012,VOL-TG23-008,Nizamabad,pulao,31,26.16,92,68,94,71,99,89,68.16,MISSED,expired_before_pickup,2026-05-15 18:00:00,SYNTHETIC_DEMO
RES-04116,DON-01880,REST-TG24-120,REC-TG24-017,VOL-TG24-007,Peddapalli,rice,87,16.25,33,97,79,73,61,54,71.04,RESCUED,,2026-07-11 05:00:00,SYNTHETIC_DEMO
RES-04117,DON-01171,REST-TG25-052,REC-TG25-007,VOL-TG25-008,Rajanna Sircilla,biryani,70,31.83,77,89,72,81,71,50,58.71,PARTIAL,,2026-08-30 10:00:00,SYNTHETIC_DEMO
RES-04118,DON-00012,REST-TG26-018,REC-TG26-007,VOL-TG26-008,Rangareddy,vegetables,15,2.8,10,78,53,99,98,94,83.25,MISSED,volunteer_unavailable,2026-04-27 13:00:00,SYNTHETIC_DEMO
RES-04119,DON-02715,REST-TG27-096,REC-TG27-020,VOL-TG27-003,Sangareddy,pulao,71,23.86,57,100,49,92,80,52,64.76,EXPIRED,recipient_capacity_full,2026-06-21 11:00:00,SYNTHETIC_DEMO
RES-04120,DON-02310,REST-TG28-086,REC-TG28-020,VOL-TG28-003,Siddipet,pulao,24,15.31,52,93,64,70,90,51,70.06,EXPIRED,expired_before_pickup,2026-08-19 16:00:00,SYNTHETIC_DEMO
RES-04121,DON-01094,REST-TG29-135,REC-TG29-007,VOL-TG29-007,Suryapet,biryani,44,13.54,52,85,71,71,87,62,72.08,PARTIAL,,2026-06-23 11:00:00,SYNTHETIC_DEMO
RES-04122,DON-02496,REST-TG30-066,REC-TG30-017,VOL-TG30-009,Vikarabad,bakery,46,6.77,16,72,65,93,68,98,78.11,MISSED,traffic_delay,2026-07-17 21:00:00,SYNTHETIC_DEMO
RES-04123,DON-01802,REST-TG31-084,REC-TG31-001,VOL-TG31-007,Wanaparthy,sandwich,116,9.18,20,92,57,65,89,61,72.99,RESCUED,,2026-05-10 13:00:00,SYNTHETIC_DEMO
RES-04124,DON-02272,REST-TG32-038,REC-TG32-008,VOL-TG32-008,Warangal,dal,54,22.39,64,91,50,100,99,54,67.51,MISSED,recipient_capacity_full,2026-07-05 05:00:00,SYNTHETIC_DEMO
RES-04125,DON-00478,REST-TG33-090,REC-TG33-008,VOL-TG33-006,Yadadri Bhuvanagiri,sandwich,45,29.5,63,75,90,88,78,81,66.03,RESCUED,,2026-04-24 13:00:00,SYNTHETIC_DEMO
RES-04126,DON-00534,REST-TG01-121,REC-TG01-020,VOL-TG01-008,Adilabad,packaged_food,77,5.02,11,84,58,86,94,57,77.81,RESCUED,,2026-08-19 21:00:00,SYNTHETIC_DEMO
RES-04127,DON-02391,REST-TG02-049,REC-TG02-003,VOL-TG02-002,Bhadradri Kothagudem,bakery,14,12.92,31,83,83,77,73,85,76.32,RESCUED,,2026-08-21 22:00:00,SYNTHETIC_DEMO
RES-04128,DON-02461,REST-TG03-098,REC-TG03-015,VOL-TG03-001,Hanumakonda,pulao,70,34.18,132,87,52,87,78,93,58.54,RESCUED,,2026-05-31 21:00:00,SYNTHETIC_DEMO
RES-04129,DON-00362,REST-TG04-131,REC-TG04-004,VOL-TG04-001,Hyderabad,pulao,54,19.95,45,78,79,71,65,55,64.8,PARTIAL,,2026-08-20 19:00:00,SYNTHETIC_DEMO
RES-04130,DON-00317,REST-TG05-039,REC-TG05-007,VOL-TG05-003,Jagtial,bread,94,14.85,43,98,85,86,84,85,80.79,RESCUED,,2026-04-07 22:00:00,SYNTHETIC_DEMO
RES-04131,DON-02400,REST-TG06-136,REC-TG06-003,VOL-TG06-009,Jangaon,fruits,102,11.99,40,67,73,77,72,75,70.69,RESCUED,,2026-08-23 04:00:00,SYNTHETIC_DEMO
RES-04132,DON-02548,REST-TG07-077,REC-TG07-012,VOL-TG07-003,Jayashankar Bhupalpally,bread,33,18.0,70,85,96,70,51,92,73.14,RESCUED,,2026-05-14 21:00:00,SYNTHETIC_DEMO
RES-04133,DON-00400,REST-TG08-079,REC-TG08-012,VOL-TG08-010,Jogulamba Gadwal,sandwich,10,2.32,7,76,64,92,53,99,80.34,EXPIRED,volunteer_unavailable,2026-06-12 00:00:00,SYNTHETIC_DEMO
RES-04134,DON-02578,REST-TG09-021,REC-TG09-007,VOL-TG09-005,Kamareddy,vegetables,34,32.85,77,81,98,82,80,58,63.44,PARTIAL,,2026-05-25 03:00:00,SYNTHETIC_DEMO
RES-04135,DON-00024,REST-TG10-073,REC-TG10-016,VOL-TG10-009,Karimnagar,packaged_food,37,4.84,14,74,99,75,50,68,79.19,PARTIAL,,2026-05-21 14:00:00,SYNTHETIC_DEMO
RES-04136,DON-02243,REST-TG11-111,REC-TG11-013,VOL-TG11-005,Khammam,sandwich,101,17.7,58,79,99,99,50,64,74.21,MISSED,traffic_delay,2026-09-22 14:00:00,SYNTHETIC_DEMO
RES-04137,DON-02333,REST-TG12-002,REC-TG12-011,VOL-TG12-003,Kumuram Bheem,roti,87,14.79,39,71,69,60,94,85,69.34,PARTIAL,,2026-09-10 11:00:00,SYNTHETIC_DEMO
RES-04138,DON-00800,REST-TG13-081,REC-TG13-007,VOL-TG13-006,Mahabubabad,cooked_meal,31,19.16,61,78,60,68,57,92,64.01,RESCUED,,2026-05-31 07:00:00,SYNTHETIC_DEMO
RES-04139,DON-00258,REST-TG14-036,REC-TG14-015,VOL-TG14-003,Mahabubnagar,dal,57,12.21,44,82,60,95,84,86,75.93,RESCUED,,2026-08-01 02:00:00,SYNTHETIC_DEMO
RES-04140,DON-01260,REST-TG15-046,REC-TG15-001,VOL-TG15-007,Mancherial,sandwich,58,13.13,41,93,91,88,89,72,81.72,RESCUED,,2026-05-28 14:00:00,SYNTHETIC_DEMO
RES-04141,DON-00291,REST-TG16-066,REC-TG16-004,VOL-TG16-010,Medak,rice,55,30.18,77,82,66,87,51,63,57.49,RESCUED,,2026-08-09 22:00:00,SYNTHETIC_DEMO
RES-04142,DON-00846,REST-TG17-116,REC-TG17-010,VOL-TG17-008,Medchal-Malkajgiri,cooked_meal,22,11.99,26,100,78,97,60,85,81.09,PARTIAL,,2026-05-04 22:00:00,SYNTHETIC_DEMO
RES-04143,DON-00598,REST-TG18-079,REC-TG18-013,VOL-TG18-009,Mulugu,rice,93,28.13,56,84,53,88,71,96,62.21,PARTIAL,,2026-06-08 10:00:00,SYNTHETIC_DEMO
RES-04144,DON-01505,REST-TG19-103,REC-TG19-005,VOL-TG19-001,Nagarkurnool,packaged_food,20,33.82,71,69,50,81,91,78,53.69,EXPIRED,expired_before_pickup,2026-04-05 03:00:00,SYNTHETIC_DEMO
RES-04145,DON-02917,REST-TG20-009,REC-TG20-011,VOL-TG20-006,Nalgonda,dal,71,31.6,86,68,70,98,78,60,58.53,MISSED,traffic_delay,2026-06-08 05:00:00,SYNTHETIC_DEMO
RES-04146,DON-01576,REST-TG21-100,REC-TG21-015,VOL-TG21-004,Narayanpet,fruits,110,8.7,30,91,45,77,85,74,73.44,RESCUED,,2026-04-07 01:00:00,SYNTHETIC_DEMO
RES-04147,DON-02500,REST-TG22-092,REC-TG22-013,VOL-TG22-006,Nirmal,bakery,97,31.94,100,92,57,72,93,58,57.89,RESCUED,,2026-08-04 02:00:00,SYNTHETIC_DEMO
RES-04148,DON-01457,REST-TG23-013,REC-TG23-019,VOL-TG23-003,Nizamabad,dal,19,5.0,19,90,62,64,81,77,77.23,EXPIRED,expired_before_pickup,2026-04-13 07:00:00,SYNTHETIC_DEMO
RES-04149,DON-02656,REST-TG24-049,REC-TG24-001,VOL-TG24-002,Peddapalli,biryani,96,31.75,86,98,73,79,86,96,66.57,EXPIRED,volunteer_unavailable,2026-07-19 14:00:00,SYNTHETIC_DEMO
RES-04150,DON-02642,REST-TG25-096,REC-TG25-005,VOL-TG25-009,Rajanna Sircilla,rice,74,13.85,33,76,91,88,67,94,77.81,RESCUED,,2026-06-10 09:00:00,SYNTHETIC_DEMO
RES-04151,DON-00017,REST-TG26-098,REC-TG26-016,VOL-TG26-008,Rangareddy,rice,68,30.68,76,66,63,89,59,53,53.44,PARTIAL,,2026-07-30 06:00:00,SYNTHETIC_DEMO
RES-04152,DON-00173,REST-TG27-079,REC-TG27-018,VOL-TG27-006,Sangareddy,bakery,21,9.29,27,68,60,67,52,94,68.61,EXPIRED,traffic_delay,2026-04-14 17:00:00,SYNTHETIC_DEMO
RES-04153,DON-02495,REST-TG28-077,REC-TG28-010,VOL-TG28-004,Siddipet,roti,19,14.1,33,96,82,92,77,79,79.93,RESCUED,,2026-05-19 22:00:00,SYNTHETIC_DEMO
RES-04154,DON-01256,REST-TG29-055,REC-TG29-015,VOL-TG29-009,Suryapet,biryani,114,26.59,70,77,100,77,90,70,68.96,EXPIRED,volunteer_unavailable,2026-04-16 20:00:00,SYNTHETIC_DEMO
RES-04155,DON-01460,REST-TG30-112,REC-TG30-002,VOL-TG30-006,Vikarabad,vegetables,39,10.19,23,69,84,85,80,97,78.77,EXPIRED,volunteer_unavailable,2026-08-20 20:00:00,SYNTHETIC_DEMO
RES-04156,DON-01263,REST-TG31-048,REC-TG31-001,VOL-TG31-009,Wanaparthy,fruits,25,16.5,46,83,95,78,83,60,74.81,EXPIRED,recipient_capacity_full,2026-08-07 16:00:00,SYNTHETIC_DEMO
RES-04157,DON-00971,REST-TG32-059,REC-TG32-001,VOL-TG32-007,Warangal,vegetables,23,25.18,84,75,90,81,56,94,67.16,EXPIRED,recipient_capacity_full,2026-08-16 03:00:00,SYNTHETIC_DEMO
RES-04158,DON-02982,REST-TG33-058,REC-TG33-013,VOL-TG33-005,Yadadri Bhuvanagiri,sandwich,40,5.42,15,98,53,63,94,54,75.58,PARTIAL,,2026-08-07 19:00:00,SYNTHETIC_DEMO
RES-04159,DON-00676,REST-TG01-121,REC-TG01-019,VOL-TG01-002,Adilabad,fruits,119,21.76,54,70,51,71,90,71,60.41,RESCUED,,2026-09-13 05:00:00,SYNTHETIC_DEMO
RES-04160,DON-00717,REST-TG02-146,REC-TG02-011,VOL-TG02-005,Bhadradri Kothagudem,packaged_food,36,19.95,54,82,96,95,86,76,76.8,RESCUED,,2026-07-31 23:00:00,SYNTHETIC_DEMO
RES-04161,DON-00228,REST-TG03-032,REC-TG03-001,VOL-TG03-010,Hanumakonda,dal,27,2.65,6,96,71,98,66,63,84.11,RESCUED,,2026-07-27 06:00:00,SYNTHETIC_DEMO
RES-04162,DON-00455,REST-TG04-133,REC-TG04-019,VOL-TG04-007,Hyderabad,bakery,56,23.04,80,92,92,97,66,91,75.59,RESCUED,,2026-05-04 03:00:00,SYNTHETIC_DEMO
RES-04163,DON-01232,REST-TG05-103,REC-TG05-015,VOL-TG05-010,Jagtial,fruits,103,6.71,22,83,58,87,96,96,80.66,EXPIRED,recipient_capacity_full,2026-05-01 00:00:00,SYNTHETIC_DEMO
RES-04164,DON-00800,REST-TG06-104,REC-TG06-002,VOL-TG06-008,Jangaon,dal,95,13.09,47,89,80,67,85,84,76.4,EXPIRED,volunteer_unavailable,2026-07-10 08:00:00,SYNTHETIC_DEMO
RES-04165,DON-00646,REST-TG07-039,REC-TG07-016,VOL-TG07-003,Jayashankar Bhupalpally,pulao,118,34.28,106,81,58,75,89,52,53.66,RESCUED,,2026-05-06 21:00:00,SYNTHETIC_DEMO
RES-04166,DON-02728,REST-TG08-149,REC-TG08-009,VOL-TG08-007,Jogulamba Gadwal,dal,30,30.75,88,93,95,65,55,81,63.99,EXPIRED,expired_before_pickup,2026-04-27 07:00:00,SYNTHETIC_DEMO
RES-04167,DON-01477,REST-TG09-109,REC-TG09-016,VOL-TG09-007,Kamareddy,rice,113,15.35,44,98,69,79,63,93,74.89,RESCUED,,2026-04-29 15:00:00,SYNTHETIC_DEMO
RES-04168,DON-02469,REST-TG10-060,REC-TG10-011,VOL-TG10-009,Karimnagar,cooked_meal,78,26.58,68,81,46,60,76,88,56.81,MISSED,volunteer_unavailable,2026-07-27 19:00:00,SYNTHETIC_DEMO
RES-04169,DON-00131,REST-TG11-077,REC-TG11-011,VOL-TG11-009,Khammam,pulao,74,24.12,76,77,67,62,67,78,60.37,RESCUED,,2026-09-08 14:00:00,SYNTHETIC_DEMO
RES-04170,DON-02563,REST-TG12-036,REC-TG12-018,VOL-TG12-006,Kumuram Bheem,bread,78,27.27,77,82,92,74,83,79,67.62,MISSED,expired_before_pickup,2026-06-06 05:00:00,SYNTHETIC_DEMO
RES-04171,DON-00153,REST-TG13-012,REC-TG13-015,VOL-TG13-005,Mahabubabad,biryani,67,7.97,27,69,93,97,59,65,78.66,RESCUED,,2026-08-11 18:00:00,SYNTHETIC_DEMO
RES-04172,DON-01336,REST-TG14-059,REC-TG14-014,VOL-TG14-006,Mahabubnagar,fruits,108,7.12,18,75,87,76,55,89,78.11,RESCUED,,2026-06-10 08:00:00,SYNTHETIC_DEMO
RES-04173,DON-00367,REST-TG15-070,REC-TG15-006,VOL-TG15-010,Mancherial,dal,84,12.16,45,92,84,88,82,67,79.61,RESCUED,,2026-07-13 13:00:00,SYNTHETIC_DEMO
RES-04174,DON-00132,REST-TG16-049,REC-TG16-018,VOL-TG16-007,Medak,bread,120,18.31,49,83,62,66,90,99,69.72,RESCUED,,2026-09-01 22:00:00,SYNTHETIC_DEMO
RES-04175,DON-01467,REST-TG17-069,REC-TG17-013,VOL-TG17-004,Medchal-Malkajgiri,bakery,118,6.33,20,66,67,88,80,69,75.18,EXPIRED,traffic_delay,2026-05-27 14:00:00,SYNTHETIC_DEMO
RES-04176,DON-00580,REST-TG18-017,REC-TG18-004,VOL-TG18-009,Mulugu,biryani,116,11.58,37,75,87,74,75,89,76.63,RESCUED,,2026-04-20 23:00:00,SYNTHETIC_DEMO
RES-04177,DON-02134,REST-TG19-088,REC-TG19-005,VOL-TG19-006,Nagarkurnool,pulao,120,21.32,79,68,64,67,84,96,64.22,PARTIAL,,2026-04-28 20:00:00,SYNTHETIC_DEMO
RES-04178,DON-02388,REST-TG20-046,REC-TG20-017,VOL-TG20-004,Nalgonda,dal,85,29.01,91,67,46,96,92,80,58.48,RESCUED,,2026-09-15 08:00:00,SYNTHETIC_DEMO
RES-04179,DON-02576,REST-TG21-081,REC-TG21-001,VOL-TG21-005,Narayanpet,dal,93,31.46,121,88,56,91,72,65,58.68,RESCUED,,2026-06-29 13:00:00,SYNTHETIC_DEMO
RES-04180,DON-01464,REST-TG22-104,REC-TG22-017,VOL-TG22-006,Nirmal,cooked_meal,104,17.91,50,96,100,94,59,66,78.01,RESCUED,,2026-07-25 00:00:00,SYNTHETIC_DEMO
RES-04181,DON-02928,REST-TG23-146,REC-TG23-012,VOL-TG23-006,Nizamabad,bakery,101,30.87,71,94,54,78,100,67,60.95,RESCUED,,2026-04-22 02:00:00,SYNTHETIC_DEMO
RES-04182,DON-01903,REST-TG24-068,REC-TG24-009,VOL-TG24-005,Peddapalli,vegetables,59,25.15,81,90,80,77,60,55,64.09,EXPIRED,expired_before_pickup,2026-07-05 15:00:00,SYNTHETIC_DEMO
RES-04183,DON-00392,REST-TG25-037,REC-TG25-010,VOL-TG25-007,Rajanna Sircilla,fruits,51,27.51,96,72,69,85,78,52,59.3,PARTIAL,,2026-09-09 07:00:00,SYNTHETIC_DEMO
RES-04184,DON-01902,REST-TG26-147,REC-TG26-009,VOL-TG26-001,Rangareddy,roti,100,33.98,96,72,64,80,81,78,55.83,RESCUED,,2026-06-12 08:00:00,SYNTHETIC_DEMO
RES-04185,DON-01973,REST-TG27-078,REC-TG27-018,VOL-TG27-005,Sangareddy,sandwich,36,6.97,16,65,64,80,94,52,72.42,RESCUED,,2026-07-16 21:00:00,SYNTHETIC_DEMO
RES-04186,DON-02721,REST-TG28-034,REC-TG28-009,VOL-TG28-002,Siddipet,bread,14,29.65,100,72,66,63,63,90,56.17,PARTIAL,,2026-08-18 08:00:00,SYNTHETIC_DEMO
RES-04187,DON-00244,REST-TG29-087,REC-TG29-020,VOL-TG29-006,Suryapet,cooked_meal,21,34.07,92,96,47,89,79,92,59.71,RESCUED,,2026-06-28 15:00:00,SYNTHETIC_DEMO
RES-04188,DON-02747,REST-TG30-081,REC-TG30-019,VOL-TG30-005,Vikarabad,roti,68,13.61,54,97,78,96,75,100,82.18,RESCUED,,2026-05-01 09:00:00,SYNTHETIC_DEMO
RES-04189,DON-00068,REST-TG31-139,REC-TG31-007,VOL-TG31-003,Wanaparthy,cooked_meal,19,14.61,37,66,68,74,52,69,64.56,RESCUED,,2026-05-24 08:00:00,SYNTHETIC_DEMO
RES-04190,DON-02814,REST-TG32-129,REC-TG32-019,VOL-TG32-004,Warangal,bread,74,22.8,80,90,82,62,82,95,70.11,MISSED,traffic_delay,2026-05-29 09:00:00,SYNTHETIC_DEMO
RES-04191,DON-02205,REST-TG33-016,REC-TG33-002,VOL-TG33-003,Yadadri Bhuvanagiri,fruits,13,22.52,74,77,67,60,62,54,58.31,RESCUED,,2026-09-16 11:00:00,SYNTHETIC_DEMO
RES-04192,DON-02723,REST-TG01-101,REC-TG01-020,VOL-TG01-008,Adilabad,sandwich,12,19.72,47,94,75,95,52,56,69.76,EXPIRED,expired_before_pickup,2026-07-29 13:00:00,SYNTHETIC_DEMO
RES-04193,DON-01358,REST-TG02-006,REC-TG02-017,VOL-TG02-005,Bhadradri Kothagudem,bread,41,16.26,36,78,49,79,55,62,62.34,PARTIAL,,2026-09-06 12:00:00,SYNTHETIC_DEMO
RES-04194,DON-02404,REST-TG03-083,REC-TG03-017,VOL-TG03-001,Hanumakonda,bread,65,3.81,12,89,49,71,76,84,76.53,RESCUED,,2026-05-06 20:00:00,SYNTHETIC_DEMO
RES-04195,DON-01197,REST-TG04-107,REC-TG04-008,VOL-TG04-003,Hyderabad,cooked_meal,79,29.64,62,77,51,72,99,71,57.23,RESCUED,,2026-05-04 22:00:00,SYNTHETIC_DEMO
RES-04196,DON-00143,REST-TG05-033,REC-TG05-015,VOL-TG05-006,Jagtial,packaged_food,64,29.23,83,72,82,85,66,91,63.37,RESCUED,,2026-09-04 16:00:00,SYNTHETIC_DEMO
RES-04197,DON-02880,REST-TG06-102,REC-TG06-002,VOL-TG06-010,Jangaon,dal,108,29.79,61,75,89,64,93,98,65.22,MISSED,traffic_delay,2026-07-21 04:00:00,SYNTHETIC_DEMO
RES-04198,DON-01357,REST-TG07-132,REC-TG07-012,VOL-TG07-010,Jayashankar Bhupalpally,dal,108,19.06,42,88,100,69,98,75,76.64,RESCUED,,2026-05-03 16:00:00,SYNTHETIC_DEMO
RES-04199,DON-01904,REST-TG08-133,REC-TG08-006,VOL-TG08-004,Jogulamba Gadwal,rice,29,9.8,31,74,89,75,65,98,78.15,RESCUED,,2026-05-18 06:00:00,SYNTHETIC_DEMO
RES-04200,DON-00303,REST-TG09-067,REC-TG09-014,VOL-TG09-001,Kamareddy,sandwich,11,7.26,18,76,72,88,97,83,80.61,RESCUED,,2026-05-03 09:00:00,SYNTHETIC_DEMO
RES-04201,DON-02077,REST-TG10-042,REC-TG10-002,VOL-TG10-008,Karimnagar,vegetables,112,10.04,36,68,62,78,100,96,75.13,PARTIAL,,2026-08-03 03:00:00,SYNTHETIC_DEMO
RES-04202,DON-01684,REST-TG11-141,REC-TG11-020,VOL-TG11-006,Khammam,roti,18,5.84,21,92,80,89,58,79,82.28,MISSED,expired_before_pickup,2026-08-29 13:00:00,SYNTHETIC_DEMO
RES-04203,DON-00082,REST-TG12-031,REC-TG12-008,VOL-TG12-003,Kumuram Bheem,bread,83,12.73,29,85,61,70,99,58,71.31,EXPIRED,traffic_delay,2026-06-17 23:00:00,SYNTHETIC_DEMO
RES-04204,DON-01532,REST-TG13-128,REC-TG13-012,VOL-TG13-003,Mahabubabad,packaged_food,45,31.81,99,85,69,83,70,83,60.83,RESCUED,,2026-04-13 13:00:00,SYNTHETIC_DEMO
RES-04205,DON-01104,REST-TG14-038,REC-TG14-013,VOL-TG14-006,Mahabubnagar,vegetables,95,23.61,59,98,65,95,81,85,71.59,RESCUED,,2026-04-27 10:00:00,SYNTHETIC_DEMO
RES-04206,DON-01347,REST-TG15-127,REC-TG15-008,VOL-TG15-005,Mancherial,rice,80,15.78,56,77,96,68,77,78,74.03,RESCUED,,2026-09-22 15:00:00,SYNTHETIC_DEMO
RES-04207,DON-01390,REST-TG16-037,REC-TG16-001,VOL-TG16-008,Medak,bread,11,19.91,77,87,57,72,76,52,63.18,RESCUED,,2026-05-28 03:00:00,SYNTHETIC_DEMO
RES-04208,DON-00839,REST-TG17-142,REC-TG17-020,VOL-TG17-009,Medchal-Malkajgiri,bread,75,11.92,42,81,86,73,70,58,73.64,RESCUED,,2026-07-22 02:00:00,SYNTHETIC_DEMO
RES-04209,DON-02294,REST-TG18-143,REC-TG18-012,VOL-TG18-003,Mulugu,vegetables,65,22.92,58,71,99,68,59,79,66.63,EXPIRED,expired_before_pickup,2026-08-03 02:00:00,SYNTHETIC_DEMO
RES-04210,DON-01698,REST-TG19-069,REC-TG19-005,VOL-TG19-002,Nagarkurnool,pulao,115,16.92,40,94,73,79,74,96,75.16,MISSED,volunteer_unavailable,2026-08-07 12:00:00,SYNTHETIC_DEMO
RES-04211,DON-00158,REST-TG20-029,REC-TG20-009,VOL-TG20-001,Nalgonda,biryani,26,31.63,105,73,51,96,60,64,54.01,RESCUED,,2026-05-16 16:00:00,SYNTHETIC_DEMO
RES-04212,DON-00944,REST-TG21-090,REC-TG21-007,VOL-TG21-003,Narayanpet,vegetables,46,3.38,9,72,95,71,99,62,82.74,PARTIAL,,2026-06-13 21:00:00,SYNTHETIC_DEMO
RES-04213,DON-00669,REST-TG22-021,REC-TG22-017,VOL-TG22-006,Nirmal,cooked_meal,36,21.12,47,84,56,62,61,97,63.01,RESCUED,,2026-05-26 14:00:00,SYNTHETIC_DEMO
RES-04214,DON-01941,REST-TG23-070,REC-TG23-019,VOL-TG23-010,Nizamabad,cooked_meal,93,16.57,45,86,99,95,97,85,82.61,RESCUED,,2026-05-13 18:00:00,SYNTHETIC_DEMO
RES-04215,DON-02077,REST-TG24-061,REC-TG24-013,VOL-TG24-004,Peddapalli,vegetables,33,34.02,79,99,81,93,96,53,65.55,MISSED,volunteer_unavailable,2026-05-29 03:00:00,SYNTHETIC_DEMO
RES-04216,DON-01599,REST-TG25-087,REC-TG25-011,VOL-TG25-008,Rajanna Sircilla,packaged_food,22,12.68,27,77,61,83,75,53,68.79,PARTIAL,,2026-06-02 12:00:00,SYNTHETIC_DEMO
RES-04217,DON-02802,REST-TG26-039,REC-TG26-006,VOL-TG26-010,Rangareddy,sandwich,75,13.25,31,81,55,74,91,96,72.54,RESCUED,,2026-07-21 17:00:00,SYNTHETIC_DEMO
RES-04218,DON-01463,REST-TG27-020,REC-TG27-020,VOL-TG27-001,Sangareddy,roti,52,9.2,25,77,62,95,62,71,73.78,EXPIRED,recipient_capacity_full,2026-05-30 02:00:00,SYNTHETIC_DEMO
RES-04219,DON-01935,REST-TG28-079,REC-TG28-015,VOL-TG28-007,Siddipet,roti,71,7.64,16,76,68,94,70,87,78.14,RESCUED,,2026-08-09 06:00:00,SYNTHETIC_DEMO
RES-04220,DON-01462,REST-TG29-066,REC-TG29-009,VOL-TG29-008,Suryapet,packaged_food,38,4.23,16,93,62,83,73,88,81.53,MISSED,volunteer_unavailable,2026-05-18 18:00:00,SYNTHETIC_DEMO
RES-04221,DON-00179,REST-TG30-103,REC-TG30-012,VOL-TG30-005,Vikarabad,dal,65,0.75,5,97,54,83,81,64,81.61,EXPIRED,traffic_delay,2026-07-07 10:00:00,SYNTHETIC_DEMO
RES-04222,DON-02615,REST-TG31-102,REC-TG31-008,VOL-TG31-004,Wanaparthy,bakery,117,27.25,106,66,75,89,85,95,65.09,EXPIRED,volunteer_unavailable,2026-09-18 06:00:00,SYNTHETIC_DEMO
RES-04223,DON-01788,REST-TG32-027,REC-TG32-018,VOL-TG32-008,Warangal,pulao,69,2.23,5,89,74,87,77,70,83.76,RESCUED,,2026-04-12 14:00:00,SYNTHETIC_DEMO
RES-04224,DON-00668,REST-TG33-049,REC-TG33-009,VOL-TG33-002,Yadadri Bhuvanagiri,vegetables,26,7.58,23,93,58,70,98,70,77.09,EXPIRED,traffic_delay,2026-08-25 00:00:00,SYNTHETIC_DEMO
RES-04225,DON-00401,REST-TG01-008,REC-TG01-004,VOL-TG01-004,Adilabad,cooked_meal,30,6.85,16,87,80,76,52,90,79.11,RESCUED,,2026-09-14 03:00:00,SYNTHETIC_DEMO
RES-04226,DON-00497,REST-TG02-083,REC-TG02-001,VOL-TG02-005,Bhadradri Kothagudem,roti,99,27.99,111,70,73,68,58,59,55.51,MISSED,recipient_capacity_full,2026-08-10 01:00:00,SYNTHETIC_DEMO
RES-04227,DON-01350,REST-TG03-020,REC-TG03-013,VOL-TG03-003,Hanumakonda,biryani,100,7.88,18,99,51,85,83,83,78.72,PARTIAL,,2026-08-30 20:00:00,SYNTHETIC_DEMO
RES-04228,DON-02901,REST-TG04-127,REC-TG04-001,VOL-TG04-004,Hyderabad,pulao,112,6.8,22,82,92,74,66,51,77.74,MISSED,traffic_delay,2026-07-14 19:00:00,SYNTHETIC_DEMO
RES-04229,DON-01521,REST-TG05-056,REC-TG05-002,VOL-TG05-008,Jagtial,dal,57,26.67,62,68,74,68,87,83,61.55,MISSED,traffic_delay,2026-06-18 04:00:00,SYNTHETIC_DEMO
RES-04230,DON-01071,REST-TG06-046,REC-TG06-011,VOL-TG06-006,Jangaon,fruits,81,22.17,78,96,70,98,73,70,71.36,EXPIRED,volunteer_unavailable,2026-04-11 11:00:00,SYNTHETIC_DEMO
RES-04231,DON-00294,REST-TG07-073,REC-TG07-019,VOL-TG07-004,Jayashankar Bhupalpally,dal,92,4.76,16,92,53,85,72,89,79.45,EXPIRED,expired_before_pickup,2026-09-11 11:00:00,SYNTHETIC_DEMO
RES-04232,DON-02891,REST-TG08-040,REC-TG08-002,VOL-TG08-007,Jogulamba Gadwal,cooked_meal,41,3.99,14,70,84,71,84,85,80.5,RESCUED,,2026-06-24 10:00:00,SYNTHETIC_DEMO
RES-04233,DON-00198,REST-TG09-025,REC-TG09-014,VOL-TG09-006,Kamareddy,fruits,90,21.57,58,94,46,66,58,81,61.39,RESCUED,,2026-06-23 11:00:00,SYNTHETIC_DEMO
RES-04234,DON-01853,REST-TG10-106,REC-TG10-001,VOL-TG10-008,Karimnagar,cooked_meal,14,22.82,72,71,58,99,94,70,65.75,RESCUED,,2026-07-01 17:00:00,SYNTHETIC_DEMO
RES-04235,DON-02244,REST-TG11-034,REC-TG11-001,VOL-TG11-009,Khammam,packaged_food,53,32.64,110,83,71,71,70,68,56.94,RESCUED,,2026-05-15 05:00:00,SYNTHETIC_DEMO
RES-04236,DON-02024,REST-TG12-135,REC-TG12-019,VOL-TG12-003,Kumuram Bheem,fruits,50,14.37,41,80,64,76,50,50,64.94,RESCUED,,2026-09-13 15:00:00,SYNTHETIC_DEMO
RES-04237,DON-02944,REST-TG13-011,REC-TG13-015,VOL-TG13-009,Mahabubabad,cooked_meal,34,6.04,22,86,75,90,77,87,82.79,RESCUED,,2026-08-06 22:00:00,SYNTHETIC_DEMO
RES-04238,DON-00140,REST-TG14-020,REC-TG14-015,VOL-TG14-002,Mahabubnagar,cooked_meal,38,18.11,37,96,84,78,77,57,73.16,EXPIRED,recipient_capacity_full,2026-08-01 12:00:00,SYNTHETIC_DEMO
RES-04239,DON-00604,REST-TG15-022,REC-TG15-002,VOL-TG15-004,Mancherial,sandwich,113,20.17,51,98,71,68,99,76,72.09,RESCUED,,2026-05-28 05:00:00,SYNTHETIC_DEMO
RES-04240,DON-02383,REST-TG16-110,REC-TG16-011,VOL-TG16-010,Medak,bakery,83,18.04,56,67,50,86,100,50,63.41,RESCUED,,2026-07-07 09:00:00,SYNTHETIC_DEMO
RES-04241,DON-01130,REST-TG17-117,REC-TG17-004,VOL-TG17-007,Medchal-Malkajgiri,sandwich,86,29.89,100,81,67,71,62,50,55.1,RESCUED,,2026-06-01 12:00:00,SYNTHETIC_DEMO
RES-04242,DON-00236,REST-TG18-149,REC-TG18-018,VOL-TG18-003,Mulugu,rice,74,30.3,120,76,91,79,89,74,64.91,EXPIRED,recipient_capacity_full,2026-07-20 17:00:00,SYNTHETIC_DEMO
RES-04243,DON-02638,REST-TG19-138,REC-TG19-016,VOL-TG19-005,Nagarkurnool,pulao,87,12.55,27,84,81,99,67,54,75.99,RESCUED,,2026-08-16 01:00:00,SYNTHETIC_DEMO
RES-04244,DON-02923,REST-TG20-035,REC-TG20-007,VOL-TG20-002,Nalgonda,fruits,101,5.78,11,90,64,60,52,59,71.77,EXPIRED,recipient_capacity_full,2026-05-04 09:00:00,SYNTHETIC_DEMO
RES-04245,DON-01051,REST-TG21-047,REC-TG21-019,VOL-TG21-009,Narayanpet,dal,47,9.07,19,100,70,89,59,91,80.87,EXPIRED,volunteer_unavailable,2026-05-22 15:00:00,SYNTHETIC_DEMO
RES-04246,DON-01988,REST-TG22-108,REC-TG22-013,VOL-TG22-009,Nirmal,bread,30,0.73,5,81,54,61,65,94,76.53,RESCUED,,2026-08-26 22:00:00,SYNTHETIC_DEMO
RES-04247,DON-00913,REST-TG23-136,REC-TG23-015,VOL-TG23-005,Nizamabad,bakery,84,21.23,48,86,65,88,59,50,64.14,PARTIAL,,2026-07-04 15:00:00,SYNTHETIC_DEMO
RES-04248,DON-00554,REST-TG24-019,REC-TG24-001,VOL-TG24-006,Peddapalli,pulao,58,34.68,112,82,55,69,50,65,49.48,RESCUED,,2026-06-25 18:00:00,SYNTHETIC_DEMO
RES-04249,DON-00891,REST-TG25-086,REC-TG25-018,VOL-TG25-002,Rajanna Sircilla,packaged_food,78,3.37,12,72,51,86,84,86,77.09,MISSED,volunteer_unavailable,2026-04-12 05:00:00,SYNTHETIC_DEMO
RES-04250,DON-02145,REST-TG26-015,REC-TG26-019,VOL-TG26-001,Rangareddy,bread,42,5.16,13,93,68,92,82,60,81.51,MISSED,traffic_delay,2026-05-28 21:00:00,SYNTHETIC_DEMO
RES-04251,DON-02421,REST-TG27-026,REC-TG27-020,VOL-TG27-004,Sangareddy,pulao,19,11.45,34,65,61,74,75,85,69.12,RESCUED,,2026-08-19 09:00:00,SYNTHETIC_DEMO
RES-04252,DON-02527,REST-TG28-008,REC-TG28-013,VOL-TG28-005,Siddipet,vegetables,36,11.77,28,77,84,79,71,84,76.14,EXPIRED,volunteer_unavailable,2026-05-21 09:00:00,SYNTHETIC_DEMO
RES-04253,DON-00681,REST-TG29-137,REC-TG29-002,VOL-TG29-008,Suryapet,fruits,13,8.87,27,84,84,91,82,99,84.01,EXPIRED,volunteer_unavailable,2026-04-21 15:00:00,SYNTHETIC_DEMO
RES-04254,DON-01142,REST-TG30-083,REC-TG30-004,VOL-TG30-010,Vikarabad,dal,47,27.05,64,87,70,69,51,72,59.73,MISSED,volunteer_unavailable,2026-05-30 05:00:00,SYNTHETIC_DEMO
RES-04255,DON-02074,REST-TG31-090,REC-TG31-015,VOL-TG31-004,Wanaparthy,packaged_food,15,19.73,56,85,80,75,89,61,70.16,RESCUED,,2026-04-01 11:00:00,SYNTHETIC_DEMO
RES-04256,DON-00180,REST-TG32-045,REC-TG32-019,VOL-TG32-006,Warangal,bread,108,6.23,13,76,91,65,99,63,79.9,RESCUED,,2026-04-10 23:00:00,SYNTHETIC_DEMO
RES-04257,DON-01990,REST-TG33-137,REC-TG33-019,VOL-TG33-009,Yadadri Bhuvanagiri,packaged_food,60,19.22,61,78,65,76,83,68,66.37,PARTIAL,,2026-07-08 07:00:00,SYNTHETIC_DEMO
RES-04258,DON-01318,REST-TG01-066,REC-TG01-014,VOL-TG01-004,Adilabad,vegetables,26,22.4,67,93,51,96,70,75,66.7,PARTIAL,,2026-08-04 15:00:00,SYNTHETIC_DEMO
RES-04259,DON-01456,REST-TG02-068,REC-TG02-007,VOL-TG02-001,Bhadradri Kothagudem,sandwich,12,32.87,98,83,48,100,92,91,61.02,RESCUED,,2026-04-07 05:00:00,SYNTHETIC_DEMO
RES-04260,DON-01543,REST-TG03-004,REC-TG03-010,VOL-TG03-006,Hanumakonda,fruits,88,8.03,18,79,89,81,84,72,80.61,RESCUED,,2026-07-30 09:00:00,SYNTHETIC_DEMO
RES-04261,DON-02132,REST-TG04-125,REC-TG04-009,VOL-TG04-010,Hyderabad,packaged_food,84,15.36,46,82,91,78,53,83,73.93,RESCUED,,2026-04-13 11:00:00,SYNTHETIC_DEMO
RES-04262,DON-00577,REST-TG05-122,REC-TG05-006,VOL-TG05-008,Jagtial,biryani,105,27.28,94,92,70,76,91,98,68.21,PARTIAL,,2026-06-30 00:00:00,SYNTHETIC_DEMO
RES-04263,DON-01818,REST-TG06-102,REC-TG06-012,VOL-TG06-003,Jangaon,pulao,68,9.56,37,91,99,87,55,97,84.42,RESCUED,,2026-04-08 05:00:00,SYNTHETIC_DEMO
RES-04264,DON-01642,REST-TG07-032,REC-TG07-009,VOL-TG07-002,Jayashankar Bhupalpally,packaged_food,56,4.63,10,89,47,61,68,57,70.54,RESCUED,,2026-04-17 13:00:00,SYNTHETIC_DEMO
RES-04265,DON-02778,REST-TG08-150,REC-TG08-010,VOL-TG08-007,Jogulamba Gadwal,fruits,77,30.52,115,78,50,87,72,92,58.25,RESCUED,,2026-06-24 17:00:00,SYNTHETIC_DEMO
RES-04266,DON-02324,REST-TG09-136,REC-TG09-006,VOL-TG09-008,Kamareddy,sandwich,80,33.22,72,81,57,74,56,96,55.17,RESCUED,,2026-09-24 19:00:00,SYNTHETIC_DEMO
RES-04267,DON-01602,REST-TG10-089,REC-TG10-014,VOL-TG10-002,Karimnagar,cooked_meal,60,32.2,104,84,65,97,71,53,58.75,EXPIRED,expired_before_pickup,2026-03-31 02:00:00,SYNTHETIC_DEMO
RES-04268,DON-00534,REST-TG11-104,REC-TG11-008,VOL-TG11-005,Khammam,packaged_food,60,30.36,77,91,99,83,95,64,69.66,EXPIRED,expired_before_pickup,2026-06-11 20:00:00,SYNTHETIC_DEMO
RES-04269,DON-02235,REST-TG12-028,REC-TG12-013,VOL-TG12-002,Kumuram Bheem,sandwich,59,9.49,28,74,74,81,52,90,74.17,EXPIRED,expired_before_pickup,2026-06-13 07:00:00,SYNTHETIC_DEMO
RES-04270,DON-01438,REST-TG13-111,REC-TG13-009,VOL-TG13-009,Mahabubabad,rice,97,20.27,42,73,51,72,74,83,61.82,RESCUED,,2026-05-03 19:00:00,SYNTHETIC_DEMO
RES-04271,DON-02695,REST-TG14-058,REC-TG14-003,VOL-TG14-002,Mahabubnagar,roti,20,0.91,5,68,55,67,63,60,71.3,RESCUED,,2026-04-07 08:00:00,SYNTHETIC_DEMO
RES-04272,DON-02138,REST-TG15-063,REC-TG15-003,VOL-TG15-003,Mancherial,cooked_meal,78,3.07,6,96,46,89,72,62,77.96,MISSED,volunteer_unavailable,2026-06-03 20:00:00,SYNTHETIC_DEMO
RES-04273,DON-01900,REST-TG16-109,REC-TG16-006,VOL-TG16-010,Medak,biryani,114,10.45,40,90,83,67,63,99,78.39,MISSED,traffic_delay,2026-07-30 17:00:00,SYNTHETIC_DEMO
RES-04274,DON-00825,REST-TG17-113,REC-TG17-009,VOL-TG17-003,Medchal-Malkajgiri,roti,47,33.56,125,85,99,89,66,80,65.78,RESCUED,,2026-05-15 02:00:00,SYNTHETIC_DEMO
RES-04275,DON-02764,REST-TG18-096,REC-TG18-001,VOL-TG18-004,Mulugu,dal,62,14.69,52,77,45,66,51,96,63.51,RESCUED,,2026-05-02 21:00:00,SYNTHETIC_DEMO
RES-04276,DON-02762,REST-TG19-039,REC-TG19-008,VOL-TG19-008,Nagarkurnool,packaged_food,34,7.67,27,89,55,74,84,60,73.82,MISSED,volunteer_unavailable,2026-06-22 13:00:00,SYNTHETIC_DEMO
RES-04277,DON-01048,REST-TG20-048,REC-TG20-005,VOL-TG20-002,Nalgonda,rice,69,5.7,19,90,93,65,76,53,80.18,RESCUED,,2026-08-10 01:00:00,SYNTHETIC_DEMO
RES-04278,DON-02081,REST-TG21-061,REC-TG21-007,VOL-TG21-001,Narayanpet,roti,43,30.22,117,92,84,98,87,82,70.21,RESCUED,,2026-07-24 14:00:00,SYNTHETIC_DEMO
RES-04279,DON-01415,REST-TG22-092,REC-TG22-016,VOL-TG22-008,Nirmal,packaged_food,104,27.62,109,91,71,61,56,62,58.62,PARTIAL,,2026-09-11 23:00:00,SYNTHETIC_DEMO
RES-04280,DON-02358,REST-TG23-041,REC-TG23-016,VOL-TG23-002,Nizamabad,fruits,14,14.85,55,95,91,96,52,96,80.79,RESCUED,,2026-06-16 09:00:00,SYNTHETIC_DEMO
RES-04281,DON-02154,REST-TG24-134,REC-TG24-009,VOL-TG24-001,Peddapalli,biryani,119,18.39,44,83,77,73,69,59,67.61,PARTIAL,,2026-05-04 20:00:00,SYNTHETIC_DEMO
RES-04282,DON-02631,REST-TG25-147,REC-TG25-005,VOL-TG25-009,Rajanna Sircilla,pulao,59,0.86,5,97,52,61,87,86,80.64,RESCUED,,2026-05-18 21:00:00,SYNTHETIC_DEMO
RES-04283,DON-02445,REST-TG26-041,REC-TG26-009,VOL-TG26-007,Rangareddy,cooked_meal,66,7.54,17,100,49,87,80,76,78.06,MISSED,volunteer_unavailable,2026-08-06 17:00:00,SYNTHETIC_DEMO
RES-04284,DON-00248,REST-TG27-041,REC-TG27-014,VOL-TG27-007,Sangareddy,dal,49,11.41,34,72,78,73,86,74,73.8,RESCUED,,2026-04-12 14:00:00,SYNTHETIC_DEMO
RES-04285,DON-01732,REST-TG28-078,REC-TG28-004,VOL-TG28-008,Siddipet,sandwich,68,9.88,34,81,53,91,73,51,70.79,RESCUED,,2026-09-12 05:00:00,SYNTHETIC_DEMO
RES-04286,DON-01642,REST-TG29-130,REC-TG29-015,VOL-TG29-002,Suryapet,sandwich,115,32.3,64,75,85,68,86,51,57.83,EXPIRED,volunteer_unavailable,2026-08-28 19:00:00,SYNTHETIC_DEMO
RES-04287,DON-00963,REST-TG30-138,REC-TG30-009,VOL-TG30-004,Vikarabad,dal,21,6.07,16,85,58,92,78,97,80.56,RESCUED,,2026-06-10 00:00:00,SYNTHETIC_DEMO
RES-04288,DON-02644,REST-TG31-032,REC-TG31-002,VOL-TG31-007,Wanaparthy,cooked_meal,77,11.98,28,97,59,82,75,73,74.74,EXPIRED,traffic_delay,2026-08-25 16:00:00,SYNTHETIC_DEMO
RES-04289,DON-01277,REST-TG32-017,REC-TG32-011,VOL-TG32-004,Warangal,bakery,79,11.86,26,97,94,66,88,96,83.03,EXPIRED,recipient_capacity_full,2026-09-10 18:00:00,SYNTHETIC_DEMO
RES-04290,DON-01828,REST-TG33-125,REC-TG33-002,VOL-TG33-010,Yadadri Bhuvanagiri,rice,22,34.75,105,100,50,100,90,97,63.88,RESCUED,,2026-08-02 10:00:00,SYNTHETIC_DEMO
RES-04291,DON-00798,REST-TG01-098,REC-TG01-015,VOL-TG01-001,Adilabad,cooked_meal,50,19.21,70,94,47,89,68,91,68.73,RESCUED,,2026-05-23 17:00:00,SYNTHETIC_DEMO
RES-04292,DON-01608,REST-TG02-129,REC-TG02-009,VOL-TG02-008,Bhadradri Kothagudem,fruits,10,12.21,41,82,56,60,64,89,68.18,EXPIRED,volunteer_unavailable,2026-05-27 18:00:00,SYNTHETIC_DEMO
RES-04293,DON-00872,REST-TG03-013,REC-TG03-005,VOL-TG03-006,Hanumakonda,pulao,88,8.54,32,78,88,62,95,94,80.3,MISSED,volunteer_unavailable,2026-06-05 15:00:00,SYNTHETIC_DEMO
RES-04294,DON-01756,REST-TG04-014,REC-TG04-010,VOL-TG04-008,Hyderabad,fruits,99,19.07,62,89,66,82,86,53,68.58,RESCUED,,2026-09-11 21:00:00,SYNTHETIC_DEMO
RES-04295,DON-02331,REST-TG05-143,REC-TG05-019,VOL-TG05-006,Jagtial,sandwich,22,29.47,61,97,62,96,61,93,65.55,PARTIAL,,2026-09-02 10:00:00,SYNTHETIC_DEMO
RES-04296,DON-01551,REST-TG06-032,REC-TG06-007,VOL-TG06-005,Jangaon,biryani,90,3.17,8,70,49,66,94,51,70.94,RESCUED,,2026-05-22 08:00:00,SYNTHETIC_DEMO
RES-04297,DON-01334,REST-TG07-136,REC-TG07-008,VOL-TG07-003,Jayashankar Bhupalpally,dal,53,19.62,53,85,79,90,90,57,71.99,PARTIAL,,2026-08-22 20:00:00,SYNTHETIC_DEMO
RES-04298,DON-02628,REST-TG08-083,REC-TG08-013,VOL-TG08-007,Jogulamba Gadwal,packaged_food,85,6.15,17,100,61,84,51,71,77.61,RESCUED,,2026-04-19 18:00:00,SYNTHETIC_DEMO
RES-04299,DON-01350,REST-TG09-020,REC-TG09-003,VOL-TG09-006,Kamareddy,dal,104,16.03,44,69,93,90,69,92,75.55,RESCUED,,2026-05-07 22:00:00,SYNTHETIC_DEMO
RES-04300,DON-02149,REST-TG10-059,REC-TG10-006,VOL-TG10-010,Karimnagar,roti,103,6.58,15,74,87,64,70,64,75.5,PARTIAL,,2026-07-27 07:00:00,SYNTHETIC_DEMO
RES-04301,DON-01993,REST-TG11-077,REC-TG11-013,VOL-TG11-004,Khammam,vegetables,23,7.96,17,90,91,69,66,81,80.56,MISSED,recipient_capacity_full,2026-07-24 10:00:00,SYNTHETIC_DEMO
RES-04302,DON-02943,REST-TG12-110,REC-TG12-020,VOL-TG12-003,Kumuram Bheem,sandwich,94,3.26,7,77,72,71,90,50,77.12,EXPIRED,volunteer_unavailable,2026-08-16 23:00:00,SYNTHETIC_DEMO
RES-04303,DON-00932,REST-TG13-103,REC-TG13-018,VOL-TG13-008,Mahabubabad,packaged_food,80,5.93,23,65,48,89,62,57,68.61,PARTIAL,,2026-08-12 22:00:00,SYNTHETIC_DEMO
RES-04304,DON-00791,REST-TG14-045,REC-TG14-001,VOL-TG14-004,Mahabubnagar,sandwich,29,20.67,64,100,51,84,58,87,67.54,EXPIRED,volunteer_unavailable,2026-05-02 13:00:00,SYNTHETIC_DEMO
RES-04305,DON-02198,REST-TG15-055,REC-TG15-018,VOL-TG15-007,Mancherial,rice,68,32.51,104,93,78,76,82,95,65.08,RESCUED,,2026-04-27 14:00:00,SYNTHETIC_DEMO
RES-04306,DON-00406,REST-TG16-100,REC-TG16-019,VOL-TG16-009,Medak,roti,26,4.76,15,94,92,100,83,78,89.9,RESCUED,,2026-07-06 18:00:00,SYNTHETIC_DEMO
RES-04307,DON-01608,REST-TG17-113,REC-TG17-002,VOL-TG17-001,Medchal-Malkajgiri,bakery,32,17.38,42,95,69,86,71,68,72.19,PARTIAL,,2026-05-18 17:00:00,SYNTHETIC_DEMO
RES-04308,DON-01305,REST-TG18-072,REC-TG18-008,VOL-TG18-010,Mulugu,rice,29,4.92,16,97,81,76,67,92,84.39,EXPIRED,expired_before_pickup,2026-04-10 02:00:00,SYNTHETIC_DEMO
RES-04309,DON-01899,REST-TG19-128,REC-TG19-001,VOL-TG19-008,Nagarkurnool,fruits,31,34.65,110,85,78,98,78,67,62.05,RESCUED,,2026-07-19 19:00:00,SYNTHETIC_DEMO
RES-04310,DON-02795,REST-TG20-063,REC-TG20-004,VOL-TG20-001,Nalgonda,roti,90,17.74,54,94,83,100,54,95,77.63,RESCUED,,2026-07-09 10:00:00,SYNTHETIC_DEMO
RES-04311,DON-01673,REST-TG21-142,REC-TG21-003,VOL-TG21-005,Narayanpet,sandwich,57,18.15,60,95,73,70,62,59,68.24,RESCUED,,2026-09-19 16:00:00,SYNTHETIC_DEMO
RES-04312,DON-01256,REST-TG22-066,REC-TG22-006,VOL-TG22-006,Nirmal,bread,68,10.14,23,72,79,64,65,88,72.86,RESCUED,,2026-05-05 14:00:00,SYNTHETIC_DEMO
RES-04313,DON-01693,REST-TG23-102,REC-TG23-017,VOL-TG23-005,Nizamabad,bread,79,26.83,92,73,68,62,79,96,60.84,RESCUED,,2026-05-23 16:00:00,SYNTHETIC_DEMO
RES-04314,DON-02605,REST-TG24-091,REC-TG24-005,VOL-TG24-004,Peddapalli,packaged_food,80,9.96,36,86,55,93,62,84,74.64,EXPIRED,volunteer_unavailable,2026-06-14 10:00:00,SYNTHETIC_DEMO
RES-04315,DON-01179,REST-TG25-054,REC-TG25-001,VOL-TG25-001,Rajanna Sircilla,fruits,82,20.07,74,74,55,78,66,95,64.26,MISSED,expired_before_pickup,2026-09-06 05:00:00,SYNTHETIC_DEMO
RES-04316,DON-00489,REST-TG26-078,REC-TG26-001,VOL-TG26-002,Rangareddy,dal,24,29.4,93,85,88,80,53,61,62.0,RESCUED,,2026-09-19 22:00:00,SYNTHETIC_DEMO
RES-04317,DON-02597,REST-TG27-075,REC-TG27-009,VOL-TG27-008,Sangareddy,pulao,93,14.31,54,95,61,66,62,91,71.18,RESCUED,,2026-08-18 01:00:00,SYNTHETIC_DEMO
RES-04318,DON-02974,REST-TG28-135,REC-TG28-017,VOL-TG28-001,Siddipet,rice,109,34.02,85,69,96,61,60,70,55.85,EXPIRED,volunteer_unavailable,2026-08-26 20:00:00,SYNTHETIC_DEMO
RES-04319,DON-02974,REST-TG29-078,REC-TG29-016,VOL-TG29-008,Suryapet,dal,84,28.02,66,92,50,64,87,59,57.59,RESCUED,,2026-05-20 20:00:00,SYNTHETIC_DEMO
RES-04320,DON-00775,REST-TG30-090,REC-TG30-002,VOL-TG30-005,Vikarabad,pulao,33,27.5,87,75,91,90,79,59,65.86,RESCUED,,2026-06-28 21:00:00,SYNTHETIC_DEMO
RES-04321,DON-01948,REST-TG31-062,REC-TG31-006,VOL-TG31-002,Wanaparthy,bakery,11,33.22,105,80,85,62,83,65,58.37,RESCUED,,2026-04-22 12:00:00,SYNTHETIC_DEMO
RES-04322,DON-02609,REST-TG32-142,REC-TG32-007,VOL-TG32-004,Warangal,dal,44,10.22,32,74,70,63,55,69,68.35,RESCUED,,2026-05-07 06:00:00,SYNTHETIC_DEMO
RES-04323,DON-02097,REST-TG33-094,REC-TG33-016,VOL-TG33-002,Yadadri Bhuvanagiri,cooked_meal,51,0.8,5,81,94,87,62,80,86.68,RESCUED,,2026-09-11 21:00:00,SYNTHETIC_DEMO
RES-04324,DON-01483,REST-TG01-018,REC-TG01-012,VOL-TG01-001,Adilabad,bread,51,22.81,90,65,72,92,63,94,65.61,PARTIAL,,2026-09-10 07:00:00,SYNTHETIC_DEMO
RES-04325,DON-00386,REST-TG02-095,REC-TG02-007,VOL-TG02-010,Bhadradri Kothagudem,vegetables,73,17.07,45,86,95,78,59,74,74.01,MISSED,recipient_capacity_full,2026-05-03 07:00:00,SYNTHETIC_DEMO
RES-04326,DON-00417,REST-TG03-064,REC-TG03-003,VOL-TG03-010,Hanumakonda,fruits,18,3.18,8,77,85,87,97,62,84.08,PARTIAL,,2026-07-26 14:00:00,SYNTHETIC_DEMO
RES-04327,DON-00706,REST-TG04-129,REC-TG04-005,VOL-TG04-005,Hyderabad,roti,97,22.61,87,92,67,100,84,50,69.05,MISSED,traffic_delay,2026-04-02 22:00:00,SYNTHETIC_DEMO
RES-04328,DON-01704,REST-TG05-150,REC-TG05-010,VOL-TG05-010,Jagtial,bread,97,2.53,7,77,47,63,86,80,74.04,PARTIAL,,2026-06-04 01:00:00,SYNTHETIC_DEMO
RES-04329,DON-01461,REST-TG06-014,REC-TG06-010,VOL-TG06-001,Jangaon,rice,53,4.55,10,87,83,90,56,56,80.45,RESCUED,,2026-06-13 23:00:00,SYNTHETIC_DEMO
RES-04330,DON-02051,REST-TG07-083,REC-TG07-018,VOL-TG07-005,Jayashankar Bhupalpally,cooked_meal,93,7.29,27,80,79,89,64,53,76.64,EXPIRED,expired_before_pickup,2026-07-21 04:00:00,SYNTHETIC_DEMO
RES-04331,DON-02232,REST-TG08-025,REC-TG08-019,VOL-TG08-010,Jogulamba Gadwal,bread,67,0.85,5,93,89,81,97,92,91.84,RESCUED,,2026-04-12 01:00:00,SYNTHETIC_DEMO
RES-04332,DON-01919,REST-TG09-040,REC-TG09-009,VOL-TG09-001,Kamareddy,pulao,88,7.53,22,69,70,68,94,51,72.12,EXPIRED,expired_before_pickup,2026-09-17 10:00:00,SYNTHETIC_DEMO
RES-04333,DON-01045,REST-TG10-096,REC-TG10-009,VOL-TG10-007,Karimnagar,pulao,21,18.41,48,83,98,93,69,78,76.7,RESCUED,,2026-07-15 04:00:00,SYNTHETIC_DEMO
RES-04334,DON-02309,REST-TG11-035,REC-TG11-013,VOL-TG11-002,Khammam,fruits,120,0.7,5,90,64,68,98,81,83.4,MISSED,traffic_delay,2026-05-19 07:00:00,SYNTHETIC_DEMO
RES-04335,DON-02070,REST-TG12-067,REC-TG12-018,VOL-TG12-007,Kumuram Bheem,vegetables,104,34.26,133,83,95,64,75,82,61.43,RESCUED,,2026-05-26 02:00:00,SYNTHETIC_DEMO
RES-04336,DON-01493,REST-TG13-119,REC-TG13-018,VOL-TG13-005,Mahabubabad,dal,34,14.46,45,77,89,68,70,90,74.07,MISSED,recipient_capacity_full,2026-08-11 16:00:00,SYNTHETIC_DEMO
RES-04337,DON-00230,REST-TG14-075,REC-TG14-006,VOL-TG14-002,Mahabubnagar,biryani,52,29.79,79,66,85,97,97,61,64.27,RESCUED,,2026-09-15 13:00:00,SYNTHETIC_DEMO
RES-04338,DON-00651,REST-TG15-088,REC-TG15-008,VOL-TG15-008,Mancherial,fruits,73,7.53,15,68,60,94,89,86,76.82,RESCUED,,2026-06-13 10:00:00,SYNTHETIC_DEMO
RES-04339,DON-02828,REST-TG16-148,REC-TG16-007,VOL-TG16-002,Medak,vegetables,37,26.67,58,84,92,91,77,98,72.3,EXPIRED,traffic_delay,2026-05-31 06:00:00,SYNTHETIC_DEMO
RES-04340,DON-00558,REST-TG17-012,REC-TG17-016,VOL-TG17-010,Medchal-Malkajgiri,pulao,84,14.45,57,67,79,81,65,66,69.13,PARTIAL,,2026-04-11 14:00:00,SYNTHETIC_DEMO
RES-04341,DON-00594,REST-TG18-145,REC-TG18-012,VOL-TG18-001,Mulugu,bread,65,3.3,13,67,91,99,74,61,82.59,RESCUED,,2026-05-18 11:00:00,SYNTHETIC_DEMO
RES-04342,DON-00060,REST-TG19-142,REC-TG19-013,VOL-TG19-003,Nagarkurnool,cooked_meal,53,28.35,72,72,63,65,79,67,56.1,RESCUED,,2026-08-30 04:00:00,SYNTHETIC_DEMO
RES-04343,DON-02962,REST-TG20-021,REC-TG20-008,VOL-TG20-004,Nalgonda,dal,18,18.04,57,93,52,71,58,99,67.46,MISSED,expired_before_pickup,2026-07-02 11:00:00,SYNTHETIC_DEMO
RES-04344,DON-00160,REST-TG21-079,REC-TG21-006,VOL-TG21-001,Narayanpet,roti,42,30.26,87,97,65,87,97,59,64.44,RESCUED,,2026-05-17 05:00:00,SYNTHETIC_DEMO
RES-04345,DON-02085,REST-TG22-124,REC-TG22-003,VOL-TG22-003,Nirmal,dal,98,3.52,9,97,73,67,89,94,84.84,PARTIAL,,2026-08-23 07:00:00,SYNTHETIC_DEMO
RES-04346,DON-00491,REST-TG23-023,REC-TG23-008,VOL-TG23-005,Nizamabad,roti,46,10.21,29,74,98,93,54,99,81.36,RESCUED,,2026-05-25 06:00:00,SYNTHETIC_DEMO
RES-04347,DON-01867,REST-TG24-016,REC-TG24-010,VOL-TG24-004,Peddapalli,cooked_meal,117,17.21,51,91,80,74,92,55,72.71,EXPIRED,expired_before_pickup,2026-06-15 06:00:00,SYNTHETIC_DEMO
RES-04348,DON-00927,REST-TG25-106,REC-TG25-014,VOL-TG25-010,Rajanna Sircilla,cooked_meal,76,15.62,57,79,55,95,99,65,71.29,EXPIRED,expired_before_pickup,2026-09-09 08:00:00,SYNTHETIC_DEMO
RES-04349,DON-01510,REST-TG26-105,REC-TG26-015,VOL-TG26-009,Rangareddy,bakery,11,16.51,59,80,96,64,81,73,73.41,PARTIAL,,2026-08-27 18:00:00,SYNTHETIC_DEMO
RES-04350,DON-00622,REST-TG27-051,REC-TG27-008,VOL-TG27-010,Sangareddy,sandwich,16,27.0,103,100,67,95,95,91,71.96,PARTIAL,,2026-08-27 12:00:00,SYNTHETIC_DEMO
RES-04351,DON-00367,REST-TG28-070,REC-TG28-005,VOL-TG28-008,Siddipet,vegetables,93,18.82,59,79,91,73,97,53,71.51,EXPIRED,recipient_capacity_full,2026-07-24 15:00:00,SYNTHETIC_DEMO
RES-04352,DON-01485,REST-TG29-129,REC-TG29-018,VOL-TG29-004,Suryapet,rice,78,28.88,88,75,98,69,50,94,63.72,MISSED,expired_before_pickup,2026-06-12 23:00:00,SYNTHETIC_DEMO
RES-04353,DON-02330,REST-TG30-076,REC-TG30-001,VOL-TG30-007,Vikarabad,cooked_meal,47,10.73,29,83,78,72,65,86,75.44,PARTIAL,,2026-05-15 02:00:00,SYNTHETIC_DEMO
RES-04354,DON-00620,REST-TG31-055,REC-TG31-010,VOL-TG31-009,Wanaparthy,bread,32,23.81,72,81,52,96,83,91,66.39,RESCUED,,2026-09-03 22:00:00,SYNTHETIC_DEMO
RES-04355,DON-00144,REST-TG32-082,REC-TG32-007,VOL-TG32-001,Warangal,sandwich,65,3.65,10,79,96,97,78,97,89.44,EXPIRED,recipient_capacity_full,2026-08-14 12:00:00,SYNTHETIC_DEMO
RES-04356,DON-02469,REST-TG33-122,REC-TG33-016,VOL-TG33-004,Yadadri Bhuvanagiri,cooked_meal,97,8.84,19,80,93,68,87,70,79.19,RESCUED,,2026-05-08 12:00:00,SYNTHETIC_DEMO
RES-04357,DON-01127,REST-TG01-135,REC-TG01-011,VOL-TG01-008,Adilabad,sandwich,82,3.3,11,66,86,76,87,66,79.74,RESCUED,,2026-05-28 06:00:00,SYNTHETIC_DEMO
RES-04358,DON-00561,REST-TG02-056,REC-TG02-006,VOL-TG02-008,Bhadradri Kothagudem,bakery,72,6.34,18,68,65,95,74,88,77.52,PARTIAL,,2026-04-24 00:00:00,SYNTHETIC_DEMO
RES-04359,DON-01498,REST-TG03-042,REC-TG03-015,VOL-TG03-006,Hanumakonda,sandwich,95,3.32,9,100,46,74,66,66,76.13,RESCUED,,2026-07-11 04:00:00,SYNTHETIC_DEMO
RES-04360,DON-01706,REST-TG04-084,REC-TG04-019,VOL-TG04-010,Hyderabad,cooked_meal,60,14.81,48,91,47,66,84,67,67.02,RESCUED,,2026-05-18 00:00:00,SYNTHETIC_DEMO
RES-04361,DON-00935,REST-TG05-140,REC-TG05-001,VOL-TG05-010,Jagtial,fruits,32,26.24,58,82,70,84,95,71,65.86,RESCUED,,2026-07-26 00:00:00,SYNTHETIC_DEMO
RES-04362,DON-02053,REST-TG06-042,REC-TG06-012,VOL-TG06-009,Jangaon,bakery,24,26.46,57,98,94,72,59,63,67.5,PARTIAL,,2026-08-16 09:00:00,SYNTHETIC_DEMO
RES-04363,DON-02265,REST-TG07-079,REC-TG07-002,VOL-TG07-004,Jayashankar Bhupalpally,pulao,115,9.31,22,80,51,93,81,99,76.5,PARTIAL,,2026-07-05 12:00:00,SYNTHETIC_DEMO
RES-04364,DON-00482,REST-TG08-127,REC-TG08-010,VOL-TG08-004,Jogulamba Gadwal,fruits,27,27.17,54,74,58,61,78,88,57.74,PARTIAL,,2026-03-30 21:00:00,SYNTHETIC_DEMO
RES-04365,DON-02635,REST-TG09-068,REC-TG09-015,VOL-TG09-003,Kamareddy,roti,78,11.12,32,76,94,79,83,77,78.91,EXPIRED,volunteer_unavailable,2026-04-17 14:00:00,SYNTHETIC_DEMO
RES-04366,DON-01492,REST-TG10-077,REC-TG10-004,VOL-TG10-009,Karimnagar,sandwich,33,33.67,72,77,69,63,80,72,54.8,PARTIAL,,2026-09-05 09:00:00,SYNTHETIC_DEMO
RES-04367,DON-00500,REST-TG11-073,REC-TG11-011,VOL-TG11-006,Khammam,roti,118,28.44,73,75,46,82,86,55,55.29,RESCUED,,2026-04-17 01:00:00,SYNTHETIC_DEMO
RES-04368,DON-00759,REST-TG12-059,REC-TG12-013,VOL-TG12-004,Kumuram Bheem,fruits,45,25.34,99,69,70,90,56,100,63.8,RESCUED,,2026-07-24 21:00:00,SYNTHETIC_DEMO
RES-04369,DON-01305,REST-TG13-114,REC-TG13-013,VOL-TG13-003,Mahabubabad,biryani,51,19.13,48,79,69,79,83,64,67.49,PARTIAL,,2026-07-23 19:00:00,SYNTHETIC_DEMO
RES-04370,DON-00296,REST-TG14-143,REC-TG14-015,VOL-TG14-007,Mahabubnagar,roti,57,31.84,102,88,61,82,51,57,55.16,PARTIAL,,2026-04-24 07:00:00,SYNTHETIC_DEMO
RES-04371,DON-02807,REST-TG15-135,REC-TG15-009,VOL-TG15-004,Mancherial,biryani,29,4.69,16,90,62,66,64,73,75.65,RESCUED,,2026-09-10 00:00:00,SYNTHETIC_DEMO
RES-04372,DON-01076,REST-TG16-132,REC-TG16-016,VOL-TG16-001,Medak,rice,91,25.07,70,76,87,81,84,53,65.54,RESCUED,,2026-07-22 20:00:00,SYNTHETIC_DEMO
RES-04373,DON-02985,REST-TG17-080,REC-TG17-020,VOL-TG17-008,Medchal-Malkajgiri,roti,29,11.69,32,93,77,67,63,86,75.6,PARTIAL,,2026-07-17 00:00:00,SYNTHETIC_DEMO
RES-04374,DON-00394,REST-TG18-017,REC-TG18-007,VOL-TG18-008,Mulugu,dal,99,18.22,62,74,63,70,65,73,63.69,EXPIRED,recipient_capacity_full,2026-08-08 17:00:00,SYNTHETIC_DEMO
RES-04375,DON-01046,REST-TG19-030,REC-TG19-008,VOL-TG19-009,Nagarkurnool,biryani,107,18.53,65,80,100,95,75,70,76.51,RESCUED,,2026-09-15 05:00:00,SYNTHETIC_DEMO
RES-04376,DON-00184,REST-TG20-149,REC-TG20-014,VOL-TG20-004,Nalgonda,dal,87,11.4,23,97,56,65,85,98,75.51,RESCUED,,2026-05-14 04:00:00,SYNTHETIC_DEMO
RES-04377,DON-01820,REST-TG21-115,REC-TG21-010,VOL-TG21-006,Narayanpet,packaged_food,82,22.64,58,77,65,77,53,92,63.28,PARTIAL,,2026-05-15 07:00:00,SYNTHETIC_DEMO
RES-04378,DON-01320,REST-TG22-089,REC-TG22-012,VOL-TG22-007,Nirmal,sandwich,99,27.06,80,98,70,68,95,73,66.27,EXPIRED,traffic_delay,2026-05-19 13:00:00,SYNTHETIC_DEMO
RES-04379,DON-01589,REST-TG23-064,REC-TG23-014,VOL-TG23-002,Nizamabad,bread,108,14.88,53,83,45,90,89,76,69.97,PARTIAL,,2026-05-04 07:00:00,SYNTHETIC_DEMO
RES-04380,DON-01024,REST-TG24-052,REC-TG24-003,VOL-TG24-009,Peddapalli,vegetables,14,4.6,16,85,83,85,93,96,86.96,EXPIRED,expired_before_pickup,2026-04-13 12:00:00,SYNTHETIC_DEMO
RES-04381,DON-00907,REST-TG25-114,REC-TG25-007,VOL-TG25-001,Rajanna Sircilla,roti,43,31.68,99,87,63,85,100,97,64.82,EXPIRED,expired_before_pickup,2026-06-18 16:00:00,SYNTHETIC_DEMO
RES-04382,DON-00175,REST-TG26-044,REC-TG26-015,VOL-TG26-002,Rangareddy,bakery,47,15.45,34,70,79,99,92,86,76.41,RESCUED,,2026-08-28 19:00:00,SYNTHETIC_DEMO
RES-04383,DON-00801,REST-TG27-098,REC-TG27-019,VOL-TG27-009,Sangareddy,packaged_food,25,5.16,15,72,45,62,92,91,72.31,MISSED,volunteer_unavailable,2026-04-03 14:00:00,SYNTHETIC_DEMO
RES-04384,DON-00821,REST-TG28-003,REC-TG28-009,VOL-TG28-002,Siddipet,pulao,37,15.99,32,66,67,97,80,74,70.13,PARTIAL,,2026-08-14 22:00:00,SYNTHETIC_DEMO
RES-04385,DON-00297,REST-TG29-100,REC-TG29-017,VOL-TG29-002,Suryapet,roti,62,1.06,5,77,82,96,52,74,83.04,PARTIAL,,2026-04-02 02:00:00,SYNTHETIC_DEMO
RES-04386,DON-02717,REST-TG30-083,REC-TG30-002,VOL-TG30-006,Vikarabad,packaged_food,95,15.79,59,67,93,64,53,68,67.42,RESCUED,,2026-04-07 18:00:00,SYNTHETIC_DEMO
RES-04387,DON-00211,REST-TG31-023,REC-TG31-008,VOL-TG31-007,Wanaparthy,roti,44,30.85,111,86,99,93,72,82,69.31,EXPIRED,traffic_delay,2026-08-22 01:00:00,SYNTHETIC_DEMO
RES-04388,DON-01774,REST-TG32-003,REC-TG32-009,VOL-TG32-008,Warangal,packaged_food,18,18.29,52,82,90,60,99,60,71.24,RESCUED,,2026-05-17 03:00:00,SYNTHETIC_DEMO
RES-04389,DON-00772,REST-TG33-105,REC-TG33-015,VOL-TG33-001,Yadadri Bhuvanagiri,sandwich,50,12.68,32,84,81,63,64,65,71.29,PARTIAL,,2026-08-04 07:00:00,SYNTHETIC_DEMO
RES-04390,DON-01338,REST-TG01-142,REC-TG01-006,VOL-TG01-004,Adilabad,vegetables,43,26.96,57,70,93,68,93,59,63.74,PARTIAL,,2026-08-26 06:00:00,SYNTHETIC_DEMO
RES-04391,DON-00198,REST-TG02-068,REC-TG02-006,VOL-TG02-003,Bhadradri Kothagudem,roti,26,25.66,73,90,99,65,94,69,70.52,PARTIAL,,2026-08-14 03:00:00,SYNTHETIC_DEMO
RES-04392,DON-00456,REST-TG03-097,REC-TG03-003,VOL-TG03-005,Hanumakonda,cooked_meal,68,19.59,44,79,94,80,99,52,72.71,RESCUED,,2026-08-22 14:00:00,SYNTHETIC_DEMO
RES-04393,DON-00392,REST-TG04-146,REC-TG04-017,VOL-TG04-006,Hyderabad,bread,33,21.59,71,66,53,93,62,87,62.23,EXPIRED,traffic_delay,2026-06-25 05:00:00,SYNTHETIC_DEMO
RES-04394,DON-02734,REST-TG05-049,REC-TG05-020,VOL-TG05-001,Jagtial,rice,43,23.45,62,82,52,96,92,99,68.55,EXPIRED,volunteer_unavailable,2026-05-05 14:00:00,SYNTHETIC_DEMO
RES-04395,DON-00667,REST-TG06-062,REC-TG06-018,VOL-TG06-004,Jangaon,rice,71,16.7,65,90,53,91,65,61,67.92,PARTIAL,,2026-08-30 13:00:00,SYNTHETIC_DEMO
RES-04396,DON-00968,REST-TG07-091,REC-TG07-018,VOL-TG07-004,Jayashankar Bhupalpally,dal,21,15.55,32,88,88,97,86,64,78.64,PARTIAL,,2026-05-19 13:00:00,SYNTHETIC_DEMO
RES-04397,DON-01548,REST-TG08-114,REC-TG08-015,VOL-TG08-008,Jogulamba Gadwal,packaged_food,13,14.18,56,67,99,74,66,55,71.27,RESCUED,,2026-07-05 20:00:00,SYNTHETIC_DEMO
RES-04398,DON-01854,REST-TG09-085,REC-TG09-001,VOL-TG09-003,Kamareddy,packaged_food,50,10.43,21,81,69,82,56,99,75.35,RESCUED,,2026-07-27 15:00:00,SYNTHETIC_DEMO
RES-04399,DON-00912,REST-TG10-013,REC-TG10-020,VOL-TG10-001,Karimnagar,biryani,14,28.38,82,89,78,75,66,99,65.88,EXPIRED,expired_before_pickup,2026-09-07 01:00:00,SYNTHETIC_DEMO
RES-04400,DON-01064,REST-TG11-044,REC-TG11-012,VOL-TG11-009,Khammam,vegetables,83,34.94,111,87,76,70,80,91,60.24,PARTIAL,,2026-06-25 21:00:00,SYNTHETIC_DEMO
RES-04401,DON-01380,REST-TG12-078,REC-TG12-016,VOL-TG12-004,Kumuram Bheem,sandwich,104,32.61,85,68,78,84,94,50,57.91,RESCUED,,2026-07-29 20:00:00,SYNTHETIC_DEMO
RES-04402,DON-01313,REST-TG13-104,REC-TG13-001,VOL-TG13-003,Mahabubabad,packaged_food,36,27.99,64,88,51,62,74,73,56.81,RESCUED,,2026-06-12 14:00:00,SYNTHETIC_DEMO
RES-04403,DON-00181,REST-TG14-043,REC-TG14-001,VOL-TG14-010,Mahabubnagar,dal,37,10.21,26,76,96,64,73,97,78.71,MISSED,volunteer_unavailable,2026-07-06 13:00:00,SYNTHETIC_DEMO
RES-04404,DON-01164,REST-TG15-068,REC-TG15-011,VOL-TG15-002,Mancherial,rice,65,18.18,69,77,64,86,79,96,70.61,RESCUED,,2026-09-09 21:00:00,SYNTHETIC_DEMO
RES-04405,DON-02836,REST-TG16-109,REC-TG16-007,VOL-TG16-005,Medak,bread,47,1.61,5,88,76,66,86,64,81.55,PARTIAL,,2026-04-19 16:00:00,SYNTHETIC_DEMO
RES-04406,DON-01648,REST-TG17-048,REC-TG17-019,VOL-TG17-010,Medchal-Malkajgiri,roti,18,9.98,32,90,50,95,77,68,74.62,MISSED,expired_before_pickup,2026-08-09 00:00:00,SYNTHETIC_DEMO
RES-04407,DON-01037,REST-TG18-015,REC-TG18-011,VOL-TG18-005,Mulugu,roti,13,29.03,64,89,52,64,66,73,55.96,EXPIRED,volunteer_unavailable,2026-05-23 08:00:00,SYNTHETIC_DEMO
RES-04408,DON-02861,REST-TG19-022,REC-TG19-006,VOL-TG19-009,Nagarkurnool,packaged_food,70,23.71,74,98,73,67,89,53,66.51,EXPIRED,recipient_capacity_full,2026-04-21 15:00:00,SYNTHETIC_DEMO
RES-04409,DON-01705,REST-TG20-144,REC-TG20-011,VOL-TG20-007,Nalgonda,rice,53,31.37,114,85,92,73,87,82,65.84,RESCUED,,2026-09-21 00:00:00,SYNTHETIC_DEMO
RES-04410,DON-02453,REST-TG21-106,REC-TG21-015,VOL-TG21-003,Narayanpet,roti,64,17.78,55,77,67,81,79,57,66.85,RESCUED,,2026-04-20 05:00:00,SYNTHETIC_DEMO
RES-04411,DON-02767,REST-TG22-046,REC-TG22-013,VOL-TG22-001,Nirmal,sandwich,82,23.48,67,94,88,86,65,62,70.23,RESCUED,,2026-06-12 12:00:00,SYNTHETIC_DEMO
RES-04412,DON-02275,REST-TG23-132,REC-TG23-004,VOL-TG23-002,Nizamabad,vegetables,18,24.21,50,89,97,77,72,99,73.56,PARTIAL,,2026-07-03 19:00:00,SYNTHETIC_DEMO
RES-04413,DON-00583,REST-TG24-092,REC-TG24-009,VOL-TG24-003,Peddapalli,sandwich,27,33.34,71,100,92,70,65,53,61.89,PARTIAL,,2026-05-01 16:00:00,SYNTHETIC_DEMO
RES-04414,DON-00534,REST-TG25-022,REC-TG25-015,VOL-TG25-001,Rajanna Sircilla,biryani,64,10.34,33,68,96,78,89,65,77.51,MISSED,recipient_capacity_full,2026-06-12 10:00:00,SYNTHETIC_DEMO
RES-04415,DON-02873,REST-TG26-036,REC-TG26-017,VOL-TG26-008,Rangareddy,sandwich,46,8.1,27,95,89,85,82,73,84.26,RESCUED,,2026-05-19 13:00:00,SYNTHETIC_DEMO
RES-04416,DON-02767,REST-TG27-075,REC-TG27-014,VOL-TG27-003,Sangareddy,pulao,30,29.54,110,79,90,62,95,84,64.9,EXPIRED,traffic_delay,2026-07-16 22:00:00,SYNTHETIC_DEMO
RES-04417,DON-01923,REST-TG28-121,REC-TG28-012,VOL-TG28-003,Siddipet,dal,49,29.58,108,74,62,78,100,91,61.87,RESCUED,,2026-05-03 20:00:00,SYNTHETIC_DEMO
RES-04418,DON-02731,REST-TG29-025,REC-TG29-015,VOL-TG29-003,Suryapet,dal,99,19.41,51,93,46,76,60,84,64.74,PARTIAL,,2026-08-03 09:00:00,SYNTHETIC_DEMO
RES-04419,DON-02658,REST-TG30-050,REC-TG30-002,VOL-TG30-004,Vikarabad,fruits,19,26.32,98,80,48,81,90,50,57.95,RESCUED,,2026-06-30 17:00:00,SYNTHETIC_DEMO
RES-04420,DON-01250,REST-TG31-142,REC-TG31-007,VOL-TG31-003,Wanaparthy,roti,109,4.98,16,99,92,72,51,72,82.74,RESCUED,,2026-05-19 06:00:00,SYNTHETIC_DEMO
RES-04421,DON-01038,REST-TG32-091,REC-TG32-003,VOL-TG32-008,Warangal,rice,59,28.45,80,97,56,62,51,65,56.18,RESCUED,,2026-09-20 10:00:00,SYNTHETIC_DEMO
RES-04422,DON-00197,REST-TG33-125,REC-TG33-016,VOL-TG33-007,Yadadri Bhuvanagiri,roti,60,6.52,16,80,50,79,57,58,69.69,RESCUED,,2026-07-26 22:00:00,SYNTHETIC_DEMO
RES-04423,DON-01385,REST-TG01-049,REC-TG01-007,VOL-TG01-010,Adilabad,roti,87,10.59,30,81,66,63,64,73,69.99,RESCUED,,2026-07-11 13:00:00,SYNTHETIC_DEMO
RES-04424,DON-02392,REST-TG02-025,REC-TG02-020,VOL-TG02-010,Bhadradri Kothagudem,sandwich,116,26.44,60,70,72,63,99,68,60.66,MISSED,expired_before_pickup,2026-06-15 19:00:00,SYNTHETIC_DEMO
RES-04425,DON-00331,REST-TG03-013,REC-TG03-006,VOL-TG03-004,Hanumakonda,bakery,72,7.23,22,68,86,85,53,93,77.99,RESCUED,,2026-05-29 15:00:00,SYNTHETIC_DEMO
RES-04426,DON-01187,REST-TG04-110,REC-TG04-020,VOL-TG04-007,Hyderabad,vegetables,68,12.89,28,97,72,85,56,54,73.34,RESCUED,,2026-08-26 04:00:00,SYNTHETIC_DEMO
RES-04427,DON-00780,REST-TG05-071,REC-TG05-011,VOL-TG05-003,Jagtial,roti,47,32.27,120,91,92,62,53,95,62.65,RESCUED,,2026-05-06 15:00:00,SYNTHETIC_DEMO
RES-04428,DON-00624,REST-TG06-002,REC-TG06-003,VOL-TG06-002,Jangaon,packaged_food,15,32.78,105,86,46,99,52,72,55.24,RESCUED,,2026-06-20 02:00:00,SYNTHETIC_DEMO
RES-04429,DON-02357,REST-TG07-070,REC-TG07-007,VOL-TG07-005,Jayashankar Bhupalpally,roti,89,2.27,8,87,74,69,93,75,82.73,MISSED,recipient_capacity_full,2026-07-30 01:00:00,SYNTHETIC_DEMO
RES-04430,DON-02223,REST-TG08-075,REC-TG08-002,VOL-TG08-007,Jogulamba Gadwal,pulao,49,4.73,16,84,66,73,85,59,76.97,RESCUED,,2026-05-23 16:00:00,SYNTHETIC_DEMO
RES-04431,DON-02173,REST-TG09-129,REC-TG09-005,VOL-TG09-009,Kamareddy,packaged_food,15,3.51,10,91,73,61,62,66,77.24,MISSED,recipient_capacity_full,2026-08-09 11:00:00,SYNTHETIC_DEMO
RES-04432,DON-02504,REST-TG10-063,REC-TG10-007,VOL-TG10-005,Karimnagar,cooked_meal,34,17.74,46,87,93,83,74,65,74.68,RESCUED,,2026-04-14 13:00:00,SYNTHETIC_DEMO
RES-04433,DON-02819,REST-TG11-040,REC-TG11-011,VOL-TG11-004,Khammam,fruits,68,28.84,83,69,45,69,55,95,52.55,PARTIAL,,2026-09-17 17:00:00,SYNTHETIC_DEMO
RES-04434,DON-00012,REST-TG12-044,REC-TG12-004,VOL-TG12-009,Kumuram Bheem,rice,97,7.12,24,68,51,63,78,84,69.36,MISSED,traffic_delay,2026-04-20 01:00:00,SYNTHETIC_DEMO
RES-04435,DON-02651,REST-TG13-065,REC-TG13-018,VOL-TG13-002,Mahabubabad,biryani,61,32.71,97,77,66,72,100,81,59.14,EXPIRED,traffic_delay,2026-09-22 22:00:00,SYNTHETIC_DEMO
RES-04436,DON-01339,REST-TG14-035,REC-TG14-019,VOL-TG14-003,Mahabubnagar,bread,91,32.89,129,88,60,87,53,75,56.96,MISSED,volunteer_unavailable,2026-08-20 05:00:00,SYNTHETIC_DEMO
RES-04437,DON-01606,REST-TG15-072,REC-TG15-019,VOL-TG15-009,Mancherial,cooked_meal,81,32.46,74,93,98,82,86,85,69.41,RESCUED,,2026-03-29 22:00:00,SYNTHETIC_DEMO
RES-04438,DON-02511,REST-TG16-117,REC-TG16-002,VOL-TG16-004,Medak,biryani,77,8.02,26,85,99,87,89,50,83.02,RESCUED,,2026-06-10 08:00:00,SYNTHETIC_DEMO
RES-04439,DON-01291,REST-TG17-015,REC-TG17-006,VOL-TG17-006,Medchal-Malkajgiri,bakery,111,22.62,73,92,100,80,64,76,73.24,MISSED,expired_before_pickup,2026-05-31 23:00:00,SYNTHETIC_DEMO
RES-04440,DON-01341,REST-TG18-075,REC-TG18-013,VOL-TG18-003,Mulugu,sandwich,38,26.8,86,65,57,82,57,79,56.16,RESCUED,,2026-07-09 12:00:00,SYNTHETIC_DEMO
RES-04441,DON-01687,REST-TG19-006,REC-TG19-011,VOL-TG19-009,Nagarkurnool,packaged_food,73,17.46,46,80,55,66,72,79,64.53,RESCUED,,2026-04-04 13:00:00,SYNTHETIC_DEMO
RES-04442,DON-01531,REST-TG20-005,REC-TG20-013,VOL-TG20-009,Nalgonda,dal,73,26.11,52,79,81,87,57,62,63.3,RESCUED,,2026-05-27 14:00:00,SYNTHETIC_DEMO
RES-04443,DON-00902,REST-TG21-052,REC-TG21-007,VOL-TG21-001,Narayanpet,sandwich,88,22.6,51,82,79,94,55,65,67.16,RESCUED,,2026-08-19 18:00:00,SYNTHETIC_DEMO
RES-04444,DON-00825,REST-TG22-022,REC-TG22-005,VOL-TG22-009,Nirmal,dal,73,24.12,92,91,65,80,78,56,64.37,RESCUED,,2026-06-05 18:00:00,SYNTHETIC_DEMO
RES-04445,DON-01519,REST-TG23-069,REC-TG23-012,VOL-TG23-004,Nizamabad,fruits,22,9.55,34,66,73,64,53,81,68.98,RESCUED,,2026-08-12 01:00:00,SYNTHETIC_DEMO
RES-04446,DON-02437,REST-TG24-144,REC-TG24-010,VOL-TG24-001,Peddapalli,vegetables,81,0.8,5,95,80,72,77,64,84.33,RESCUED,,2026-06-26 18:00:00,SYNTHETIC_DEMO
RES-04447,DON-02944,REST-TG25-036,REC-TG25-003,VOL-TG25-005,Rajanna Sircilla,pulao,51,18.56,46,99,73,74,73,82,72.74,RESCUED,,2026-06-14 05:00:00,SYNTHETIC_DEMO
RES-04448,DON-02821,REST-TG26-009,REC-TG26-016,VOL-TG26-003,Rangareddy,pulao,90,8.88,28,83,84,100,88,93,85.16,PARTIAL,,2026-08-21 02:00:00,SYNTHETIC_DEMO
RES-04449,DON-01129,REST-TG27-110,REC-TG27-007,VOL-TG27-003,Sangareddy,vegetables,41,23.69,78,67,73,69,65,71,60.03,RESCUED,,2026-04-18 06:00:00,SYNTHETIC_DEMO
RES-04450,DON-01838,REST-TG28-059,REC-TG28-009,VOL-TG28-004,Siddipet,bread,117,25.66,100,100,71,89,68,98,70.82,PARTIAL,,2026-07-26 10:00:00,SYNTHETIC_DEMO
RES-04451,DON-02589,REST-TG29-060,REC-TG29-016,VOL-TG29-005,Suryapet,dal,112,22.16,45,67,65,72,60,75,59.87,PARTIAL,,2026-07-13 11:00:00,SYNTHETIC_DEMO
RES-04452,DON-01461,REST-TG30-015,REC-TG30-008,VOL-TG30-007,Vikarabad,cooked_meal,64,10.01,32,85,93,86,98,50,81.15,MISSED,recipient_capacity_full,2026-08-04 12:00:00,SYNTHETIC_DEMO
RES-04453,DON-01760,REST-TG31-104,REC-TG31-007,VOL-TG31-003,Wanaparthy,roti,64,22.6,86,97,72,62,67,89,67.56,PARTIAL,,2026-05-04 17:00:00,SYNTHETIC_DEMO
RES-04454,DON-01827,REST-TG32-017,REC-TG32-009,VOL-TG32-010,Warangal,fruits,34,34.03,122,85,57,79,77,52,53.84,EXPIRED,traffic_delay,2026-07-14 13:00:00,SYNTHETIC_DEMO
RES-04455,DON-00620,REST-TG33-114,REC-TG33-019,VOL-TG33-007,Yadadri Bhuvanagiri,roti,67,28.32,99,97,88,88,59,87,69.57,PARTIAL,,2026-04-18 00:00:00,SYNTHETIC_DEMO
RES-04456,DON-01224,REST-TG01-049,REC-TG01-002,VOL-TG01-007,Adilabad,cooked_meal,113,23.42,48,84,46,81,72,64,60.02,PARTIAL,,2026-04-26 05:00:00,SYNTHETIC_DEMO
RES-04457,DON-00119,REST-TG02-029,REC-TG02-018,VOL-TG02-009,Bhadradri Kothagudem,vegetables,118,16.97,65,65,98,86,75,66,72.48,MISSED,volunteer_unavailable,2026-07-28 05:00:00,SYNTHETIC_DEMO
RES-04458,DON-01554,REST-TG03-032,REC-TG03-018,VOL-TG03-004,Hanumakonda,roti,93,4.74,13,73,100,73,95,75,84.16,RESCUED,,2026-07-08 21:00:00,SYNTHETIC_DEMO
RES-04459,DON-00491,REST-TG04-002,REC-TG04-016,VOL-TG04-004,Hyderabad,biryani,30,19.85,68,92,94,88,72,92,77.62,RESCUED,,2026-05-24 21:00:00,SYNTHETIC_DEMO
RES-04460,DON-00225,REST-TG05-106,REC-TG05-001,VOL-TG05-006,Jagtial,roti,53,20.76,78,99,62,93,50,85,69.82,MISSED,recipient_capacity_full,2026-08-21 19:00:00,SYNTHETIC_DEMO
RES-04461,DON-02303,REST-TG06-125,REC-TG06-012,VOL-TG06-004,Jangaon,bakery,67,0.8,5,67,83,93,61,84,82.88,RESCUED,,2026-08-23 07:00:00,SYNTHETIC_DEMO
RES-04462,DON-00266,REST-TG07-123,REC-TG07-019,VOL-TG07-004,Jayashankar Bhupalpally,cooked_meal,109,17.71,60,82,57,60,79,80,65.05,PARTIAL,,2026-05-31 21:00:00,SYNTHETIC_DEMO
RES-04463,DON-00553,REST-TG08-148,REC-TG08-003,VOL-TG08-009,Jogulamba Gadwal,bread,55,1.82,5,71,96,88,53,90,84.6,MISSED,volunteer_unavailable,2026-08-14 12:00:00,SYNTHETIC_DEMO
RES-04464,DON-02376,REST-TG09-050,REC-TG09-004,VOL-TG09-007,Kamareddy,bread,89,13.31,39,70,94,79,86,81,76.84,RESCUED,,2026-05-14 15:00:00,SYNTHETIC_DEMO
RES-04465,DON-02808,REST-TG10-149,REC-TG10-014,VOL-TG10-004,Karimnagar,packaged_food,23,29.48,116,97,47,92,94,99,65.84,RESCUED,,2026-07-31 19:00:00,SYNTHETIC_DEMO
RES-04466,DON-00254,REST-TG11-037,REC-TG11-019,VOL-TG11-008,Khammam,dal,81,24.69,93,97,94,68,73,68,69.86,PARTIAL,,2026-05-10 21:00:00,SYNTHETIC_DEMO
RES-04467,DON-02563,REST-TG12-051,REC-TG12-005,VOL-TG12-005,Kumuram Bheem,biryani,60,1.07,5,80,88,75,57,62,80.99,PARTIAL,,2026-07-03 01:00:00,SYNTHETIC_DEMO
RES-04468,DON-01405,REST-TG13-087,REC-TG13-009,VOL-TG13-004,Mahabubabad,dal,77,31.06,124,81,77,70,53,60,56.21,RESCUED,,2026-09-07 20:00:00,SYNTHETIC_DEMO
RES-04469,DON-02670,REST-TG14-062,REC-TG14-017,VOL-TG14-005,Mahabubnagar,biryani,41,7.71,16,70,97,62,82,76,77.99,RESCUED,,2026-08-30 23:00:00,SYNTHETIC_DEMO
RES-04470,DON-00561,REST-TG15-142,REC-TG15-002,VOL-TG15-001,Mancherial,biryani,29,12.0,36,87,61,89,66,95,75.48,RESCUED,,2026-06-17 12:00:00,SYNTHETIC_DEMO
RES-04471,DON-02564,REST-TG16-146,REC-TG16-012,VOL-TG16-006,Medak,roti,92,11.94,31,68,61,64,50,99,66.77,RESCUED,,2026-08-04 09:00:00,SYNTHETIC_DEMO
RES-04472,DON-01492,REST-TG17-039,REC-TG17-019,VOL-TG17-008,Medchal-Malkajgiri,bakery,56,23.98,59,95,80,87,61,76,69.62,RESCUED,,2026-04-12 12:00:00,SYNTHETIC_DEMO
RES-04473,DON-00188,REST-TG18-076,REC-TG18-004,VOL-TG18-002,Mulugu,bakery,111,15.19,53,94,50,64,72,75,67.25,RESCUED,,2026-09-08 21:00:00,SYNTHETIC_DEMO
RES-04474,DON-00009,REST-TG19-124,REC-TG19-020,VOL-TG19-007,Nagarkurnool,fruits,83,30.73,61,97,68,64,69,97,62.25,EXPIRED,recipient_capacity_full,2026-08-13 08:00:00,SYNTHETIC_DEMO
RES-04475,DON-00179,REST-TG20-126,REC-TG20-018,VOL-TG20-008,Nalgonda,biryani,61,13.14,48,73,63,60,96,58,67.21,PARTIAL,,2026-04-06 12:00:00,SYNTHETIC_DEMO
RES-04476,DON-02609,REST-TG21-106,REC-TG21-012,VOL-TG21-010,Narayanpet,bread,14,30.3,118,80,49,80,91,92,59.46,PARTIAL,,2026-04-09 14:00:00,SYNTHETIC_DEMO
RES-04477,DON-00756,REST-TG22-056,REC-TG22-008,VOL-TG22-003,Nirmal,dal,13,13.57,43,88,58,75,64,72,69.36,PARTIAL,,2026-06-11 05:00:00,SYNTHETIC_DEMO
RES-04478,DON-01065,REST-TG23-035,REC-TG23-013,VOL-TG23-002,Nizamabad,bakery,11,21.58,60,86,46,97,67,52,62.44,RESCUED,,2026-08-14 17:00:00,SYNTHETIC_DEMO
RES-04479,DON-01960,REST-TG24-085,REC-TG24-007,VOL-TG24-004,Peddapalli,dal,119,27.03,66,74,63,82,95,62,61.09,EXPIRED,recipient_capacity_full,2026-09-14 19:00:00,SYNTHETIC_DEMO
RES-04480,DON-02671,REST-TG25-128,REC-TG25-007,VOL-TG25-003,Rajanna Sircilla,rice,95,18.72,46,75,96,97,69,76,74.88,RESCUED,,2026-04-13 20:00:00,SYNTHETIC_DEMO
RES-04481,DON-00790,REST-TG26-109,REC-TG26-019,VOL-TG26-003,Rangareddy,bread,34,27.9,73,82,78,64,67,82,61.57,RESCUED,,2026-08-04 10:00:00,SYNTHETIC_DEMO
RES-04482,DON-00371,REST-TG27-051,REC-TG27-014,VOL-TG27-004,Sangareddy,pulao,58,13.64,31,92,97,69,55,83,77.21,RESCUED,,2026-08-31 11:00:00,SYNTHETIC_DEMO
RES-04483,DON-02951,REST-TG28-011,REC-TG28-007,VOL-TG28-009,Siddipet,biryani,81,12.38,39,75,76,86,63,99,75.46,RESCUED,,2026-08-11 13:00:00,SYNTHETIC_DEMO
RES-04484,DON-02360,REST-TG29-112,REC-TG29-009,VOL-TG29-005,Suryapet,pulao,87,9.91,35,86,70,78,89,50,74.72,MISSED,expired_before_pickup,2026-07-04 19:00:00,SYNTHETIC_DEMO
RES-04485,DON-02129,REST-TG30-141,REC-TG30-003,VOL-TG30-008,Vikarabad,rice,63,4.87,14,83,79,87,93,87,84.97,MISSED,traffic_delay,2026-07-12 23:00:00,SYNTHETIC_DEMO
RES-04486,DON-00238,REST-TG31-116,REC-TG31-008,VOL-TG31-006,Wanaparthy,biryani,23,11.07,25,82,89,70,69,85,77.19,EXPIRED,recipient_capacity_full,2026-06-05 00:00:00,SYNTHETIC_DEMO
RES-04487,DON-01190,REST-TG32-147,REC-TG32-005,VOL-TG32-006,Warangal,vegetables,48,18.67,68,72,74,86,65,60,66.26,PARTIAL,,2026-06-14 14:00:00,SYNTHETIC_DEMO
RES-04488,DON-00357,REST-TG33-093,REC-TG33-004,VOL-TG33-008,Yadadri Bhuvanagiri,cooked_meal,26,21.95,86,87,53,94,100,98,71.22,MISSED,recipient_capacity_full,2026-08-10 06:00:00,SYNTHETIC_DEMO
RES-04489,DON-02158,REST-TG01-055,REC-TG01-009,VOL-TG01-001,Adilabad,dal,77,17.59,53,69,68,96,89,72,70.34,EXPIRED,traffic_delay,2026-08-29 06:00:00,SYNTHETIC_DEMO
RES-04490,DON-01721,REST-TG02-059,REC-TG02-017,VOL-TG02-010,Bhadradri Kothagudem,bakery,73,11.75,46,80,74,82,83,85,76.51,RESCUED,,2026-08-11 07:00:00,SYNTHETIC_DEMO
RES-04491,DON-01382,REST-TG03-146,REC-TG03-008,VOL-TG03-003,Hanumakonda,sandwich,104,29.86,66,73,79,77,57,74,58.72,EXPIRED,expired_before_pickup,2026-04-15 07:00:00,SYNTHETIC_DEMO
RES-04492,DON-00922,REST-TG04-028,REC-TG04-005,VOL-TG04-005,Hyderabad,vegetables,46,27.33,92,92,66,62,85,68,61.68,RESCUED,,2026-08-09 13:00:00,SYNTHETIC_DEMO
RES-04493,DON-02938,REST-TG05-111,REC-TG05-012,VOL-TG05-004,Jagtial,pulao,49,17.19,34,83,96,65,62,79,72.37,RESCUED,,2026-03-30 09:00:00,SYNTHETIC_DEMO
RES-04494,DON-00896,REST-TG06-141,REC-TG06-007,VOL-TG06-009,Jangaon,bread,85,20.92,66,89,98,68,71,58,70.56,RESCUED,,2026-08-21 21:00:00,SYNTHETIC_DEMO
RES-04495,DON-01278,REST-TG07-081,REC-TG07-012,VOL-TG07-002,Jayashankar Bhupalpally,biryani,85,13.49,42,92,70,76,97,72,76.06,MISSED,expired_before_pickup,2026-05-25 18:00:00,SYNTHETIC_DEMO
RES-04496,DON-01788,REST-TG08-035,REC-TG08-004,VOL-TG08-009,Jogulamba Gadwal,biryani,115,24.53,66,94,93,93,68,87,74.33,EXPIRED,recipient_capacity_full,2026-08-20 03:00:00,SYNTHETIC_DEMO
RES-04497,DON-02952,REST-TG09-132,REC-TG09-019,VOL-TG09-008,Kamareddy,bread,41,28.95,91,66,77,70,91,77,60.22,EXPIRED,recipient_capacity_full,2026-08-12 20:00:00,SYNTHETIC_DEMO
RES-04498,DON-00789,REST-TG10-041,REC-TG10-011,VOL-TG10-006,Karimnagar,roti,93,10.53,24,90,52,92,51,89,73.68,PARTIAL,,2026-06-24 08:00:00,SYNTHETIC_DEMO
RES-04499,DON-02441,REST-TG11-088,REC-TG11-011,VOL-TG11-007,Khammam,fruits,21,15.91,40,78,79,89,57,90,73.09,PARTIAL,,2026-07-25 09:00:00,SYNTHETIC_DEMO
RES-04500,DON-02309,REST-TG12-101,REC-TG12-018,VOL-TG12-007,Kumuram Bheem,pulao,85,15.67,45,93,85,64,97,82,76.91,MISSED,expired_before_pickup,2026-06-20 01:00:00,SYNTHETIC_DEMO
RES-04501,DON-01467,REST-TG13-112,REC-TG13-013,VOL-TG13-002,Mahabubabad,fruits,47,17.04,60,83,66,79,79,57,68.08,PARTIAL,,2026-06-05 17:00:00,SYNTHETIC_DEMO
RES-04502,DON-02797,REST-TG14-011,REC-TG14-008,VOL-TG14-006,Mahabubnagar,bakery,90,6.7,23,78,74,61,73,62,73.26,EXPIRED,traffic_delay,2026-04-26 02:00:00,SYNTHETIC_DEMO
RES-04503,DON-00409,REST-TG15-008,REC-TG15-007,VOL-TG15-010,Mancherial,fruits,99,12.35,31,74,58,66,97,83,70.48,PARTIAL,,2026-08-02 06:00:00,SYNTHETIC_DEMO
RES-04504,DON-00056,REST-TG16-077,REC-TG16-008,VOL-TG16-004,Medak,sandwich,36,8.77,20,100,83,76,80,86,83.34,MISSED,volunteer_unavailable,2026-05-29 07:00:00,SYNTHETIC_DEMO
RES-04505,DON-00664,REST-TG17-103,REC-TG17-009,VOL-TG17-001,Medchal-Malkajgiri,packaged_food,89,14.44,34,78,72,92,54,81,71.99,MISSED,recipient_capacity_full,2026-09-10 22:00:00,SYNTHETIC_DEMO
RES-04506,DON-02511,REST-TG18-120,REC-TG18-004,VOL-TG18-009,Mulugu,sandwich,15,23.16,75,96,49,69,79,97,65.41,RESCUED,,2026-09-16 01:00:00,SYNTHETIC_DEMO
RES-04507,DON-01710,REST-TG19-019,REC-TG19-015,VOL-TG19-010,Nagarkurnool,biryani,85,27.54,91,89,66,70,63,72,60.33,RESCUED,,2026-05-17 19:00:00,SYNTHETIC_DEMO
RES-04508,DON-02342,REST-TG20-149,REC-TG20-001,VOL-TG20-008,Nalgonda,dal,48,34.48,94,74,93,89,95,87,65.32,RESCUED,,2026-04-21 23:00:00,SYNTHETIC_DEMO
RES-04509,DON-00276,REST-TG21-076,REC-TG21-015,VOL-TG21-003,Narayanpet,fruits,11,3.13,11,84,62,89,67,69,78.91,PARTIAL,,2026-04-29 15:00:00,SYNTHETIC_DEMO
RES-04510,DON-00675,REST-TG22-041,REC-TG22-001,VOL-TG22-004,Nirmal,dal,49,15.7,53,78,66,73,68,84,68.74,EXPIRED,traffic_delay,2026-08-21 03:00:00,SYNTHETIC_DEMO
RES-04511,DON-00474,REST-TG23-150,REC-TG23-015,VOL-TG23-009,Nizamabad,sandwich,49,33.15,72,72,98,89,91,55,63.27,RESCUED,,2026-07-24 06:00:00,SYNTHETIC_DEMO
RES-04512,DON-00864,REST-TG24-093,REC-TG24-010,VOL-TG24-007,Peddapalli,packaged_food,27,15.04,56,73,52,89,99,95,72.01,RESCUED,,2026-04-22 06:00:00,SYNTHETIC_DEMO
RES-04513,DON-02869,REST-TG25-147,REC-TG25-015,VOL-TG25-009,Rajanna Sircilla,rice,26,2.37,6,86,68,95,53,90,82.66,RESCUED,,2026-08-20 00:00:00,SYNTHETIC_DEMO
RES-04514,DON-00708,REST-TG26-078,REC-TG26-019,VOL-TG26-001,Rangareddy,dal,72,4.65,15,77,90,74,93,60,81.48,MISSED,volunteer_unavailable,2026-04-02 14:00:00,SYNTHETIC_DEMO
RES-04515,DON-01759,REST-TG27-009,REC-TG27-014,VOL-TG27-003,Sangareddy,cooked_meal,18,32.26,114,71,66,76,59,64,53.06,MISSED,traffic_delay,2026-08-11 17:00:00,SYNTHETIC_DEMO
RES-04516,DON-00346,REST-TG28-081,REC-TG28-015,VOL-TG28-005,Siddipet,biryani,57,13.2,30,76,58,85,77,99,72.72,RESCUED,,2026-06-01 21:00:00,SYNTHETIC_DEMO
RES-04517,DON-02023,REST-TG29-133,REC-TG29-010,VOL-TG29-008,Suryapet,biryani,82,31.15,63,70,68,68,60,83,54.85,MISSED,recipient_capacity_full,2026-07-21 09:00:00,SYNTHETIC_DEMO
RES-04518,DON-00436,REST-TG30-027,REC-TG30-009,VOL-TG30-003,Vikarabad,sandwich,63,22.64,53,88,96,66,86,79,72.03,PARTIAL,,2026-06-02 18:00:00,SYNTHETIC_DEMO
RES-04519,DON-02162,REST-TG31-144,REC-TG31-018,VOL-TG31-008,Wanaparthy,bread,95,12.76,42,85,54,70,91,54,68.69,RESCUED,,2026-07-19 01:00:00,SYNTHETIC_DEMO
RES-04520,DON-02370,REST-TG32-084,REC-TG32-006,VOL-TG32-008,Warangal,cooked_meal,97,11.38,41,88,91,71,79,84,79.62,RESCUED,,2026-08-20 22:00:00,SYNTHETIC_DEMO
RES-04521,DON-01015,REST-TG33-116,REC-TG33-007,VOL-TG33-007,Yadadri Bhuvanagiri,cooked_meal,83,27.93,91,68,92,70,90,75,64.05,RESCUED,,2026-09-02 03:00:00,SYNTHETIC_DEMO
RES-04522,DON-00247,REST-TG01-063,REC-TG01-001,VOL-TG01-007,Adilabad,roti,111,27.24,60,69,55,70,67,76,55.14,MISSED,traffic_delay,2026-05-19 13:00:00,SYNTHETIC_DEMO
RES-04523,DON-02190,REST-TG02-004,REC-TG02-008,VOL-TG02-010,Bhadradri Kothagudem,roti,52,5.27,11,94,64,69,93,95,81.99,RESCUED,,2026-05-31 07:00:00,SYNTHETIC_DEMO
RES-04524,DON-00117,REST-TG03-052,REC-TG03-012,VOL-TG03-001,Hanumakonda,sandwich,91,3.71,13,93,79,80,63,54,80.45,RESCUED,,2026-08-23 22:00:00,SYNTHETIC_DEMO
RES-04525,DON-00751,REST-TG04-022,REC-TG04-017,VOL-TG04-001,Hyderabad,sandwich,12,14.23,28,76,95,99,84,92,81.49,MISSED,traffic_delay,2026-07-28 14:00:00,SYNTHETIC_DEMO
RES-04526,DON-02232,REST-TG05-091,REC-TG05-013,VOL-TG05-009,Jagtial,biryani,106,4.0,11,75,87,79,95,95,85.39,RESCUED,,2026-06-15 08:00:00,SYNTHETIC_DEMO
RES-04527,DON-02350,REST-TG06-138,REC-TG06-007,VOL-TG06-004,Jangaon,fruits,18,3.95,9,88,45,63,95,70,74.73,RESCUED,,2026-03-30 23:00:00,SYNTHETIC_DEMO
RES-04528,DON-02307,REST-TG07-003,REC-TG07-005,VOL-TG07-008,Jayashankar Bhupalpally,bread,63,25.67,58,81,98,80,59,61,66.46,EXPIRED,expired_before_pickup,2026-05-09 16:00:00,SYNTHETIC_DEMO
RES-04529,DON-02550,REST-TG08-038,REC-TG08-005,VOL-TG08-007,Jogulamba Gadwal,bread,50,7.4,15,88,81,76,51,79,77.91,RESCUED,,2026-07-25 20:00:00,SYNTHETIC_DEMO
RES-04530,DON-01634,REST-TG09-015,REC-TG09-009,VOL-TG09-010,Kamareddy,pulao,29,5.01,15,91,98,84,92,76,88.62,PARTIAL,,2026-07-05 13:00:00,SYNTHETIC_DEMO
RES-04531,DON-00425,REST-TG10-036,REC-TG10-012,VOL-TG10-010,Karimnagar,biryani,85,19.71,63,95,89,93,63,100,77.97,RESCUED,,2026-09-16 20:00:00,SYNTHETIC_DEMO
RES-04532,DON-02962,REST-TG11-095,REC-TG11-019,VOL-TG11-009,Khammam,roti,15,34.78,117,97,46,76,56,88,54.56,RESCUED,,2026-06-24 11:00:00,SYNTHETIC_DEMO
RES-04533,DON-02028,REST-TG12-143,REC-TG12-017,VOL-TG12-008,Kumuram Bheem,dal,89,5.28,11,72,50,73,90,52,70.78,EXPIRED,traffic_delay,2026-05-31 04:00:00,SYNTHETIC_DEMO
RES-04534,DON-00131,REST-TG13-119,REC-TG13-017,VOL-TG13-003,Mahabubabad,dal,38,33.92,135,65,99,60,97,56,57.87,RESCUED,,2026-04-21 21:00:00,SYNTHETIC_DEMO
RES-04535,DON-02759,REST-TG14-116,REC-TG14-020,VOL-TG14-008,Mahabubnagar,cooked_meal,20,28.24,81,85,57,78,96,82,62.73,RESCUED,,2026-09-24 22:00:00,SYNTHETIC_DEMO
RES-04536,DON-02244,REST-TG15-063,REC-TG15-004,VOL-TG15-006,Mancherial,roti,86,5.22,17,90,86,85,65,78,83.52,MISSED,recipient_capacity_full,2026-04-26 16:00:00,SYNTHETIC_DEMO
RES-04537,DON-01448,REST-TG16-016,REC-TG16-008,VOL-TG16-008,Medak,pulao,98,24.78,63,82,66,79,84,54,62.55,MISSED,volunteer_unavailable,2026-06-14 09:00:00,SYNTHETIC_DEMO
RES-04538,DON-02538,REST-TG17-040,REC-TG17-007,VOL-TG17-002,Medchal-Malkajgiri,packaged_food,92,7.92,25,73,63,100,95,94,80.44,RESCUED,,2026-06-03 11:00:00,SYNTHETIC_DEMO
RES-04539,DON-00306,REST-TG18-036,REC-TG18-016,VOL-TG18-007,Mulugu,dal,100,27.0,82,83,96,65,76,76,66.46,RESCUED,,2026-04-29 16:00:00,SYNTHETIC_DEMO
RES-04540,DON-00462,REST-TG19-137,REC-TG19-020,VOL-TG19-004,Nagarkurnool,vegetables,74,4.92,14,68,48,86,96,64,73.59,RESCUED,,2026-06-27 16:00:00,SYNTHETIC_DEMO
RES-04541,DON-02527,REST-TG20-103,REC-TG20-009,VOL-TG20-004,Nalgonda,dal,90,29.3,100,74,73,87,63,79,60.72,RESCUED,,2026-04-02 14:00:00,SYNTHETIC_DEMO
RES-04542,DON-01892,REST-TG21-065,REC-TG21-003,VOL-TG21-004,Narayanpet,pulao,35,9.29,19,66,72,97,66,86,75.71,RESCUED,,2026-04-15 01:00:00,SYNTHETIC_DEMO
RES-04543,DON-02213,REST-TG22-099,REC-TG22-009,VOL-TG22-006,Nirmal,roti,77,2.27,8,79,85,61,59,77,78.93,PARTIAL,,2026-04-17 12:00:00,SYNTHETIC_DEMO
RES-04544,DON-00576,REST-TG23-137,REC-TG23-002,VOL-TG23-010,Nizamabad,fruits,88,31.25,64,84,73,97,73,89,64.83,RESCUED,,2026-04-24 02:00:00,SYNTHETIC_DEMO
RES-04545,DON-00021,REST-TG24-148,REC-TG24-010,VOL-TG24-003,Peddapalli,biryani,120,2.96,7,89,78,73,64,69,80.54,MISSED,recipient_capacity_full,2026-06-27 20:00:00,SYNTHETIC_DEMO
RES-04546,DON-02300,REST-TG25-124,REC-TG25-005,VOL-TG25-007,Rajanna Sircilla,packaged_food,77,7.46,15,80,81,90,71,84,80.87,RESCUED,,2026-06-04 04:00:00,SYNTHETIC_DEMO
RES-04547,DON-02956,REST-TG26-133,REC-TG26-004,VOL-TG26-010,Rangareddy,sandwich,96,6.63,22,79,66,97,73,90,80.11,RESCUED,,2026-07-23 06:00:00,SYNTHETIC_DEMO
RES-04548,DON-02099,REST-TG27-070,REC-TG27-008,VOL-TG27-007,Sangareddy,vegetables,106,12.2,40,77,57,92,57,78,70.39,EXPIRED,traffic_delay,2026-05-10 07:00:00,SYNTHETIC_DEMO
RES-04549,DON-01426,REST-TG28-113,REC-TG28-010,VOL-TG28-010,Siddipet,fruits,16,16.3,64,72,96,89,95,81,77.91,RESCUED,,2026-09-12 22:00:00,SYNTHETIC_DEMO
RES-04550,DON-01319,REST-TG29-047,REC-TG29-006,VOL-TG29-006,Suryapet,cooked_meal,34,13.46,49,96,77,92,100,98,83.59,RESCUED,,2026-08-19 09:00:00,SYNTHETIC_DEMO
RES-04551,DON-00752,REST-TG30-121,REC-TG30-014,VOL-TG30-006,Vikarabad,rice,85,24.5,78,88,52,68,90,96,64.3,EXPIRED,traffic_delay,2026-06-22 00:00:00,SYNTHETIC_DEMO
RES-04552,DON-02244,REST-TG31-149,REC-TG31-012,VOL-TG31-005,Wanaparthy,bread,76,30.58,75,66,86,72,71,96,61.06,PARTIAL,,2026-04-29 10:00:00,SYNTHETIC_DEMO
RES-04553,DON-00881,REST-TG32-144,REC-TG32-010,VOL-TG32-010,Warangal,roti,66,19.43,46,84,79,78,87,68,70.92,RESCUED,,2026-07-30 19:00:00,SYNTHETIC_DEMO
RES-04554,DON-00254,REST-TG33-033,REC-TG33-015,VOL-TG33-010,Yadadri Bhuvanagiri,roti,115,30.96,109,73,75,83,80,84,61.34,RESCUED,,2026-07-02 01:00:00,SYNTHETIC_DEMO
RES-04555,DON-02893,REST-TG01-082,REC-TG01-020,VOL-TG01-007,Adilabad,cooked_meal,50,20.23,41,95,88,60,80,56,69.75,MISSED,volunteer_unavailable,2026-04-07 10:00:00,SYNTHETIC_DEMO
RES-04556,DON-02467,REST-TG02-104,REC-TG02-004,VOL-TG02-010,Bhadradri Kothagudem,cooked_meal,96,19.67,70,79,56,94,55,82,65.75,RESCUED,,2026-06-24 23:00:00,SYNTHETIC_DEMO
RES-04557,DON-02423,REST-TG03-104,REC-TG03-012,VOL-TG03-002,Hanumakonda,bakery,53,13.49,50,95,73,98,73,73,78.26,RESCUED,,2026-06-13 14:00:00,SYNTHETIC_DEMO
RES-04558,DON-01285,REST-TG04-031,REC-TG04-005,VOL-TG04-006,Hyderabad,biryani,47,23.85,54,72,65,83,70,87,63.51,RESCUED,,2026-05-28 18:00:00,SYNTHETIC_DEMO
RES-04559,DON-00371,REST-TG05-064,REC-TG05-011,VOL-TG05-002,Jagtial,bread,41,22.69,88,79,78,63,91,79,66.64,EXPIRED,recipient_capacity_full,2026-05-24 17:00:00,SYNTHETIC_DEMO
RES-04560,DON-02754,REST-TG06-143,REC-TG06-001,VOL-TG06-010,Jangaon,biryani,74,5.19,11,76,92,73,81,57,79.64,MISSED,expired_before_pickup,2026-05-31 13:00:00,SYNTHETIC_DEMO
RES-04561,DON-02857,REST-TG07-057,REC-TG07-004,VOL-TG07-002,Jayashankar Bhupalpally,dal,95,32.43,121,65,68,93,54,61,53.89,MISSED,recipient_capacity_full,2026-09-21 00:00:00,SYNTHETIC_DEMO
RES-04562,DON-00911,REST-TG08-072,REC-TG08-019,VOL-TG08-004,Jogulamba Gadwal,cooked_meal,21,23.21,57,72,76,62,59,84,61.62,PARTIAL,,2026-07-24 20:00:00,SYNTHETIC_DEMO
RES-04563,DON-01677,REST-TG09-016,REC-TG09-003,VOL-TG09-002,Kamareddy,pulao,16,3.43,12,97,52,94,90,56,81.05,PARTIAL,,2026-03-31 18:00:00,SYNTHETIC_DEMO
RES-04564,DON-00064,REST-TG10-144,REC-TG10-008,VOL-TG10-001,Karimnagar,vegetables,55,33.66,85,77,96,84,88,62,63.16,EXPIRED,traffic_delay,2026-04-23 20:00:00,SYNTHETIC_DEMO
RES-04565,DON-01831,REST-TG11-086,REC-TG11-004,VOL-TG11-005,Khammam,roti,40,32.62,118,68,68,88,71,50,54.2,EXPIRED,traffic_delay,2026-04-10 00:00:00,SYNTHETIC_DEMO
RES-04566,DON-00901,REST-TG12-015,REC-TG12-020,VOL-TG12-006,Kumuram Bheem,roti,76,11.89,45,82,100,87,88,95,84.26,RESCUED,,2026-06-02 16:00:00,SYNTHETIC_DEMO
RES-04567,DON-02106,REST-TG13-027,REC-TG13-019,VOL-TG13-004,Mahabubabad,vegetables,80,15.78,47,100,54,84,69,89,72.93,EXPIRED,recipient_capacity_full,2026-05-09 23:00:00,SYNTHETIC_DEMO
RES-04568,DON-00430,REST-TG14-006,REC-TG14-010,VOL-TG14-006,Mahabubnagar,vegetables,81,27.78,95,95,98,81,99,73,73.11,PARTIAL,,2026-08-05 07:00:00,SYNTHETIC_DEMO
RES-04569,DON-00607,REST-TG15-148,REC-TG15-005,VOL-TG15-007,Mancherial,roti,93,6.9,25,65,69,86,97,67,76.17,RESCUED,,2026-06-23 18:00:00,SYNTHETIC_DEMO
RES-04570,DON-00485,REST-TG16-135,REC-TG16-011,VOL-TG16-010,Medak,vegetables,98,19.35,66,70,56,89,74,72,64.33,EXPIRED,traffic_delay,2026-05-07 03:00:00,SYNTHETIC_DEMO
RES-04571,DON-00534,REST-TG17-075,REC-TG17-014,VOL-TG17-008,Medchal-Malkajgiri,pulao,12,26.93,58,98,63,83,50,51,60.51,PARTIAL,,2026-09-23 07:00:00,SYNTHETIC_DEMO
RES-04572,DON-01279,REST-TG18-148,REC-TG18-007,VOL-TG18-003,Mulugu,fruits,29,16.38,59,92,90,85,99,79,80.25,MISSED,recipient_capacity_full,2026-06-11 23:00:00,SYNTHETIC_DEMO
RES-04573,DON-01096,REST-TG19-132,REC-TG19-003,VOL-TG19-009,Nagarkurnool,cooked_meal,29,17.44,55,66,45,91,60,95,63.89,RESCUED,,2026-08-02 16:00:00,SYNTHETIC_DEMO
RES-04574,DON-01215,REST-TG20-044,REC-TG20-011,VOL-TG20-001,Nalgonda,bakery,65,14.99,46,93,67,98,73,93,77.59,MISSED,volunteer_unavailable,2026-09-07 18:00:00,SYNTHETIC_DEMO
RES-04575,DON-02059,REST-TG21-044,REC-TG21-015,VOL-TG21-007,Narayanpet,packaged_food,97,12.43,25,99,95,79,88,66,82.17,RESCUED,,2026-07-16 09:00:00,SYNTHETIC_DEMO
RES-04576,DON-02947,REST-TG22-090,REC-TG22-015,VOL-TG22-006,Nirmal,bakery,19,2.32,6,95,46,98,71,71,80.44,PARTIAL,,2026-05-25 21:00:00,SYNTHETIC_DEMO
RES-04577,DON-00300,REST-TG23-021,REC-TG23-009,VOL-TG23-001,Nizamabad,sandwich,30,29.83,71,99,74,93,85,61,66.84,MISSED,volunteer_unavailable,2026-06-10 12:00:00,SYNTHETIC_DEMO
RES-04578,DON-00518,REST-TG24-135,REC-TG24-007,VOL-TG24-001,Peddapalli,pulao,76,11.88,26,72,72,75,82,94,74.16,RESCUED,,2026-04-02 12:00:00,SYNTHETIC_DEMO
RES-04579,DON-01112,REST-TG25-142,REC-TG25-014,VOL-TG25-001,Rajanna Sircilla,rice,104,28.5,94,70,47,93,54,50,52.39,RESCUED,,2026-05-04 13:00:00,SYNTHETIC_DEMO
RES-04580,DON-00460,REST-TG26-129,REC-TG26-011,VOL-TG26-010,Rangareddy,sandwich,45,33.42,76,96,50,64,69,91,55.93,PARTIAL,,2026-09-02 13:00:00,SYNTHETIC_DEMO
RES-04581,DON-01752,REST-TG27-145,REC-TG27-002,VOL-TG27-007,Sangareddy,roti,64,29.43,83,85,70,61,94,88,62.33,EXPIRED,volunteer_unavailable,2026-04-30 00:00:00,SYNTHETIC_DEMO
RES-04582,DON-00084,REST-TG28-129,REC-TG28-008,VOL-TG28-001,Siddipet,bread,82,30.62,74,67,69,79,98,85,60.48,MISSED,traffic_delay,2026-05-13 04:00:00,SYNTHETIC_DEMO
RES-04583,DON-02319,REST-TG29-109,REC-TG29-006,VOL-TG29-003,Suryapet,roti,58,6.17,21,72,67,63,52,68,69.84,RESCUED,,2026-05-30 17:00:00,SYNTHETIC_DEMO
RES-04584,DON-00607,REST-TG30-083,REC-TG30-010,VOL-TG30-008,Vikarabad,roti,60,33.67,71,79,57,69,61,93,53.9,EXPIRED,volunteer_unavailable,2026-07-01 21:00:00,SYNTHETIC_DEMO
RES-04585,DON-00333,REST-TG31-003,REC-TG31-006,VOL-TG31-008,Wanaparthy,roti,87,6.36,17,100,72,100,79,63,84.06,RESCUED,,2026-03-30 03:00:00,SYNTHETIC_DEMO
RES-04586,DON-00395,REST-TG32-048,REC-TG32-013,VOL-TG32-010,Warangal,fruits,67,34.64,81,87,99,85,89,80,67.11,RESCUED,,2026-05-11 16:00:00,SYNTHETIC_DEMO
RES-04587,DON-01088,REST-TG33-034,REC-TG33-011,VOL-TG33-010,Yadadri Bhuvanagiri,dal,51,8.39,18,94,88,97,83,87,86.96,PARTIAL,,2026-08-26 09:00:00,SYNTHETIC_DEMO
RES-04588,DON-02209,REST-TG01-050,REC-TG01-015,VOL-TG01-001,Adilabad,rice,22,19.44,42,65,58,99,53,60,61.86,RESCUED,,2026-09-21 08:00:00,SYNTHETIC_DEMO
RES-04589,DON-00673,REST-TG02-132,REC-TG02-003,VOL-TG02-004,Bhadradri Kothagudem,cooked_meal,43,19.26,43,73,95,98,80,89,76.44,RESCUED,,2026-04-30 15:00:00,SYNTHETIC_DEMO
RES-04590,DON-02621,REST-TG03-111,REC-TG03-007,VOL-TG03-009,Hanumakonda,roti,60,18.74,58,96,81,77,65,90,74.06,EXPIRED,traffic_delay,2026-05-30 03:00:00,SYNTHETIC_DEMO
RES-04591,DON-01049,REST-TG04-027,REC-TG04-015,VOL-TG04-010,Hyderabad,cooked_meal,89,29.9,90,71,47,60,55,71,48.84,RESCUED,,2026-04-17 22:00:00,SYNTHETIC_DEMO
RES-04592,DON-01550,REST-TG05-022,REC-TG05-002,VOL-TG05-007,Jagtial,packaged_food,52,28.38,73,76,46,92,68,94,59.13,RESCUED,,2026-06-04 01:00:00,SYNTHETIC_DEMO
RES-04593,DON-02874,REST-TG06-023,REC-TG06-003,VOL-TG06-006,Jangaon,packaged_food,61,21.43,73,96,100,74,95,73,76.79,RESCUED,,2026-06-06 12:00:00,SYNTHETIC_DEMO
RES-04594,DON-00428,REST-TG07-105,REC-TG07-001,VOL-TG07-006,Jayashankar Bhupalpally,bread,33,28.64,87,83,98,74,68,90,67.64,PARTIAL,,2026-06-05 05:00:00,SYNTHETIC_DEMO
RES-04595,DON-00546,REST-TG08-090,REC-TG08-015,VOL-TG08-005,Jogulamba Gadwal,roti,45,6.24,17,87,82,97,65,68,82.19,EXPIRED,traffic_delay,2026-09-04 20:00:00,SYNTHETIC_DEMO
RES-04596,DON-01669,REST-TG09-113,REC-TG09-018,VOL-TG09-008,Kamareddy,pulao,120,13.67,53,84,71,90,93,56,74.64,RESCUED,,2026-04-10 18:00:00,SYNTHETIC_DEMO
RES-04597,DON-02659,REST-TG10-145,REC-TG10-011,VOL-TG10-005,Karimnagar,bread,93,10.21,33,94,65,89,86,92,80.66,RESCUED,,2026-06-22 17:00:00,SYNTHETIC_DEMO
RES-04598,DON-02921,REST-TG11-040,REC-TG11-009,VOL-TG11-007,Khammam,dal,33,18.75,42,98,85,77,50,88,73.56,MISSED,volunteer_unavailable,2026-06-02 00:00:00,SYNTHETIC_DEMO
RES-04599,DON-00752,REST-TG12-081,REC-TG12-014,VOL-TG12-009,Kumuram Bheem,vegetables,114,10.92,36,92,96,70,91,99,84.3,PARTIAL,,2026-07-31 14:00:00,SYNTHETIC_DEMO
RES-04600,DON-02254,REST-TG13-083,REC-TG13-019,VOL-TG13-006,Mahabubabad,roti,23,23.21,83,68,72,98,71,56,63.82,EXPIRED,volunteer_unavailable,2026-06-24 20:00:00,SYNTHETIC_DEMO
RES-04601,DON-01050,REST-TG14-030,REC-TG14-014,VOL-TG14-002,Mahabubnagar,bread,71,10.28,40,78,49,98,99,99,77.56,RESCUED,,2026-07-06 23:00:00,SYNTHETIC_DEMO
RES-04602,DON-00069,REST-TG15-055,REC-TG15-018,VOL-TG15-006,Mancherial,biryani,114,20.75,53,74,49,72,64,71,59.08,RESCUED,,2026-06-03 16:00:00,SYNTHETIC_DEMO
RES-04603,DON-02557,REST-TG16-059,REC-TG16-005,VOL-TG16-007,Medak,fruits,25,13.79,28,67,57,100,64,94,70.75,RESCUED,,2026-04-21 14:00:00,SYNTHETIC_DEMO
RES-04604,DON-00263,REST-TG17-037,REC-TG17-012,VOL-TG17-007,Medchal-Malkajgiri,biryani,16,1.9,5,78,90,96,92,55,86.34,RESCUED,,2026-07-17 18:00:00,SYNTHETIC_DEMO
RES-04605,DON-01539,REST-TG18-130,REC-TG18-015,VOL-TG18-004,Mulugu,sandwich,22,24.71,50,79,97,87,100,75,73.1,MISSED,recipient_capacity_full,2026-07-04 01:00:00,SYNTHETIC_DEMO
RES-04606,DON-00091,REST-TG19-119,REC-TG19-018,VOL-TG19-003,Nagarkurnool,bread,74,29.94,96,66,70,99,75,57,58.86,RESCUED,,2026-05-05 10:00:00,SYNTHETIC_DEMO
RES-04607,DON-02432,REST-TG20-075,REC-TG20-003,VOL-TG20-004,Nalgonda,vegetables,56,19.62,40,67,99,69,78,64,68.74,RESCUED,,2026-05-09 21:00:00,SYNTHETIC_DEMO
RES-04608,DON-02204,REST-TG21-048,REC-TG21-009,VOL-TG21-003,Narayanpet,sandwich,113,29.08,72,87,81,87,86,55,64.98,EXPIRED,volunteer_unavailable,2026-04-06 15:00:00,SYNTHETIC_DEMO
RES-04609,DON-02477,REST-TG22-119,REC-TG22-010,VOL-TG22-004,Nirmal,cooked_meal,25,13.98,55,93,89,83,93,61,79.26,RESCUED,,2026-05-07 18:00:00,SYNTHETIC_DEMO
RES-04610,DON-02285,REST-TG23-087,REC-TG23-018,VOL-TG23-003,Nizamabad,fruits,31,30.05,69,94,98,73,68,90,68.69,RESCUED,,2026-07-31 09:00:00,SYNTHETIC_DEMO
RES-04611,DON-02018,REST-TG24-061,REC-TG24-005,VOL-TG24-007,Peddapalli,roti,35,10.78,35,79,57,80,88,78,73.1,RESCUED,,2026-09-16 12:00:00,SYNTHETIC_DEMO
RES-04612,DON-01481,REST-TG25-084,REC-TG25-009,VOL-TG25-008,Rajanna Sircilla,cooked_meal,114,4.97,14,73,78,98,74,92,82.95,EXPIRED,volunteer_unavailable,2026-09-03 02:00:00,SYNTHETIC_DEMO
RES-04613,DON-00819,REST-TG26-075,REC-TG26-001,VOL-TG26-006,Rangareddy,bread,107,0.73,5,85,85,63,97,70,84.63,RESCUED,,2026-08-23 04:00:00,SYNTHETIC_DEMO
RES-04614,DON-00846,REST-TG27-136,REC-TG27-012,VOL-TG27-004,Sangareddy,dal,86,3.05,10,83,73,91,80,90,84.67,EXPIRED,recipient_capacity_full,2026-06-29 07:00:00,SYNTHETIC_DEMO
RES-04615,DON-00917,REST-TG28-092,REC-TG28-006,VOL-TG28-002,Siddipet,rice,28,28.59,73,85,85,63,94,84,65.83,MISSED,expired_before_pickup,2026-09-08 12:00:00,SYNTHETIC_DEMO
RES-04616,DON-00732,REST-TG29-108,REC-TG29-013,VOL-TG29-006,Suryapet,cooked_meal,41,25.77,79,98,46,81,99,80,65.44,RESCUED,,2026-07-07 22:00:00,SYNTHETIC_DEMO
RES-04617,DON-00756,REST-TG30-108,REC-TG30-007,VOL-TG30-008,Vikarabad,rice,48,20.47,69,88,86,72,51,100,71.08,EXPIRED,recipient_capacity_full,2026-05-24 02:00:00,SYNTHETIC_DEMO
RES-04618,DON-01035,REST-TG31-061,REC-TG31-018,VOL-TG31-006,Wanaparthy,roti,119,12.3,28,87,85,83,84,89,80.36,MISSED,expired_before_pickup,2026-04-30 05:00:00,SYNTHETIC_DEMO
RES-04619,DON-01099,REST-TG32-040,REC-TG32-020,VOL-TG32-008,Warangal,biryani,114,18.3,72,74,59,67,51,58,59.48,PARTIAL,,2026-06-02 22:00:00,SYNTHETIC_DEMO
RES-04620,DON-00872,REST-TG33-117,REC-TG33-008,VOL-TG33-001,Yadadri Bhuvanagiri,vegetables,110,28.08,96,82,82,90,51,56,61.94,MISSED,expired_before_pickup,2026-07-03 17:00:00,SYNTHETIC_DEMO
RES-04621,DON-00954,REST-TG01-070,REC-TG01-008,VOL-TG01-002,Adilabad,rice,46,24.64,88,92,76,60,86,82,66.8,RESCUED,,2026-06-15 08:00:00,SYNTHETIC_DEMO
RES-04622,DON-00986,REST-TG02-089,REC-TG02-018,VOL-TG02-005,Bhadradri Kothagudem,vegetables,44,9.06,20,90,58,99,53,62,74.48,PARTIAL,,2026-07-27 19:00:00,SYNTHETIC_DEMO
RES-04623,DON-00173,REST-TG03-085,REC-TG03-005,VOL-TG03-005,Hanumakonda,dal,27,27.74,96,67,92,71,69,81,62.64,MISSED,expired_before_pickup,2026-07-25 14:00:00,SYNTHETIC_DEMO
RES-04624,DON-01463,REST-TG04-115,REC-TG04-015,VOL-TG04-008,Hyderabad,roti,46,25.41,84,98,49,97,78,62,64.8,MISSED,traffic_delay,2026-06-13 03:00:00,SYNTHETIC_DEMO
RES-04625,DON-02126,REST-TG05-110,REC-TG05-008,VOL-TG05-007,Jagtial,dal,91,17.69,49,94,94,63,100,77,77.11,EXPIRED,expired_before_pickup,2026-09-15 04:00:00,SYNTHETIC_DEMO
RES-04626,DON-01193,REST-TG06-093,REC-TG06-017,VOL-TG06-007,Jangaon,pulao,55,22.02,58,69,58,91,78,50,61.12,RESCUED,,2026-05-01 08:00:00,SYNTHETIC_DEMO
RES-04627,DON-02977,REST-TG07-034,REC-TG07-014,VOL-TG07-005,Jayashankar Bhupalpally,fruits,18,32.0,125,83,60,60,93,58,54.84,EXPIRED,volunteer_unavailable,2026-07-07 19:00:00,SYNTHETIC_DEMO
RES-04628,DON-02590,REST-TG08-117,REC-TG08-014,VOL-TG08-005,Jogulamba Gadwal,dal,56,6.3,19,76,79,65,81,68,76.15,RESCUED,,2026-08-14 21:00:00,SYNTHETIC_DEMO
RES-04629,DON-01588,REST-TG09-083,REC-TG09-012,VOL-TG09-002,Kamareddy,rice,57,10.75,31,85,58,84,65,69,71.92,EXPIRED,traffic_delay,2026-08-03 06:00:00,SYNTHETIC_DEMO
RES-04630,DON-02884,REST-TG10-090,REC-TG10-004,VOL-TG10-004,Karimnagar,bakery,116,30.98,123,82,53,72,67,67,54.07,RESCUED,,2026-04-22 04:00:00,SYNTHETIC_DEMO
RES-04631,DON-00535,REST-TG11-136,REC-TG11-007,VOL-TG11-006,Khammam,roti,84,17.19,41,88,67,60,60,50,63.72,RESCUED,,2026-04-06 23:00:00,SYNTHETIC_DEMO
RES-04632,DON-02076,REST-TG12-085,REC-TG12-017,VOL-TG12-005,Kumuram Bheem,sandwich,38,6.1,24,86,63,66,87,69,75.94,EXPIRED,expired_before_pickup,2026-09-16 03:00:00,SYNTHETIC_DEMO
RES-04633,DON-00341,REST-TG13-036,REC-TG13-005,VOL-TG13-008,Mahabubabad,roti,103,23.7,91,67,85,91,77,65,66.32,EXPIRED,volunteer_unavailable,2026-06-20 19:00:00,SYNTHETIC_DEMO
RES-04634,DON-02648,REST-TG14-125,REC-TG14-017,VOL-TG14-003,Mahabubnagar,bread,14,34.82,139,97,57,90,98,62,60.43,RESCUED,,2026-05-17 13:00:00,SYNTHETIC_DEMO
RES-04635,DON-02999,REST-TG15-120,REC-TG15-013,VOL-TG15-001,Mancherial,vegetables,80,16.34,64,96,64,89,68,93,74.78,PARTIAL,,2026-06-27 03:00:00,SYNTHETIC_DEMO
RES-04636,DON-00444,REST-TG16-065,REC-TG16-004,VOL-TG16-002,Medak,sandwich,64,8.4,18,74,45,68,65,98,69.3,PARTIAL,,2026-08-24 13:00:00,SYNTHETIC_DEMO
RES-04637,DON-02448,REST-TG17-116,REC-TG17-014,VOL-TG17-005,Medchal-Malkajgiri,cooked_meal,103,29.38,92,73,75,67,68,70,57.46,RESCUED,,2026-08-20 18:00:00,SYNTHETIC_DEMO
RES-04638,DON-02319,REST-TG18-140,REC-TG18-002,VOL-TG18-006,Mulugu,biryani,114,14.66,56,79,94,78,70,69,74.73,MISSED,volunteer_unavailable,2026-09-11 00:00:00,SYNTHETIC_DEMO
RES-04639,DON-00749,REST-TG19-145,REC-TG19-001,VOL-TG19-006,Nagarkurnool,biryani,107,24.08,55,98,95,64,65,87,71.2,EXPIRED,traffic_delay,2026-06-13 04:00:00,SYNTHETIC_DEMO
RES-04640,DON-01262,REST-TG20-134,REC-TG20-019,VOL-TG20-010,Nalgonda,cooked_meal,114,18.85,57,75,70,68,88,96,69.14,RESCUED,,2026-09-11 02:00:00,SYNTHETIC_DEMO
RES-04641,DON-02564,REST-TG21-088,REC-TG21-007,VOL-TG21-003,Narayanpet,rice,38,30.83,107,85,72,64,100,54,59.38,RESCUED,,2026-05-03 13:00:00,SYNTHETIC_DEMO
RES-04642,DON-02134,REST-TG22-050,REC-TG22-002,VOL-TG22-002,Nirmal,roti,39,22.52,77,99,65,82,97,57,69.41,RESCUED,,2026-04-21 14:00:00,SYNTHETIC_DEMO
RES-04643,DON-01583,REST-TG23-147,REC-TG23-004,VOL-TG23-010,Nizamabad,roti,113,12.13,32,78,66,76,66,69,70.04,PARTIAL,,2026-05-03 18:00:00,SYNTHETIC_DEMO
RES-04644,DON-02544,REST-TG24-059,REC-TG24-017,VOL-TG24-003,Peddapalli,fruits,51,34.48,94,75,56,88,96,95,58.87,MISSED,volunteer_unavailable,2026-07-09 14:00:00,SYNTHETIC_DEMO
RES-04645,DON-01881,REST-TG25-114,REC-TG25-003,VOL-TG25-009,Rajanna Sircilla,bread,40,14.06,41,95,64,67,73,87,72.81,PARTIAL,,2026-07-31 14:00:00,SYNTHETIC_DEMO
RES-04646,DON-02467,REST-TG26-005,REC-TG26-012,VOL-TG26-003,Rangareddy,bread,107,1.43,5,87,64,70,88,96,83.08,EXPIRED,volunteer_unavailable,2026-05-28 07:00:00,SYNTHETIC_DEMO
RES-04647,DON-02390,REST-TG27-135,REC-TG27-013,VOL-TG27-005,Sangareddy,roti,13,13.79,31,78,80,94,93,91,79.25,RESCUED,,2026-09-24 06:00:00,SYNTHETIC_DEMO
RES-04648,DON-02072,REST-TG28-063,REC-TG28-012,VOL-TG28-002,Siddipet,sandwich,103,0.71,5,86,60,94,73,81,83.19,MISSED,recipient_capacity_full,2026-08-18 09:00:00,SYNTHETIC_DEMO
RES-04649,DON-00364,REST-TG29-137,REC-TG29-011,VOL-TG29-002,Suryapet,packaged_food,117,24.28,87,91,92,78,82,97,73.86,MISSED,expired_before_pickup,2026-08-27 17:00:00,SYNTHETIC_DEMO
RES-04650,DON-00881,REST-TG30-041,REC-TG30-008,VOL-TG30-004,Vikarabad,biryani,86,23.39,91,65,68,91,77,74,63.64,MISSED,volunteer_unavailable,2026-07-17 04:00:00,SYNTHETIC_DEMO
RES-04651,DON-02984,REST-TG31-016,REC-TG31-014,VOL-TG31-009,Wanaparthy,biryani,102,20.21,68,97,99,66,74,99,76.96,RESCUED,,2026-06-19 17:00:00,SYNTHETIC_DEMO
RES-04652,DON-02244,REST-TG32-086,REC-TG32-015,VOL-TG32-008,Warangal,dal,52,2.6,6,68,80,69,72,98,80.09,EXPIRED,volunteer_unavailable,2026-06-14 09:00:00,SYNTHETIC_DEMO
RES-04653,DON-02843,REST-TG33-041,REC-TG33-009,VOL-TG33-006,Yadadri Bhuvanagiri,rice,18,20.62,49,92,82,70,78,77,71.07,PARTIAL,,2026-07-12 13:00:00,SYNTHETIC_DEMO
RES-04654,DON-02632,REST-TG01-071,REC-TG01-020,VOL-TG01-007,Adilabad,fruits,76,21.45,71,86,77,81,100,70,71.43,RESCUED,,2026-07-22 15:00:00,SYNTHETIC_DEMO
RES-04655,DON-00210,REST-TG02-075,REC-TG02-016,VOL-TG02-005,Bhadradri Kothagudem,rice,117,34.32,101,74,89,78,75,57,57.99,MISSED,traffic_delay,2026-05-25 08:00:00,SYNTHETIC_DEMO
RES-04656,DON-02221,REST-TG03-100,REC-TG03-016,VOL-TG03-007,Hanumakonda,cooked_meal,108,18.52,39,89,58,74,95,52,66.97,PARTIAL,,2026-06-27 21:00:00,SYNTHETIC_DEMO
RES-04657,DON-01599,REST-TG04-035,REC-TG04-008,VOL-TG04-008,Hyderabad,roti,13,4.34,11,97,98,64,74,75,85.4,RESCUED,,2026-07-14 08:00:00,SYNTHETIC_DEMO
RES-04658,DON-00656,REST-TG05-033,REC-TG05-002,VOL-TG05-009,Jagtial,dal,68,28.04,68,68,71,89,64,72,59.72,RESCUED,,2026-08-17 07:00:00,SYNTHETIC_DEMO
RES-04659,DON-00719,REST-TG06-029,REC-TG06-008,VOL-TG06-009,Jangaon,roti,60,18.63,64,100,69,83,89,100,76.84,MISSED,traffic_delay,2026-05-30 17:00:00,SYNTHETIC_DEMO
RES-04660,DON-01327,REST-TG07-104,REC-TG07-005,VOL-TG07-004,Jayashankar Bhupalpally,bakery,85,31.46,125,84,89,61,53,50,56.58,PARTIAL,,2026-07-27 11:00:00,SYNTHETIC_DEMO
RES-04661,DON-02298,REST-TG08-077,REC-TG08-005,VOL-TG08-007,Jogulamba Gadwal,bakery,64,22.87,68,86,87,98,65,89,73.36,MISSED,traffic_delay,2026-07-12 18:00:00,SYNTHETIC_DEMO
RES-04662,DON-02171,REST-TG09-017,REC-TG09-013,VOL-TG09-010,Kamareddy,roti,22,22.03,87,66,96,74,99,81,70.76,RESCUED,,2026-04-10 23:00:00,SYNTHETIC_DEMO
RES-04663,DON-00128,REST-TG10-117,REC-TG10-017,VOL-TG10-009,Karimnagar,roti,16,15.13,34,96,84,76,65,76,75.69,RESCUED,,2026-06-04 04:00:00,SYNTHETIC_DEMO
RES-04664,DON-02883,REST-TG11-106,REC-TG11-017,VOL-TG11-003,Khammam,bread,60,13.99,55,85,80,77,99,60,75.46,RESCUED,,2026-06-16 18:00:00,SYNTHETIC_DEMO
RES-04665,DON-02918,REST-TG12-093,REC-TG12-002,VOL-TG12-003,Kumuram Bheem,sandwich,28,30.78,95,86,52,77,67,80,56.86,RESCUED,,2026-09-10 20:00:00,SYNTHETIC_DEMO
RES-04666,DON-02406,REST-TG13-142,REC-TG13-011,VOL-TG13-005,Mahabubabad,biryani,119,24.57,84,74,50,94,54,77,59.45,EXPIRED,volunteer_unavailable,2026-06-08 04:00:00,SYNTHETIC_DEMO
RES-04667,DON-02007,REST-TG14-066,REC-TG14-018,VOL-TG14-003,Mahabubnagar,bakery,115,19.42,58,72,59,84,74,61,63.43,PARTIAL,,2026-09-12 13:00:00,SYNTHETIC_DEMO
RES-04668,DON-00176,REST-TG15-098,REC-TG15-016,VOL-TG15-002,Mancherial,pulao,31,8.0,23,72,66,67,100,82,75.14,MISSED,expired_before_pickup,2026-04-11 02:00:00,SYNTHETIC_DEMO
RES-04669,DON-01277,REST-TG16-067,REC-TG16-006,VOL-TG16-010,Medak,vegetables,112,1.21,5,81,54,85,96,64,79.89,MISSED,expired_before_pickup,2026-08-22 21:00:00,SYNTHETIC_DEMO
RES-04670,DON-00576,REST-TG17-087,REC-TG17-013,VOL-TG17-004,Medchal-Malkajgiri,packaged_food,99,28.36,64,72,89,63,75,98,63.69,RESCUED,,2026-06-01 14:00:00,SYNTHETIC_DEMO
RES-04671,DON-02990,REST-TG18-085,REC-TG18-016,VOL-TG18-008,Mulugu,vegetables,115,8.59,24,68,52,100,50,93,72.16,RESCUED,,2026-05-18 22:00:00,SYNTHETIC_DEMO
RES-04672,DON-02413,REST-TG19-042,REC-TG19-016,VOL-TG19-003,Nagarkurnool,rice,47,0.82,5,89,56,78,79,60,79.01,RESCUED,,2026-07-12 04:00:00,SYNTHETIC_DEMO
RES-04673,DON-01768,REST-TG20-049,REC-TG20-009,VOL-TG20-010,Nalgonda,bread,56,24.91,69,67,85,73,79,66,63.06,RESCUED,,2026-07-28 06:00:00,SYNTHETIC_DEMO
RES-04674,DON-01708,REST-TG21-088,REC-TG21-004,VOL-TG21-005,Narayanpet,packaged_food,55,22.76,61,89,71,83,60,73,66.49,RESCUED,,2026-04-04 10:00:00,SYNTHETIC_DEMO
RES-04675,DON-01365,REST-TG22-084,REC-TG22-002,VOL-TG22-004,Nirmal,vegetables,110,9.66,30,86,91,74,73,74,79.3,MISSED,traffic_delay,2026-07-19 17:00:00,SYNTHETIC_DEMO
RES-04676,DON-02082,REST-TG23-147,REC-TG23-011,VOL-TG23-003,Nizamabad,fruits,63,22.92,73,81,94,81,90,85,73.28,PARTIAL,,2026-08-26 10:00:00,SYNTHETIC_DEMO
RES-04677,DON-01233,REST-TG24-124,REC-TG24-014,VOL-TG24-002,Peddapalli,vegetables,80,34.69,89,90,56,68,80,97,57.32,PARTIAL,,2026-06-16 08:00:00,SYNTHETIC_DEMO
RES-04678,DON-02813,REST-TG25-053,REC-TG25-017,VOL-TG25-004,Rajanna Sircilla,cooked_meal,43,27.13,81,77,76,79,62,78,62.07,EXPIRED,volunteer_unavailable,2026-03-30 05:00:00,SYNTHETIC_DEMO
RES-04679,DON-01740,REST-TG26-101,REC-TG26-008,VOL-TG26-003,Rangareddy,bakery,65,31.98,79,87,87,70,81,82,63.76,MISSED,recipient_capacity_full,2026-08-24 13:00:00,SYNTHETIC_DEMO
RES-04680,DON-00723,REST-TG27-012,REC-TG27-006,VOL-TG27-003,Sangareddy,rice,47,4.96,18,73,93,71,62,56,77.11,RESCUED,,2026-05-22 09:00:00,SYNTHETIC_DEMO
RES-04681,DON-01765,REST-TG28-040,REC-TG28-015,VOL-TG28-010,Siddipet,bread,44,20.91,78,88,95,62,75,80,71.46,EXPIRED,volunteer_unavailable,2026-06-07 00:00:00,SYNTHETIC_DEMO
RES-04682,DON-00849,REST-TG29-064,REC-TG29-009,VOL-TG29-010,Suryapet,sandwich,63,14.09,46,73,59,71,94,80,69.39,EXPIRED,recipient_capacity_full,2026-09-22 00:00:00,SYNTHETIC_DEMO
RES-04683,DON-00700,REST-TG30-114,REC-TG30-015,VOL-TG30-004,Vikarabad,dal,69,12.24,25,97,72,67,85,86,77.21,RESCUED,,2026-04-14 16:00:00,SYNTHETIC_DEMO
RES-04684,DON-02998,REST-TG31-084,REC-TG31-015,VOL-TG31-010,Wanaparthy,pulao,120,6.89,21,97,88,96,68,62,84.48,RESCUED,,2026-07-31 16:00:00,SYNTHETIC_DEMO
RES-04685,DON-01076,REST-TG32-069,REC-TG32-013,VOL-TG32-007,Warangal,roti,35,33.27,85,72,76,97,82,58,59.39,EXPIRED,volunteer_unavailable,2026-07-28 18:00:00,SYNTHETIC_DEMO
RES-04686,DON-02546,REST-TG33-023,REC-TG33-018,VOL-TG33-001,Yadadri Bhuvanagiri,roti,79,11.89,28,80,86,79,87,73,77.56,EXPIRED,traffic_delay,2026-06-29 09:00:00,SYNTHETIC_DEMO
RES-04687,DON-00585,REST-TG01-010,REC-TG01-001,VOL-TG01-006,Adilabad,bakery,21,8.89,32,87,92,78,78,84,82.35,EXPIRED,volunteer_unavailable,2026-06-06 22:00:00,SYNTHETIC_DEMO
RES-04688,DON-01785,REST-TG02-084,REC-TG02-019,VOL-TG02-001,Bhadradri Kothagudem,packaged_food,14,8.91,26,82,73,98,64,75,78.24,RESCUED,,2026-06-14 22:00:00,SYNTHETIC_DEMO
RES-04689,DON-02363,REST-TG03-014,REC-TG03-014,VOL-TG03-010,Hanumakonda,bakery,44,2.85,9,86,77,63,51,91,79.21,RESCUED,,2026-05-13 23:00:00,SYNTHETIC_DEMO
RES-04690,DON-00927,REST-TG04-039,REC-TG04-013,VOL-TG04-002,Hyderabad,roti,97,27.7,67,81,56,80,91,83,62.01,PARTIAL,,2026-05-11 04:00:00,SYNTHETIC_DEMO
RES-04691,DON-00999,REST-TG05-087,REC-TG05-016,VOL-TG05-006,Jagtial,bakery,31,17.55,41,94,66,96,54,88,73.06,RESCUED,,2026-07-23 04:00:00,SYNTHETIC_DEMO
RES-04692,DON-00892,REST-TG06-063,REC-TG06-005,VOL-TG06-003,Jangaon,bakery,71,27.22,78,77,78,60,64,73,59.26,PARTIAL,,2026-04-14 07:00:00,SYNTHETIC_DEMO
RES-04693,DON-02119,REST-TG07-021,REC-TG07-017,VOL-TG07-001,Jayashankar Bhupalpally,sandwich,100,5.05,14,99,62,89,91,59,81.94,RESCUED,,2026-04-08 12:00:00,SYNTHETIC_DEMO
RES-04694,DON-00898,REST-TG08-099,REC-TG08-010,VOL-TG08-001,Jogulamba Gadwal,bread,106,31.61,119,100,93,87,99,100,73.97,RESCUED,,2026-04-17 05:00:00,SYNTHETIC_DEMO
RES-04695,DON-00344,REST-TG09-143,REC-TG09-004,VOL-TG09-004,Kamareddy,bread,72,24.09,63,92,77,66,90,99,70.39,PARTIAL,,2026-08-11 12:00:00,SYNTHETIC_DEMO
RES-04696,DON-01042,REST-TG10-038,REC-TG10-018,VOL-TG10-002,Karimnagar,rice,57,19.62,60,73,66,80,89,92,68.89,RESCUED,,2026-07-17 02:00:00,SYNTHETIC_DEMO
RES-04697,DON-02365,REST-TG11-017,REC-TG11-007,VOL-TG11-007,Khammam,roti,23,34.64,111,91,100,94,85,92,70.26,EXPIRED,expired_before_pickup,2026-08-30 04:00:00,SYNTHETIC_DEMO
RES-04698,DON-02771,REST-TG12-124,REC-TG12-017,VOL-TG12-005,Kumuram Bheem,sandwich,95,22.09,72,67,49,71,67,95,59.27,MISSED,recipient_capacity_full,2026-07-12 23:00:00,SYNTHETIC_DEMO
RES-04699,DON-01368,REST-TG13-031,REC-TG13-015,VOL-TG13-005,Mahabubabad,dal,28,16.35,37,86,98,91,80,67,78.47,RESCUED,,2026-09-16 13:00:00,SYNTHETIC_DEMO
RES-04700,DON-01877,REST-TG14-079,REC-TG14-001,VOL-TG14-007,Mahabubnagar,rice,118,25.47,88,92,83,76,95,74,70.11,RESCUED,,2026-09-07 00:00:00,SYNTHETIC_DEMO
RES-04701,DON-00882,REST-TG15-135,REC-TG15-012,VOL-TG15-010,Mancherial,bread,70,10.19,21,99,99,64,62,73,80.42,RESCUED,,2026-04-01 02:00:00,SYNTHETIC_DEMO
RES-04702,DON-02236,REST-TG16-022,REC-TG16-019,VOL-TG16-007,Medak,packaged_food,46,17.65,39,99,52,65,74,55,65.24,EXPIRED,expired_before_pickup,2026-09-14 09:00:00,SYNTHETIC_DEMO
RES-04703,DON-01212,REST-TG17-086,REC-TG17-001,VOL-TG17-004,Medchal-Malkajgiri,cooked_meal,48,3.07,7,74,74,72,77,58,76.71,MISSED,expired_before_pickup,2026-07-04 14:00:00,SYNTHETIC_DEMO
RES-04704,DON-02990,REST-TG18-052,REC-TG18-009,VOL-TG18-003,Mulugu,bakery,35,13.85,54,99,60,90,88,69,76.11,RESCUED,,2026-09-19 17:00:00,SYNTHETIC_DEMO
RES-04705,DON-01257,REST-TG19-143,REC-TG19-007,VOL-TG19-002,Nagarkurnool,vegetables,50,1.72,6,81,59,73,74,65,76.62,RESCUED,,2026-06-02 17:00:00,SYNTHETIC_DEMO
RES-04706,DON-01241,REST-TG20-019,REC-TG20-020,VOL-TG20-008,Nalgonda,packaged_food,16,10.39,32,76,46,61,96,82,68.93,EXPIRED,traffic_delay,2026-04-11 12:00:00,SYNTHETIC_DEMO
RES-04707,DON-02002,REST-TG21-075,REC-TG21-010,VOL-TG21-001,Narayanpet,rice,59,13.01,48,69,80,68,70,97,72.41,RESCUED,,2026-05-30 05:00:00,SYNTHETIC_DEMO
RES-04708,DON-02050,REST-TG22-006,REC-TG22-009,VOL-TG22-002,Nirmal,pulao,87,15.19,42,86,49,84,53,70,66.05,RESCUED,,2026-06-17 11:00:00,SYNTHETIC_DEMO
RES-04709,DON-01030,REST-TG23-108,REC-TG23-001,VOL-TG23-007,Nizamabad,roti,39,33.91,134,70,92,100,57,65,60.38,MISSED,recipient_capacity_full,2026-09-08 02:00:00,SYNTHETIC_DEMO
RES-04710,DON-00706,REST-TG24-027,REC-TG24-002,VOL-TG24-004,Peddapalli,bread,37,7.1,26,68,64,61,78,82,71.48,RESCUED,,2026-04-26 03:00:00,SYNTHETIC_DEMO
RES-04711,DON-02094,REST-TG25-034,REC-TG25-006,VOL-TG25-005,Rajanna Sircilla,dal,57,14.68,35,86,97,94,79,87,81.81,RESCUED,,2026-08-18 16:00:00,SYNTHETIC_DEMO
RES-04712,DON-00860,REST-TG26-010,REC-TG26-009,VOL-TG26-005,Rangareddy,packaged_food,10,27.2,85,67,64,61,59,91,55.92,RESCUED,,2026-09-01 00:00:00,SYNTHETIC_DEMO
RES-04713,DON-01678,REST-TG27-134,REC-TG27-010,VOL-TG27-009,Sangareddy,bakery,80,0.96,5,67,56,96,83,64,78.01,EXPIRED,traffic_delay,2026-08-17 06:00:00,SYNTHETIC_DEMO
RES-04714,DON-00131,REST-TG28-145,REC-TG28-009,VOL-TG28-007,Siddipet,roti,95,14.73,46,80,50,75,96,54,66.73,EXPIRED,recipient_capacity_full,2026-09-13 01:00:00,SYNTHETIC_DEMO
RES-04715,DON-02986,REST-TG29-141,REC-TG29-008,VOL-TG29-005,Suryapet,bakery,97,32.77,108,81,91,95,92,89,68.34,PARTIAL,,2026-04-19 04:00:00,SYNTHETIC_DEMO
RES-04716,DON-02924,REST-TG30-079,REC-TG30-003,VOL-TG30-008,Vikarabad,fruits,50,33.02,114,94,60,68,79,91,59.41,RESCUED,,2026-07-27 15:00:00,SYNTHETIC_DEMO
RES-04717,DON-01476,REST-TG31-034,REC-TG31-016,VOL-TG31-004,Wanaparthy,pulao,14,25.74,99,97,98,87,60,51,69.76,RESCUED,,2026-09-03 21:00:00,SYNTHETIC_DEMO
RES-04718,DON-02651,REST-TG32-013,REC-TG32-018,VOL-TG32-001,Warangal,vegetables,94,31.09,107,90,76,86,62,70,62.09,RESCUED,,2026-07-03 10:00:00,SYNTHETIC_DEMO
RES-04719,DON-00169,REST-TG33-015,REC-TG33-016,VOL-TG33-003,Yadadri Bhuvanagiri,fruits,81,29.74,115,77,49,81,68,53,53.21,RESCUED,,2026-08-01 21:00:00,SYNTHETIC_DEMO
RES-04720,DON-02057,REST-TG01-071,REC-TG01-015,VOL-TG01-001,Adilabad,pulao,53,31.88,72,90,83,98,79,72,66.63,MISSED,volunteer_unavailable,2026-08-18 05:00:00,SYNTHETIC_DEMO
RES-04721,DON-01166,REST-TG02-072,REC-TG02-006,VOL-TG02-010,Bhadradri Kothagudem,rice,21,8.4,27,76,72,97,88,57,77.65,PARTIAL,,2026-07-15 12:00:00,SYNTHETIC_DEMO
RES-04722,DON-00851,REST-TG03-017,REC-TG03-001,VOL-TG03-005,Hanumakonda,pulao,95,10.13,25,93,77,98,80,82,82.66,RESCUED,,2026-04-03 01:00:00,SYNTHETIC_DEMO
RES-04723,DON-00395,REST-TG04-091,REC-TG04-001,VOL-TG04-007,Hyderabad,rice,70,4.99,17,89,59,78,90,52,76.94,RESCUED,,2026-06-17 14:00:00,SYNTHETIC_DEMO
RES-04724,DON-01357,REST-TG05-060,REC-TG05-001,VOL-TG05-010,Jagtial,sandwich,15,34.26,135,91,100,93,77,52,65.58,RESCUED,,2026-08-27 13:00:00,SYNTHETIC_DEMO
RES-04725,DON-02975,REST-TG06-064,REC-TG06-005,VOL-TG06-010,Jangaon,rice,40,9.38,30,88,48,89,69,64,72.15,RESCUED,,2026-06-11 19:00:00,SYNTHETIC_DEMO
RES-04726,DON-02591,REST-TG07-017,REC-TG07-005,VOL-TG07-009,Jayashankar Bhupalpally,rice,12,29.18,88,79,83,70,90,76,63.66,RESCUED,,2026-04-21 08:00:00,SYNTHETIC_DEMO
RES-04727,DON-01863,REST-TG08-075,REC-TG08-003,VOL-TG08-005,Jogulamba Gadwal,vegetables,67,29.87,76,96,55,92,63,63,60.26,PARTIAL,,2026-04-15 00:00:00,SYNTHETIC_DEMO
RES-04728,DON-02288,REST-TG09-041,REC-TG09-020,VOL-TG09-010,Kamareddy,packaged_food,117,5.97,19,65,61,92,99,72,76.84,MISSED,volunteer_unavailable,2026-05-21 17:00:00,SYNTHETIC_DEMO
RES-04729,DON-02663,REST-TG10-007,REC-TG10-005,VOL-TG10-004,Karimnagar,packaged_food,104,11.21,24,82,53,80,72,56,68.79,RESCUED,,2026-05-09 07:00:00,SYNTHETIC_DEMO
RES-04730,DON-00677,REST-TG11-088,REC-TG11-015,VOL-TG11-008,Khammam,pulao,73,31.64,73,79,70,68,95,87,60.6,RESCUED,,2026-08-23 08:00:00,SYNTHETIC_DEMO
RES-04731,DON-02050,REST-TG12-122,REC-TG12-018,VOL-TG12-003,Kumuram Bheem,bakery,81,19.43,44,79,67,73,61,65,63.87,MISSED,recipient_capacity_full,2026-05-02 10:00:00,SYNTHETIC_DEMO
RES-04732,DON-02739,REST-TG13-033,REC-TG13-013,VOL-TG13-005,Mahabubabad,rice,77,32.16,78,80,89,65,85,57,59.78,RESCUED,,2026-07-16 09:00:00,SYNTHETIC_DEMO
RES-04733,DON-01714,REST-TG14-002,REC-TG14-004,VOL-TG14-001,Mahabubnagar,pulao,18,30.78,83,76,66,63,88,50,54.66,MISSED,expired_before_pickup,2026-09-20 20:00:00,SYNTHETIC_DEMO
RES-04734,DON-00899,REST-TG15-026,REC-TG15-012,VOL-TG15-008,Mancherial,vegetables,87,24.69,59,74,46,94,51,81,58.66,PARTIAL,,2026-06-06 09:00:00,SYNTHETIC_DEMO
RES-04735,DON-01339,REST-TG16-030,REC-TG16-011,VOL-TG16-007,Medak,vegetables,119,27.17,84,82,64,88,98,72,64.99,RESCUED,,2026-08-12 07:00:00,SYNTHETIC_DEMO
RES-04736,DON-00643,REST-TG17-138,REC-TG17-008,VOL-TG17-004,Medchal-Malkajgiri,packaged_food,91,34.65,96,85,80,95,84,96,65.5,PARTIAL,,2026-05-22 19:00:00,SYNTHETIC_DEMO
RES-04737,DON-02812,REST-TG18-020,REC-TG18-015,VOL-TG18-003,Mulugu,rice,73,27.0,100,84,66,74,50,74,59.21,MISSED,traffic_delay,2026-08-23 02:00:00,SYNTHETIC_DEMO
RES-04738,DON-01980,REST-TG19-003,REC-TG19-001,VOL-TG19-001,Nagarkurnool,packaged_food,90,10.39,27,95,60,89,52,55,72.63,RESCUED,,2026-07-16 06:00:00,SYNTHETIC_DEMO
RES-04739,DON-00516,REST-TG20-143,REC-TG20-003,VOL-TG20-003,Nalgonda,cooked_meal,74,2.46,9,92,82,74,61,69,82.14,RESCUED,,2026-09-05 14:00:00,SYNTHETIC_DEMO
RES-04740,DON-01468,REST-TG21-031,REC-TG21-005,VOL-TG21-010,Narayanpet,rice,19,25.69,56,84,82,65,55,54,60.5,RESCUED,,2026-07-11 16:00:00,SYNTHETIC_DEMO
RES-04741,DON-00989,REST-TG22-013,REC-TG22-008,VOL-TG22-009,Nirmal,pulao,69,6.8,24,86,64,84,56,88,77.14,EXPIRED,recipient_capacity_full,2026-05-30 05:00:00,SYNTHETIC_DEMO
RES-04742,DON-00704,REST-TG23-046,REC-TG23-004,VOL-TG23-006,Nizamabad,sandwich,14,25.2,87,79,99,91,77,91,73.05,PARTIAL,,2026-07-07 13:00:00,SYNTHETIC_DEMO
RES-04743,DON-01936,REST-TG24-080,REC-TG24-020,VOL-TG24-006,Peddapalli,cooked_meal,104,24.53,82,73,83,93,61,87,67.43,RESCUED,,2026-08-08 16:00:00,SYNTHETIC_DEMO
RES-04744,DON-00865,REST-TG25-093,REC-TG25-006,VOL-TG25-009,Rajanna Sircilla,vegetables,45,11.97,36,79,74,97,85,61,76.2,MISSED,expired_before_pickup,2026-05-01 04:00:00,SYNTHETIC_DEMO
RES-04745,DON-01129,REST-TG26-073,REC-TG26-005,VOL-TG26-009,Rangareddy,dal,67,29.35,76,66,82,88,73,86,62.74,RESCUED,,2026-07-31 20:00:00,SYNTHETIC_DEMO
RES-04746,DON-02470,REST-TG27-086,REC-TG27-009,VOL-TG27-005,Sangareddy,bakery,83,22.82,77,76,82,60,59,75,62.7,RESCUED,,2026-06-06 07:00:00,SYNTHETIC_DEMO
RES-04747,DON-02139,REST-TG28-144,REC-TG28-017,VOL-TG28-008,Siddipet,fruits,77,32.44,80,71,92,88,60,84,62.03,MISSED,expired_before_pickup,2026-07-14 18:00:00,SYNTHETIC_DEMO
RES-04748,DON-02297,REST-TG29-053,REC-TG29-018,VOL-TG29-007,Suryapet,roti,66,33.74,73,70,92,85,82,58,60.05,EXPIRED,volunteer_unavailable,2026-05-12 07:00:00,SYNTHETIC_DEMO
RES-04749,DON-01672,REST-TG30-043,REC-TG30-009,VOL-TG30-004,Vikarabad,vegetables,40,31.33,89,88,57,83,83,93,61.67,EXPIRED,expired_before_pickup,2026-05-27 10:00:00,SYNTHETIC_DEMO
RES-04750,DON-02026,REST-TG31-120,REC-TG31-017,VOL-TG31-004,Wanaparthy,bread,57,7.69,19,69,55,83,59,79,70.56,RESCUED,,2026-04-18 12:00:00,SYNTHETIC_DEMO
RES-04751,DON-01475,REST-TG32-136,REC-TG32-012,VOL-TG32-004,Warangal,cooked_meal,117,32.11,99,71,50,88,73,79,54.66,EXPIRED,expired_before_pickup,2026-07-28 15:00:00,SYNTHETIC_DEMO
RES-04752,DON-01107,REST-TG33-081,REC-TG33-020,VOL-TG33-007,Yadadri Bhuvanagiri,bakery,87,32.81,74,94,70,71,69,78,59.71,RESCUED,,2026-04-28 07:00:00,SYNTHETIC_DEMO
RES-04753,DON-00307,REST-TG01-019,REC-TG01-012,VOL-TG01-004,Adilabad,roti,42,34.42,119,72,95,60,76,58,56.21,EXPIRED,expired_before_pickup,2026-07-16 19:00:00,SYNTHETIC_DEMO
RES-04754,DON-00986,REST-TG02-013,REC-TG02-006,VOL-TG02-002,Bhadradri Kothagudem,pulao,116,21.87,84,98,70,75,88,78,70.83,RESCUED,,2026-09-21 14:00:00,SYNTHETIC_DEMO
RES-04755,DON-01013,REST-TG03-146,REC-TG03-010,VOL-TG03-001,Hanumakonda,roti,112,31.97,85,82,54,95,53,75,56.41,RESCUED,,2026-07-25 02:00:00,SYNTHETIC_DEMO
RES-04756,DON-00226,REST-TG04-149,REC-TG04-017,VOL-TG04-001,Hyderabad,vegetables,70,2.67,6,72,50,86,84,73,76.09,EXPIRED,recipient_capacity_full,2026-07-09 01:00:00,SYNTHETIC_DEMO
RES-04757,DON-02246,REST-TG05-009,REC-TG05-016,VOL-TG05-007,Jagtial,fruits,40,19.17,47,75,73,69,71,98,68.16,MISSED,volunteer_unavailable,2026-07-21 23:00:00,SYNTHETIC_DEMO
RES-04758,DON-02258,REST-TG06-150,REC-TG06-002,VOL-TG06-003,Jangaon,packaged_food,107,5.39,21,71,82,64,75,66,75.45,PARTIAL,,2026-07-19 06:00:00,SYNTHETIC_DEMO
RES-04759,DON-00766,REST-TG07-062,REC-TG07-020,VOL-TG07-010,Jayashankar Bhupalpally,sandwich,45,0.89,5,100,49,100,84,77,85.26,RESCUED,,2026-07-24 06:00:00,SYNTHETIC_DEMO
RES-04760,DON-00888,REST-TG08-089,REC-TG08-018,VOL-TG08-010,Jogulamba Gadwal,pulao,79,9.08,35,87,97,83,64,76,81.76,PARTIAL,,2026-06-04 12:00:00,SYNTHETIC_DEMO
RES-04761,DON-01619,REST-TG09-142,REC-TG09-011,VOL-TG09-008,Kamareddy,packaged_food,25,5.67,16,70,87,68,52,69,74.65,RESCUED,,2026-08-13 21:00:00,SYNTHETIC_DEMO
RES-04762,DON-01321,REST-TG10-076,REC-TG10-002,VOL-TG10-002,Karimnagar,cooked_meal,61,16.47,36,79,62,83,59,82,67.99,EXPIRED,volunteer_unavailable,2026-09-08 22:00:00,SYNTHETIC_DEMO
RES-04763,DON-01222,REST-TG11-108,REC-TG11-002,VOL-TG11-008,Khammam,biryani,61,22.63,68,95,63,89,93,65,69.59,RESCUED,,2026-09-19 13:00:00,SYNTHETIC_DEMO
RES-04764,DON-00923,REST-TG12-101,REC-TG12-003,VOL-TG12-001,Kumuram Bheem,biryani,106,23.14,56,68,75,60,68,59,58.77,PARTIAL,,2026-04-03 07:00:00,SYNTHETIC_DEMO
RES-04765,DON-00914,REST-TG13-112,REC-TG13-009,VOL-TG13-009,Mahabubabad,sandwich,113,20.08,71,65,58,100,63,68,63.36,MISSED,volunteer_unavailable,2026-07-21 01:00:00,SYNTHETIC_DEMO
RES-04766,DON-00015,REST-TG14-128,REC-TG14-015,VOL-TG14-004,Mahabubnagar,roti,35,31.98,90,73,55,87,100,100,60.81,PARTIAL,,2026-06-10 04:00:00,SYNTHETIC_DEMO
RES-04767,DON-00123,REST-TG15-040,REC-TG15-010,VOL-TG15-004,Mancherial,bread,17,26.61,104,92,97,96,86,68,73.59,MISSED,expired_before_pickup,2026-06-15 22:00:00,SYNTHETIC_DEMO
RES-04768,DON-01038,REST-TG16-059,REC-TG16-019,VOL-TG16-008,Medak,packaged_food,83,23.48,67,99,68,72,97,75,69.63,RESCUED,,2026-08-10 05:00:00,SYNTHETIC_DEMO
RES-04769,DON-00036,REST-TG17-094,REC-TG17-008,VOL-TG17-002,Medchal-Malkajgiri,bread,38,1.14,5,80,46,78,75,72,75.79,RESCUED,,2026-08-06 05:00:00,SYNTHETIC_DEMO
RES-04770,DON-01746,REST-TG18-067,REC-TG18-014,VOL-TG18-002,Mulugu,vegetables,64,21.21,73,77,88,76,95,100,73.75,RESCUED,,2026-04-08 12:00:00,SYNTHETIC_DEMO
RES-04771,DON-02476,REST-TG19-102,REC-TG19-002,VOL-TG19-007,Nagarkurnool,fruits,24,26.25,79,84,71,95,86,89,69.0,RESCUED,,2026-06-22 13:00:00,SYNTHETIC_DEMO
RES-04772,DON-01491,REST-TG20-100,REC-TG20-011,VOL-TG20-001,Nalgonda,pulao,41,10.23,37,79,88,71,72,78,76.74,MISSED,expired_before_pickup,2026-07-01 18:00:00,SYNTHETIC_DEMO
RES-04773,DON-02452,REST-TG21-067,REC-TG21-012,VOL-TG21-004,Narayanpet,fruits,13,7.66,18,94,51,86,73,54,74.13,RESCUED,,2026-03-29 14:00:00,SYNTHETIC_DEMO
RES-04774,DON-02482,REST-TG22-096,REC-TG22-002,VOL-TG22-006,Nirmal,biryani,97,33.3,93,99,62,94,52,68,59.51,RESCUED,,2026-08-20 19:00:00,SYNTHETIC_DEMO
RES-04775,DON-01270,REST-TG23-132,REC-TG23-010,VOL-TG23-005,Nizamabad,roti,103,7.33,27,69,94,70,89,81,79.86,EXPIRED,traffic_delay,2026-05-16 11:00:00,SYNTHETIC_DEMO
RES-04776,DON-01260,REST-TG24-138,REC-TG24-008,VOL-TG24-001,Peddapalli,vegetables,25,14.78,50,82,89,62,57,84,72.04,RESCUED,,2026-04-09 15:00:00,SYNTHETIC_DEMO
RES-04777,DON-01587,REST-TG25-057,REC-TG25-007,VOL-TG25-003,Rajanna Sircilla,biryani,35,34.17,112,100,65,93,99,58,63.24,MISSED,recipient_capacity_full,2026-08-03 08:00:00,SYNTHETIC_DEMO
RES-04778,DON-00758,REST-TG26-121,REC-TG26-006,VOL-TG26-008,Rangareddy,biryani,88,30.39,121,75,62,79,56,57,53.84,MISSED,traffic_delay,2026-05-06 02:00:00,SYNTHETIC_DEMO
RES-04779,DON-01198,REST-TG27-109,REC-TG27-020,VOL-TG27-003,Sangareddy,rice,88,1.88,7,96,56,91,64,77,81.81,RESCUED,,2026-05-10 00:00:00,SYNTHETIC_DEMO
RES-04780,DON-01085,REST-TG28-048,REC-TG28-007,VOL-TG28-001,Siddipet,biryani,101,19.88,58,69,62,64,52,59,57.7,MISSED,volunteer_unavailable,2026-05-20 18:00:00,SYNTHETIC_DEMO
RES-04781,DON-02354,REST-TG29-144,REC-TG29-020,VOL-TG29-010,Suryapet,pulao,102,25.24,66,67,81,83,81,80,65.12,MISSED,volunteer_unavailable,2026-05-20 19:00:00,SYNTHETIC_DEMO
RES-04782,DON-02124,REST-TG30-045,REC-TG30-013,VOL-TG30-007,Vikarabad,biryani,65,5.74,19,75,93,84,57,78,80.6,EXPIRED,expired_before_pickup,2026-06-15 11:00:00,SYNTHETIC_DEMO
RES-04783,DON-00122,REST-TG31-137,REC-TG31-005,VOL-TG31-008,Wanaparthy,packaged_food,82,5.02,16,88,95,75,84,92,86.86,PARTIAL,,2026-05-08 22:00:00,SYNTHETIC_DEMO
RES-04784,DON-00716,REST-TG32-023,REC-TG32-007,VOL-TG32-009,Warangal,cooked_meal,106,27.32,102,76,54,67,85,54,55.44,MISSED,expired_before_pickup,2026-09-01 00:00:00,SYNTHETIC_DEMO
RES-04785,DON-02723,REST-TG33-027,REC-TG33-012,VOL-TG33-004,Yadadri Bhuvanagiri,bread,49,8.78,21,91,45,65,96,85,73.78,MISSED,traffic_delay,2026-06-16 04:00:00,SYNTHETIC_DEMO
RES-04786,DON-02420,REST-TG01-031,REC-TG01-006,VOL-TG01-007,Adilabad,dal,86,7.73,24,94,100,69,97,64,84.73,RESCUED,,2026-08-31 03:00:00,SYNTHETIC_DEMO
RES-04787,DON-00556,REST-TG02-108,REC-TG02-020,VOL-TG02-010,Bhadradri Kothagudem,cooked_meal,115,33.5,106,100,74,70,91,58,61.27,RESCUED,,2026-06-10 08:00:00,SYNTHETIC_DEMO
RES-04788,DON-02276,REST-TG03-014,REC-TG03-015,VOL-TG03-001,Hanumakonda,cooked_meal,66,3.2,10,81,45,72,83,74,74.41,MISSED,expired_before_pickup,2026-03-31 14:00:00,SYNTHETIC_DEMO
RES-04789,DON-01818,REST-TG04-062,REC-TG04-007,VOL-TG04-009,Hyderabad,biryani,90,34.15,116,84,56,72,67,62,52.31,EXPIRED,volunteer_unavailable,2026-09-15 20:00:00,SYNTHETIC_DEMO
RES-04790,DON-00859,REST-TG05-015,REC-TG05-007,VOL-TG05-006,Jagtial,fruits,81,32.37,126,88,85,64,62,50,57.28,RESCUED,,2026-04-28 23:00:00,SYNTHETIC_DEMO
RES-04791,DON-00110,REST-TG06-085,REC-TG06-005,VOL-TG06-002,Jangaon,pulao,104,8.2,32,65,47,82,87,56,68.14,MISSED,volunteer_unavailable,2026-06-07 09:00:00,SYNTHETIC_DEMO
RES-04792,DON-01194,REST-TG07-055,REC-TG07-015,VOL-TG07-006,Jayashankar Bhupalpally,bakery,90,25.02,56,89,46,79,79,90,62.88,RESCUED,,2026-05-03 17:00:00,SYNTHETIC_DEMO
RES-04793,DON-01138,REST-TG08-007,REC-TG08-020,VOL-TG08-003,Jogulamba Gadwal,dal,21,29.3,96,95,72,80,84,93,67.17,MISSED,volunteer_unavailable,2026-09-20 23:00:00,SYNTHETIC_DEMO
RES-04794,DON-02046,REST-TG09-056,REC-TG09-006,VOL-TG09-003,Kamareddy,bakery,39,31.43,78,76,49,68,53,50,48.05,EXPIRED,expired_before_pickup,2026-06-11 06:00:00,SYNTHETIC_DEMO
RES-04795,DON-01851,REST-TG10-042,REC-TG10-015,VOL-TG10-004,Karimnagar,sandwich,79,5.59,16,80,55,86,72,70,75.11,RESCUED,,2026-08-31 06:00:00,SYNTHETIC_DEMO
RES-04796,DON-01810,REST-TG11-131,REC-TG11-007,VOL-TG11-002,Khammam,packaged_food,37,31.88,73,80,71,95,71,72,60.98,EXPIRED,traffic_delay,2026-06-06 14:00:00,SYNTHETIC_DEMO
RES-04797,DON-00250,REST-TG12-059,REC-TG12-004,VOL-TG12-001,Kumuram Bheem,bread,113,5.6,13,89,45,81,94,58,75.15,EXPIRED,expired_before_pickup,2026-08-25 19:00:00,SYNTHETIC_DEMO
RES-04798,DON-01024,REST-TG13-107,REC-TG13-016,VOL-TG13-007,Mahabubabad,dal,40,7.94,19,70,53,98,57,82,72.53,PARTIAL,,2026-08-11 21:00:00,SYNTHETIC_DEMO
RES-04799,DON-00604,REST-TG14-072,REC-TG14-016,VOL-TG14-001,Mahabubnagar,bread,55,5.93,16,71,61,61,84,72,71.91,RESCUED,,2026-05-30 13:00:00,SYNTHETIC_DEMO
RES-04800,DON-00029,REST-TG15-110,REC-TG15-004,VOL-TG15-006,Mancherial,biryani,13,27.98,82,89,82,76,95,63,66.41,PARTIAL,,2026-05-29 16:00:00,SYNTHETIC_DEMO
RES-04801,DON-01672,REST-TG16-062,REC-TG16-004,VOL-TG16-010,Medak,vegetables,101,16.44,59,93,48,75,84,83,69.41,EXPIRED,expired_before_pickup,2026-05-28 05:00:00,SYNTHETIC_DEMO
RES-04802,DON-02144,REST-TG17-040,REC-TG17-012,VOL-TG17-003,Medchal-Malkajgiri,bakery,55,14.62,38,70,86,96,51,61,71.36,RESCUED,,2026-07-20 02:00:00,SYNTHETIC_DEMO
RES-04803,DON-01137,REST-TG18-044,REC-TG18-007,VOL-TG18-008,Mulugu,roti,22,20.17,51,75,96,72,72,67,69.49,RESCUED,,2026-08-24 23:00:00,SYNTHETIC_DEMO
RES-04804,DON-01196,REST-TG19-124,REC-TG19-002,VOL-TG19-005,Nagarkurnool,roti,21,33.24,66,90,99,67,68,63,62.21,RESCUED,,2026-05-08 16:00:00,SYNTHETIC_DEMO
RES-04805,DON-00183,REST-TG20-033,REC-TG20-011,VOL-TG20-010,Nalgonda,roti,29,27.39,79,97,85,80,55,55,64.84,RESCUED,,2026-04-22 10:00:00,SYNTHETIC_DEMO
RES-04806,DON-01145,REST-TG21-038,REC-TG21-012,VOL-TG21-005,Narayanpet,bakery,48,10.89,32,73,84,87,58,51,72.57,RESCUED,,2026-05-18 06:00:00,SYNTHETIC_DEMO
RES-04807,DON-01093,REST-TG22-040,REC-TG22-014,VOL-TG22-005,Nirmal,sandwich,18,9.87,36,95,73,97,98,96,85.5,RESCUED,,2026-09-01 01:00:00,SYNTHETIC_DEMO
RES-04808,DON-01070,REST-TG23-080,REC-TG23-018,VOL-TG23-005,Nizamabad,roti,87,13.06,42,100,52,75,95,98,76.62,EXPIRED,traffic_delay,2026-08-19 19:00:00,SYNTHETIC_DEMO
RES-04809,DON-02288,REST-TG24-023,REC-TG24-016,VOL-TG24-003,Peddapalli,biryani,22,10.55,40,85,84,79,98,75,80.41,RESCUED,,2026-06-08 05:00:00,SYNTHETIC_DEMO
RES-04810,DON-00460,REST-TG25-141,REC-TG25-005,VOL-TG25-007,Rajanna Sircilla,biryani,91,14.87,33,96,95,95,98,95,86.13,RESCUED,,2026-04-28 05:00:00,SYNTHETIC_DEMO
RES-04811,DON-00349,REST-TG26-133,REC-TG26-020,VOL-TG26-003,Rangareddy,biryani,119,14.25,55,99,82,60,67,70,73.72,EXPIRED,expired_before_pickup,2026-07-10 14:00:00,SYNTHETIC_DEMO
RES-04812,DON-00836,REST-TG27-100,REC-TG27-020,VOL-TG27-003,Sangareddy,sandwich,62,31.25,94,68,73,61,57,70,52.73,RESCUED,,2026-05-30 06:00:00,SYNTHETIC_DEMO
RES-04813,DON-02820,REST-TG28-094,REC-TG28-007,VOL-TG28-001,Siddipet,rice,84,20.92,45,99,54,60,57,84,63.76,RESCUED,,2026-06-30 16:00:00,SYNTHETIC_DEMO
RES-04814,DON-00059,REST-TG29-076,REC-TG29-010,VOL-TG29-010,Suryapet,cooked_meal,114,7.54,22,98,54,84,65,64,75.51,MISSED,expired_before_pickup,2026-08-16 18:00:00,SYNTHETIC_DEMO
RES-04815,DON-02807,REST-TG30-146,REC-TG30-019,VOL-TG30-004,Vikarabad,vegetables,39,12.44,34,94,61,84,97,75,76.91,MISSED,expired_before_pickup,2026-06-08 11:00:00,SYNTHETIC_DEMO
RES-04816,DON-01388,REST-TG31-031,REC-TG31-016,VOL-TG31-004,Wanaparthy,pulao,114,25.53,86,70,76,89,85,70,64.81,RESCUED,,2026-05-03 01:00:00,SYNTHETIC_DEMO
RES-04817,DON-00713,REST-TG32-085,REC-TG32-004,VOL-TG32-010,Warangal,sandwich,108,5.11,14,76,63,89,100,50,77.5,RESCUED,,2026-06-02 11:00:00,SYNTHETIC_DEMO
RES-04818,DON-01616,REST-TG33-080,REC-TG33-010,VOL-TG33-009,Yadadri Bhuvanagiri,cooked_meal,17,27.87,75,79,88,92,80,63,66.59,RESCUED,,2026-08-17 11:00:00,SYNTHETIC_DEMO
RES-04819,DON-00465,REST-TG01-004,REC-TG01-007,VOL-TG01-002,Adilabad,bakery,58,25.06,66,95,67,80,72,65,65.2,RESCUED,,2026-06-13 06:00:00,SYNTHETIC_DEMO
RES-04820,DON-00774,REST-TG02-054,REC-TG02-001,VOL-TG02-009,Bhadradri Kothagudem,pulao,74,5.52,21,95,76,69,96,100,85.21,PARTIAL,,2026-06-19 20:00:00,SYNTHETIC_DEMO
RES-04821,DON-00824,REST-TG03-119,REC-TG03-002,VOL-TG03-003,Hanumakonda,roti,36,3.85,9,92,47,95,54,76,77.3,EXPIRED,recipient_capacity_full,2026-06-29 04:00:00,SYNTHETIC_DEMO
RES-04822,DON-01379,REST-TG04-098,REC-TG04-018,VOL-TG04-002,Hyderabad,fruits,16,19.73,48,76,71,76,58,96,67.11,RESCUED,,2026-07-10 09:00:00,SYNTHETIC_DEMO
RES-04823,DON-02017,REST-TG05-019,REC-TG05-009,VOL-TG05-008,Jagtial,fruits,13,26.12,104,83,84,61,90,76,65.49,EXPIRED,traffic_delay,2026-08-06 02:00:00,SYNTHETIC_DEMO
RES-04824,DON-01958,REST-TG06-068,REC-TG06-012,VOL-TG06-004,Jangaon,bread,117,13.64,38,71,83,61,96,89,73.71,RESCUED,,2026-08-23 16:00:00,SYNTHETIC_DEMO
RES-04825,DON-00694,REST-TG07-139,REC-TG07-019,VOL-TG07-005,Jayashankar Bhupalpally,bakery,116,33.45,100,96,80,78,93,93,66.61,RESCUED,,2026-09-18 08:00:00,SYNTHETIC_DEMO
RES-04826,DON-01278,REST-TG08-021,REC-TG08-006,VOL-TG08-002,Jogulamba Gadwal,biryani,59,3.92,8,98,48,97,56,95,81.05,RESCUED,,2026-06-29 17:00:00,SYNTHETIC_DEMO
RES-04827,DON-00254,REST-TG09-095,REC-TG09-012,VOL-TG09-008,Kamareddy,sandwich,41,2.24,7,81,77,72,66,86,81.0,RESCUED,,2026-07-01 20:00:00,SYNTHETIC_DEMO
RES-04828,DON-00158,REST-TG10-144,REC-TG10-013,VOL-TG10-006,Karimnagar,packaged_food,57,4.09,14,94,82,94,71,58,84.28,PARTIAL,,2026-06-02 22:00:00,SYNTHETIC_DEMO
RES-04829,DON-02696,REST-TG11-083,REC-TG11-007,VOL-TG11-002,Khammam,pulao,86,6.94,26,78,75,68,70,74,75.24,EXPIRED,volunteer_unavailable,2026-04-03 16:00:00,SYNTHETIC_DEMO
RES-04830,DON-01667,REST-TG12-136,REC-TG12-002,VOL-TG12-003,Kumuram Bheem,bread,74,13.75,49,94,92,79,80,70,79.23,RESCUED,,2026-06-12 11:00:00,SYNTHETIC_DEMO
RES-04831,DON-02834,REST-TG13-121,REC-TG13-010,VOL-TG13-004,Mahabubabad,rice,68,14.77,53,69,45,96,63,59,63.85,RESCUED,,2026-05-13 06:00:00,SYNTHETIC_DEMO
RES-04832,DON-02469,REST-TG14-026,REC-TG14-009,VOL-TG14-003,Mahabubnagar,fruits,57,25.79,87,68,73,86,59,92,62.78,MISSED,volunteer_unavailable,2026-04-14 18:00:00,SYNTHETIC_DEMO
RES-04833,DON-02382,REST-TG15-021,REC-TG15-008,VOL-TG15-006,Mancherial,roti,114,18.62,48,81,68,91,78,66,69.55,MISSED,traffic_delay,2026-07-14 05:00:00,SYNTHETIC_DEMO
RES-04834,DON-02823,REST-TG16-022,REC-TG16-016,VOL-TG16-010,Medak,dal,69,29.84,72,67,58,88,78,73,56.99,RESCUED,,2026-06-08 12:00:00,SYNTHETIC_DEMO
RES-04835,DON-00618,REST-TG17-055,REC-TG17-018,VOL-TG17-002,Medchal-Malkajgiri,bakery,22,6.51,13,70,50,85,54,85,71.0,RESCUED,,2026-08-16 20:00:00,SYNTHETIC_DEMO
RES-04836,DON-00571,REST-TG18-083,REC-TG18-016,VOL-TG18-010,Mulugu,fruits,111,22.19,53,92,81,94,80,55,71.35,EXPIRED,volunteer_unavailable,2026-09-11 05:00:00,SYNTHETIC_DEMO
RES-04837,DON-02844,REST-TG19-150,REC-TG19-003,VOL-TG19-010,Nagarkurnool,biryani,47,3.77,10,99,100,63,81,51,84.76,RESCUED,,2026-06-24 03:00:00,SYNTHETIC_DEMO
RES-04838,DON-01195,REST-TG20-092,REC-TG20-017,VOL-TG20-003,Nalgonda,bread,63,7.36,23,88,62,94,89,67,79.44,RESCUED,,2026-08-10 17:00:00,SYNTHETIC_DEMO
RES-04839,DON-01591,REST-TG21-092,REC-TG21-010,VOL-TG21-002,Narayanpet,cooked_meal,36,34.68,90,74,87,66,80,84,58.73,MISSED,recipient_capacity_full,2026-05-19 18:00:00,SYNTHETIC_DEMO
RES-04840,DON-01913,REST-TG22-077,REC-TG22-012,VOL-TG22-003,Nirmal,cooked_meal,102,22.29,53,91,51,64,55,87,61.28,MISSED,recipient_capacity_full,2026-04-07 14:00:00,SYNTHETIC_DEMO
RES-04841,DON-00908,REST-TG23-019,REC-TG23-008,VOL-TG23-001,Nizamabad,vegetables,100,16.63,34,72,61,96,58,52,65.12,PARTIAL,,2026-06-15 10:00:00,SYNTHETIC_DEMO
RES-04842,DON-02786,REST-TG24-028,REC-TG24-009,VOL-TG24-009,Peddapalli,bakery,102,29.65,93,68,64,97,54,89,59.07,RESCUED,,2026-07-21 21:00:00,SYNTHETIC_DEMO
RES-04843,DON-01300,REST-TG25-042,REC-TG25-017,VOL-TG25-004,Rajanna Sircilla,cooked_meal,16,11.24,38,96,80,95,79,73,81.62,EXPIRED,recipient_capacity_full,2026-08-16 23:00:00,SYNTHETIC_DEMO
RES-04844,DON-02357,REST-TG26-065,REC-TG26-013,VOL-TG26-009,Rangareddy,cooked_meal,15,28.84,68,81,48,81,93,65,58.15,RESCUED,,2026-08-26 20:00:00,SYNTHETIC_DEMO
RES-04845,DON-01415,REST-TG27-031,REC-TG27-001,VOL-TG27-008,Sangareddy,fruits,70,23.97,53,92,97,72,71,63,69.88,RESCUED,,2026-08-26 15:00:00,SYNTHETIC_DEMO
RES-04846,DON-02865,REST-TG28-110,REC-TG28-013,VOL-TG28-004,Siddipet,sandwich,35,19.5,69,91,96,85,55,96,76.32,PARTIAL,,2026-07-23 17:00:00,SYNTHETIC_DEMO
RES-04847,DON-01054,REST-TG29-132,REC-TG29-017,VOL-TG29-009,Suryapet,pulao,66,28.65,71,98,50,70,55,87,58.84,RESCUED,,2026-09-05 03:00:00,SYNTHETIC_DEMO
RES-04848,DON-00616,REST-TG30-070,REC-TG30-010,VOL-TG30-003,Vikarabad,pulao,58,31.15,96,83,51,65,90,90,57.3,PARTIAL,,2026-04-17 20:00:00,SYNTHETIC_DEMO
RES-04849,DON-02284,REST-TG31-122,REC-TG31-013,VOL-TG31-004,Wanaparthy,sandwich,77,6.08,16,86,55,69,59,84,73.51,PARTIAL,,2026-07-30 11:00:00,SYNTHETIC_DEMO
RES-04850,DON-02125,REST-TG32-032,REC-TG32-013,VOL-TG32-008,Warangal,dal,105,34.4,131,81,64,89,98,94,61.98,RESCUED,,2026-08-12 05:00:00,SYNTHETIC_DEMO
RES-04851,DON-01995,REST-TG33-139,REC-TG33-011,VOL-TG33-006,Yadadri Bhuvanagiri,fruits,113,15.59,32,99,100,67,85,83,80.51,EXPIRED,recipient_capacity_full,2026-04-13 15:00:00,SYNTHETIC_DEMO
RES-04852,DON-00164,REST-TG01-141,REC-TG01-001,VOL-TG01-004,Adilabad,roti,72,7.62,18,91,47,77,80,68,73.51,RESCUED,,2026-06-30 00:00:00,SYNTHETIC_DEMO
RES-04853,DON-01594,REST-TG02-025,REC-TG02-003,VOL-TG02-006,Bhadradri Kothagudem,cooked_meal,58,12.92,35,82,79,78,68,94,75.87,RESCUED,,2026-08-04 12:00:00,SYNTHETIC_DEMO
RES-04854,DON-01163,REST-TG03-038,REC-TG03-011,VOL-TG03-003,Hanumakonda,pulao,116,2.14,5,65,83,61,84,62,76.82,RESCUED,,2026-07-24 10:00:00,SYNTHETIC_DEMO
RES-04855,DON-02495,REST-TG04-032,REC-TG04-018,VOL-TG04-001,Hyderabad,packaged_food,22,34.38,78,88,83,79,76,68,60.89,MISSED,traffic_delay,2026-06-27 02:00:00,SYNTHETIC_DEMO
RES-04856,DON-01872,REST-TG05-045,REC-TG05-008,VOL-TG05-006,Jagtial,packaged_food,42,1.9,6,100,53,68,51,53,74.84,EXPIRED,volunteer_unavailable,2026-06-28 06:00:00,SYNTHETIC_DEMO
RES-04857,DON-00831,REST-TG06-125,REC-TG06-015,VOL-TG06-006,Jangaon,fruits,11,25.83,85,98,95,86,85,66,73.15,RESCUED,,2026-08-22 13:00:00,SYNTHETIC_DEMO
RES-04858,DON-00005,REST-TG07-075,REC-TG07-003,VOL-TG07-002,Jayashankar Bhupalpally,packaged_food,59,27.13,108,82,72,77,89,85,65.37,MISSED,expired_before_pickup,2026-08-27 10:00:00,SYNTHETIC_DEMO
RES-04859,DON-01466,REST-TG08-106,REC-TG08-015,VOL-TG08-007,Jogulamba Gadwal,roti,34,30.63,76,75,61,93,96,51,58.97,MISSED,traffic_delay,2026-06-22 13:00:00,SYNTHETIC_DEMO
RES-04860,DON-02486,REST-TG09-029,REC-TG09-013,VOL-TG09-006,Kamareddy,sandwich,38,31.27,72,96,47,99,60,58,57.91,RESCUED,,2026-05-05 15:00:00,SYNTHETIC_DEMO
RES-04861,DON-00552,REST-TG10-014,REC-TG10-004,VOL-TG10-006,Karimnagar,vegetables,92,18.37,53,96,93,69,80,87,76.73,RESCUED,,2026-05-02 16:00:00,SYNTHETIC_DEMO
RES-04862,DON-02615,REST-TG11-066,REC-TG11-016,VOL-TG11-002,Khammam,roti,109,28.31,100,88,74,72,63,96,63.88,MISSED,recipient_capacity_full,2026-08-18 14:00:00,SYNTHETIC_DEMO
RES-04863,DON-00639,REST-TG12-091,REC-TG12-018,VOL-TG12-006,Kumuram Bheem,vegetables,75,7.25,17,70,83,71,89,78,77.77,PARTIAL,,2026-07-02 08:00:00,SYNTHETIC_DEMO
RES-04864,DON-00279,REST-TG13-028,REC-TG13-010,VOL-TG13-001,Mahabubabad,biryani,23,2.63,6,89,88,88,78,69,86.42,EXPIRED,expired_before_pickup,2026-09-18 06:00:00,SYNTHETIC_DEMO
RES-04865,DON-02879,REST-TG14-072,REC-TG14-008,VOL-TG14-008,Mahabubnagar,packaged_food,15,3.31,10,67,56,97,93,83,79.39,RESCUED,,2026-06-04 09:00:00,SYNTHETIC_DEMO
RES-04866,DON-02083,REST-TG15-048,REC-TG15-005,VOL-TG15-004,Mancherial,cooked_meal,95,27.01,72,72,71,72,57,81,58.91,RESCUED,,2026-05-24 13:00:00,SYNTHETIC_DEMO
RES-04867,DON-00243,REST-TG16-099,REC-TG16-010,VOL-TG16-001,Medak,sandwich,98,13.26,29,87,47,90,98,81,73.73,RESCUED,,2026-06-03 00:00:00,SYNTHETIC_DEMO
RES-04868,DON-00501,REST-TG17-020,REC-TG17-015,VOL-TG17-007,Medchal-Malkajgiri,packaged_food,33,12.0,24,68,99,65,74,84,75.38,RESCUED,,2026-04-16 21:00:00,SYNTHETIC_DEMO
RES-04869,DON-01730,REST-TG18-139,REC-TG18-018,VOL-TG18-007,Mulugu,biryani,108,7.34,20,95,87,86,51,73,81.46,RESCUED,,2026-06-04 08:00:00,SYNTHETIC_DEMO
RES-04870,DON-00977,REST-TG19-130,REC-TG19-012,VOL-TG19-007,Nagarkurnool,packaged_food,91,30.81,109,65,52,60,72,91,51.69,RESCUED,,2026-08-27 11:00:00,SYNTHETIC_DEMO
RES-04871,DON-02251,REST-TG20-006,REC-TG20-008,VOL-TG20-010,Nalgonda,fruits,69,11.44,24,95,69,62,97,72,75.83,MISSED,expired_before_pickup,2026-07-15 22:00:00,SYNTHETIC_DEMO
RES-04872,DON-00344,REST-TG21-066,REC-TG21-009,VOL-TG21-004,Narayanpet,pulao,32,19.12,73,82,55,74,81,83,66.24,RESCUED,,2026-05-10 11:00:00,SYNTHETIC_DEMO
RES-04873,DON-01563,REST-TG22-050,REC-TG22-008,VOL-TG22-008,Nirmal,cooked_meal,29,5.12,15,98,100,81,58,54,84.29,MISSED,traffic_delay,2026-06-21 21:00:00,SYNTHETIC_DEMO
RES-04874,DON-00657,REST-TG23-063,REC-TG23-015,VOL-TG23-002,Nizamabad,packaged_food,99,4.42,12,92,100,68,72,76,85.24,PARTIAL,,2026-04-04 15:00:00,SYNTHETIC_DEMO
RES-04875,DON-02231,REST-TG24-039,REC-TG24-002,VOL-TG24-005,Peddapalli,pulao,111,15.94,37,91,85,63,66,66,71.46,RESCUED,,2026-07-12 01:00:00,SYNTHETIC_DEMO
RES-04876,DON-01300,REST-TG25-019,REC-TG25-007,VOL-TG25-007,Rajanna Sircilla,pulao,77,14.0,42,84,60,88,99,87,75.6,RESCUED,,2026-08-15 02:00:00,SYNTHETIC_DEMO
RES-04877,DON-00806,REST-TG26-093,REC-TG26-017,VOL-TG26-007,Rangareddy,bread,15,3.31,7,100,57,80,70,87,81.74,PARTIAL,,2026-05-19 19:00:00,SYNTHETIC_DEMO
RES-04878,DON-01013,REST-TG27-123,REC-TG27-012,VOL-TG27-001,Sangareddy,bread,69,2.22,7,74,62,100,80,54,79.01,RESCUED,,2026-07-30 01:00:00,SYNTHETIC_DEMO
RES-04879,DON-01680,REST-TG28-098,REC-TG28-004,VOL-TG28-008,Siddipet,bakery,18,1.13,5,92,88,69,81,85,87.14,RESCUED,,2026-07-08 23:00:00,SYNTHETIC_DEMO
RES-04880,DON-02803,REST-TG29-114,REC-TG29-018,VOL-TG29-004,Suryapet,cooked_meal,109,10.94,38,87,65,64,60,65,69.69,PARTIAL,,2026-04-09 17:00:00,SYNTHETIC_DEMO
RES-04881,DON-00306,REST-TG30-071,REC-TG30-015,VOL-TG30-001,Vikarabad,bakery,109,4.68,18,82,85,63,62,81,78.81,RESCUED,,2026-09-17 07:00:00,SYNTHETIC_DEMO
RES-04882,DON-01797,REST-TG31-003,REC-TG31-008,VOL-TG31-007,Wanaparthy,pulao,40,6.57,20,86,89,86,97,82,86.11,RESCUED,,2026-09-08 05:00:00,SYNTHETIC_DEMO
RES-04883,DON-01621,REST-TG32-134,REC-TG32-020,VOL-TG32-010,Warangal,dal,69,0.85,5,77,86,66,67,74,80.99,PARTIAL,,2026-05-25 10:00:00,SYNTHETIC_DEMO
RES-04884,DON-01262,REST-TG33-082,REC-TG33-003,VOL-TG33-002,Yadadri Bhuvanagiri,bread,24,26.69,82,79,66,75,97,57,61.59,RESCUED,,2026-05-04 07:00:00,SYNTHETIC_DEMO
RES-04885,DON-02228,REST-TG01-079,REC-TG01-016,VOL-TG01-008,Adilabad,packaged_food,84,11.34,40,78,55,91,92,76,73.95,EXPIRED,expired_before_pickup,2026-07-04 20:00:00,SYNTHETIC_DEMO
RES-04886,DON-01734,REST-TG02-093,REC-TG02-004,VOL-TG02-006,Bhadradri Kothagudem,dal,39,23.73,58,75,100,75,84,57,68.4,MISSED,volunteer_unavailable,2026-06-17 15:00:00,SYNTHETIC_DEMO
RES-04887,DON-01419,REST-TG03-108,REC-TG03-017,VOL-TG03-010,Hanumakonda,roti,29,16.28,57,65,94,75,73,57,69.42,RESCUED,,2026-07-02 15:00:00,SYNTHETIC_DEMO
RES-04888,DON-01991,REST-TG04-008,REC-TG04-007,VOL-TG04-005,Hyderabad,dal,16,0.82,5,100,89,86,98,50,89.91,RESCUED,,2026-04-26 07:00:00,SYNTHETIC_DEMO
RES-04889,DON-02361,REST-TG05-016,REC-TG05-001,VOL-TG05-007,Jagtial,cooked_meal,77,3.85,8,98,50,78,68,70,77.35,PARTIAL,,2026-09-04 01:00:00,SYNTHETIC_DEMO
RES-04890,DON-00387,REST-TG06-027,REC-TG06-015,VOL-TG06-009,Jangaon,cooked_meal,77,11.11,44,80,61,66,96,99,74.66,RESCUED,,2026-06-21 14:00:00,SYNTHETIC_DEMO
RES-04891,DON-02843,REST-TG07-101,REC-TG07-020,VOL-TG07-004,Jayashankar Bhupalpally,bakery,97,20.44,80,75,46,92,57,90,63.1,RESCUED,,2026-04-24 06:00:00,SYNTHETIC_DEMO
RES-04892,DON-02005,REST-TG08-098,REC-TG08-003,VOL-TG08-005,Jogulamba Gadwal,pulao,111,8.59,18,84,100,93,86,50,83.21,RESCUED,,2026-05-27 05:00:00,SYNTHETIC_DEMO
RES-04893,DON-02373,REST-TG09-079,REC-TG09-003,VOL-TG09-007,Kamareddy,bread,10,1.66,5,97,97,92,97,78,93.91,RESCUED,,2026-09-05 08:00:00,SYNTHETIC_DEMO
RES-04894,DON-00907,REST-TG10-071,REC-TG10-018,VOL-TG10-005,Karimnagar,biryani,33,2.98,10,91,97,99,53,67,87.32,RESCUED,,2026-05-13 04:00:00,SYNTHETIC_DEMO
RES-04895,DON-02822,REST-TG11-127,REC-TG11-017,VOL-TG11-006,Khammam,fruits,101,5.49,13,100,92,82,73,64,85.48,EXPIRED,recipient_capacity_full,2026-08-27 08:00:00,SYNTHETIC_DEMO
RES-04896,DON-00411,REST-TG12-037,REC-TG12-006,VOL-TG12-007,Kumuram Bheem,bread,91,32.96,106,88,78,80,80,83,62.96,RESCUED,,2026-09-03 19:00:00,SYNTHETIC_DEMO
RES-04897,DON-00418,REST-TG13-019,REC-TG13-002,VOL-TG13-009,Mahabubabad,bakery,28,22.45,84,90,76,88,60,91,70.46,RESCUED,,2026-09-01 19:00:00,SYNTHETIC_DEMO
RES-04898,DON-02183,REST-TG14-069,REC-TG14-017,VOL-TG14-003,Mahabubnagar,vegetables,63,15.56,60,92,45,63,62,98,66.74,RESCUED,,2026-07-22 00:00:00,SYNTHETIC_DEMO
RES-04899,DON-01201,REST-TG15-073,REC-TG15-012,VOL-TG15-008,Mancherial,biryani,12,34.28,70,91,95,84,96,62,66.11,EXPIRED,traffic_delay,2026-04-19 07:00:00,SYNTHETIC_DEMO
RES-04900,DON-00232,REST-TG16-002,REC-TG16-016,VOL-TG16-001,Medak,bakery,38,1.58,5,81,54,71,72,74,76.12,RESCUED,,2026-09-19 07:00:00,SYNTHETIC_DEMO
RES-04901,DON-02000,REST-TG17-067,REC-TG17-016,VOL-TG17-009,Medchal-Malkajgiri,packaged_food,16,7.74,16,94,49,67,83,98,76.22,RESCUED,,2026-08-02 02:00:00,SYNTHETIC_DEMO
RES-04902,DON-00826,REST-TG18-147,REC-TG18-017,VOL-TG18-002,Mulugu,cooked_meal,107,22.16,52,69,74,100,85,58,67.07,EXPIRED,traffic_delay,2026-09-15 21:00:00,SYNTHETIC_DEMO
RES-04903,DON-00643,REST-TG19-137,REC-TG19-013,VOL-TG19-006,Nagarkurnool,pulao,55,16.81,36,81,66,72,70,89,69.09,RESCUED,,2026-09-15 10:00:00,SYNTHETIC_DEMO
RES-04904,DON-01957,REST-TG20-001,REC-TG20-015,VOL-TG20-001,Nalgonda,rice,41,9.81,21,65,61,63,80,70,67.64,RESCUED,,2026-06-14 12:00:00,SYNTHETIC_DEMO
RES-04905,DON-00693,REST-TG21-017,REC-TG21-004,VOL-TG21-010,Narayanpet,cooked_meal,99,21.83,63,90,86,78,71,89,72.31,MISSED,volunteer_unavailable,2026-04-22 17:00:00,SYNTHETIC_DEMO
RES-04906,DON-01897,REST-TG22-091,REC-TG22-014,VOL-TG22-001,Nirmal,dal,110,18.68,40,76,100,77,68,100,75.21,RESCUED,,2026-05-29 18:00:00,SYNTHETIC_DEMO
RES-04907,DON-01738,REST-TG23-023,REC-TG23-013,VOL-TG23-007,Nizamabad,biryani,45,11.99,32,93,50,65,71,51,66.99,PARTIAL,,2026-05-03 07:00:00,SYNTHETIC_DEMO
RES-04908,DON-01994,REST-TG24-093,REC-TG24-011,VOL-TG24-001,Peddapalli,rice,29,9.19,19,94,95,84,73,85,84.64,EXPIRED,traffic_delay,2026-06-21 23:00:00,SYNTHETIC_DEMO
RES-04909,DON-02774,REST-TG25-090,REC-TG25-006,VOL-TG25-005,Rajanna Sircilla,vegetables,14,21.69,81,65,62,73,96,92,64.66,RESCUED,,2026-07-30 17:00:00,SYNTHETIC_DEMO
RES-04910,DON-00881,REST-TG26-063,REC-TG26-001,VOL-TG26-004,Rangareddy,dal,99,1.01,5,75,81,92,70,95,85.78,EXPIRED,recipient_capacity_full,2026-07-05 02:00:00,SYNTHETIC_DEMO
RES-04911,DON-02992,REST-TG27-026,REC-TG27-009,VOL-TG27-004,Sangareddy,vegetables,27,28.63,100,80,50,90,74,52,56.65,RESCUED,,2026-07-19 13:00:00,SYNTHETIC_DEMO
RES-04912,DON-02031,REST-TG28-028,REC-TG28-015,VOL-TG28-002,Siddipet,bakery,43,15.94,59,96,75,61,80,97,74.66,PARTIAL,,2026-09-19 16:00:00,SYNTHETIC_DEMO
RES-04913,DON-02715,REST-TG29-038,REC-TG29-005,VOL-TG29-001,Suryapet,dal,32,30.37,70,82,49,68,93,67,55.71,RESCUED,,2026-07-10 07:00:00,SYNTHETIC_DEMO
RES-04914,DON-02335,REST-TG30-149,REC-TG30-018,VOL-TG30-010,Vikarabad,fruits,115,24.46,52,72,87,95,84,97,71.68,RESCUED,,2026-07-08 03:00:00,SYNTHETIC_DEMO
RES-04915,DON-00399,REST-TG31-017,REC-TG31-013,VOL-TG31-005,Wanaparthy,rice,113,23.62,68,100,63,85,71,67,67.28,MISSED,expired_before_pickup,2026-06-08 00:00:00,SYNTHETIC_DEMO
RES-04916,DON-00371,REST-TG32-017,REC-TG32-002,VOL-TG32-002,Warangal,fruits,53,1.58,5,98,60,88,61,67,81.47,RESCUED,,2026-08-22 06:00:00,SYNTHETIC_DEMO
RES-04917,DON-01549,REST-TG33-112,REC-TG33-011,VOL-TG33-006,Yadadri Bhuvanagiri,dal,38,29.17,105,66,85,90,64,77,61.96,PARTIAL,,2026-05-29 16:00:00,SYNTHETIC_DEMO
RES-04918,DON-00836,REST-TG01-062,REC-TG01-015,VOL-TG01-003,Adilabad,packaged_food,26,12.64,42,70,59,82,76,97,71.37,RESCUED,,2026-05-11 14:00:00,SYNTHETIC_DEMO
RES-04919,DON-00210,REST-TG02-044,REC-TG02-011,VOL-TG02-003,Bhadradri Kothagudem,vegetables,32,31.16,110,88,81,93,91,72,66.79,RESCUED,,2026-04-10 22:00:00,SYNTHETIC_DEMO
RES-04920,DON-00202,REST-TG03-121,REC-TG03-018,VOL-TG03-006,Hanumakonda,dal,19,27.85,94,89,91,86,82,96,71.81,MISSED,expired_before_pickup,2026-04-22 05:00:00,SYNTHETIC_DEMO
RES-04921,DON-01237,REST-TG04-044,REC-TG04-003,VOL-TG04-010,Hyderabad,rice,82,29.6,73,73,48,82,62,79,54.46,RESCUED,,2026-07-07 19:00:00,SYNTHETIC_DEMO
RES-04922,DON-02160,REST-TG05-005,REC-TG05-002,VOL-TG05-006,Jagtial,sandwich,53,30.61,116,78,98,90,94,56,66.84,MISSED,expired_before_pickup,2026-09-14 00:00:00,SYNTHETIC_DEMO
RES-04923,DON-00637,REST-TG06-128,REC-TG06-005,VOL-TG06-007,Jangaon,roti,16,15.4,59,68,86,78,80,89,73.4,RESCUED,,2026-08-04 07:00:00,SYNTHETIC_DEMO
RES-04924,DON-00237,REST-TG07-014,REC-TG07-016,VOL-TG07-002,Jayashankar Bhupalpally,cooked_meal,30,0.79,5,88,76,79,65,80,83.59,PARTIAL,,2026-05-30 04:00:00,SYNTHETIC_DEMO
RES-04925,DON-00907,REST-TG08-133,REC-TG08-005,VOL-TG08-005,Jogulamba Gadwal,rice,30,15.76,46,89,94,60,86,77,75.64,EXPIRED,recipient_capacity_full,2026-07-23 12:00:00,SYNTHETIC_DEMO
RES-04926,DON-02527,REST-TG09-127,REC-TG09-012,VOL-TG09-010,Kamareddy,pulao,61,4.98,17,88,71,86,50,62,77.34,RESCUED,,2026-09-12 22:00:00,SYNTHETIC_DEMO
RES-04927,DON-01407,REST-TG10-054,REC-TG10-003,VOL-TG10-007,Karimnagar,sandwich,80,12.49,34,94,71,77,54,64,72.43,PARTIAL,,2026-09-07 11:00:00,SYNTHETIC_DEMO
RES-04928,DON-01908,REST-TG11-031,REC-TG11-009,VOL-TG11-001,Khammam,fruits,71,10.35,40,82,81,89,81,87,80.36,PARTIAL,,2026-06-22 11:00:00,SYNTHETIC_DEMO
RES-04929,DON-02831,REST-TG12-028,REC-TG12-012,VOL-TG12-007,Kumuram Bheem,dal,63,29.76,64,66,62,92,74,68,57.34,RESCUED,,2026-04-09 12:00:00,SYNTHETIC_DEMO
RES-04930,DON-01303,REST-TG13-096,REC-TG13-006,VOL-TG13-005,Mahabubabad,bakery,66,9.31,35,69,91,99,71,57,78.0,MISSED,traffic_delay,2026-06-19 02:00:00,SYNTHETIC_DEMO
RES-04931,DON-02638,REST-TG14-049,REC-TG14-009,VOL-TG14-010,Mahabubnagar,dal,59,5.96,21,73,66,63,83,85,74.79,RESCUED,,2026-04-23 00:00:00,SYNTHETIC_DEMO
RES-04932,DON-00551,REST-TG15-055,REC-TG15-009,VOL-TG15-002,Mancherial,fruits,120,9.29,28,75,73,97,69,85,77.91,RESCUED,,2026-07-20 19:00:00,SYNTHETIC_DEMO
RES-04933,DON-00460,REST-TG16-124,REC-TG16-002,VOL-TG16-002,Medak,sandwich,16,28.54,96,71,98,92,89,58,66.91,RESCUED,,2026-04-15 16:00:00,SYNTHETIC_DEMO
RES-04934,DON-02018,REST-TG17-141,REC-TG17-005,VOL-TG17-010,Medchal-Malkajgiri,dal,88,9.59,25,95,97,79,81,50,81.5,RESCUED,,2026-06-25 08:00:00,SYNTHETIC_DEMO
RES-04935,DON-01411,REST-TG18-116,REC-TG18-002,VOL-TG18-005,Mulugu,pulao,10,26.41,95,70,86,95,94,55,66.49,PARTIAL,,2026-07-03 01:00:00,SYNTHETIC_DEMO
RES-04936,DON-00818,REST-TG19-007,REC-TG19-007,VOL-TG19-005,Nagarkurnool,bakery,10,9.28,22,92,73,79,100,81,81.32,EXPIRED,traffic_delay,2026-06-18 03:00:00,SYNTHETIC_DEMO
RES-04937,DON-01426,REST-TG20-047,REC-TG20-006,VOL-TG20-003,Nalgonda,bakery,12,27.22,98,82,86,71,57,63,61.81,RESCUED,,2026-07-19 03:00:00,SYNTHETIC_DEMO
RES-04938,DON-00736,REST-TG21-020,REC-TG21-005,VOL-TG21-010,Narayanpet,rice,120,17.35,55,67,50,79,69,65,61.26,RESCUED,,2026-05-27 06:00:00,SYNTHETIC_DEMO
RES-04939,DON-02898,REST-TG22-075,REC-TG22-017,VOL-TG22-001,Nirmal,packaged_food,101,10.07,20,65,89,84,71,97,78.01,EXPIRED,traffic_delay,2026-05-06 11:00:00,SYNTHETIC_DEMO
RES-04940,DON-00513,REST-TG23-048,REC-TG23-004,VOL-TG23-002,Nizamabad,sandwich,17,6.93,26,72,72,100,76,86,80.05,RESCUED,,2026-09-09 10:00:00,SYNTHETIC_DEMO
RES-04941,DON-00288,REST-TG24-072,REC-TG24-019,VOL-TG24-008,Peddapalli,bread,67,1.0,5,72,46,85,58,99,76.34,PARTIAL,,2026-04-19 23:00:00,SYNTHETIC_DEMO
RES-04942,DON-02675,REST-TG25-099,REC-TG25-010,VOL-TG25-004,Rajanna Sircilla,rice,88,12.02,45,89,75,84,51,83,75.21,RESCUED,,2026-09-10 10:00:00,SYNTHETIC_DEMO
RES-04943,DON-00742,REST-TG26-087,REC-TG26-018,VOL-TG26-005,Rangareddy,bakery,77,30.11,117,76,83,83,62,79,61.84,PARTIAL,,2026-06-30 17:00:00,SYNTHETIC_DEMO
RES-04944,DON-01047,REST-TG27-081,REC-TG27-009,VOL-TG27-008,Sangareddy,dal,15,28.03,98,99,48,78,59,57,57.68,EXPIRED,expired_before_pickup,2026-05-29 10:00:00,SYNTHETIC_DEMO
RES-04945,DON-01240,REST-TG28-120,REC-TG28-018,VOL-TG28-001,Siddipet,pulao,50,3.17,9,89,91,87,73,56,84.69,RESCUED,,2026-06-07 16:00:00,SYNTHETIC_DEMO
RES-04946,DON-01084,REST-TG29-023,REC-TG29-010,VOL-TG29-005,Suryapet,fruits,66,6.2,22,88,67,100,69,88,82.27,EXPIRED,recipient_capacity_full,2026-09-07 12:00:00,SYNTHETIC_DEMO
RES-04947,DON-02026,REST-TG30-004,REC-TG30-003,VOL-TG30-010,Vikarabad,rice,44,18.96,72,76,60,79,65,78,64.81,RESCUED,,2026-06-30 21:00:00,SYNTHETIC_DEMO
RES-04948,DON-02725,REST-TG31-144,REC-TG31-016,VOL-TG31-002,Wanaparthy,packaged_food,99,11.59,25,87,45,90,95,85,74.62,EXPIRED,recipient_capacity_full,2026-07-24 10:00:00,SYNTHETIC_DEMO
RES-04949,DON-01865,REST-TG32-149,REC-TG32-011,VOL-TG32-002,Warangal,rice,18,24.31,54,84,88,76,61,76,67.14,MISSED,recipient_capacity_full,2026-05-08 08:00:00,SYNTHETIC_DEMO
RES-04950,DON-02593,REST-TG33-031,REC-TG33-007,VOL-TG33-003,Yadadri Bhuvanagiri,bakery,21,23.82,69,93,45,95,86,83,66.74,EXPIRED,recipient_capacity_full,2026-09-01 16:00:00,SYNTHETIC_DEMO
RES-04951,DON-01828,REST-TG01-051,REC-TG01-008,VOL-TG01-009,Adilabad,roti,33,5.29,12,93,91,86,79,76,86.42,RESCUED,,2026-06-01 18:00:00,SYNTHETIC_DEMO
RES-04952,DON-02987,REST-TG02-143,REC-TG02-016,VOL-TG02-003,Bhadradri Kothagudem,dal,13,18.14,70,98,87,98,86,66,78.94,MISSED,recipient_capacity_full,2026-08-04 05:00:00,SYNTHETIC_DEMO
RES-04953,DON-00489,REST-TG03-045,REC-TG03-012,VOL-TG03-010,Hanumakonda,cooked_meal,23,24.68,57,97,74,73,100,80,70.52,EXPIRED,recipient_capacity_full,2026-09-06 01:00:00,SYNTHETIC_DEMO
RES-04954,DON-02303,REST-TG04-110,REC-TG04-011,VOL-TG04-007,Hyderabad,rice,56,15.36,31,88,81,70,84,72,73.93,EXPIRED,volunteer_unavailable,2026-09-11 13:00:00,SYNTHETIC_DEMO
RES-04955,DON-01702,REST-TG05-131,REC-TG05-019,VOL-TG05-009,Jagtial,packaged_food,21,1.46,5,88,90,63,96,53,83.91,EXPIRED,recipient_capacity_full,2026-06-22 13:00:00,SYNTHETIC_DEMO
RES-04956,DON-01559,REST-TG06-046,REC-TG06-018,VOL-TG06-004,Jangaon,biryani,80,16.5,57,73,71,88,98,87,73.71,MISSED,expired_before_pickup,2026-07-02 00:00:00,SYNTHETIC_DEMO
RES-04957,DON-02198,REST-TG07-032,REC-TG07-004,VOL-TG07-002,Jayashankar Bhupalpally,roti,57,22.43,72,70,65,60,82,69,60.08,RESCUED,,2026-06-14 13:00:00,SYNTHETIC_DEMO
RES-04958,DON-01378,REST-TG08-108,REC-TG08-008,VOL-TG08-009,Jogulamba Gadwal,roti,20,34.55,113,79,61,97,66,100,59.47,PARTIAL,,2026-09-24 07:00:00,SYNTHETIC_DEMO
RES-04959,DON-02025,REST-TG09-084,REC-TG09-014,VOL-TG09-004,Kamareddy,cooked_meal,52,22.79,82,81,50,88,73,51,60.52,EXPIRED,volunteer_unavailable,2026-05-22 21:00:00,SYNTHETIC_DEMO
RES-04960,DON-00246,REST-TG10-025,REC-TG10-009,VOL-TG10-008,Karimnagar,biryani,33,22.4,75,75,75,97,100,66,70.15,MISSED,recipient_capacity_full,2026-08-26 07:00:00,SYNTHETIC_DEMO
RES-04961,DON-00410,REST-TG11-098,REC-TG11-018,VOL-TG11-008,Khammam,bread,77,18.35,71,87,97,83,83,76,77.04,RESCUED,,2026-07-11 09:00:00,SYNTHETIC_DEMO
RES-04962,DON-00075,REST-TG12-037,REC-TG12-008,VOL-TG12-003,Kumuram Bheem,cooked_meal,36,33.51,84,83,56,88,85,85,59.06,EXPIRED,traffic_delay,2026-04-09 07:00:00,SYNTHETIC_DEMO
RES-04963,DON-01458,REST-TG13-031,REC-TG13-001,VOL-TG13-003,Mahabubabad,biryani,71,9.37,31,96,53,94,70,91,78.31,PARTIAL,,2026-05-19 16:00:00,SYNTHETIC_DEMO
RES-04964,DON-02524,REST-TG14-108,REC-TG14-001,VOL-TG14-007,Mahabubnagar,cooked_meal,17,17.02,46,77,92,86,92,64,75.14,RESCUED,,2026-09-10 07:00:00,SYNTHETIC_DEMO
RES-04965,DON-02727,REST-TG15-109,REC-TG15-009,VOL-TG15-005,Mancherial,cooked_meal,71,0.71,5,73,51,70,55,77,72.99,RESCUED,,2026-06-18 00:00:00,SYNTHETIC_DEMO
RES-04966,DON-01742,REST-TG16-068,REC-TG16-004,VOL-TG16-001,Medak,dal,112,23.26,61,92,62,77,98,85,69.04,RESCUED,,2026-04-18 00:00:00,SYNTHETIC_DEMO
RES-04967,DON-02338,REST-TG17-017,REC-TG17-015,VOL-TG17-009,Medchal-Malkajgiri,roti,40,24.03,80,82,94,95,94,90,75.69,RESCUED,,2026-05-19 12:00:00,SYNTHETIC_DEMO
RES-04968,DON-02821,REST-TG18-079,REC-TG18-020,VOL-TG18-008,Mulugu,dal,56,14.68,39,97,54,87,99,92,76.86,RESCUED,,2026-08-28 01:00:00,SYNTHETIC_DEMO
RES-04969,DON-01561,REST-TG19-059,REC-TG19-008,VOL-TG19-007,Nagarkurnool,vegetables,78,6.1,14,92,97,93,71,75,86.99,RESCUED,,2026-04-27 06:00:00,SYNTHETIC_DEMO
RES-04970,DON-01950,REST-TG20-132,REC-TG20-010,VOL-TG20-005,Nalgonda,bakery,91,9.66,33,100,100,68,76,96,85.5,RESCUED,,2026-08-27 03:00:00,SYNTHETIC_DEMO
RES-04971,DON-01986,REST-TG21-029,REC-TG21-005,VOL-TG21-009,Narayanpet,biryani,58,30.62,77,86,83,68,70,68,60.93,RESCUED,,2026-05-13 23:00:00,SYNTHETIC_DEMO
RES-04972,DON-01845,REST-TG22-029,REC-TG22-002,VOL-TG22-008,Nirmal,pulao,81,4.5,10,70,65,86,52,55,72.39,PARTIAL,,2026-08-12 21:00:00,SYNTHETIC_DEMO
RES-04973,DON-02026,REST-TG23-030,REC-TG23-017,VOL-TG23-005,Nizamabad,vegetables,19,7.64,27,88,100,80,86,73,85.04,MISSED,volunteer_unavailable,2026-09-10 10:00:00,SYNTHETIC_DEMO
RES-04974,DON-00379,REST-TG24-013,REC-TG24-005,VOL-TG24-004,Peddapalli,vegetables,117,9.29,30,81,79,98,99,71,82.06,MISSED,volunteer_unavailable,2026-07-02 19:00:00,SYNTHETIC_DEMO
RES-04975,DON-02993,REST-TG25-045,REC-TG25-007,VOL-TG25-008,Rajanna Sircilla,bakery,103,31.64,120,91,80,96,57,86,65.3,RESCUED,,2026-07-15 17:00:00,SYNTHETIC_DEMO
RES-04976,DON-01021,REST-TG26-005,REC-TG26-008,VOL-TG26-007,Rangareddy,bakery,108,29.67,73,93,83,67,63,64,61.76,PARTIAL,,2026-05-31 02:00:00,SYNTHETIC_DEMO
RES-04977,DON-00351,REST-TG27-097,REC-TG27-010,VOL-TG27-002,Sangareddy,cooked_meal,65,30.35,64,74,81,60,71,80,58.42,RESCUED,,2026-04-13 03:00:00,SYNTHETIC_DEMO
RES-04978,DON-02477,REST-TG28-031,REC-TG28-007,VOL-TG28-002,Siddipet,sandwich,10,4.96,11,73,80,79,60,57,75.61,RESCUED,,2026-08-20 21:00:00,SYNTHETIC_DEMO
RES-04979,DON-02779,REST-TG29-145,REC-TG29-001,VOL-TG29-007,Suryapet,bread,11,27.08,57,86,54,84,95,51,60.86,EXPIRED,traffic_delay,2026-09-01 23:00:00,SYNTHETIC_DEMO
RES-04980,DON-02865,REST-TG30-097,REC-TG30-002,VOL-TG30-002,Vikarabad,cooked_meal,104,12.79,34,72,80,67,66,59,68.81,RESCUED,,2026-09-21 07:00:00,SYNTHETIC_DEMO
RES-04981,DON-00485,REST-TG31-119,REC-TG31-007,VOL-TG31-002,Wanaparthy,packaged_food,30,8.31,24,85,52,79,91,96,77.01,PARTIAL,,2026-06-21 20:00:00,SYNTHETIC_DEMO
RES-04982,DON-00546,REST-TG32-102,REC-TG32-004,VOL-TG32-008,Warangal,biryani,111,16.69,60,86,82,64,91,98,75.18,MISSED,recipient_capacity_full,2026-04-29 18:00:00,SYNTHETIC_DEMO
RES-04983,DON-00820,REST-TG33-077,REC-TG33-001,VOL-TG33-006,Yadadri Bhuvanagiri,fruits,31,4.24,15,78,100,71,75,72,82.92,RESCUED,,2026-06-22 08:00:00,SYNTHETIC_DEMO
RES-04984,DON-02500,REST-TG01-092,REC-TG01-020,VOL-TG01-006,Adilabad,sandwich,46,17.41,65,95,58,82,68,94,71.66,EXPIRED,recipient_capacity_full,2026-04-04 19:00:00,SYNTHETIC_DEMO
RES-04985,DON-00325,REST-TG02-139,REC-TG02-015,VOL-TG02-003,Bhadradri Kothagudem,roti,70,4.21,8,90,100,85,87,63,87.74,PARTIAL,,2026-07-06 20:00:00,SYNTHETIC_DEMO
RES-04986,DON-02869,REST-TG03-049,REC-TG03-008,VOL-TG03-007,Hanumakonda,packaged_food,48,5.36,17,75,80,60,68,84,76.37,RESCUED,,2026-09-14 20:00:00,SYNTHETIC_DEMO
RES-04987,DON-02171,REST-TG04-134,REC-TG04-004,VOL-TG04-004,Hyderabad,roti,32,16.37,53,77,82,72,71,83,71.31,EXPIRED,recipient_capacity_full,2026-09-11 09:00:00,SYNTHETIC_DEMO
RES-04988,DON-02964,REST-TG05-117,REC-TG05-014,VOL-TG05-007,Jagtial,cooked_meal,66,27.35,96,74,46,100,71,85,60.06,RESCUED,,2026-08-07 00:00:00,SYNTHETIC_DEMO
RES-04989,DON-02098,REST-TG06-003,REC-TG06-004,VOL-TG06-010,Jangaon,sandwich,34,4.13,10,81,78,64,65,61,76.05,RESCUED,,2026-05-12 10:00:00,SYNTHETIC_DEMO
RES-04990,DON-01043,REST-TG07-132,REC-TG07-019,VOL-TG07-010,Jayashankar Bhupalpally,bread,93,1.47,5,73,72,74,70,64,77.45,RESCUED,,2026-09-22 06:00:00,SYNTHETIC_DEMO
RES-04991,DON-01457,REST-TG08-076,REC-TG08-014,VOL-TG08-008,Jogulamba Gadwal,biryani,16,9.34,24,87,97,82,90,99,86.33,RESCUED,,2026-07-10 23:00:00,SYNTHETIC_DEMO
RES-04992,DON-00644,REST-TG09-132,REC-TG09-004,VOL-TG09-006,Kamareddy,dal,112,2.47,9,85,69,85,59,65,79.19,EXPIRED,traffic_delay,2026-08-23 23:00:00,SYNTHETIC_DEMO
RES-04993,DON-01931,REST-TG10-104,REC-TG10-007,VOL-TG10-010,Karimnagar,rice,105,27.22,86,92,83,76,69,64,65.26,RESCUED,,2026-04-25 07:00:00,SYNTHETIC_DEMO
RES-04994,DON-02063,REST-TG11-111,REC-TG11-009,VOL-TG11-004,Khammam,roti,14,10.91,21,93,58,69,52,78,70.76,PARTIAL,,2026-08-09 01:00:00,SYNTHETIC_DEMO
RES-04995,DON-00494,REST-TG12-065,REC-TG12-010,VOL-TG12-005,Kumuram Bheem,bread,34,22.9,80,98,66,82,57,100,69.44,RESCUED,,2026-08-07 21:00:00,SYNTHETIC_DEMO
RES-04996,DON-02133,REST-TG13-062,REC-TG13-014,VOL-TG13-007,Mahabubabad,dal,51,20.36,44,94,67,98,58,57,68.86,EXPIRED,recipient_capacity_full,2026-08-25 23:00:00,SYNTHETIC_DEMO
RES-04997,DON-00692,REST-TG14-097,REC-TG14-002,VOL-TG14-005,Mahabubnagar,dal,94,7.65,23,68,46,99,76,68,71.59,RESCUED,,2026-07-12 18:00:00,SYNTHETIC_DEMO
RES-04998,DON-02196,REST-TG15-052,REC-TG15-016,VOL-TG15-001,Mancherial,dal,75,17.81,59,76,57,70,97,55,64.58,RESCUED,,2026-09-24 23:00:00,SYNTHETIC_DEMO
RES-04999,DON-00996,REST-TG16-041,REC-TG16-008,VOL-TG16-007,Medak,biryani,52,2.65,8,82,98,88,55,95,87.31,RESCUED,,2026-04-23 14:00:00,SYNTHETIC_DEMO
RES-05000,DON-00956,REST-TG17-103,REC-TG17-007,VOL-TG17-007,Medchal-Malkajgiri,pulao,16,16.58,33,92,54,76,66,55,65.86,PARTIAL,,2026-09-16 00:00:00,SYNTHETIC_DEMO
